<?xml version="1.0" encoding="utf-8"?>
<!--Titan-->
<window>
    <defaultcontrol always="true">28</defaultcontrol>
    <allowoverlay>no</allowoverlay>
    <controls>
        <!--Dialog Overlay-->
		<control type="group">
			<visible>!Window.IsActive(VideoFullScreen.xml)</visible>
			<include>DialogOverlayExtra</include>
			<animation effect="fade" time="250" start="0" end="100" reversible="false">WindowOpen</animation>
        </control>

        <control type="group">
			<animation effect="fade" end="0" time="0" reversible="false" condition="Window.IsVisible(yesnodialog) | Window.IsVisible(dialogaddonsettings.xml)">Conditional</animation>

			<animation type="WindowOpen">
				<effect type="slide" start="1200" end="0" time="250" tween="cubic" easing="inout" />
			</animation>
			<animation type="WindowClose">
				<effect type="slide" start="0" end="1200" time="250" tween="cubic" easing="inout" />
			</animation>
            <!--Panel-->
             <!--Panel-->
            <control type="image">
                <posx>630</posx>
                <posy>0</posy>
                <width>1290</width>
                <height>1080</height>
				<texture>colors/color_white.png</texture>
				<animation effect="fade" end="99" time="0" condition="true">Conditional</animation>
				<colordiffuse>$VAR[panel_color]</colordiffuse>
				<visible>!skin.hastheme(classic)</visible>
            </control>
			<control type="image">
                <posx>600</posx>
                <posy>-60</posy>
                <width>1500</width>
                <height>1240</height>
                <texture border="39">dialogs/default/bg.png</texture>
				<colordiffuse>grey</colordiffuse>
				<visible>skin.hastheme(classic)</visible>
            </control>
			
			<!-- close dialog -->
			<control type="button">
				<label></label>
				<width>60</width>
				<height>60</height>
				<right>60</right>
                <posy>40</posy>
				<font>-</font>
				<texturefocus colordiffuse="white">touchcontrols/icon_close.png</texturefocus>
				<texturenofocus colordiffuse="bbwhite">touchcontrols/icon_close.png</texturenofocus>
				<aspectratio aligny="bottom">keep</aspectratio>
				<onclick>back</onclick>
				<visible>Skin.HasSetting(EnableTouchSupport)</visible>
			</control>
			
           <!--Header-->
            <control type="label" id="1">
                <description>Heading</description>
                <posx>700</posx>
                <posy>10</posy>
                <width>1200</width>
				<font>Bold45</font>
				<shadowcolor>black</shadowcolor>
                <align>left</align>
				<height>100</height>
				<label>20333</label>
            </control>
			
			<control type="group" id="8001">
				<control type="spincontrolex" id="3">
					<description>Directory Content</description>
					<posx>680</posx>
					<posy>150</posy>
					<width>1200</width>
					<label>20344</label>
					<align>left</align>
					<include>DialogButton</include>
					<textoffsetx>20</textoffsetx>
					<spinposx>5</spinposx>
					<textureup>common/spinctrl/arrow-light-up-nf.png</textureup>
					<texturedown>common/spinctrl/arrow-light-down-nf.png</texturedown>
					<textureupfocus>common/spinctrl/arrow-light-up-fo.png</textureupfocus>
					<texturedownfocus>common/spinctrl/arrow-light-down-fo.png</texturedownfocus>
					<texturefocus border="2">dialogs/default/highlight.png</texturefocus>
					<onup>8002</onup>
					<ondown>4</ondown>
					<onleft>8002</onleft>
					<onright>8002</onright>
					<visible>!SubString(System.BuildVersion,14,left) + !SubString(System.BuildVersion,15,left)</visible>
				</control>
				<control type="spincontrolex" id="20">
					<description>Directory Content</description>
					<posx>680</posx>
					<posy>150</posy>
					<width>1200</width>
					<label>20344</label>
					<align>left</align>
					<include>DialogButton</include>
					<textoffsetx>20</textoffsetx>
					<spinposx>5</spinposx>
					<textureup>common/spinctrl/arrow-light-up-nf.png</textureup>
					<texturedown>common/spinctrl/arrow-light-down-nf.png</texturedown>
					<textureupfocus>common/spinctrl/arrow-light-up-fo.png</textureupfocus>
					<texturedownfocus>common/spinctrl/arrow-light-down-fo.png</texturedownfocus>
					<texturefocus border="2">dialogs/default/highlight.png</texturefocus>
					<onup>8002</onup>
					<ondown>21</ondown>
					<onleft>8002</onleft>
					<onright>8002</onright>
					<visible>SubString(System.BuildVersion,14,left) | SubString(System.BuildVersion,15,left)</visible>
				</control>

				
				<control type="image">
					<posx>680</posx>
					<posy>220</posy>
					<width>1200</width>
					<height>250</height>
					<texture border="5">dialogs/default/inner.png</texture>
				</control>
				
				<!--Icon-->
				<control type="image" id="3">
					<right>-5</right>
					<posy>235</posy>
					<width>350</width>
					<height>220</height>
					<fadetime>800</fadetime>
					<aspectratio align="center" aligny="center">keep</aspectratio>
					<texture diffuse="cover_matte.png">$INFO[ListItem.Icon]</texture>
				</control>
				
				<control type="list" id="4">
					<include>DialogContentSettingsList</include>
					<visible>!SubString(System.BuildVersion,14,left) + !SubString(System.BuildVersion,15,left)</visible>
				</control>
				<control type="list" id="21">
					<onup>20</onup>
					<include>DialogContentSettingsList</include>
					<visible>SubString(System.BuildVersion,14,left) | SubString(System.BuildVersion,15,left)</visible>
				</control>
				<control type="image" id="62">
					<animation effect="fade" start="100" end="0" time="0" delay="1500">WindowOpen</animation>
				</control>
				<control type="image" id="61">
					<animation effect="fade" start="0" end="100" time="0">Visible</animation>
					<animation effect="fade" start="100" end="0" time="0">Hidden</animation>
					<visible>Control.HasFocus(60) | !Control.IsVisible(62)</visible>
				</control>
				<control type="image" id="61">
					<animation effect="fade" start="0" end="100" time="0">Visible</animation>
					<animation effect="fade" start="100" end="0" time="0" delay="1000">Hidden</animation>
					<visible>!Control.HasFocus(60) + [Container(4).Scrolling | Container(4).OnScrollNext | Container(4).OnScrollPrevious]</visible>
				</control>
				
				<control type="grouplist" id="5">
					<posx>680</posx>
					<posy>230</posy>
					<height>350</height>
					<onup condition="!SubString(System.BuildVersion,14,left) + !SubString(System.BuildVersion,15,left)">4</onup>
					<onup condition="SubString(System.BuildVersion,14,left) | SubString(System.BuildVersion,15,left)">21</onup>
                    <ondown>8002</ondown>
                    <onleft>8002</onleft>
                    <onright>8002</onright>

					<control type="button" id="7">
						<description>default</description>
						<height>60</height>
						<align>left</align>
						<textoffsetx>20</textoffsetx>
					</control>
					<control type="radiobutton" id="8">
						<description>radioButton</description>
						<height>60</height>
						<align>left</align>
						<textoffsetx>20</textoffsetx>
						<radioposx>852</radioposx>
						<include>DialogButton</include>
						<textureradioonfocus>common/radio/radio-light-fo.png</textureradioonfocus>
						<textureradiooffnofocus>common/radio/radio-light-nf.png</textureradiooffnofocus>
						<textureradioofffocus>common/radio/radio-light-nf.png</textureradioofffocus>
						<textureradioonnofocus>common/radio/radio-light-fo.png</textureradioonnofocus>
					</control>
				</control>
				<control type="image">
					<posx>680</posx>
					<posy>486</posy>
					<width>1200</width>
					<height>430</height>
					<texture border="5">dialogs/default/inner.png</texture>
				</control>
			</control>
			
            <!--Button Group-->
            <control type="grouplist" id="8002">
                <posx>680</posx>
                <posy>940</posy>
				<orientation>horizontal</orientation>
				<itemgap>20</itemgap>
				<onup>5</onup>
				<control type="button" id="28">
                    <description>OK</description>
                    <label>186</label>
                    <include>DialogButtonOK</include>
                    <animation effect="fade" start="100" end="75" time="0" condition="!Control.IsEnabled(28)">Conditional</animation>
                </control>
                <control type="button" id="29">
                    <posx>200</posx>
                    <description>Cancel</description>
                    <label>$LOCALIZE[222]</label>
					<include>DialogButtonCancel</include>
                    <animation effect="fade" start="100" end="75" time="0" condition="!Control.IsEnabled(29)">Conditional</animation>
                </control>
                <control type="button" id="6">
                    <posx>740</posx>
                    <description>Settings</description>
                    <label>$LOCALIZE[5]</label>
                    <include>DialogButtonOther</include>
                    <onup>5</onup>
                    <ondown>3</ondown>
                    <animation effect="fade" start="100" end="75" time="0" condition="!Control.IsEnabled(6)">Conditional</animation>
					<visible>!SubString(System.BuildVersion,14,left) + !SubString(System.BuildVersion,15,left)</visible>
                </control>
				<control type="button" id="22">
                    <posx>740</posx>
                    <description>Settings</description>
                    <label>$LOCALIZE[5]</label>
					<include>DialogButtonOther</include>
                    <animation effect="fade" start="100" end="75" time="0" condition="!Control.IsEnabled(6)">Conditional</animation>
					<visible>SubString(System.BuildVersion,14,left) | SubString(System.BuildVersion,15,left)</visible>
                </control>
            </control>
        </control>
    </controls>
</window>