<?xml version="1.0" encoding="utf-8"?>
<!--Titan-->
<window id="104">
    <defaultcontrol always="true">-</defaultcontrol>
    <allowoverlay>yes</allowoverlay>
    <controls>
        <control type="group">
            <include>animation_window_open_close</include>
            <control type="image">
                <visible>!substring(Player.Volume,-60.0)</visible>
                <posx>770</posx>
                <posy>350</posy>
                <width>380</width>
                <height>380</height>
                <texture>dialogs/volume/back.png</texture>
                <aspectratio>stretch</aspectratio>
            </control>
            <control type="group">
                <visible>!substring(Player.Volume,-60.0)</visible>
                <control type="image">
                    <posx>800</posx>
                    <posy>380</posy>
                    <width>320</width>
                    <height>320</height>
                    <texture>dialogs/volume/volume.png</texture>
                </control>
                <control type="progress" id="1">
                    <description>Progressbar</description>
                    <posx>822</posx>
                    <posy>658</posy>
                    <width>276</width>
                    <height>22</height>
                    <info>Player.Volume</info>
                    <lefttexture>-</lefttexture>
                    <midtexture border="8">dialogs/volume/volume-bar-mid.png</midtexture>
                    <righttexture>-</righttexture>
                    <texturebg>dialogs/volume/volume-bar-back.png</texturebg>
                </control>
            </control>
        </control>
    </controls>
</window>