<?xml version="1.0" encoding="utf-8"?>
<!--Titan-->
<window id="10140">
    <defaultcontrol always="true">9</defaultcontrol>
    <allowoverlay>yes</allowoverlay>
	
    <controls>
		<include>DialogOverlayExtra</include>
		<include condition="Skin.HasSetting(EnableTouchSupport)">Footer</include>
		
        <!--Dialog Addon Settings-->
        <control type="group">
            <include>animation_window_open_close</include>
			<animation effect="fade" end="0" time="0" condition="Window.IsVisible">Conditional</animation>
            <visible>!Window.IsVisible(virtualkeyboard) + !Window.IsVisible(filebrowser) + !Window.IsVisible(selectdialog) + !Window.IsVisible(DialogSelect.xml) + !Window.IsVisible(progressdialog) + !Window.IsVisible(textviewer)</visible>
            <!--Panel-->
			
			<control type="image">
               <posx>284</posx>
                <posy>169</posy>
                <width>1352</width>
                <height>730</height>
                <texture border="39">dialogs/default/bg.png</texture>
				<colordiffuse>grey</colordiffuse>
				<visible>skin.hastheme(classic)</visible>
            </control>
            <!--Panel-->
            <control type="image">
                <!--Panel-->
                <posx>284</posx>
                <posy>169</posy>
                <width>1352</width>
                <height>730</height>
                <texture>colors/color_white.png</texture>
				<animation effect="fade" end="70" time="0" condition="true">Conditional</animation>
				<colordiffuse>$VAR[panel_color]</colordiffuse>
				<visible>!skin.hastheme(classic)</visible>
            </control>
			<control type="image">
                <!--Panel-->
                <posx>284</posx>
                <posy>169</posy>
                <width>1352</width>
                <height>730</height>
				<bordersize>10</bordersize>
                <texture>colors/color_white.png</texture>
				<animation effect="fade" end="70" time="0" condition="true">Conditional</animation>
				<colordiffuse>$VAR[panel_color]</colordiffuse>
				<visible>!skin.hastheme(classic)</visible>
            </control>
			
			
            <!--Header-->
            <control type="label" id="20">
                <description>Heading</description>
                <posx>560</posx>
                <posy>205</posy>
                <width>800</width>
                <label>-</label>
                <align>center</align>
                <include>DialogHeader</include>
            </control>
            <control type="group" id="8003">
                <!-- left group -->
                <control type="group">
                    <posx>318</posx>
                    <posy>303</posy>
                    <control type="image">
                        <posx>0</posx>
                        <posy>0</posy>
                        <width>310</width>
                        <height>473</height>
                        <texture border="5">dialogs/default/inner.png</texture>
                    </control>
                    <control type="grouplist" id="9">
                        <description>button area</description>
                        <posx>0</posx>
                        <posy>0</posy>
                        <width>310</width>
                        <height>473</height>
                        <itemgap>-1</itemgap>
                        <onleft>8004</onleft>
                        <onright>2</onright>
                        <onup>9</onup>
                        <ondown>8002</ondown>
                        <scrolltime>0</scrolltime>
                    </control>
                    <control type="button" id="13">
                        <width>310</width>
                        <height>60</height>
                        <align>right</align>
                        <textoffsetx>20</textoffsetx>
                        <texturenofocus>dialogs/default/separator.png</texturenofocus>
                    </control>
                </control>
                <!-- right group -->
                <control type="group">
                    <posx>642</posx>
                    <posy>303</posy>
                    <control type="image">
                        <posx>0</posx>
                        <posy>0</posy>
                        <width>960</width>
                        <height>473</height>
                        <texture border="5">dialogs/default/inner.png</texture>
                    </control>
                    <control type="grouplist" id="2">
                        <description>control area</description>
                        <posx>0</posx>
                        <posy>0</posy>
                        <width>960</width>
                        <height>473</height>
                        <itemgap>-1</itemgap>
                        <pagecontrol>30</pagecontrol>
                        <onleft>9</onleft>
                        <onright>30</onright>
                        <onup>2</onup>
                        <ondown>8002</ondown>
                        <scrolltime tween="cubic" easing="out">500</scrolltime>
                    </control>
                </control>
            </control>
            <control type="button" id="3">
                <description>default</description>
                <height>60</height>
                <align>left</align>
                <textoffsetx>20</textoffsetx>
                
                
                <texturefocus border="2">dialogs/default/highlight.png</texturefocus>
                <texturenofocus>dialogs/default/separator.png</texturenofocus>
            </control>
            <control type="radiobutton" id="4">
                <description>radioButton</description>
                <height>60</height>
                <align>left</align>
                <textoffsetx>20</textoffsetx>
                <textwidth>844</textwidth>
                <radioposx>852</radioposx>
                
                
                <textureradioonfocus>common/radio/radio-light-fo.png</textureradioonfocus>
                <textureradiooffnofocus>common/radio/radio-light-nf.png</textureradiooffnofocus>
                <textureradioofffocus>common/radio/radio-light-nf.png</textureradioofffocus>
                <textureradioonnofocus>common/radio/radio-light-fo.png</textureradioonnofocus>
                <texturefocus border="2">dialogs/default/highlight.png</texturefocus>
                <texturenofocus>dialogs/default/separator.png</texturenofocus>
            </control>
            <control type="spincontrolex" id="5">
                <description>Directory Content</description>
                <height>60</height>
                <align>left</align>
                <spinposx>5</spinposx>
                <textoffsetx>20</textoffsetx>
                
                
                <textureup>common/spinctrl/arrow-light-up-nf.png</textureup>
                <texturedown>common/spinctrl/arrow-light-down-nf.png</texturedown>
                <textureupfocus>common/spinctrl/arrow-light-up-fo.png</textureupfocus>
                <texturedownfocus>common/spinctrl/arrow-light-down-fo.png</texturedownfocus>
                <texturefocus border="2">dialogs/default/highlight.png</texturefocus>
                <texturenofocus>dialogs/default/separator.png</texturenofocus>
            </control>
            <control type="label" id="7">
                <description>Default Label</description>
                <height>60</height>
                <align>left</align>
                <aligny>top</aligny>
                <textoffsetx>20</textoffsetx>
                <textoffsety>14</textoffsety>
                <include condition="!Skin.HasTheme(classic)">DialogLabelAlt</include>
                <include condition="Skin.HasTheme(classic)">DialogLabel</include>
            </control>
            <control type="sliderex" id="8">
                <description>Default Slider</description>
                <posx>0</posx>
                <posy>0</posy>
                <height>60</height>
                <align>left</align>
                <textoffsetx>20</textoffsetx>
                
                
                <texturefocus border="2">dialogs/default/highlight.png</texturefocus>
                <texturenofocus>dialogs/default/separator.png</texturenofocus>
                <sliderwidth>150</sliderwidth>
                <sliderheight>28</sliderheight>
                <texturesliderbar>dialogs/mediasource/slider-back.png</texturesliderbar>
                <textureslidernib>dialogs/mediasource/slider-nib-nf.png</textureslidernib>
                <textureslidernibfocus>dialogs/mediasource/slider-nib-fo.png</textureslidernibfocus>
                <pulseonselect>false</pulseonselect>
            </control>
            <control type="image" id="6">
                <width>300</width>
                <height>1</height>
                <visible>false</visible>
            </control>
            <control type="image" id="31">
                <visible>Control.HasFocus(30)</visible>
            </control>
            <control type="scrollbar" id="30">
                <posx>1589</posx>
                <posy>305</posy>
                <width>11</width>
                <height>467</height>
                <texturesliderbackground border="0,14,0,14">scrollbar/ScrollBarV.png</texturesliderbackground>
				<texturesliderbar border="0,14,0,14">scrollbar/ScrollBarV_bar.png</texturesliderbar>
				<texturesliderbarfocus border="0,14,0,14" colordiffuse="mainblue">scrollbar/ScrollBarV_bar_focus.png</texturesliderbarfocus>
				<textureslidernib>scrollbar/ScrollBarNib.png</textureslidernib>
				<textureslidernibfocus>scrollbar/ScrollBarNib.png</textureslidernibfocus>
				<showonepage>false</showonepage>
                <onleft>2</onleft>
                <onright>8004</onright>
                <showonepage>false</showonepage>
                <orientation>vertical</orientation>
                <animation effect="fade" start="75" end="0" time="300" tween="sine" easing="inout" condition="!Control.IsVisible(31)">Conditional</animation>
            </control>
			
			<control type="grouplist" id="8002">
                <posx>318</posx>
                <posy>800</posy>
				<onup>2</onup>
				<itemgap>60</itemgap>
				<onup>8003</onup>
				<orientation>horizontal</orientation>

                <control type="button" id="10">
                    <description>OK</description>
                    <label>186</label>
                    <align>center</align>
                    <width>385</width>
                    <include>DialogButtonOK</include>
                    <animation effect="fade" start="100" end="75" time="0" condition="!Control.IsEnabled(10)">Conditional</animation>
                </control>
                <control type="button" id="11">
                    <align>center</align>
                    <width>385</width>
                    <include>DialogButtonCancel</include>
                    <description>Cancel</description>
                    <label>$LOCALIZE[222]</label>
                    <animation effect="fade" start="100" end="75" time="0" condition="!Control.IsEnabled(11)">Conditional</animation>
                </control>
                <control type="button" id="12">
                    <align>center</align>
                    <width>390</width>
                    <include>DialogButtonOther</include>
                    <description>Defaults</description>
                    <label>$LOCALIZE[409]</label>
                    <animation effect="fade" start="100" end="75" time="0" condition="!Control.IsEnabled(12)">Conditional</animation>
                </control>
            </control>
        </control>
    </controls>
</window>