<?xml version="1.0" encoding="utf-8"?>
<!--Titan-->
<window>
    <defaultcontrol always="true">9000</defaultcontrol>
    <allowoverlay>no</allowoverlay>
	<onload condition="System.HasAddon(script.tvtunes) + Skin.HasSetting(EnableTVTunes)">XBMC.RunScript(script.tvtunes,backend=True)</onload>
	<onload condition="System.HasAddon(script.videoextras)">XBMC.RunScript(script.videoextras,check,"$INFO[ListItem.FilenameAndPath]")</onload>
	<onload condition="!IsEmpty(ListItem.Cast)">RunScript(script.metadata.actors,dialogbackend)</onload>
	<onunload>ClearProperty(ShowCast)</onunload>
    <controls>
		<control type="group">
			<visible>!Window.IsVisible(FileBrowser)</visible>
			<!--Dialog Overlay-->
			<visible>Window.IsActive(DialogVideoInfo.xml)</visible>
			<include>GlobalBackground</include>
		</control>
		<include>nowplayingbackground</include>
		<!-- Header -->
		<control type="group">
			<control type="label">
				<posx>61</posx>
				<posy>10</posy>
				<width min="80" max="1400">auto</width>
				<height>100</height>
				<font>Bold45</font>
				<align>left</align>
				<textcolor>$INFO[Skin.String(HeaderTextColor)]</textcolor>
				<label>$VAR[value_header]</label>
				<shadowcolor>$INFO[Skin.String(HeaderTextShadowColor)]</shadowcolor>
			</control>
			 <control type="label">
				<posy>85</posy>
				<posx>61</posx>
				<width min="0" max="1100">auto</width>
				<height>50</height>
				<label>$VAR[value_subheader]</label>
				<font>Reg30</font>
				<textcolor>$INFO[Skin.String(HeaderTextColor)]</textcolor>
				<shadowcolor>$INFO[Skin.String(HeaderTextShadowColor)]</shadowcolor>
			</control>
		</control>
		
		<!--Time & Weather-->
        <include>TimeInfo</include>
			
		<control type="group">
			<visible>!Window.IsVisible(FileBrowser)</visible>

			<include>animation_window_open_close</include>
			<!-- panel background -->
			<control type="image">
				<posx>-80</posx>
				<width>2260</width>
				<posy>160</posy>
				<height>800</height>
				<texture>views/view_50_list_panel1.png</texture>
				<visible>skin.hastheme(classic)</visible>
				<animation effect="fade" reversible="false" end="80" time="0" condition="StringCompare(Skin.String(ViewDetailsPanelOpacity),80)">Conditional</animation>
				<animation effect="fade" reversible="false" end="60" time="0" condition="StringCompare(Skin.String(ViewDetailsPanelOpacity),60)">Conditional</animation>
				<animation effect="fade" reversible="false" end="40" time="0" condition="StringCompare(Skin.String(ViewDetailsPanelOpacity),40)">Conditional</animation>
				<animation effect="fade" reversible="false" end="20" time="0" condition="StringCompare(Skin.String(ViewDetailsPanelOpacity),20)">Conditional</animation>
				<animation effect="fade" reversible="false" end="0" time="0" condition="StringCompare(Skin.String(ViewDetailsPanelOpacity),0)">Conditional</animation>
			</control>
			
			<!-- Background Panel-->
			<control type="image">
				<posx>0</posx>
				<posy>210</posy>
				<width>1920</width>
				<height>680</height>
				<texture>colors/color_white.png</texture>
				<animation effect="fade" reversible="false" end="80" time="0" condition="StringCompare(Skin.String(ViewDetailsPanelOpacity),80)">Conditional</animation>
				<animation effect="fade" reversible="false" end="60" time="0" condition="StringCompare(Skin.String(ViewDetailsPanelOpacity),60)">Conditional</animation>
				<animation effect="fade" reversible="false" end="40" time="0" condition="StringCompare(Skin.String(ViewDetailsPanelOpacity),40)">Conditional</animation>
				<animation effect="fade" reversible="false" end="20" time="0" condition="StringCompare(Skin.String(ViewDetailsPanelOpacity),20)">Conditional</animation>
				<animation effect="fade" reversible="false" end="0" time="0" condition="StringCompare(Skin.String(ViewDetailsPanelOpacity),0)">Conditional</animation>
				<colordiffuse>$VAR[panel_color]</colordiffuse>
				<visible>!skin.hastheme(classic)</visible>
			</control>
			
			<control type="image">
				<posx>1300</posx>
				<posy>210</posy>
				<width>650</width>
				<height>680</height>
				<texture>colors/color_white.png</texture>
				<animation effect="fade" reversible="false" end="80" time="0" condition="StringCompare(Skin.String(ViewDetailsPanelOpacity),80)">Conditional</animation>
				<animation effect="fade" reversible="false" end="60" time="0" condition="StringCompare(Skin.String(ViewDetailsPanelOpacity),60)">Conditional</animation>
				<animation effect="fade" reversible="false" end="40" time="0" condition="StringCompare(Skin.String(ViewDetailsPanelOpacity),40)">Conditional</animation>
				<animation effect="fade" reversible="false" end="20" time="0" condition="StringCompare(Skin.String(ViewDetailsPanelOpacity),20)">Conditional</animation>
				<animation effect="fade" reversible="false" end="0" time="0" condition="StringCompare(Skin.String(ViewDetailsPanelOpacity),0)">Conditional</animation>
				<visible>!skin.hastheme(classic)</visible>
				<colordiffuse>$VAR[panel_color]</colordiffuse>
			</control>
			
			
			
			<control type="group">
				<!--Start Dialog-->
				<visible>Container.Content(movies) | Container.Content(tvshows) | Container.Content(episodes)</visible>
				<!--Info Stuff-->
				<control type="image">
						<posx>0</posx>
						<posy>982</posy>
						<width>1920</width>
						<height>110</height>
						<texture>colors/color_white.png</texture>
						<colordiffuse>$VAR[panel_color]</colordiffuse>
						<animation effect="fade" end="80" time="0" reversible="false" condition="StringCompare(Skin.String(FooterOpacity),80)">Conditional</animation>
						<animation effect="fade" end="60" time="0" reversible="false" condition="StringCompare(Skin.String(FooterOpacity),60)">Conditional</animation>
						<animation effect="fade" end="40" time="0" reversible="false" condition="StringCompare(Skin.String(FooterOpacity),40)">Conditional</animation>
						<animation effect="fade" end="20" time="0" reversible="false" condition="StringCompare(Skin.String(FooterOpacity),20)">Conditional</animation>
						<animation effect="fade" end="0" time="0" reversible="false" condition="StringCompare(Skin.String(FooterOpacity),0)">Conditional</animation>
					</control>
					
				<!--Butons 9000-->			
				<control type="grouplist" id="9000">
					<posx>60</posx>
					<posy>1005</posy>
					<width>1800</width>
					<height>450</height>
					<itemgap>15</itemgap>
					<onup>noop</onup>
					<ondown>noop</ondown>
					<orientation>horizontal</orientation>
					
					<control type="button" id="208">
						<!--Close-->
						<label>208</label>
						<width>285</width>
						<height>60</height>
						<align>center</align>
						<textoffsetx>0</textoffsetx>
						<onclick>back</onclick>
						<visible>Skin.HasSetting(EnableTouchSupport)</visible>
					</control>
					
					<control type="button" id="8">
						<!--Play-->
						<label>208</label>
						<width>285</width>
						<height>60</height>
						<align>center</align>
						<textoffsetx>0</textoffsetx>
						<visible>!substring(Container.FolderPath,plugin://plugin.video.xbmb3c)</visible>
						<onclick>Dialog.Close(MovieInformation)</onclick>
					</control>
					
					<control type="button" id="1008">
						<!--Play-->
						<label>208</label>
						<width>285</width>
						<height>60</height>
						<align>center</align>
						<textoffsetx>0</textoffsetx>
						<onclick condition="!StringCompare(Window(home).Property(MB3.Action),None) + !IsEmpty(Window(home).Property(MB3.Action))">$INFO[Window(home).Property(MB3.Action)]</onclick>
						<onclick condition="StringCompare(Window(home).Property(MB3.Action),None) | IsEmpty(Window(home).Property(MB3.Action))">PlayMedia($ESCINFO[ListItem.FileNameAndPath])</onclick>
						<visible>substring(Container.FolderPath,plugin://plugin.video.xbmb3c)</visible>
						<onclick>Dialog.Close(MovieInformation)</onclick>
					</control>

					<control type="button" id="9">
						<!--Resume-->
						<label>13404</label>
						<width>285</width>
						<height>60</height>
						<align>center</align>
						<textoffsetx>0</textoffsetx>
						<visible>ListItem.IsResumable + !substring(Container.FolderPath,plugin://plugin.video.xbmb3c)</visible>
					</control>
					
					<control type="button" id="103">
						<!-- Local Trailer-->
						<width>285</width>
						<height>60</height>
						<align>center</align>
						<textoffsetx>0</textoffsetx>
						<label>20410</label>
						<onclick>PlayMedia($ESCINFO[ListItem.Trailer])</onclick>
						<visible>!IsEmpty(ListItem.Trailer) + Container.Content(movies)</visible>
					</control>
					<control type="button" id="104">
						<!--MB3 Local Trailer-->
						<width>285</width>
						<height>60</height>
						<align>center</align>
						<textoffsetx>0</textoffsetx>
						<label>20410</label>
						<onclick>$INFO[Window(Home).Property(MB3.TrailerAction)]</onclick>
						<visible>Skin.HasSetting(HomeMenuUseMBforMovies)</visible>
						<visible>!IsEmpty(Window(home).Property(MB3.TrailerAction)) + stringcompare(ListItem.Property(ItemType),Movie)</visible>
					</control>
					<control type="button" id="100">
						<!--Search Trailer on Youtube-->
						<width>285</width>
						<height>60</height>
						<align>center</align>
						<textoffsetx>0</textoffsetx>
						<label>YouTube $LOCALIZE[20410]</label>
						<onclick>Dialog.Close(MovieInformation)</onclick>
						<onclick condition="SubString(System.AddonVersion(plugin.video.youtube),4,left)">ActivateWindow(videos,plugin://plugin.video.youtube/?path=/root/search&amp;feed=search&amp;search=$ESCINFO[ListItem.Label] Trailer,return)</onclick>
						<onclick condition="SubString(System.AddonVersion(plugin.video.youtube),5,left)">ActivateWindow(videos,plugin://plugin.video.youtube/kodion/search/query/?q=$ESCINFO[ListItem.Label] Trailer,return)</onclick>
						<visible>Container.Content(movies) | stringcompare(ListItem.Property(ItemType),Movie)</visible>
					</control>
					<control type="button" id="114">
						<!--Cast Button-->
						<label>206</label>
						<width>285</width>
						<height>60</height>
						<align>center</align>
						<textoffsetx>0</textoffsetx>
						<onclick>SetProperty(ShowCast, show)</onclick>
						<onclick>SetFocus(9002)</onclick>
						<visible>!StringCompare(Window.Property(ShowCast),show)</visible>
					</control>
					<control type="button" id="116">
						<!--Info Button-->
						<label>Info</label>
						<width>285</width>
						<height>60</height>
						<align>center</align>
						<textoffsetx>0</textoffsetx>
						<onclick>ClearProperty(ShowCast)</onclick>
						<visible>StringCompare(Window.Property(ShowCast),show)</visible>
					</control>
					<control type="button" id="115">
						<!--Extended Info Button-->
						<label>Extended Info</label>
						<width>285</width>
						<height>60</height>
						<align>center</align>
						<textoffsetx>0</textoffsetx>
						<onclick condition="!System.HasAddon(script.extendedinfo)">ActivateWindow(Videos,plugin://script.extendedinfo)</onclick>
						<onclick condition="IsEmpty(ListItem.TvShowTitle) + !Container.Content(tvshows)">RunScript(script.extendedinfo,info=extendedinfo,dbid=$INFO[ListItem.DBID],name=$INFO[ListItem.Title])</onclick>
						<onclick condition="Container.Content(tvshows)">RunScript(script.extendedinfo,info=extendedtvinfo,dbid=$INFO[ListItem.DBID],name=$INFO[ListItem.TvShowTitle])</onclick>
						<onclick condition="!IsEmpty(ListItem.TvShowTitle) + !IsEmpty(ListItem.Season)">RunScript(script.extendedinfo,info=seasoninfo,tvshow=$INFO[ListItem.TvShowTitle],season=$INFO[ListItem.Season],silent=True)</onclick>
					</control>
					<control type="button" id="113">
						<width>285</width>
						<description>Home Theatre</description>
						<label>$INFO[System.AddonTitle(script.cinema.experience)]</label>
						<onclick>Playlist.Clear</onclick>
						<onclick>Dialog.Close(MovieInformation)</onclick>
						<onclick>RunScript(script.cinema.experience,movieid=$INFO[ListItem.DBID])</onclick>
						<visible>System.HasAddon(script.cinema.experience) + Container.Content(movies) + !SubString(Container.FolderPath,plugin)</visible>
					</control>
					<control type="button" id="102">
						<!--Get video extras-->
						<width>285</width>
						<height>60</height>
						<align>center</align>
						<textoffsetx>0</textoffsetx>
						<label>$INFO[System.AddonTitle(script.videoextras)]</label>
						<onclick>XBMC.RunScript(script.videoextras,display,$INFO[ListItem.FilenameAndPath])</onclick>
						<visible>System.HasAddon(script.videoextras) + !IsEmpty(ListItem.FilenameAndPath)</visible>
					</control>
					<control type="button" id="101">
						<!--Get Thumb Artwork Downloader-->
						<label>13511</label>
						<width>285</width>
						<height>60</height>
						<align>center</align>
						<textoffsetx>0</textoffsetx>
						<onclick condition="System.HasAddon(script.artwork.downloader)">ActivateWindow(3004)</onclick>
					</control>
					<control type="button" id="6">
						<!--Refresh-->
						<label>184</label>
						<width>285</width>
						<height>60</height>
						<align>center</align>
						<textoffsetx>0</textoffsetx>
					</control>
				</control>
				
				<!--Arrow-->
					<control type="image">
						<animation effect="fade" start="100" end="50" tween="sine" easing="inout" time="800" pulse="true" reversible="false" condition="true">Conditional</animation>
						<left>1880</left>
						<posy>1005</posy>
						<posy>50</posy>
						<width>20</width>
						<height>60</height>
						<aspectratio>keep</aspectratio>
						<texture>dialogs/videoinfo/arrow.png</texture>
						<visible>!Control.HasFocus(50)</visible>
						<colordiffuse>white</colordiffuse>
						<visible>Container(9000).HasNext</visible>
					</control>
					<control type="image">
						<animation effect="fade" start="100" end="50" tween="sine" easing="inout" time="800" pulse="true" reversible="false" condition="true">Conditional</animation>
						<left>35</left>
						<posy>1005</posy>
						<posy>50</posy>
						<width>20</width>
						<height>60</height>
						<aspectratio>keep</aspectratio>
						<texture flipx="true">dialogs/videoinfo/arrow.png</texture>
						<visible>!Control.HasFocus(50)</visible>
						<colordiffuse>white</colordiffuse>
						<visible>Container(9000).HasPrevious</visible>
					</control>
					
				<control type="group">
					<visible>!StringCompare(Window.Property(ShowCast),show)</visible>
					<visible>!Window.IsActive(script-ExtendedInfo Script-DialogVideoInfo.xml) + !Window.IsActive(script-ExtendedInfo Script-DialogInfo.xml)</visible>
					<include>animation_window_open_close</include>
					
					<control type="image">
						<!--cdart image-->
						<right>60</right>
						<posy>246</posy>
						<width>500</width>
						<height>620</height>
						<texture background="true">$INFO[ListItem.Art(discart)]</texture>
						<aspectratio scalediffuse="false" align="center" aligny="center">keep</aspectratio>
						<animation effect="slide" start="0" end="-140" tween="cubic" easing="inout" time="600" delay="100">WindowOpen</animation>
						<animation effect="fade" start="0" end="100" delay="0" time="2400" pulse="false">WindowOpen</animation>
						<animation effect="rotate" end="-90" center="auto" time="600" loop="false" reversible="false" condition="!Skin.HasSetting(AnimateDiscArt)">Conditional</animation>
						<animation effect="rotate" end="-360" center="auto" time="20000" delay="0" loop="true" reversible="false" condition="Skin.HasSetting(AnimateDiscArt)">Conditional</animation>
						<visible>!IsEmpty(ListItem.Art(poster)) | !IsEmpty(ListItem.Art(tvshow.poster)) | !IsEmpty(ListItem.Property(TVShowThumb))</visible>
					</control>
					<control type="image">
						<!--poster-->
						<right>60</right>
						<posy>246</posy>
						<width>500</width>
						<height>620</height>
						<aspectratio align="right" aligny="center">keep</aspectratio>
						<texture background="true">$VAR[VideoInfoPosterImage]</texture>
					</control>

					<!--Info-->
					<control type="grouplist">
						<animation effect="fade" start="0" end="100" time="300" tween="sine" delay="300" easing="in">WindowOpen</animation>
						<animation effect="fade" start="0" end="100" time="300" tween="sine" delay="500" easing="in">Visible</animation>
						<animation effect="fade" start="100" end="0" time="300" tween="sine" delay="500" easing="out">Hidden</animation>
						<posx>60</posx>
						<posy>240</posy>
						<width>1200</width>
						<height>700</height>
						<orientation>vertical</orientation>
						
						<control type="textbox">
							<posx>0</posx>
							<posy>0</posy>
							<width>1150</width>
							<height>235</height>
							<label>$INFO[ListItem.Plot]</label>
							<textcolor>$INFO[Skin.String(ViewDetailsTextColor)]</textcolor>
							<shadowcolor>$INFO[Skin.String(ViewDetailsTextShadowColor)]</shadowcolor>
							<align>justify</align>
							<font>Light32</font>
							<visible>IsEmpty(Window(Home).Property(NextAired.NextNumber))</visible>
						</control>
						<control type="textbox">
							<posx>0</posx>
							<posy>0</posy>
							<width>1150</width>
							<height>200</height>
							<label>$INFO[ListItem.Plot]</label>
							<textcolor>$INFO[Skin.String(ViewDetailsTextColor)]</textcolor>
							<shadowcolor>$INFO[Skin.String(ViewDetailsTextShadowColor)]</shadowcolor>
							<align>justify</align>
							<font>Light32</font>
							<visible>!IsEmpty(Window(Home).Property(NextAired.NextNumber))</visible>
						</control>
						<control type="image">
							<width>1150</width>
							<height>2</height>
							<posy>10</posy>
							<texture>colors/color_lightgrey.png</texture>
						</control>
						<control type="image">
							<width>1150</width>
							<height>15</height>
							<posy>10</posy>
							<texture>colors/color_transparent.png</texture>
						</control>
						<control type="group">
							<!--Premiered or Year -->
							<width>950</width>
							<height>40</height>
							<visible>!IsEmpty(ListItem.Premiered) | !IsEmpty(ListItem.Year)</visible>
							<control type="image">
								<posx>0</posx>
								<posy>3</posy>
								<width>49</width>
								<height>49</height>
								<texture>dialogs/videoinfo/premiered-icon.png</texture>
								<visible>!IsEmpty(ListItem.Premiered) | !IsEmpty(ListItem.Year)</visible>
							</control>
							<control type="label">
								<posx>60</posx>
								<posy>0</posy>
								<width>600</width>
								<font>Reg28</font>
								<align>left</align>
								<label>$INFO[ListItem.Premiered]</label>
								<textcolor>$INFO[Skin.String(ViewDetailsTextColor)]</textcolor>
								<shadowcolor>$INFO[Skin.String(ViewDetailsTextShadowColor)]</shadowcolor>
								<scroll>false</scroll>
								<visible>!IsEmpty(ListItem.Premiered)</visible>
							</control>
							<control type="label">
								<posx>60</posx>
								<posy>0</posy>
								<width>600</width>
								<font>Reg28</font>
								<align>left</align>
								<label>$INFO[ListItem.Year]</label>
								<textcolor>$INFO[Skin.String(ViewDetailsTextColor)]</textcolor>
							    <shadowcolor>$INFO[Skin.String(ViewDetailsTextShadowColor)]</shadowcolor>
								<scroll>false</scroll>
								<visible>!IsEmpty(ListItem.Year) + IsEmpty(ListItem.Premiered)</visible>
							</control>
							<control type="image">
								<posx>700</posx>
								<posy>3</posy>
								<width>49</width>
								<height>49</height>
								<texture>dialogs/videoinfo/time-icon.png</texture>
								<visible>!IsEmpty(ListItem.Duration)</visible>
							</control>
							<control type="label">
								<posx>760</posx>
								<posy>0</posy>
								<width>400</width>
								<font>Reg28</font>
								<align>left</align>
								<label>$INFO[ListItem.Duration,, $LOCALIZE[12391]]</label>
								<textcolor>$INFO[Skin.String(ViewDetailsTextColor)]</textcolor>
								<shadowcolor>$INFO[Skin.String(ViewDetailsTextShadowColor)]</shadowcolor>
								<scroll>false</scroll>
							</control>
						</control>
						<control type="group">
							<!--Director and Writer -->
							<width>600</width>
							<height>40</height>
							<visible>[Container.Content(Movies) | Container.Content(episodes)] + !IsEmpty(ListItem.Director) + !IsEmpty(ListItem.Writer)</visible>
							<control type="image">
								<posx>0</posx>
								<posy>5</posy>
								<width>49</width>
								<height>49</height>
								<texture>dialogs/videoinfo/director-icon.png</texture>
								<visible>!IsEmpty(ListItem.Director)</visible>
							</control>
							<control type="label">
								<posx>60</posx>
								<posy>0</posy>
								<width>600</width>
								<font>Reg28</font>
								<align>left</align>
								<label>$INFO[ListItem.Director]</label>
								<textcolor>$INFO[Skin.String(ViewDetailsTextColor)]</textcolor>
								<shadowcolor>$INFO[Skin.String(ViewDetailsTextShadowColor)]</shadowcolor>
								<scroll>false</scroll>
								<visible>!IsEmpty(ListItem.Director)</visible>
							</control>
							<control type="image">
								<posx>700</posx>
								<posy>2</posy>
								<width>49</width>
								<height>49</height>
								<texture>dialogs/videoinfo/writer-icon.png</texture>
								<visible>!IsEmpty(ListItem.Writer)</visible>
							</control>
							<control type="label">
								<posx>760</posx>
								<posy>0</posy>
								<width>400</width>
								<font>Reg28</font>
								<align>left</align>
								<label>$INFO[ListItem.Writer]</label>
								<textcolor>$INFO[Skin.String(ViewDetailsTextColor)]</textcolor>
								<shadowcolor>$INFO[Skin.String(ViewDetailsTextShadowColor)]</shadowcolor>
								<scroll>false</scroll>
								<visible>!IsEmpty(ListItem.Writer)</visible>
							</control>
						</control>
						<control type="image">
							<width>1150</width>
							<height>30</height>
							<posy>10</posy>
							<texture>colors/color_transparent.png</texture>
						</control>
						<control type="group">
							<!--Genre-->
							<width>1150</width>
							<height>40</height>
							<visible>!IsEmpty(ListItem.Genre)</visible>
							<control type="label">
								<posy>0</posy>
								<width>1150</width>
								<font>Reg28</font>
								<align>left</align>
								<label>$INFO[ListItem.Genre,[B]$LOCALIZE[515]: [/B]]</label>
								<textcolor>$INFO[Skin.String(ViewDetailsTextColor)]</textcolor>
								<shadowcolor>$INFO[Skin.String(ViewDetailsTextShadowColor)]</shadowcolor>
								<scroll>false</scroll>
							</control>
						</control>
						<control type="group">
							<!--filename-->
							<width>1150</width>
							<height>40</height>
							<visible>!IsEmpty(ListItem.FileName)</visible>
							<control type="label">
								<posy>0</posy>
								<width>1150</width>
								<font>Reg28</font>
								<align>left</align>
								<label>$INFO[ListItem.FileName,[B]$LOCALIZE[21800]: [/B]]</label>
								<textcolor>$INFO[Skin.String(ViewDetailsTextColor)]</textcolor>
								<shadowcolor>$INFO[Skin.String(ViewDetailsTextShadowColor)]</shadowcolor>
								<scroll>false</scroll>
							</control>
						</control>
						<control type="group">
							<!--Studio-->
							<width>1150</width>
							<height>40</height>
							<visible>!IsEmpty(ListItem.Studio)</visible>
							<control type="label">
								<posy>0</posy>
								<width>1150</width>
								<font>Reg28</font>
								<align>left</align>
								<label>$INFO[ListItem.Studio,[B]$LOCALIZE[572]: [/B]]$INFO[Window(Home).Property(NextAired.Status),  •   [B]$LOCALIZE[126]: [/B]]</label>
								<textcolor>$INFO[Skin.String(ViewDetailsTextColor)]</textcolor>
								<shadowcolor>$INFO[Skin.String(ViewDetailsTextShadowColor)]</shadowcolor>
								<scroll>false</scroll>
							</control>
						</control>
						<control type="group">
							<!--Total: Episodes-->
							<width>1150</width>
							<height>40</height>
							<visible>!IsEmpty(ListItem.Property(TotalEpisodes)) + !Container.Content(Movies) + !stringcompare(ListItem.Property(ItemType),Movie)</visible>
							<control type="label">
								<posy>0</posy>
								<width>1150</width>
								<font>Reg28</font>
								<align>left</align>
								<label>$INFO[ListItem.Property(TotalEpisodes),[B]$LOCALIZE[20360]:[/B] ,  •  ]$INFO[ListItem.Property(unWatchedepisodes),[B]$LOCALIZE[31092]:[/B] ,]</label>
								<textcolor>$INFO[Skin.String(ViewDetailsTextColor)]</textcolor>
								<shadowcolor>$INFO[Skin.String(ViewDetailsTextShadowColor)]</shadowcolor>
								<scroll>false</scroll>
							</control>
						</control>
						<control type="group">
							<!--NextAired Status-->
							<width>1150</width>
							<height>40</height>
							<visible>!IsEmpty(Window(Home).Property(NextAired.LatestNumber))</visible>
							<control type="label">
								<posy>0</posy>
								<width>1150</width>
								<font>Reg28</font>
								<align>left</align>
								<label>[B]$LOCALIZE[31214]:[/B] $INFO[Window(Home).Property(NextAired.LatestNumber)] $INFO[Window(Home).Property(NextAired.LatestTitle)] ($INFO[Window(Home).Property(NextAired.LatestDate)])</label>
								<textcolor>$INFO[Skin.String(ViewDetailsTextColor)]</textcolor>
								<shadowcolor>$INFO[Skin.String(ViewDetailsTextShadowColor)]</shadowcolor>
								<scroll>false</scroll>
							</control>
						</control>
						<control type="group">
							<!--NextAired Status-->
							<width>1150</width>
							<height>40</height>
							<visible>!IsEmpty(Window(Home).Property(NextAired.NextNumber))</visible>
							<control type="label">
								<posy>0</posy>
								<width>1150</width>
								<font>Reg28</font>
								<align>left</align>
								<label>[B]$LOCALIZE[31212]:[/B] $INFO[Window(Home).Property(NextAired.NextNumber)] $INFO[Window(Home).Property(NextAired.NextTitle)] ($INFO[Window(Home).Property(NextAired.NextDate)])</label>
								<textcolor>$INFO[Skin.String(ViewDetailsTextColor)]</textcolor>
								<shadowcolor>$INFO[Skin.String(ViewDetailsTextShadowColor)]</shadowcolor>
								<scroll>false</scroll>
							</control>
						</control>
						<control type="image">
							<width>1150</width>
							<height>35</height>
							<posy>10</posy>
							<texture>colors/color_transparent.png</texture>
						</control>
						<!-- movie flags -->
						<control type="group">
							<height>50</height>
							<width>1150</width>
							<posy>920</posy>
							<include>mediaflagsnew</include>
							<visible>!skin.hastheme(classic)</visible>
						</control>
						<control type="group">
							<height>50</height>
							<width>1150</width>
							<posy>920</posy>
							<include>mediaflags</include>
							<visible>skin.hastheme(classic)</visible>
						</control>
					</control>
				</control>
				<!--Cast Stuff-->
				<control type="group" id="9002">
					<visible allowhiddenfocus="true">StringCompare(Window.Property(ShowCast),show)</visible>
					<include>animation_window_open_close</include>
					<control type="button" id="9001">
						<!--Hidden Button-->
						<onfocus>SetFocus(50)</onfocus>
						<onleft>noop</onleft>
						<ondown>noop</ondown>
						<onup>noop</onup>
						<onclick>noop</onclick>
						<font>-</font>
						<label>-</label>
						<textcolor>-</textcolor>
						<focusedcolor>-</focusedcolor>
						<disabledcolor>-</disabledcolor>
						<texturefocus>-</texturefocus>
						<texturenofocus>-</texturenofocus>
					</control>

					<control type="list" id="50">
						<!--List 50 Cast-->
						<posx>63</posx>
						<posy>220</posy>
						<width>1684</width>
						<height>660</height>
						<onup>noop</onup>
						<ondown>9000</ondown>
						<onleft>ClearProperty(ShowCast)</onleft>
						<onback>ClearProperty(ShowCast)</onback>
						<onleft>SetFocus(9000)</onleft>
						<scrolltime>200</scrolltime>
						<orientation>vertical</orientation>
						<focusposition>0</focusposition>
						<viewtype label="actor list">list</viewtype>
						<itemlayout height="60">
							<control type="label">
								<posx>0</posx>
								<posy>0</posy>
								<width>950</width>
								<height>50</height>
								<label>$INFO[ListItem.label]</label>
								<font>Reg28</font>
								<textcolor>$INFO[Skin.String(ViewDetailsTextColor)]</textcolor>
								<shadowcolor>$INFO[Skin.String(ViewDetailsTextShadowColor)]</shadowcolor>
								<align>left</align>
								<aligny>center</aligny>
								<scroll>no</scroll>
							</control>
						</itemlayout>
						<focusedlayout height="60">
							<control type="label">
								<posx>0</posx>
								<posy>0</posy>
								<width>950</width>
								<height>50</height>
								<label>$INFO[ListItem.label]</label>
								<textcolor>$INFO[Skin.String(ViewDetailsFocusColor)]</textcolor>
								<shadowcolor>$INFO[Skin.String(ViewDetailsFocusShadowColor)]</shadowcolor>
								<font>Reg28</font>
								<align>left</align>
								<aligny>center</aligny>
							</control>
						</focusedlayout>
						<include condition="substring(Container.FolderPath,plugin://plugin.video.xbmb3c)">CastMB3Content</include>
					</control>
					<control type="image">
						<!--Actor Image-->
						<description>Actor image</description>
						<right>60</right>
						<posy>210</posy>
						<width>450</width>
						<height>680</height>
						<aspectratio align="right" aligny="center">keep</aspectratio>
						<texture background="true" fallback="DefaultActor.png">$VAR[actorImage]</texture>
						<fadetime>300</fadetime>
						<aspectratio>scale</aspectratio>
					</control>
					<!-- close dialog button -->
					<control type="button">
						<right>60</right>
						<posy>1015</posy>
						<width>50</width>
						<height>50</height>
						<texturefocus colordiffuse="white">touchcontrols/icon_close.png</texturefocus>
						<texturenofocus colordiffuse="$VAR[ThemeFontColorBBWhite]">touchcontrols/icon_close.png</texturenofocus>
						<aspectratio>keep</aspectratio>
						<onclick>back</onclick>
						<visible>Skin.HasSetting(EnableTouchSupport)</visible>
					</control>
					<!-- back to info button -->
					<control type="button">
						<right>130</right>
						<posy>1015</posy>
						<width>50</width>
						<height>50</height>
						<texturefocus colordiffuse="white">touchcontrols/icon_back.png</texturefocus>
						<texturenofocus colordiffuse="$VAR[ThemeFontColorBBWhite]">touchcontrols/icon_back.png</texturenofocus>
						<aspectratio>keep</aspectratio>
						<onclick>ClearProperty(ShowCast)</onclick>
						<visible>Skin.HasSetting(EnableTouchSupport)</visible>
					</control>
				</control>
			</control>
			</control>
	</controls>
</window>