<?xml version="1.0" encoding="UTF-8"?>
<window>
	<defaultcontrol>1</defaultcontrol>
	<visible>Player.Seeking | Player.DisplayAfterSeek | Player.Paused | Player.Forwarding | Player.Rewinding</visible>
	<visible>Window.IsActive(MusicVisualisation.xml) | Window.IsActive(VideoFullScreen.xml)</visible>
	<controls>
		<!--OSD Panel-->
        <control type="group">
            <visible>!Window.IsActive(filebrowser)</visible>
			<visible>!Window.IsActive(VideoOSDBookmarks.xml)</visible>
			<visible>[!Window.IsActive(VideoOSD.xml) + !Window.Isactive(DialogFullScreenInfo.xml) + !Skin.HasSetting(OSDLargeSeekingLabel)] | [Skin.HasSetting(OSDShowInfoOnPause) + Player.Paused]</visible>
			<animation effect="slide" start="0,400" end="0,0" tween="cubic" easing="out" delay="300" time="250" reversible="false" condition="!Window.IsActive(VideoOSD.xml) + !Window.Isactive(DialogFullScreenInfo.xml)">WindowOpen</animation>
			<animation effect="slide" start="0,0" end="0,400" tween="cubic" easing="out" delay="2000" time="250" reversible="false" condition="!Window.IsActive(VideoOSD.xml) + !Window.Isactive(DialogFullScreenInfo.xml) + [Window.IsActive(MusicVisualisation.xml) | Window.IsActive(VideoFullScreen.xml)]">WindowClose</animation>
            <include condition="Skin.HasTheme(classic)">OSDPanelClassic</include>
			<include condition="!Skin.HasTheme(classic)">OSDPanelModern</include>
        </control>
		
		<!-- large forward and rewind labels -->
		<control type="label">
			<posx>0</posx>
			<posy>0</posy>
			<height>1080</height>
			<width>1920</width>
			<align>center</align>
			<aligny>center</aligny>
			<font>Bold120</font>
			<textcolor>white</textcolor>
			<label>$VAR[PlayerActionLabelLarge]</label>
			<animation effect="fade" start="0" end="100" tween="cubic" easing="out" delay="300" time="250" reversible="false">WindowOpen</animation>
			<animation effect="slide" start="100" end="0" tween="cubic" easing="out" delay="2000" time="250" reversible="false">WindowClose</animation>
			<animation effect="fade" reversible="false" end="60" time="0" condition="true">Conditional</animation>
			<visible>Skin.HasSetting(OSDLargeSeekingLabel) + !Window.IsActive(DialogSubtitles.xml)</visible>
		</control>
	</controls>
</window>
