<?xml version="1.0" encoding="utf-8"?>
<!--Titan-->
<window>
    <defaultcontrol always="true">11</defaultcontrol>
    <controls>
        
		<control type="group">
			<posx>-660</posx>
			<posy>0</posy>
			<animation type="WindowOpen">
				<effect type="slide" start="0" end="660" time="250" tween="cubic" easing="inout" />
			</animation>
			<animation type="WindowClose">
				<effect type="slide" start="660" end="0" time="250" tween="cubic" easing="inout" />
			</animation>
			<!--Panel-->
			<control type="image">
			<posy>0</posy>
			<posx>0</posx>
			<width>570</width>
			<height>1080</height>
			<texture>colors/color_white.png</texture>
			<animation effect="fade" end="90" time="0" condition="true">Conditional</animation>
			<colordiffuse>$VAR[panel_color]</colordiffuse>
			<aspectratio>stretch</aspectratio>
		</control>

		
		<!-- header -->
        <control type="label">
            <posx>40</posx>
            <posy>10</posy>
            <width min="80" max="1100">auto</width>
            <height>100</height>
            <font>Bold45</font>
            <align>left</align>
            <textcolor>white</textcolor>
            <label>$INFO[VideoPlayer.ChannelGroup]</label>
			<visible>!Window.IsActive(DialogKaiToast.xml) + !Window.IsActive(DialogExtendedProgressBar.xml)</visible>
			<visible>!pvr.IsPlayingRadio</visible>
        </control>
		<control type="label">
            <posx>40</posx>
            <posy>10</posy>
            <width min="80" max="1100">auto</width>
            <height>100</height>
            <font>Bold45</font>
            <align>left</align>
            <textcolor>white</textcolor>
            <label>[UPPERCASE]$LOCALIZE[19024][/UPPERCASE]</label>
			<visible>!Window.IsActive(DialogKaiToast.xml) + !Window.IsActive(DialogExtendedProgressBar.xml)</visible>
			<visible>pvr.IsPlayingRadio</visible>
        </control>
		
		<control type="label">
			<!--Info Time Date-->
			<posx>40</posx>
			<posy>80</posy>
			<width>600</width>
			<height>50</height>
			<font>Reg28</font>
			<textcolor>midgrey</textcolor>
			<label>$INFO[System.Date(DDD)], $INFO[System.Date(d)] $INFO[System.Date(mmm)] $INFO[System.Date(yyyy)] | $INFO[System.Time]</label>
		</control>
		
		<!--Label Menu: -->
		<control type="image">
			<!--Seperator-->
			<posx>0</posx>
			<posy>140</posy>
			<width>500</width>
			<height>20</height>
			<align>left</align>
			<texture>common/menu-separator.png</texture>
		</control>
		
		<!--List ID=11-->
        <control type="list" id="11">
            <posx>0</posx>
            <posy>180</posy>
            <width>530</width>
            <height>875</height>
            <onleft>noop</onleft>
            <onright>dialog.close(all,true)</onright>
            <onup>11</onup>
            <ondown>11</ondown>
            <viewtype label="535">list</viewtype>
            <pagecontrol>70</pagecontrol>
            <scrolltime>200</scrolltime>
            <itemlayout height="110" width="530">
                <control type="label">
                    <!--Channel Number-->
                    <posx>0</posx>
                    <posy>0</posy>
                    <width>100</width>
                    <height>100</height>
                    <font>Reg34</font>
                    <textcolor>midgrey</textcolor>
                    <selectedcolor>mainblue</selectedcolor>
                    <align>center</align>
                    <info>ListItem.ChannelNumber</info>
					<visible>IsEmpty(ListItem.Icon)</visible>
                </control>
                <control type="image">
                    <!--Rec-->
                    <posx>100</posx>
                    <posy>0</posy>
                    <width>55</width>
                    <height>55</height>
                    <texture>pvr/icons/pvr_record.png</texture>
                    <visible>ListItem.IsRecording</visible>
                </control>
                <control type="image">
                    <!--Now Playing Icon-->
                    <posx>100</posx>
                    <posy>0</posy>
                    <width>55</width>
                    <height>55</height>
                    <fadetime>600</fadetime>
                    <texture>pvr/icons/pvr_play.png</texture>
                    <visible>ListItem.Isplaying + !ListItem.IsRecording</visible>
                </control>
                <control type="image">
                    <!--Channel Icon-->
                    <posx>10</posx>
                    <posy>10</posy>
                    <width>80</width>
                    <height>90</height>
                    <texture>$INFO[ListItem.Icon]</texture>
					<aspectratio>keep</aspectratio>
                </control>
                <control type="label">
                    <!--Channel Name-->
                    <animation effect="slide" start="0" end="50" time="0" reversible="false" condition="ListItem.Isplaying | ListItem.IsRecording">Conditional</animation>
                    <posx>110</posx>
                    <posy>10</posy>
                    <width>450</width>
                    <height>25</height>
                    <font>Reg28</font>
                    <textcolor>white</textcolor>
                    <selectedcolor>midgrey</selectedcolor>
                    <align>left</align>
                    <aligny>center</aligny>
                    <label>$INFO[ListItem.Label]</label>
                </control>
                <control type="label">
                    <!--Channel Now Playing (LEFT)-->
                    <posx>110</posx>
                    <posy>45</posy>
                    <width>450</width>
                    <height>20</height>
                    <font>Reg25</font>
                    <textcolor>mainblue</textcolor>
                    <selectedcolor>mainblue</selectedcolor>
                    <align>left</align>
                    <aligny>center</aligny>
                    <label>$INFO[ListItem.Title]</label>
                </control>
                <control type="label">
                    <!--Time: Start, End (RIGHT)-->
                    <posx>110</posx>
                    <posy>75</posy>
                    <width>100</width>
                    <height>20</height>
                    <font>Reg20</font>
                    <textcolor>midgrey</textcolor>
                    <selectedcolor>midgrey</selectedcolor>
                    <align>left</align>
                    <aligny>center</aligny>
                    <label>$INFO[ListItem.StartTime]</label>
					<visible>ListItem.HasEpg</visible>
                </control>
				<control type="progress">
					<description>Progressbar</description>
					<left>200</left>
					<top>80</top>
					<width>230</width>
					<height>10</height>
					<colordiffuse>88FFFFFF</colordiffuse>
					<info>ListItem.Progress</info>
					<visible>ListItem.HasEpg</visible>
				</control>
				<control type="label">
                    <!--Time: Start, End (RIGHT)-->
                    <posx>420</posx>
                    <posy>75</posy>
                    <width>100</width>
                    <height>20</height>
                    <font>Reg20</font>
                    <textcolor>midgrey</textcolor>
                    <selectedcolor>midgrey</selectedcolor>
                    <align>right</align>
                    <aligny>center</aligny>
                    <label>$INFO[ListItem.EndTime]</label>
					<visible>ListItem.HasEpg</visible>
                </control>
                <control type="image">
                    <!--Separator-->
                    <posx>0</posx>
                    <posy>105</posy>
                    <width>530</width>
                    <height>20</height>
                    <fadetime>400</fadetime>
                    <colordiffuse>list_separator</colordiffuse>
                    <texture>common/separator.png</texture>
                </control>
            </itemlayout>
            <focusedlayout height="110" width="530">
                <control type="image">
                    <!--Slider-->
                    <posx>0</posx>
                    <posy>0</posy>
                    <width>954</width>
                    <height>105</height>
                    <texture colordiffuse="$INFO[Skin.String(ButtonFocusColor)]">colors/color_white.png</texture>
                </control>
                <control type="label">
                    <!--Channel Number-->
                    <posx>0</posx>
                    <posy>0</posy>
                    <width>100</width>
                    <height>100</height>
                    <font>Reg34</font>
                    <textcolor>midgrey</textcolor>
                    <selectedcolor>mainblue</selectedcolor>
                    <align>center</align>
                    <info>ListItem.ChannelNumber</info>
					<visible>IsEmpty(ListItem.Icon)</visible>
                </control>
                <control type="image">
                    <!--Rec-->
                    <posx>100</posx>
                    <posy>0</posy>
                    <width>55</width>
                    <height>55</height>
                    <texture>pvr/icons/pvr_record.png</texture>
                    <visible>ListItem.IsRecording</visible>
                </control>
                <control type="image">
                    <!--Now Playing Icon-->
                    <posx>100</posx>
                    <posy>0</posy>
                    <width>55</width>
                    <height>55</height>
                    <fadetime>600</fadetime>
                    <texture>pvr/icons/pvr_play.png</texture>
                    <visible>ListItem.Isplaying + !ListItem.IsRecording</visible>
                </control>
                <control type="image">
                    <!--Channel Icon-->
                    <posx>10</posx>
                    <posy>10</posy>
                    <width>80</width>
                    <height>90</height>
                    <texture>$INFO[ListItem.Icon]</texture>
					<aspectratio>keep</aspectratio>
                </control>
                <control type="label">
                    <!--Channel Name-->
                    <animation effect="slide" start="0" end="50" time="0" reversible="false" condition="ListItem.Isplaying | ListItem.IsRecording">Conditional</animation>
                    <posx>110</posx>
                    <posy>10</posy>
                    <width>450</width>
                    <height>25</height>
                    <font>Reg28</font>
                    <textcolor>black</textcolor>
                    <selectedcolor>black</selectedcolor>
                    <align>left</align>
                    <aligny>center</aligny>
                    <label>$INFO[ListItem.Label]</label>
                </control>
                <control type="label">
                    <!--Channel Now Playing (LEFT)-->
                    <posx>110</posx>
                    <posy>45</posy>
                    <width>450</width>
                    <height>20</height>
                    <font>Reg25</font>
                    <textcolor>black</textcolor>
                    <selectedcolor>black</selectedcolor>
                    <align>left</align>
                    <aligny>center</aligny>
                    <label>$INFO[ListItem.Title]</label>
                </control>
                <control type="label">
                    <!--Time: Start, End (RIGHT)-->
                    <posx>110</posx>
                    <posy>75</posy>
                    <width>100</width>
                    <height>20</height>
                    <font>Reg20</font>
                    <textcolor>darkgrey</textcolor>
                    <selectedcolor>darkgrey</selectedcolor>
                    <align>left</align>
                    <aligny>center</aligny>
                    <label>$INFO[ListItem.StartTime]</label>
					<visible>ListItem.HasEpg</visible>
                </control>
				<control type="progress">
					<description>Progressbar</description>
					<left>200</left>
					<top>80</top>
					<width>230</width>
					<height>10</height>
					<colordiffuse>darkgrey</colordiffuse>
					<info>ListItem.Progress</info>
					<visible>ListItem.HasEpg</visible>
				</control>
				<control type="label">
                    <!--Time: Start, End (RIGHT)-->
                    <posx>420</posx>
                    <posy>75</posy>
                    <width>100</width>
                    <height>20</height>
                    <font>Reg20</font>
                    <textcolor>darkgrey</textcolor>
                    <selectedcolor>darkgrey</selectedcolor>
                    <align>right</align>
                    <aligny>center</aligny>
                    <label>$INFO[ListItem.EndTime]</label>
					<visible>ListItem.HasEpg</visible>
                </control>
                <control type="image">
                    <!--Separator-->
                    <posx>0</posx>
                    <posy>105</posy>
                    <width>530</width>
                    <height>20</height>
                    <fadetime>400</fadetime>
                    <colordiffuse>list_separator</colordiffuse>
                    <texture>common/separator.png</texture>
                </control>
            </focusedlayout>
        </control>
    
			
			
			
			
			
		</control>
		

	
	</controls>
</window>