<?xml version="1.0" encoding="utf-8"?>
<!--Titan-->
<window id="603">
    <defaultcontrol>29</defaultcontrol>
	
    <controls>
        <!--Dialog Overlay-->
        <include>DialogOverlayExtra</include>
        <!--Dialog PVR Time Settings-->
        <control type="group">
            <include>animation_window_open_close</include>
            <visible>!Window.IsVisible(virtualkeyboard) + !Window.IsVisible(numericinput)</visible>
            <!--Panel-->

            <control type="image">
                <posx>626</posx>
                <posy>176</posy>
                <width>668</width>
                <height>800</height>
                <texture border="39">dialogs/default/bg.png</texture>
				<visible>skin.hastheme(classic)</visible>
            </control>
			
			<control type="image">
                <!--Panel-->
                <posx>626</posx>
                <posy>176</posy>
                <width>668</width>
                <height>800</height>
                <texture>colors/color_white.png</texture>
				<animation effect="fade" end="70" time="0" condition="true">Conditional</animation>
				<colordiffuse>$VAR[panel_color]</colordiffuse>
				<visible>!skin.hastheme(classic)</visible>
            </control>
			<control type="image">
                <!--Panel-->
               <posx>626</posx>
                <posy>176</posy>
                <width>668</width>
                <height>800</height>
				<bordersize>10</bordersize>
                <texture>colors/color_white.png</texture>
				<animation effect="fade" end="70" time="0" condition="true">Conditional</animation>
				<colordiffuse>$VAR[panel_color]</colordiffuse>
				<visible>!skin.hastheme(classic)</visible>
            </control>
			
			
            <control type="image">
                <posx>660</posx>
                <posy>210</posy>
                <width>600</width>
                <height>661</height>
                <texture border="5">dialogs/default/inner.png</texture>
            </control>
            <!-- Header-->
            <control type="label" id="2">
                <description>Heading</description>
                <posx>660</posx>
                <posy>110</posy>
                <width>600</width>
                <include>DialogHeader</include>
                <align>center</align>
            </control>
            <control type="grouplist" id="5">
                <description>control area</description>
                <posx>660</posx>
                <posy>210</posy>
                <width>600</width>
                <height>660</height>
                <itemgap>0</itemgap>
                <onup>8000</onup>
                <ondown>8000</ondown>
                <onleft>8000</onleft>
                <onright>8000</onright>
            </control>
            <control type="button" id="7">
                <align>left</align>
                <include>DialogButton</include>
                <textoffsetx>20</textoffsetx>
                <texturefocus border="2">dialogs/default/highlight.png</texturefocus>
                <texturenofocus>dialogs/default/separator-btn.png</texturenofocus>
            </control>
            <control type="radiobutton" id="8">
                <align>left</align>
                <textwidth>484</textwidth>
                <radioposx>492</radioposx>
                <include>DialogButton</include>
                <textoffsetx>20</textoffsetx>
                <texturefocus border="2">dialogs/default/highlight.png</texturefocus>
                <texturenofocus>dialogs/default/separator-btn.png</texturenofocus>
            </control>
            <control type="spincontrolex" id="9">
                <align>left</align>
                <spinposx>10</spinposx>
                <include>DialogButton</include>
                <textoffsetx>20</textoffsetx>
                <texturefocus border="2">dialogs/default/highlight.png</texturefocus>
                <texturenofocus>dialogs/default/separator-btn.png</texturenofocus>
            </control>
            <control type="sliderex" id="10">
                <align>left</align>
                <include>DialogButton</include>
                <textoffsetx>20</textoffsetx>
                <sliderwidth>150</sliderwidth>
                <sliderheight>28</sliderheight>
                <texturefocus border="2">dialogs/default/highlight.png</texturefocus>
                <texturenofocus>dialogs/default/separator-btn.png</texturenofocus>
				<visible>!SubString(System.BuildVersion,14,left) + !SubString(System.BuildVersion,15,left)</visible>
            </control>
			<control type="sliderex" id="13">
                <align>left</align>
                <include>DialogButton</include>
                <textoffsetx>20</textoffsetx>
                <sliderwidth>150</sliderwidth>
                <sliderheight>28</sliderheight>
                <texturefocus border="2">dialogs/default/highlight.png</texturefocus>
                <texturenofocus>dialogs/default/separator-btn.png</texturenofocus>
				<visible>SubString(System.BuildVersion,14,left) | SubString(System.BuildVersion,15,left)</visible>
            </control>
            <control type="label" id="7">
                <align>left</align>
                <aligny>top</aligny>
                <include condition="!Skin.HasTheme(classic)">DialogLabelAlt</include>
                <include condition="Skin.HasTheme(classic)">DialogLabel</include>
            </control>
            <control type="image" id="11">
                <width>300</width>
                <height>1</height>
                <visible>false</visible>
            </control>
            <control type="edit" id="12">
                <height>60</height>
                <align>left</align>
                <aligny>center</aligny>
                <textoffsetx>20</textoffsetx>
                <include>DialogButton</include>
                <texturefocus border="2">dialogs/default/highlight.png</texturefocus>
                <texturenofocus>dialogs/default/separator-btn.png</texturenofocus>
            </control>
            <!--Button Group-->
            <control type="group" id="8000">
                <posx>650</posx>
                <posy>880</posy>
                <control type="button" id="28">
					<description>OK</description>
                    <label>186</label>
					<width>300</width>
                    <include>DialogButtonOK</include>
                    <onleft>29</onleft>
                    <onright>29</onright>
                    <onup>5</onup>
                    <ondown>5</ondown>
                </control>
                <control type="button" id="29">
					<description>Cancel</description>
                    <label>$LOCALIZE[222]</label>
                    <posx>314</posx>
					<width>300</width>
                    <include>DialogButtonCancel</include>
                    <onleft>28</onleft>
                    <onright>28</onright>
                    <onup>5</onup>
                    <ondown>5</ondown>
                </control>
            </control>
        </control>
    </controls>
</window>