<?xml version="1.0" encoding="utf-8"?>
<!--Titan-->
<window>
    <defaultcontrol always="true">10</defaultcontrol>
    <allowoverlay>yes</allowoverlay>
   <coordinates>
		<system>1</system>
		<left>0</left>
		<top>0</top>
	</coordinates>
	
    <!--Over File Browser-->
    <controls>
        <!--Dialog Overlay -->
        <include>DialogOverlayExtra</include>
		<include condition="Skin.HasSetting(EnableTouchSupport)">Footer</include>
		
        <!--Dialog Network Setup-->
        <control type="group">
            <include>animation_window_open_close</include>
            <visible>!Window.IsVisible(virtualkeyboard) + !Window.IsVisible(numericinput) + !Window.IsVisible(okdialog) + ![Window.IsVisible(filebrowser) + !IsEmpty(Window(Home).Property(ShowDialog))]</visible>
            
			<!--Panel-->
            <control type="image">
                <posx>445</posx>
                <posy>180</posy>
                <width>1030</width>
                <height>730</height>
                <texture border="39">dialogs/default/bg.png</texture>
                <visible>!Window.IsActive(musicosd) + !Window.IsActive(videoosd)</visible>
				<visible>skin.hastheme(classic)</visible>
            </control>
			<control type="image">
                <!--Panel-->
                <posx>445</posx>
                <posy>180</posy>
                <width>1030</width>
                <height>730</height>
                <texture>colors/color_white.png</texture>
				<animation effect="fade" end="70" time="0" condition="true">Conditional</animation>
				<colordiffuse>$VAR[panel_color]</colordiffuse>
				<visible>!skin.hastheme(classic)</visible>
				 <visible>!Window.IsActive(musicosd) + !Window.IsActive(videoosd)</visible>
            </control>
			<control type="image">
                <!--Panel-->
                <posx>445</posx>
                <posy>180</posy>
                <width>1030</width>
                <height>730</height>
				<bordersize>10</bordersize>
                <texture>colors/color_white.png</texture>
				<animation effect="fade" end="70" time="0" condition="true">Conditional</animation>
				<colordiffuse>$VAR[panel_color]</colordiffuse>
				<visible>!skin.hastheme(classic)</visible>
				<visible>!Window.IsActive(musicosd) + !Window.IsActive(videoosd)</visible>
            </control>

			
			
            <control type="label" id="2">
                <description>Heading</description>
                <posx>473</posx>
                <posy>200</posy>
                <width>974</width>
                <label>1007</label>
                <align>center</align>
                <include>DialogHeader</include>
            </control>
			
            <control type="group" id="9001">
                <posx>479</posx>
                <posy>347</posy>
                <control type="image">
                    <posx>0</posx>
                    <posy>0</posy>
                    <width>962</width>
                    <height>61</height>
                    <texture border="5">dialogs/default/inner.png</texture>
                </control>
                <control type="image">
                    <posx>0</posx>
                    <posy>74</posy>
                    <width>690</width>
                    <height>61</height>
                    <texture border="5">dialogs/default/inner.png</texture>
                </control>
                <control type="image">
                    <posx>704</posx>
                    <posy>74</posy>
                    <width>258</width>
                    <height>61</height>
                    <texture border="5">dialogs/default/inner.png</texture>
                </control>
                <control type="image">
                    <posx>0</posx>
                    <posy>148</posy>
                    <width>962</width>
                    <height>241</height>
                    <texture border="5">dialogs/default/inner.png</texture>
                </control>
                <control type="image">
                    <posx>0</posx>
                    <posy>149</posy>
                    <width>962</width>
                    <height>60</height>
                    <texture>dialogs/default/separator.png</texture>
                </control>
                <control type="image">
                    <posx>0</posx>
                    <posy>209</posy>
                    <width>962</width>
                    <height>60</height>
                    <texture>dialogs/default/separator.png</texture>
                </control>
                <control type="image">
                    <posx>0</posx>
                    <posy>269</posy>
                    <width>962</width>
                    <height>60</height>
                    <texture>dialogs/default/separator.png</texture>
                </control>
                <control type="spincontrolex" id="10">
                    <description>Protocol</description>
                    <posx>0</posx>
                    <posy>0</posy>
                    <width>962</width>
                    <label>1008</label>
                    <align>left</align>
                    <include>DialogButton</include>
                    <textureup>common/spinctrl/arrow-light-up-nf.png</textureup>
                    <texturedown>common/spinctrl/arrow-light-down-nf.png</texturedown>
                    <textureupfocus>common/spinctrl/arrow-light-up-fo.png</textureupfocus>
                    <texturedownfocus>common/spinctrl/arrow-light-down-fo.png</texturedownfocus>
                    <texturefocus border="2">dialogs/default/highlight.png</texturefocus>
                    <texturenofocus>-</texturenofocus>
                    <textoffsetx>20</textoffsetx>
                    <spinposx>5</spinposx>
                    <onup>9002</onup>
                    <ondown>9003</ondown>
                    <onleft>10</onleft>
                    <onright>10</onright>
                </control>
                <control type="group" id="9003">
                    <control type="button" id="11">
                        <description>Server Address</description>
                        <posx>0</posx>
                        <posy>74</posy>
                        <width>638</width>
                        <height>60</height>
                        <align>left</align>
                        <textoffsetx>20</textoffsetx>
                        <include>DialogButton</include>
                        <texturefocus border="2">dialogs/default/highlight.png</texturefocus>
                        <texturenofocus>-</texturenofocus>
                        <onup>10</onup>
                        <onleft>12</onleft>
                        <onright>12</onright>
                        <ondown>16</ondown>
						<visible>!SubString(System.BuildVersion,14,left) + !SubString(System.BuildVersion,15,left)</visible>
                    </control>
					<control type="edit" id="11">
                        <description>Server Address</description>
                        <posx>0</posx>
                        <posy>74</posy>
                        <width>638</width>
                        <height>60</height>
                        <align>left</align>
                        <textoffsetx>20</textoffsetx>
                        <include>DialogButton</include>
                        <texturefocus border="2">dialogs/default/highlight.png</texturefocus>
                        <texturenofocus>-</texturenofocus>
                        <onup>10</onup>
                        <onleft>12</onleft>
                        <onright>12</onright>
                        <ondown>16</ondown>
						<visible>SubString(System.BuildVersion,14,left) | SubString(System.BuildVersion,15,left)</visible>
                    </control>
                    <control type="button" id="12">
                        <description>Server Browse</description>
                        <posx>704</posx>
                        <posy>74</posy>
                        <width>258</width>
                        <height>60</height>
                        <align>left</align>
                        <textoffsetx>60</textoffsetx>
                        <include>DialogButton</include>
                        <texturefocus border="54,2,2,2">dialogs/mediasource/browse-fo.png</texturefocus>
                        <texturenofocus>dialogs/mediasource/browse-nf.png</texturenofocus>
                        <label>1024</label>
                        <onup>10</onup>
                        <onleft>11</onleft>
                        <onright>11</onright>
                        <ondown>16</ondown>
                        <animation effect="fade" start="100" end="50" time="0" condition="!Control.IsEnabled(12)" reversible="false">Conditional</animation>
                    </control>
                </control>
                <control type="button" id="16">
                    <description>Remote</description>
                    <posx>0</posx>
                    <posy>148</posy>
                    <width>910</width>
                    <height>60</height>
                    <align>left</align>
                    <textoffsetx>20</textoffsetx>
                    <include>DialogButton</include>
                    <texturefocus border="2">dialogs/default/highlight.png</texturefocus>
                    <texturenofocus>-</texturenofocus>
                    <onup>9003</onup>
                    <onleft>16</onleft>
                    <onright>16</onright>
                    <ondown>13</ondown>
					<visible>!SubString(System.BuildVersion,14,left) + !SubString(System.BuildVersion,15,left)</visible>
                </control>
				<control type="edit" id="16">
                    <description>Remote</description>
                    <posx>0</posx>
                    <posy>148</posy>
                    <width>910</width>
                    <height>60</height>
                    <align>left</align>
                    <textoffsetx>20</textoffsetx>
                    <include>DialogButton</include>
                    <texturefocus border="2">dialogs/default/highlight.png</texturefocus>
                    <texturenofocus>-</texturenofocus>
                    <onup>9003</onup>
                    <onleft>16</onleft>
                    <onright>16</onright>
                    <ondown>13</ondown>
					<visible>SubString(System.BuildVersion,14,left) | SubString(System.BuildVersion,15,left)</visible>
                </control>
                <control type="button" id="13">
                    <description>Port</description>
                    <posx>0</posx>
                    <posy>208</posy>
                    <width>910</width>
                    <height>60</height>
                    <align>left</align>
                    <textoffsetx>20</textoffsetx>
                    <include>DialogButton</include>
                    <texturefocus border="2">dialogs/default/highlight.png</texturefocus>
                    <texturenofocus>-</texturenofocus>
                    <label>1013</label>
                    <onup>16</onup>
                    <onleft>13</onleft>
                    <onright>13</onright>
                    <ondown>14</ondown>
					<visible>!SubString(System.BuildVersion,14,left) + !SubString(System.BuildVersion,15,left)</visible>
                </control>
				<control type="edit" id="13">
                    <description>Port</description>
                    <posx>0</posx>
                    <posy>208</posy>
                    <width>910</width>
                    <height>60</height>
                    <align>left</align>
                    <textoffsetx>20</textoffsetx>
                    <include>DialogButton</include>
                    <texturefocus border="2">dialogs/default/highlight.png</texturefocus>
                    <texturenofocus>-</texturenofocus>
                    <label>1013</label>
                    <onup>16</onup>
                    <onleft>13</onleft>
                    <onright>13</onright>
                    <ondown>14</ondown>
					<visible>SubString(System.BuildVersion,14,left) | SubString(System.BuildVersion,15,left)</visible>
                </control>
                <control type="button" id="14">
                    <description>Username</description>
                    <posx>0</posx>
                    <posy>268</posy>
                    <width>910</width>
                    <height>60</height>
                    <align>left</align>
                    <textoffsetx>20</textoffsetx>
                    <include>DialogButton</include>
                    <texturefocus border="2">dialogs/default/highlight.png</texturefocus>
                    <texturenofocus>-</texturenofocus>
                    <label>1014</label>
                    <onup>13</onup>
                    <onleft>14</onleft>
                    <onright>14</onright>
                    <ondown>15</ondown>
					<visible>!SubString(System.BuildVersion,14,left) + !SubString(System.BuildVersion,15,left)</visible>
                </control>
				<control type="edit" id="14">
                    <description>Username</description>
                    <posx>0</posx>
                    <posy>268</posy>
                    <width>910</width>
                    <height>60</height>
                    <align>left</align>
                    <textoffsetx>20</textoffsetx>
                    <include>DialogButton</include>
                    <texturefocus border="2">dialogs/default/highlight.png</texturefocus>
                    <texturenofocus>-</texturenofocus>
                    <label>1014</label>
                    <onup>13</onup>
                    <onleft>14</onleft>
                    <onright>14</onright>
                    <ondown>15</ondown>
					<visible>SubString(System.BuildVersion,14,left) | SubString(System.BuildVersion,15,left)</visible>
                </control>
                <control type="button" id="15">
                    <description>password</description>
                    <posx>0</posx>
                    <posy>328</posy>
                    <width>910</width>
                    <height>60</height>
                    <align>left</align>
                    <textoffsetx>20</textoffsetx>
                    <include>DialogButton</include>
                    <texturefocus border="2">dialogs/default/highlight.png</texturefocus>
                    <texturenofocus>-</texturenofocus>
                    <label>15052</label>
                    <onup>14</onup>
                    <onleft>15</onleft>
                    <onright>15</onright>
                    <ondown>18</ondown>
                    <animation effect="fade" start="100" end="50" time="0" condition="!Control.IsEnabled(11)" reversible="false">Conditional</animation>
					<visible>!SubString(System.BuildVersion,14,left) + !SubString(System.BuildVersion,15,left)</visible>
                </control>
				<control type="edit" id="15">
                    <description>password</description>
                    <posx>0</posx>
                    <posy>328</posy>
                    <width>910</width>
                    <height>60</height>
                    <align>left</align>
                    <textoffsetx>20</textoffsetx>
                    <include>DialogButton</include>
                    <texturefocus border="2">dialogs/default/highlight.png</texturefocus>
                    <texturenofocus>-</texturenofocus>
                    <label>15052</label>
                    <onup>14</onup>
                    <onleft>15</onleft>
                    <onright>15</onright>
                    <ondown>18</ondown>
                    <animation effect="fade" start="100" end="50" time="0" condition="!Control.IsEnabled(11)" reversible="false">Conditional</animation>
					<visible>SubString(System.BuildVersion,14,left) | SubString(System.BuildVersion,15,left)</visible>
                </control>
                <control type="image">
                    <posx>617</posx>
                    <posy>74</posy>
                    <width>74</width>
                    <height>60</height>
                    <texture>dialogs/mediasource/keyboard-nf.png</texture>
                    <visible>!Control.HasFocus(11)</visible>
                    <animation effect="fade" start="100" end="50" time="0" condition="!Control.IsEnabled(11)" reversible="false">Conditional</animation>
                </control>
                <control type="image">
                    <posx>888</posx>
                    <posy>148</posy>
                    <width>74</width>
                    <height>60</height>
                    <texture>dialogs/mediasource/keyboard-nf.png</texture>
                    <visible>!Control.HasFocus(16)</visible>
                    <animation effect="fade" start="100" end="50" time="0" condition="!Control.IsEnabled(16)" reversible="false">Conditional</animation>
                </control>
                <control type="image">
                    <posx>888</posx>
                    <posy>208</posy>
                    <width>74</width>
                    <height>60</height>
                    <texture>dialogs/mediasource/keyboard-nf.png</texture>
                    <visible>!Control.HasFocus(13)</visible>
                    <animation effect="fade" start="100" end="50" time="0" condition="!Control.IsEnabled(13)" reversible="false">Conditional</animation>
                </control>
                <control type="image">
                    <posx>888</posx>
                    <posy>268</posy>
                    <width>74</width>
                    <height>60</height>
                    <texture>dialogs/mediasource/keyboard-nf.png</texture>
                    <visible>!Control.HasFocus(14)</visible>
                    <animation effect="fade" start="100" end="50" time="0" condition="!Control.IsEnabled(14)" reversible="false">Conditional</animation>
                </control>
                <control type="image">
                    <posx>888</posx>
                    <posy>328</posy>
                    <width>74</width>
                    <height>60</height>
                    <texture>dialogs/mediasource/keyboard-nf.png</texture>
                    <visible>!Control.HasFocus(15)</visible>
                    <animation effect="fade" start="100" end="50" time="0" condition="!Control.IsEnabled(15)" reversible="false">Conditional</animation>
                </control>
                <control type="image">
                    <posx>888</posx>
                    <posy>148</posy>
                    <width>74</width>
                    <height>60</height>
                    <texture>dialogs/mediasource/keyboard-fo.png</texture>
                    <visible>Control.HasFocus(11) | Control.HasFocus(13) | Control.HasFocus(14) | Control.HasFocus(15) | Control.HasFocus(16)</visible>
                    <animation effect="slide" end="-271,-74" time="0" condition="Control.HasFocus(11)">Conditional</animation>
                    <animation effect="slide" end="0,60" time="0" condition="Control.HasFocus(13)">Conditional</animation>
                    <animation effect="slide" end="0,120" time="0" condition="Control.HasFocus(14)">Conditional</animation>
                    <animation effect="slide" end="0,180" time="0" condition="Control.HasFocus(15)">Conditional</animation>
                </control>
            </control>
			
			 <!--Buttons-->
            <control type="group" id="9002">
                <posx>470</posx>
                <posy>790</posy>
				<width>980</width>
				<height>100</height>
				<onup>450</onup>
				<itemgap>15</itemgap>
				<orientation>horizontal</orientation>
                <control type="button" id="18">
                    <description>OK</description>
                    <label>186</label>
					<onup>450</onup>
					<onright>19</onright>
                    <include>DialogButtonOK</include>
                    <pulseonselect>false</pulseonselect>
                    <animation effect="fade" start="100" end="75" time="0" condition="!Control.IsEnabled(18)">Conditional</animation>
                </control>
                <control type="button" id="19">
                    <right>0</right>
                    <description>Cancel</description>
					<onup>450</onup>
					<onleft>18</onleft>
                    <label>$LOCALIZE[222]</label>
                    <include>DialogButtonCancel</include>
                    <pulseonselect>false</pulseonselect>
                    <animation effect="fade" start="100" end="75" time="0" condition="!Control.IsEnabled(19)">Conditional</animation>
                </control>
            </control>
			
			

        </control>
    </controls>
</window>