<?xml version="1.0" encoding="utf-8"?>
<includes>
	
	<!--Overlay-->
    <include name="DialogOverlay">
        <!--Dialog Overlay default-->
        <control type="image">
			<visible>[Skin.HasSetting(BackgroundOverlayMediaViewOnly) + SubString(Window.Property(xmlfile),My,left)] | [Skin.HasSetting(BackgroundOverlayHomeOnly) + SubString(Window.Property(xmlfile),Home,left)] | [!Skin.HasSetting(BackgroundOverlayMediaViewOnly) + !Skin.HasSetting(BackgroundOverlayHomeOnly)]</visible>
			<include>DimensionsFullscreen</include>
			<texture>bgoverlay_default.png</texture>
			<colordiffuse>FF4d86a6</colordiffuse>
			<visible>Skin.String(ColorTheme, Default)</visible>
			<visible>!Control.IsVisible(507)</visible>
		</control>
		<!--Dialog Overlay other-->
		<control type="image">
			<visible>[Skin.HasSetting(BackgroundOverlayMediaViewOnly) + SubString(Window.Property(xmlfile),My,left)] | [Skin.HasSetting(BackgroundOverlayHomeOnly) + SubString(Window.Property(xmlfile),Home,left)] | [!Skin.HasSetting(BackgroundOverlayMediaViewOnly) + !Skin.HasSetting(BackgroundOverlayHomeOnly)]</visible>
            <include>DimensionsFullscreen</include>
            <texture>$VAR[ColorOverlay]</texture>
			<visible>!Skin.String(ColorTheme, Default)</visible>
			<visible>!Control.IsVisible(507)</visible>
        </control>
    </include>
	
	<variable name="panel_color">
		<value condition="Skin.String(PanelColor)">$INFO[Skin.String(PanelColor)]</value>
		<value>darkblue</value>
   </variable>
	
	<variable name="ColorOverlay">
		<value condition="!Skin.String(ColorTheme, none) + !Skin.String(ColorTheme, custom)">$INFO[Skin.String(ColorTheme),special://skin/extras/bgoverlays/,.png]</value>
		<value condition="Skin.String(ColorTheme, custom)">$INFO[Skin.String(CustomColorTheme)]</value>
   </variable>
	
	<include name="DialogOverlayExtra">
		<control type="image">
			<include>DimensionsFullscreen</include>
			<texture>bgoverlay_default.png</texture>
			<colordiffuse>FF4d86a6</colordiffuse>
			<visible>Skin.String(ColorTheme, none) | Skin.String(ColorTheme, Default)</visible>
		</control>
		<control type="image">
			<include>DimensionsFullscreen</include>
			<texture>$VAR[ColorOverlay]</texture>
			<visible>![Skin.String(ColorTheme, none) | Skin.String(ColorTheme, Default)]</visible>
		</control>
    </include>
	
	<!--Home Background -->
	<include name="HomeBackground">

        <control type="multiimage">
            <posx>0</posx>
            <posy>0</posy>
            <width>1920</width>
            <height>1080</height>
            <imagepath background="true">$VAR[homeBackground]</imagepath>
            <aspectratio>stretch</aspectratio>
            <timeperimage>8000</timeperimage>
            <fadetime>250</fadetime>
            <randomize>true</randomize>
			<animation effect="zoom" start="110" end="130" center="auto" time="10000" tween="cubic" easing="inout" pulse="true" condition="Skin.HasSetting(BackgroundAnimation)">Conditional</animation>
			<animation effect="slide" start="-10,-10" end="10,10" time="5000" tween="cubic" easing="inout" pulse="true" condition="Skin.HasSetting(BackgroundAnimation)">Conditional</animation>
        </control>
	
		<include>DialogOverlay</include>
	</include>
	
	
	<!--Global Background - all other windows except home-->
    <include name="GlobalBackground">
			
		<!-- multi image background -->
        <control type="multiimage">
            <posx>0</posx>
            <posy>0</posy>
            <width>1920</width>
            <height>1080</height>
            <imagepath background="true">$VAR[globalBackground]</imagepath>
            <aspectratio>stretch</aspectratio>
            <timeperimage>8000</timeperimage>
            <fadetime>250</fadetime>
            <randomize>true</randomize>
			<animation effect="zoom" start="110" end="130" center="auto" time="10000" tween="cubic" easing="inout" pulse="true" condition="Skin.HasSetting(BackgroundAnimation)">Conditional</animation>
			<animation effect="slide" start="-10,-10" end="10,10" time="5000" tween="cubic" easing="inout" pulse="true" condition="Skin.HasSetting(BackgroundAnimation)">Conditional</animation>
        </control>

		<include>DialogOverlay</include>
		
    </include>
	
   
   <variable name="globalBackground">
   
		<!--nextaired script backgrounds -->
		<value condition="Control.IsVisible(200) + !IsEmpty(Container(200).ListItem.Property(Fanart))">$INFO[Container(200).ListItem.Property(Fanart)]</value>
		<value condition="Control.IsVisible(201) + !IsEmpty(Container(201).ListItem.Property(Fanart))">$INFO[Container(201).ListItem.Property(Fanart)]</value>
		<value condition="Control.IsVisible(202) + !IsEmpty(Container(202).ListItem.Property(Fanart))">$INFO[Container(202).ListItem.Property(Fanart)]</value>
   		<value condition="Control.IsVisible(203) + !IsEmpty(Container(203).ListItem.Property(Fanart))">$INFO[Container(203).ListItem.Property(Fanart)]</value>
   		<value condition="Control.IsVisible(204) + !IsEmpty(Container(204).ListItem.Property(Fanart))">$INFO[Container(204).ListItem.Property(Fanart)]</value>
   		<value condition="Control.IsVisible(205) + !IsEmpty(Container(205).ListItem.Property(Fanart))">$INFO[Container(205).ListItem.Property(Fanart)]</value>
   		<value condition="Control.IsVisible(206) + !IsEmpty(Container(206).ListItem.Property(Fanart))">$INFO[Container(206).ListItem.Property(Fanart)]</value>
		<value condition="Control.IsVisible(207) + !IsEmpty(Container(207).ListItem.Property(Fanart))">$INFO[Container(207).ListItem.Property(Fanart)]</value>
   		<value condition="Control.IsVisible(208) + !IsEmpty(Container(208).ListItem.Property(Fanart))">$INFO[Container(208).ListItem.Property(Fanart)]</value>
   		<value condition="Control.IsVisible(209) + !IsEmpty(Container(209).ListItem.Property(Fanart))">$INFO[Container(209).ListItem.Property(Fanart)]</value>
		<value condition="Control.IsVisible(210) + !IsEmpty(Container(210).ListItem.Property(Fanart))">$INFO[Container(210).ListItem.Property(Fanart)]</value>
		<value condition="Control.IsVisible(211) + !IsEmpty(Container(211).ListItem.Property(Fanart))">$INFO[Container(211).ListItem.Property(Fanart)]</value>
   		<value condition="Control.IsVisible(212) + !IsEmpty(Container(212).ListItem.Property(Fanart))">$INFO[Container(212).ListItem.Property(Fanart)]</value>
   		<value condition="Control.IsVisible(213) + !IsEmpty(Container(213).ListItem.Property(Fanart))">$INFO[Container(213).ListItem.Property(Fanart)]</value>
		<value condition="Control.IsVisible(214) + !IsEmpty(Container(214).ListItem.Property(Fanart))">$INFO[Container(214).ListItem.Property(Fanart)]</value>
		<value condition="Control.IsVisible(215) + !IsEmpty(Container(215).ListItem.Property(Fanart))">$INFO[Container(215).ListItem.Property(Fanart)]</value>
		
		<!-- disabled fanart per view -->
		<value condition="Control.IsVisible(50) + Skin.HasSetting(View50_DisableFanArt)">$INFO[Skin.String(SectionBackground)]</value>
		<value condition="Control.IsVisible(51) + Skin.HasSetting(View51_DisableFanArt)">$INFO[Skin.String(SectionBackground)]</value>
		<value condition="Control.IsVisible(52) + Skin.HasSetting(View52_DisableFanArt)">$INFO[Skin.String(SectionBackground)]</value>
		<value condition="Control.IsVisible(53) + Skin.HasSetting(View53_DisableFanArt)">$INFO[Skin.String(SectionBackground)]</value>
		<value condition="Control.IsVisible(54) + Skin.HasSetting(View54_DisableFanArt)">$INFO[Skin.String(SectionBackground)]</value>
		<value condition="Control.IsVisible(55) + Skin.HasSetting(View55_DisableFanArt)">$INFO[Skin.String(SectionBackground)]</value>
		<value condition="Control.IsVisible(56) + Skin.HasSetting(View56_DisableFanArt)">$INFO[Skin.String(SectionBackground)]</value>
		<value condition="Control.IsVisible(57) + Skin.HasSetting(View57_DisableFanArt)">$INFO[Skin.String(SectionBackground)]</value>
		<value condition="Control.IsVisible(58) + Skin.HasSetting(View58_DisableFanArt)">$INFO[Skin.String(SectionBackground)]</value>
		<value condition="Control.IsVisible(59) + Skin.HasSetting(View59_DisableFanArt)">$INFO[Skin.String(SectionBackground)]</value>
		<value condition="Control.IsVisible(500) + Skin.HasSetting(View500_DisableFanArt)">$INFO[Skin.String(SectionBackground)]</value>
		<value condition="Control.IsVisible(502) + Skin.HasSetting(View502_DisableFanArt)">$INFO[Skin.String(SectionBackground)]</value>
		<value condition="Control.IsVisible(505) + Skin.HasSetting(View505_DisableFanArt)">$INFO[Skin.String(SectionBackground)]</value>
		<value condition="Control.IsVisible(506) + Skin.HasSetting(View506_DisableFanArt)">$INFO[Skin.String(SectionBackground)]</value>
		<value condition="Control.IsVisible(507) + Skin.HasSetting(View507_DisableFanArt)">$INFO[Skin.String(SectionBackground)]</value>
		<value condition="Control.IsVisible(508) + Skin.HasSetting(View508_DisableFanArt)">$INFO[Skin.String(SectionBackground)]</value>
		<value condition="Control.IsVisible(509) + Skin.HasSetting(View509_DisableFanArt)">$INFO[Skin.String(SectionBackground)]</value>
		<value condition="Control.IsVisible(510) + Skin.HasSetting(View510_DisableFanArt)">$INFO[Skin.String(SectionBackground)]</value>
		<value condition="Control.IsVisible(511) + Skin.HasSetting(View511_DisableFanArt)">$INFO[Skin.String(SectionBackground)]</value>
		<value condition="Control.IsVisible(512) + Skin.HasSetting(View512_DisableFanArt)">$INFO[Skin.String(SectionBackground)]</value>
		<value condition="Control.IsVisible(513) + Skin.HasSetting(View513_DisableFanArt)">$INFO[Skin.String(SectionBackground)]</value>
		<value condition="Control.IsVisible(514) + Skin.HasSetting(View514_DisableFanArt)">$INFO[Skin.String(SectionBackground)]</value>
		<value condition="Control.IsVisible(515) + Skin.HasSetting(View515_DisableFanArt)">$INFO[Skin.String(SectionBackground)]</value>
		
		
		<!-- fanart backgrounds -->
		<value condition="Skin.HasSetting(ShowFanartBackground) + Window.IsActive(MyWeather.xml)">$VAR[WeatherFanArtPath]$INFO[Weather.FanartCode]</value>
		<value condition="Skin.HasSetting(ShowFanartBackground) + !IsEmpty(Window(Home).Property(MB3.Background.Item.FanArt)) + Skin.HasSetting(EnableExtraFanart)">$INFO[Window(Home).Property(MB3.Background.Item.FanArt)]</value>
		<value condition="Skin.HasSetting(ShowFanartBackground) + !IsEmpty(ListItem.PicturePath)">$INFO[ListItem.PicturePath]</value>
		<value condition="[window.isactive(mymusicnav.xml) | window.isactive(myvideonav.xml) | window.isactive(mymusicsongs.xml)] + Skin.HasSetting(ShowFanartBackground)  + Skin.HasSetting(EnableExtraFanart) + !IsEmpty(listitem.art(fanart)) + !Container.Content(episodes) + !SubString(Container.FolderPath,plugin) + !SubString(Container.FolderPath,sources) + !SubString(Container.FolderPath,upnp) + !ListItem.IsFolder + !SubString(ListItem.Path,theme) + !SubString(ListItem.Path,intro)">$INFO[ListItem.Path,,extrafanart/]</value>
		<value condition="[window.isactive(mymusicnav.xml) | window.isactive(myvideonav.xml) | window.isactive(mymusicsongs.xml)] + Skin.HasSetting(ShowFanartBackground)  + Skin.HasSetting(EnableExtraFanart) + !IsEmpty(listitem.art(fanart)) + Container.Content(episodes) + !SubString(Container.FolderPath,plugin) + !SubString(Container.FolderPath,sources) + !SubString(Container.FolderPath,upnp) + !ListItem.IsFolder + !SubString(ListItem.Path,theme) + !SubString(ListItem.Path,intro)">$INFO[ListItem.Path,,../extrafanart/]</value>
		<value condition="[window.isactive(mymusicnav.xml) | window.isactive(myvideonav.xml) | window.isactive(mymusicsongs.xml)] + Skin.HasSetting(ShowFanartBackground)  + Skin.HasSetting(EnableExtraFanart) + !IsEmpty(listitem.art(fanart)) + !SubString(Container.FolderPath,plugin)">$INFO[ListItem.Path,,extrafanart/]</value>
		<value condition="Skin.HasSetting(ShowFanartBackground) + !IsEmpty(ListItem.Art(fanart))">$INFO[ListItem.Art(fanart)]</value>
		<!-- section background -->
		<value condition="Skin.HasSetting(UseSectionBackground) + Skin.String(SectionBackground)">$INFO[Skin.String(SectionBackground)]</value>
		<!-- global background custom-->
		<value condition="!Skin.String(CustomBackgroundSetting, default) + !Skin.String(CustomBackgroundSetting, blue) + !Skin.String(CustomBackgroundSetting, weather) + !Skin.String(CustomBackgroundSetting, fanart) + !IsEmpty(Skin.String(CustomBackgroundSetting))">$INFO[Skin.String(CustomBackgroundSetting)]</value>
		<!-- global fanart background -->
		<value condition="Skin.String(CustomBackgroundSetting, fanart)">$VAR[globalFanartBackground]</value>
		<!-- default backgrounds -->
		<value condition="skin.hastheme(classic)">special://skin/extras/backgrounds/global.jpg</value>
		<value>special://skin/extras/backgrounds/global_blue.jpg</value>
   </variable>
   
   
   <variable name="globalFanartBackground">
		<value condition="Skin.HasSetting(HomeMenuUseMBforMovies) + !IsEmpty(Window(Home).Property(MB3.Background.Global.FanArt))">$INFO[Window(Home).Property(MB3.Background.Global.FanArt)]</value>
		<value condition="Skin.HasSetting(HomeMenuUsePlexforMovies) + !IsEmpty(Window(Home).Property(plexfanartbg))">$INFO[Window(Home).Property(plexfanartbg)]</value>
		<value condition="!IsEmpty(Window(Home).Property(script.grab.fanart.Global.FanArt))">$INFO[Window(Home).Property(script.grab.fanart.Global.FanArt)]</value>
   </variable>
   
   <variable name="defaultMoviesBackground">
		<value condition="Skin.HasSetting(HomeMenuUseMBforMovies) + !IsEmpty(Window(Home).Property(MB3.Background.Movie.FanArt))">$INFO[Window(Home).Property(MB3.Background.Movie.FanArt)]</value>
		<value condition="!IsEmpty(Window(Home).Property(script.grab.fanart.Movie.FanArt))">$INFO[Window(Home).Property(script.grab.fanart.Movie.FanArt)]</value>
		<value>special://skin/extras/backgrounds/hover_moving pictures.jpg</value>
   </variable>
   
   <variable name="defaultTvShowsBackground">
   		<value condition="Skin.HasSetting(HomeMenuUseMBforTVseries) + !IsEmpty(Window(Home).Property(MB3.Background.TV.FanArt))">$INFO[Window(Home).Property(MB3.Background.TV.FanArt)]</value>
		<value condition="!IsEmpty(Window(Home).Property(script.grab.fanart.TV.FanArt))">$INFO[Window(Home).Property(script.grab.fanart.TV.FanArt)]</value>
		<value>special://skin/extras/backgrounds/hover_my tv series.jpg</value>
   </variable>
   
    <variable name="musicVideoFanartBackground">
		<value condition="Skin.HasSetting(HomeMenuUseMBforMusicVideos) + !IsEmpty(Window(Home).Property(MB3.Background.MusicVideos.FanArt))">$INFO[Window(Home).Property(MB3.Background.MusicVideos.FanArt)]</value>
		<value condition="!Skin.HasSetting(HomeMenuUseMBforMusicVideos) + !IsEmpty(Window(Home).Property(RandomMusicVideo.2.Fanart))">$INFO[Window(Home).Property(RandomMusicVideo.2.Fanart)]</value>
		<value condition="!Skin.HasSetting(HomeMenuUseMBforMusicVideos) + !IsEmpty(Window(Home).Property(RandomMusicVideo.3.Fanart))">$INFO[Window(Home).Property(RandomMusicVideo.3.Fanart)]</value>
		<value condition="!Skin.HasSetting(HomeMenuUseMBforMusicVideos) + !IsEmpty(Window(Home).Property(RandomMusicVideo.4.Fanart))">$INFO[Window(Home).Property(RandomMusicVideo.4.Fanart)]</value>
		<value>special://skin/extras/backgrounds/hover_my music.jpg</value>
	</variable>
			
	<variable name="defaultMusicBackground">
		<value condition="Skin.HasSetting(HomeMenuUseMBforMusic) + !IsEmpty(Window(Home).Property(MB3.Background.Music.FanArt))">$INFO[Window(Home).Property(MB3.Background.Music.FanArt)]</value>
		<value condition="!IsEmpty(Window(Home).Property(script.grab.fanart.Music.FanArt))">$INFO[Window(Home).Property(script.grab.fanart.Music.FanArt)]</value>
		<value>special://skin/extras/backgrounds/hover_my radio.jpg</value>
	</variable>
	
	<variable name="addonsFanartBackground">
		<value condition="!IsEmpty(Window(Home).Property(RandomAddon.1.Fanart))">$INFO[Window(Home).Property(RandomAddon.1.Fanart)]</value>
		<value condition="!IsEmpty(Window(Home).Property(RandomAddon.2.Fanart))">$INFO[Window(Home).Property(RandomAddon.2.Fanart)]</value>
		<value condition="!IsEmpty(Window(Home).Property(RandomAddon.3.Fanart))">$INFO[Window(Home).Property(RandomAddon.3.Fanart)]</value>
		<value condition="!IsEmpty(Window(Home).Property(RandomAddon.4.Fanart))">$INFO[Window(Home).Property(RandomAddon.4.Fanart)]</value>
		<value condition="!IsEmpty(Window(Home).Property(RandomAddon.5.Fanart))">$INFO[Window(Home).Property(RandomAddon.5.Fanart)]</value>
		<value condition="!IsEmpty(Window(Home).Property(RandomAddon.6.Fanart))">$INFO[Window(Home).Property(RandomAddon.6.Fanart)]</value>
		<value condition="!IsEmpty(Window(Home).Property(RandomAddon.7.Fanart))">$INFO[Window(Home).Property(RandomAddon.7.Fanart)]</value>
		<value condition="!IsEmpty(Window(Home).Property(RandomAddon.8.Fanart))">$INFO[Window(Home).Property(RandomAddon.8.Fanart)]</value>
		<value condition="!IsEmpty(Window(Home).Property(RandomAddon.9.Fanart))">$INFO[Window(Home).Property(RandomAddon.9.Fanart)]</value>
		<value condition="!IsEmpty(Window(Home).Property(RandomAddon.10.Fanart))">$INFO[Window(Home).Property(RandomAddon.10.Fanart)]</value>
		<value condition="!IsEmpty(Window(Home).Property(RandomAddon.11.Fanart))">$INFO[Window(Home).Property(RandomAddon.11.Fanart)]</value>
		<value condition="!IsEmpty(Window(Home).Property(RandomAddon.12.Fanart))">$INFO[Window(Home).Property(RandomAddon.12.Fanart)]</value>
		<value condition="!IsEmpty(Window(Home).Property(RandomAddon.13.Fanart))">$INFO[Window(Home).Property(RandomAddon.13.Fanart)]</value>
		<value condition="!IsEmpty(Window(Home).Property(RandomAddon.14.Fanart))">$INFO[Window(Home).Property(RandomAddon.14.Fanart)]</value>
		<value condition="!IsEmpty(Window(Home).Property(RandomAddon.15.Fanart))">$INFO[Window(Home).Property(RandomAddon.15.Fanart)]</value>
		<value condition="!IsEmpty(Window(Home).Property(RandomAddon.16.Fanart))">$INFO[Window(Home).Property(RandomAddon.16.Fanart)]</value>
		<value>special://skin/extras/backgrounds/hover_extensions.jpg</value>
	</variable>
	

   <variable name="homeBackground">
		
		<!--widgets -->
		<value condition="Control.HasFocus(510) + Skin.HasSetting(ShowFanartBackground) + !IsEmpty(Container(510).ListItem.Art(fanart))">$INFO[Container(510).ListItem.Art(fanart)]</value>
		<value condition="Control.HasFocus(510) + Skin.HasSetting(ShowFanartBackground) + !IsEmpty(Container(510).ListItem.Property(fanart))">$INFO[Container(510).ListItem.Property(fanart)]</value>
		
		<!-- live tv -->
		<value condition="StringCompare(Container(300).ListItem.Property(defaultID),livetv) + [StringCompare(Container(300).ListItem.Property(Background),default) | IsEmpty(Container(300).ListItem.Property(Background))]">special://skin/extras/backgrounds/hover_my tv.jpg</value>
		<!-- movies -->
		<value condition="StringCompare(Container(300).ListItem.Property(defaultID),movies) + [StringCompare(Container(300).ListItem.Property(Background),default) | IsEmpty(Container(300).ListItem.Property(Background)) | StringCompare(Container(300).ListItem.Property(Background),fanart)]">$VAR[defaultMoviesBackground]</value>
		<value condition="StringCompare(Container(300).ListItem.Property(defaultID),$LOCALIZE[135]) + [StringCompare(Container(300).ListItem.Property(Background),default) | IsEmpty(Container(300).ListItem.Property(Background)) | StringCompare(Container(300).ListItem.Property(Background),fanart)]">$VAR[defaultMoviesBackground]</value>
		<value condition="StringCompare(Container(300).ListItem.Property(defaultID),$LOCALIZE[31050]) + [StringCompare(Container(300).ListItem.Property(Background),default) | IsEmpty(Container(300).ListItem.Property(Background)) | StringCompare(Container(300).ListItem.Property(Background),fanart)]">$VAR[defaultMoviesBackground]</value>
		<!-- tv shows -->
		<value condition="StringCompare(Container(300).ListItem.Property(defaultID),tvshows) + [StringCompare(Container(300).ListItem.Property(Background),default) | IsEmpty(Container(300).ListItem.Property(Background)) | StringCompare(Container(300).ListItem.Property(Background),fanart)]">$VAR[defaultTvShowsBackground]</value>
		<value condition="StringCompare(Container(300).ListItem.Property(defaultID),$LOCALIZE[31051]) + [StringCompare(Container(300).ListItem.Property(Background),default) | IsEmpty(Container(300).ListItem.Property(Background)) | StringCompare(Container(300).ListItem.Property(Background),fanart)]">$VAR[defaultTvShowsBackground]</value>
		
		<!-- music -->
		<value condition="StringCompare(Container(300).ListItem.Property(defaultID),music) + [StringCompare(Container(300).ListItem.Property(Background),default) | IsEmpty(Container(300).ListItem.Property(Background)) | StringCompare(Container(300).ListItem.Property(Background),fanart)]">$VAR[defaultMusicBackground]</value>
		<!-- radio -->
		<value condition="StringCompare(Container(300).ListItem.Property(defaultID),radio) + [StringCompare(Container(300).ListItem.Property(Background),default) | IsEmpty(Container(300).ListItem.Property(Background)) | StringCompare(Container(300).ListItem.Property(Background),fanart)]">$VAR[defaultMusicBackground]</value>
		<!-- musicvideos -->
		<value condition="StringCompare(Container(300).ListItem.Property(defaultID),musicvideos) + [StringCompare(Container(300).ListItem.Property(Background),default) | IsEmpty(Container(300).ListItem.Property(Background)) | StringCompare(Container(300).ListItem.Property(Background),fanart)]">$VAR[musicVideoFanartBackground]</value>
		<!-- weather -->
		<value condition="StringCompare(Container(300).ListItem.Property(defaultID),weather) + [StringCompare(Container(300).ListItem.Property(Background),default) | IsEmpty(Container(300).ListItem.Property(Background)) | StringCompare(Container(300).ListItem.Property(Background),fanart)]">$VAR[WeatherFanArtPath]$INFO[Weather.FanartCode]/weather.jpg</value>
		<!--MB3 collections-->
		<value condition="StringCompare(Container(300).ListItem.Property(defaultID),info-window-home-property-MediaBrowser-usr-0-title) + [StringCompare(Container(300).ListItem.Property(Background),default) | IsEmpty(Container(300).ListItem.Property(Background)) | StringCompare(Container(300).ListItem.Property(Background),fanart)]">$INFO[Window(Home).Property(MediaBrowser.usr.0.background)]</value>
		<value condition="StringCompare(Container(300).ListItem.Property(defaultID),info-window-home-property-MediaBrowser-usr-1-title) + [StringCompare(Container(300).ListItem.Property(Background),default) | IsEmpty(Container(300).ListItem.Property(Background)) | StringCompare(Container(300).ListItem.Property(Background),fanart)]">$INFO[Window(Home).Property(MediaBrowser.usr.1.background)]</value>
		<value condition="StringCompare(Container(300).ListItem.Property(defaultID),info-window-home-property-MediaBrowser-usr-2-title) + [StringCompare(Container(300).ListItem.Property(Background),default) | IsEmpty(Container(300).ListItem.Property(Background)) | StringCompare(Container(300).ListItem.Property(Background),fanart)]">$INFO[Window(Home).Property(MediaBrowser.usr.2.background)]</value>
		<value condition="StringCompare(Container(300).ListItem.Property(defaultID),info-window-home-property-MediaBrowser-usr-3-title) + [StringCompare(Container(300).ListItem.Property(Background),default) | IsEmpty(Container(300).ListItem.Property(Background)) | StringCompare(Container(300).ListItem.Property(Background),fanart)]">$INFO[Window(Home).Property(MediaBrowser.usr.3.background)]</value>
		<value condition="StringCompare(Container(300).ListItem.Property(defaultID),info-window-home-property-MediaBrowser-usr-4-title) + [StringCompare(Container(300).ListItem.Property(Background),default) | IsEmpty(Container(300).ListItem.Property(Background)) | StringCompare(Container(300).ListItem.Property(Background),fanart)]">$INFO[Window(Home).Property(MediaBrowser.usr.4.background)]</value>
		<value condition="StringCompare(Container(300).ListItem.Property(defaultID),info-window-home-property-MediaBrowser-usr-5-title) + [StringCompare(Container(300).ListItem.Property(Background),default) | IsEmpty(Container(300).ListItem.Property(Background)) | StringCompare(Container(300).ListItem.Property(Background),fanart)]">$INFO[Window(Home).Property(MediaBrowser.usr.5.background)]</value>
		<value condition="StringCompare(Container(300).ListItem.Property(defaultID),info-window-home-property-MediaBrowser-usr-6-title) + [StringCompare(Container(300).ListItem.Property(Background),default) | IsEmpty(Container(300).ListItem.Property(Background)) | StringCompare(Container(300).ListItem.Property(Background),fanart)]">$INFO[Window(Home).Property(MediaBrowser.usr.6.background)]</value>
		<value condition="StringCompare(Container(300).ListItem.Property(defaultID),info-window-home-property-MediaBrowser-usr-7-title) + [StringCompare(Container(300).ListItem.Property(Background),default) | IsEmpty(Container(300).ListItem.Property(Background)) | StringCompare(Container(300).ListItem.Property(Background),fanart)]">$INFO[Window(Home).Property(MediaBrowser.usr.7.background)]</value>
		<value condition="StringCompare(Container(300).ListItem.Property(defaultID),info-window-home-property-MediaBrowser-usr-8-title) + [StringCompare(Container(300).ListItem.Property(Background),default) | IsEmpty(Container(300).ListItem.Property(Background)) | StringCompare(Container(300).ListItem.Property(Background),fanart)]">$INFO[Window(Home).Property(MediaBrowser.usr.8.background)]</value>
		<value condition="StringCompare(Container(300).ListItem.Property(defaultID),info-window-home-property-MediaBrowser-usr-9-title) + [StringCompare(Container(300).ListItem.Property(Background),default) | IsEmpty(Container(300).ListItem.Property(Background)) | StringCompare(Container(300).ListItem.Property(Background),fanart)]">$INFO[Window(Home).Property(MediaBrowser.usr.9.background)]</value>
		<value condition="StringCompare(Container(300).ListItem.Property(defaultID),info-window-home-property-MediaBrowser-usr-10-title) + [StringCompare(Container(300).ListItem.Property(Background),default) | IsEmpty(Container(300).ListItem.Property(Background)) | StringCompare(Container(300).ListItem.Property(Background),fanart)]">$INFO[Window(Home).Property(MediaBrowser.usr.10.background)]</value>
		<value condition="StringCompare(Container(300).ListItem.Property(defaultID),info-window-home-property-MediaBrowser-usr-11-title) + [StringCompare(Container(300).ListItem.Property(Background),default) | IsEmpty(Container(300).ListItem.Property(Background)) | StringCompare(Container(300).ListItem.Property(Background),fanart)]">$INFO[Window(Home).Property(MediaBrowser.usr.11.background)]</value>
		<value condition="StringCompare(Container(300).ListItem.Property(defaultID),info-window-home-property-MediaBrowser-usr-12-title) + [StringCompare(Container(300).ListItem.Property(Background),default) | IsEmpty(Container(300).ListItem.Property(Background)) | StringCompare(Container(300).ListItem.Property(Background),fanart)]">$INFO[Window(Home).Property(MediaBrowser.usr.12.background)]</value>
		<value condition="StringCompare(Container(300).ListItem.Property(defaultID),info-window-home-property-MediaBrowser-usr-13-title) + [StringCompare(Container(300).ListItem.Property(Background),default) | IsEmpty(Container(300).ListItem.Property(Background)) | StringCompare(Container(300).ListItem.Property(Background),fanart)]">$INFO[Window(Home).Property(MediaBrowser.usr.13.background)]</value>
		<value condition="StringCompare(Container(300).ListItem.Property(defaultID),info-window-home-property-MediaBrowser-usr-14-title) + [StringCompare(Container(300).ListItem.Property(Background),default) | IsEmpty(Container(300).ListItem.Property(Background)) | StringCompare(Container(300).ListItem.Property(Background),fanart)]">$INFO[Window(Home).Property(MediaBrowser.usr.14.background)]</value>
		<!--Plex collections-->
		<value condition="StringCompare(Container(300).ListItem.Property(defaultID),info-window-home-property-plexbmc-0-title) + [StringCompare(Container(300).ListItem.Property(Background),default) | IsEmpty(Container(300).ListItem.Property(Background)) | StringCompare(Container(300).ListItem.Property(Background),fanart)]">$INFO[Window(Home).Property(plexbmc.0.background)]</value>
		<value condition="StringCompare(Container(300).ListItem.Property(defaultID),info-window-home-property-plexbmc-1-title) + [StringCompare(Container(300).ListItem.Property(Background),default) | IsEmpty(Container(300).ListItem.Property(Background)) | StringCompare(Container(300).ListItem.Property(Background),fanart)]">$INFO[Window(Home).Property(plexbmc.1.background)]</value>
		<value condition="StringCompare(Container(300).ListItem.Property(defaultID),info-window-home-property-plexbmc-2-title) + [StringCompare(Container(300).ListItem.Property(Background),default) | IsEmpty(Container(300).ListItem.Property(Background)) | StringCompare(Container(300).ListItem.Property(Background),fanart)]">$INFO[Window(Home).Property(plexbmc.2.background)]</value>
		<value condition="StringCompare(Container(300).ListItem.Property(defaultID),info-window-home-property-plexbmc-3-title) + [StringCompare(Container(300).ListItem.Property(Background),default) | IsEmpty(Container(300).ListItem.Property(Background)) | StringCompare(Container(300).ListItem.Property(Background),fanart)]">$INFO[Window(Home).Property(plexbmc.3.background)]</value>
		<value condition="StringCompare(Container(300).ListItem.Property(defaultID),info-window-home-property-plexbmc-4-title) + [StringCompare(Container(300).ListItem.Property(Background),default) | IsEmpty(Container(300).ListItem.Property(Background)) | StringCompare(Container(300).ListItem.Property(Background),fanart)]">$INFO[Window(Home).Property(plexbmc.4.background)]</value>
		<value condition="StringCompare(Container(300).ListItem.Property(defaultID),info-window-home-property-plexbmc-5-title) + [StringCompare(Container(300).ListItem.Property(Background),default) | IsEmpty(Container(300).ListItem.Property(Background)) | StringCompare(Container(300).ListItem.Property(Background),fanart)]">$INFO[Window(Home).Property(plexbmc.5.background)]</value>
		<value condition="StringCompare(Container(300).ListItem.Property(defaultID),info-window-home-property-plexbmc-6-title) + [StringCompare(Container(300).ListItem.Property(Background),default) | IsEmpty(Container(300).ListItem.Property(Background)) | StringCompare(Container(300).ListItem.Property(Background),fanart)]">$INFO[Window(Home).Property(plexbmc.6.background)]</value>
		<value condition="StringCompare(Container(300).ListItem.Property(defaultID),info-window-home-property-plexbmc-7-title) + [StringCompare(Container(300).ListItem.Property(Background),default) | IsEmpty(Container(300).ListItem.Property(Background)) | StringCompare(Container(300).ListItem.Property(Background),fanart)]">$INFO[Window(Home).Property(plexbmc.7.background)]</value>
		<value condition="StringCompare(Container(300).ListItem.Property(defaultID),info-window-home-property-plexbmc-8-title) + [StringCompare(Container(300).ListItem.Property(Background),default) | IsEmpty(Container(300).ListItem.Property(Background)) | StringCompare(Container(300).ListItem.Property(Background),fanart)]">$INFO[Window(Home).Property(plexbmc.8.background)]</value>
		<value condition="StringCompare(Container(300).ListItem.Property(defaultID),info-window-home-property-plexbmc-9-title) + [StringCompare(Container(300).ListItem.Property(Background),default) | IsEmpty(Container(300).ListItem.Property(Background)) | StringCompare(Container(300).ListItem.Property(Background),fanart)]">$INFO[Window(Home).Property(plexbmc.9.background)]</value>
		<!--MB3 specials-->
		<value condition="StringCompare(Container(300).ListItem.Property(defaultID),$LOCALIZE[19019]) + [StringCompare(Container(300).ListItem.Property(Background),default) | IsEmpty(Container(300).ListItem.Property(Background)) | StringCompare(Container(300).ListItem.Property(Background),fanart)]">$INFO[Window(Home).Property(MB3.Background.Channels.FanArt)]</value>
		<value condition="StringCompare(Container(300).ListItem.Property(defaultID),$LOCALIZE[31036]) + [StringCompare(Container(300).ListItem.Property(Background),default) | IsEmpty(Container(300).ListItem.Property(Background)) | StringCompare(Container(300).ListItem.Property(Background),fanart)]">$INFO[Window(Home).Property(MB3.Background.FavouriteMovies.FanArt)]</value>
		<value condition="StringCompare(Container(300).ListItem.Property(defaultID),$LOCALIZE[31157]) + [StringCompare(Container(300).ListItem.Property(Background),default) | IsEmpty(Container(300).ListItem.Property(Background)) | StringCompare(Container(300).ListItem.Property(Background),fanart)]">$INFO[Window(Home).Property(MB3.Background.FavouriteShows.FanArt)]</value>
		<!--addons-->
		<value condition="StringCompare(Container(300).ListItem.Property(defaultID),addons) + [StringCompare(Container(300).ListItem.Property(Background),default) | IsEmpty(Container(300).ListItem.Property(Background)) | StringCompare(Container(300).ListItem.Property(Background),fanart)]">$VAR[addonsFanartBackground]</value>
		<value condition="StringCompare(Container(300).ListItem.Property(defaultID),programs) + [StringCompare(Container(300).ListItem.Property(Background),default) | IsEmpty(Container(300).ListItem.Property(Background)) | StringCompare(Container(300).ListItem.Property(Background),fanart)]">$VAR[addonsFanartBackground]</value>
		<value condition="StringCompare(Container(300).ListItem.Property(defaultID),$LOCALIZE[10040]) + [StringCompare(Container(300).ListItem.Property(Background),default) | IsEmpty(Container(300).ListItem.Property(Background)) | StringCompare(Container(300).ListItem.Property(Background),fanart)]">$VAR[addonsFanartBackground]</value>
		<value condition="StringCompare(Container(300).ListItem.Property(defaultID),$LOCALIZE[1037]) + [StringCompare(Container(300).ListItem.Property(Background),default) | IsEmpty(Container(300).ListItem.Property(Background)) | StringCompare(Container(300).ListItem.Property(Background),fanart)]">$VAR[addonsFanartBackground]</value>
		<!--others-->
		<value condition="StringCompare(Container(300).ListItem.Property(defaultID),pictures) + [StringCompare(Container(300).ListItem.Property(Background),default) | IsEmpty(Container(300).ListItem.Property(Background))]">special://skin/extras/backgrounds/hover_my pictures.jpg</value>
		<value condition="StringCompare(Container(300).ListItem.Property(defaultID),videos) + [StringCompare(Container(300).ListItem.Property(Background),default) | IsEmpty(Container(300).ListItem.Property(Background))]">special://skin/extras/backgrounds/hover_my videos.jpg</value>
		<value condition="StringCompare(Container(300).ListItem.Property(defaultID),programs) + [StringCompare(Container(300).ListItem.Property(Background),default) | IsEmpty(Container(300).ListItem.Property(Background))]">special://skin/extras/backgrounds/hover_extensions.jpg</value>
		<value condition="StringCompare(Container(300).ListItem.Property(defaultID),filemanager) + [StringCompare(Container(300).ListItem.Property(Background),default) | IsEmpty(Container(300).ListItem.Property(Background))]">special://skin/extras/backgrounds/filemanager.jpg</value>
		<value condition="StringCompare(Container(300).ListItem.Property(defaultID),$LOCALIZE[7]) + [StringCompare(Container(300).ListItem.Property(Background),default) | IsEmpty(Container(300).ListItem.Property(Background))]">special://skin/extras/backgrounds/filemanager.jpg</value>
		<value condition="StringCompare(Container(300).ListItem.Property(defaultID),settings) + [StringCompare(Container(300).ListItem.Property(Background),default) | IsEmpty(Container(300).ListItem.Property(Background))]">special://skin/extras/backgrounds/systeminfo.jpg</value>
		<value condition="[StringCompare(Container(300).ListItem.Property(Background),default) | IsEmpty(Container(300).ListItem.Property(Background))]">special://skin/extras/backgrounds/hover_OnlineVideos.jpg</value>
		<!-- general fanart for all other -->
		<value condition="StringCompare(Container(300).ListItem.Property(Background),fanart)">$VAR[globalFanartBackground]</value>
		<!-- custom background -->
		<value condition="!IsEmpty(Container(300).ListItem.Property(Background)) + ![StringCompare(Container(300).ListItem.Property(Background),fanart) | StringCompare(Container(300).ListItem.Property(Background),global) | [StringCompare(Container(300).ListItem.Property(Background),default)]]">$INFO[Container(300).ListItem.Property(Background)]</value>
	</variable>
    
	
	<include name="PVRpanelBackground">
		<control type="image">
			<!--Panel-->
			<posx>8</posx>
			<posy>210</posy>
			<width>1902</width>
			<height>790</height>
			<texture>views/view_50_list_panel_episodes1.png</texture>
			<visible>skin.hastheme(classic)</visible>
			<animation effect="fade" reversible="false" end="80" time="0" condition="StringCompare(Skin.String(ViewDetailsPanelOpacity),80)">Conditional</animation>
			<animation effect="fade" reversible="false" end="60" time="0" condition="StringCompare(Skin.String(ViewDetailsPanelOpacity),60)">Conditional</animation>
			<animation effect="fade" reversible="false" end="40" time="0" condition="StringCompare(Skin.String(ViewDetailsPanelOpacity),40)">Conditional</animation>
			<animation effect="fade" reversible="false" end="20" time="0" condition="StringCompare(Skin.String(ViewDetailsPanelOpacity),20)">Conditional</animation>
			<animation effect="fade" reversible="false" end="0" time="0" condition="StringCompare(Skin.String(ViewDetailsPanelOpacity),0)">Conditional</animation>
		</control>
		<!-- Background Panel-->
		<control type="image">
			<posx>60</posx>
			<posy>320</posy>
			<width>1800</width>
			<height>610</height>
			<texture>colors/color_white.png</texture>
			<animation effect="fade" reversible="false" end="80" time="0" condition="StringCompare(Skin.String(ViewDetailsPanelOpacity),80)">Conditional</animation>
			<animation effect="fade" reversible="false" end="60" time="0" condition="StringCompare(Skin.String(ViewDetailsPanelOpacity),60)">Conditional</animation>
			<animation effect="fade" reversible="false" end="40" time="0" condition="StringCompare(Skin.String(ViewDetailsPanelOpacity),40)">Conditional</animation>
			<animation effect="fade" reversible="false" end="20" time="0" condition="StringCompare(Skin.String(ViewDetailsPanelOpacity),20)">Conditional</animation>
			<animation effect="fade" reversible="false" end="0" time="0" condition="StringCompare(Skin.String(ViewDetailsPanelOpacity),0)">Conditional</animation>
			<colordiffuse>$VAR[panel_color]</colordiffuse>
			<visible>!skin.hastheme(classic)</visible>
		</control>
		
		<control type="image">
			<posx>982</posx>
			<posy>320</posy>
			<width>875</width>
			<height>610</height>
			<texture>colors/color_white.png</texture>
			<animation effect="fade" reversible="false" end="80" time="0" condition="StringCompare(Skin.String(ViewDetailsPanelOpacity),80)">Conditional</animation>
			<animation effect="fade" reversible="false" end="60" time="0" condition="StringCompare(Skin.String(ViewDetailsPanelOpacity),60)">Conditional</animation>
			<animation effect="fade" reversible="false" end="40" time="0" condition="StringCompare(Skin.String(ViewDetailsPanelOpacity),40)">Conditional</animation>
			<animation effect="fade" reversible="false" end="20" time="0" condition="StringCompare(Skin.String(ViewDetailsPanelOpacity),20)">Conditional</animation>
			<animation effect="fade" reversible="false" end="0" time="0" condition="StringCompare(Skin.String(ViewDetailsPanelOpacity),0)">Conditional</animation>
			<visible>!skin.hastheme(classic)</visible>
			<colordiffuse>$VAR[panel_color]</colordiffuse>
		</control>
	</include>
	
	
	
</includes>