<?xml version="1.0" encoding="utf-8"?>
<!--Titan fixes for Helix compatability-->
<includes>
    <include name="DialogContentSettingsList">
		<posx>680</posx>
		<posy>230</posy>
		<width>800</width>
		<height>300</height>
		<onup>3</onup>
		<onleft>8002</onleft>
		<onright>60</onright>
		<ondown>5</ondown>
		<pagecontrol>60</pagecontrol>
		<scrolltime tween="cubic" easing="out">500</scrolltime>
		<itemlayout height="60">
			<control type="image">
				<posx>0</posx>
				<posy>1</posy>
				<width>768</width>
				<height>60</height>
				<texture>dialogs/default/separator.png</texture>
			</control>
			<control type="image">
				<posx>20</posx>
				<posy>10</posy>
				<width>40</width>
				<height>40</height>
				<info>ListItem.Thumb</info>
			</control>
			<control type="label">
				<posx>75</posx>
				<posy>0</posy>
				<width>633</width>
				<height>60</height>
				<include>DialogListNF</include>
				<info>ListItem.Label</info>
				<align>left</align>
				<aligny>center</aligny>
				<scroll>false</scroll>
			</control>
			<control type="image">
				<posx>708</posx>
				<posy>0</posy>
				<width>60</width>
				<height>60</height>
				<texture>dialogs/select/selected.png</texture>
				<visible>ListItem.IsSelected</visible>
			</control>
		</itemlayout>
		<focusedlayout height="60">
			<control type="image">
				<posx>0</posx>
				<posy>1</posy>
				<width>768</width>
				<height>60</height>
				<texture>dialogs/default/separator.png</texture>
			</control>
			<control type="image">
				<width>768</width>
				<height>60</height>
				<texture border="2">dialogs/default/highlight.png</texture>
				<visible>Control.HasFocus(4) | Control.HasFocus(21)</visible>
			</control>
			<control type="image">
				<posx>20</posx>
				<posy>10</posy>
				<width>40</width>
				<height>40</height>
				<info>ListItem.Thumb</info>
			</control>
			<control type="label">
				<posx>75</posx>
				<posy>0</posy>
				<width>633</width>
				<height>60</height>
				<include>DialogListNF</include>
				<info>ListItem.Label</info>
				<align>left</align>
				<aligny>center</aligny>
				<scroll>false</scroll>
				<visible>!Control.HasFocus(4) + !Control.HasFocus(21)</visible>
			</control>
			<control type="label">
				<posx>75</posx>
				<posy>0</posy>
				<width>633</width>
				<height>60</height>
				<include>DialogListFO</include>
				<info>ListItem.Label</info>
				<align>left</align>
				<aligny>center</aligny>
				<scroll>false</scroll>
				<visible>Control.HasFocus(4) | Control.HasFocus(21)</visible>
			</control>
			<control type="image">
				<posx>708</posx>
				<posy>0</posy>
				<width>60</width>
				<height>60</height>
				<texture>dialogs/select/selected.png</texture>
				<visible>ListItem.IsSelected</visible>
			</control>
		</focusedlayout>
	</include>
	
	<include name="DialogKeyboardGotham">
	<control type="group">
            <posx>0</posx>
            <posy>450</posy>
            <visible>!Window.IsVisible(numericinput)</visible>
           <control type="image">
                <posx>0</posx>
                <posy>-150</posy>
                <width>1920</width>
                <height>800</height>
                <texture>colors/color_white.png</texture>
				<animation effect="fade" end="70" time="0" condition="true">Conditional</animation>
				<colordiffuse>$VAR[panel_color]</colordiffuse>
                <aspectratio>stretch</aspectratio>
            </control>
			<control type="image">
                <posx>0</posx>
                <posy>-140</posy>
                <width>1920</width>
                <height>790</height>
                <texture>colors/color_white.png</texture>
				<animation effect="fade" end="50" time="0" condition="true">Conditional</animation>
				<colordiffuse>$VAR[panel_color]</colordiffuse>
                <aspectratio>stretch</aspectratio>
            </control>

            <control type="label" id="311">
                <posx>0</posx>
                <posy>-100</posy>
                <width>1920</width>
                <height>22</height>
                <align>center</align>
                <include>DialogHeader</include>
            </control>
            <control type="label" id="310">
                <posx>0</posx>
                <posy>-60</posy>
                <width>1920</width>
                <align>center</align>
                <include>EditTextKeyboard</include>
            </control>
            <!-- First Row -->
            <control type="group" id="320">
                <posx>200</posx>
                <posy>20</posy>
                <control type="button" id="307">
                    <description>:IP: button</description>
                    <posx>0</posx>
                    <onleft>48</onleft>
                    <onright>49</onright>
                    <onup>361</onup>
                    <ondown>304</ondown>
                    <label>$LOCALIZE[150]</label>
					<width>320</width>
                    <include>BigKey</include>
                </control>
                <control type="group" id="321">
                    <control type="button" id="49">
                        <description>:1: button</description>
                        <posx>310</posx>
                        <onright>50</onright>
                        <onup>32</onup>
                        <ondown>65</ondown>
                        <onleft>307</onleft>
                        <include>SmallKey</include>
                    </control>
                    <control type="button" id="50">
                        <description>:2: button</description>
                        <posx>432</posx>
                        <onleft>49</onleft>
                        <onright>51</onright>
                        <onup>32</onup>
                        <ondown>66</ondown>
                        <include>SmallKey</include>
                    </control>
                    <control type="button" id="51">
                        <description>:3: button</description>
                       <posx>552</posx>
                        <onleft>50</onleft>
                        <onright>52</onright>
                        <onup>310</onup>
                        <ondown>67</ondown>
                        <include>SmallKey</include>
                    </control>
                    <control type="button" id="52">
                        <description>:4: button</description>
                      <posx>672</posx>
                        <onleft>51</onleft>
                        <onright>53</onright>
                        <onup>32</onup>
                        <ondown>68</ondown>
                        <include>SmallKey</include>
                    </control>
                    <control type="button" id="53">
                        <description>:5: button</description>
                         <posx>792</posx>
                        <onleft>52</onleft>
                        <onright>54</onright>
                        <onup>32</onup>
                        <ondown>69</ondown>
                        <include>SmallKey</include>
                    </control>
                    <control type="button" id="54">
                        <description>:6: button</description>
                         <posx>912</posx>
                        <onleft>53</onleft>
                        <onright>55</onright>
                        <onup>32</onup>
                        <ondown>70</ondown>
                        <include>SmallKey</include>
                    </control>
                </control>
                <control type="group" id="322">
                    <control type="button" id="55">
                        <description>:7: button</description>
                       <posx>1032</posx>
                        <onleft>54</onleft>
                        <onright>56</onright>
                        <onup>301</onup>
                        <ondown>71</ondown>
                        <include>SmallKey</include>
                    </control>
                    <control type="button" id="56">
                        <description>:8: button</description>
                        <posx>1152</posx>
                        <onleft>55</onleft>
                        <onright>57</onright>
                        <onup>301</onup>
                        <ondown>72</ondown>
                        <include>SmallKey</include>
                    </control>
                </control>
                <control type="group" id="323">
                    <control type="button" id="57">
                        <description>:9: button</description>
                       <posx>1272</posx>
                        <onleft>56</onleft>
                        <onright>48</onright>
                        <onup>300</onup>
                        <ondown>73</ondown>
                        <include>SmallKey</include>
                    </control>
                    <control type="button" id="48">
                        <description>:0: button</description>
                     <posx>1392</posx>
                        <onleft>57</onleft>
                        <onright>307</onright>
                        <onup>300</onup>
                        <ondown>74</ondown>
                        <include>SmallKey</include>
                    </control>
                </control>
            </control>
            <!-- Second Row -->
            <control type="group" id="330">
                <posx>200</posx>
                <posy>120</posy>
                <control type="radiobutton" id="304">
                    <description>Symbols button</description>
                    <posx>0</posx>
                    <onleft>74</onleft>
                    <onright>65</onright>
                    <onup>307</onup>
                    <ondown>303</ondown>
                    <label>$LOCALIZE[20180]</label>
					<width>320</width>
                    <include>BigKey</include>
                    <radioposx>15</radioposx>
                    <radioposy>15</radioposy>
                    <radiowidth>28</radiowidth>
                    <radioheight>28</radioheight>
                    <textureradioonfocus>dialogs/keyboard/radio-on.png</textureradioonfocus>
					<textureradiooffnofocus>dialogs/keyboard/radio-off.png</textureradiooffnofocus>
					<textureradioofffocus>dialogs/keyboard/radio-off.png</textureradioofffocus>
					<textureradioonnofocus>dialogs/keyboard/radio-on.png</textureradioonnofocus>
                </control>
                <control type="button" id="65">
                    <description>:a: button</description>
                    <posx>310</posx>
                    <onleft>304</onleft>
                    <onright>66</onright>
                    <onup>49</onup>
                    <ondown>75</ondown>
                    <include>SmallKey</include>
                </control>
                <control type="button" id="66">
                    <description>:b: button</description>
                    <posx>432</posx>
                    <onleft>65</onleft>
                    <onright>67</onright>
                    <onup>50</onup>
                    <ondown>76</ondown>
                    <include>SmallKey</include>
                </control>
                <control type="button" id="67">
                    <description>:c: button</description>
                   <posx>552</posx>
                    <onleft>66</onleft>
                    <onright>68</onright>
                    <onup>51</onup>
                    <ondown>77</ondown>
                    <include>SmallKey</include>
                </control>
                <control type="button" id="68">
                    <description>:d: button</description>
                  <posx>672</posx>
                    <onleft>67</onleft>
                    <onright>69</onright>
                    <onup>52</onup>
                    <ondown>78</ondown>
                    <include>SmallKey</include>
                </control>
                <control type="button" id="69">
                    <description>:e: button</description>
                     <posx>792</posx>
                    <onleft>68</onleft>
                    <onright>70</onright>
                    <onup>53</onup>
                    <ondown>79</ondown>
                    <include>SmallKey</include>
                </control>
                <control type="button" id="70">
                    <description>:f: button</description>
                     <posx>912</posx>
                    <onleft>69</onleft>
                    <onright>71</onright>
                    <onup>54</onup>
                    <ondown>80</ondown>
                    <include>SmallKey</include>
                </control>
                <control type="button" id="71">
                    <description>:g: button</description>
                   <posx>1032</posx>
                    <onleft>70</onleft>
                    <onright>72</onright>
                    <onup>55</onup>
                    <ondown>81</ondown>
                    <include>SmallKey</include>
                </control>
                <control type="button" id="72">
                    <description>:h: button</description>
                    <posx>1152</posx>
                    <onleft>71</onleft>
                    <onright>73</onright>
                    <onup>56</onup>
                    <ondown>82</ondown>
                    <include>SmallKey</include>
                </control>
                <control type="button" id="73">
                    <description>:i: button</description>
                   <posx>1272</posx>
                    <onleft>72</onleft>
                    <onright>74</onright>
                    <onup>57</onup>
                    <ondown>83</ondown>
                    <include>SmallKey</include>
                </control>
                <control type="button" id="74">
                    <description>:j: button</description>
                 <posx>1392</posx>
                    <onleft>73</onleft>
                    <onright>304</onright>
                    <onup>48</onup>
                    <ondown>84</ondown>
                    <include>SmallKey</include>
                </control>
            </control>
            <!-- Third Row -->
            <control type="group" id="340">
                <posx>200</posx>
                <posy>220</posy>
                <control type="radiobutton" id="303">
                    <description>Caps lock</description>
                    <posx>0</posx>
                    <label>31059</label>
                    <onleft>84</onleft>
                    <onright>75</onright>
                    <onup>304</onup>
                    <ondown>302</ondown>
					<width>320</width>
                    <include>BigKey</include>
                    <radioposx>15</radioposx>
                    <radioposy>15</radioposy>
                    <radiowidth>28</radiowidth>
                    <radioheight>28</radioheight>
                    <textureradioonfocus>dialogs/keyboard/radio-on.png</textureradioonfocus>
					<textureradiooffnofocus>dialogs/keyboard/radio-off.png</textureradiooffnofocus>
					<textureradioofffocus>dialogs/keyboard/radio-off.png</textureradioofffocus>
					<textureradioonnofocus>dialogs/keyboard/radio-on.png</textureradioonnofocus>
                </control>
                <control type="button" id="75">
                    <description>:k: button</description>
                    <posx>310</posx>
                    <onleft>303</onleft>
                    <onright>76</onright>
                    <onup>65</onup>
                    <ondown>85</ondown>
                    <include>SmallKey</include>
                </control>
                <control type="button" id="76">
                    <description>:l: button</description>
                    <posx>432</posx>
                    <onleft>75</onleft>
                    <onright>77</onright>
                    <onup>66</onup>
                    <ondown>86</ondown>
                    <include>SmallKey</include>
                </control>
                <control type="button" id="77">
                    <description>:m: button</description>
                   <posx>552</posx>
                    <onleft>76</onleft>
                    <onright>78</onright>
                    <onup>67</onup>
                    <ondown>87</ondown>
                    <include>SmallKey</include>
                </control>
                <control type="button" id="78">
                    <description>:n: button</description>
                  <posx>672</posx>
                    <onleft>77</onleft>
                    <onright>79</onright>
                    <onup>68</onup>
                    <ondown>88</ondown>
                    <include>SmallKey</include>
                </control>
                <control type="button" id="79">
                    <description>:o: button</description>
                     <posx>792</posx>
                    <onleft>78</onleft>
                    <onright>80</onright>
                    <onup>69</onup>
                    <ondown>89</ondown>
                    <include>SmallKey</include>
                </control>
                <control type="button" id="80">
                    <description>:p: button</description>
                     <posx>912</posx>
                    <onleft>79</onleft>
                    <onright>81</onright>
                    <onup>70</onup>
                    <ondown>90</ondown>
                    <include>SmallKey</include>
                </control>
                <control type="group" id="341">
                    <control type="button" id="81">
                        <description>:q: button</description>
                       <posx>1032</posx>
                        <onleft>80</onleft>
                        <onright>82</onright>
                        <onup>71</onup>
                        <ondown>8</ondown>
                        <include>SmallKey</include>
                    </control>
                    <control type="button" id="82">
                        <description>:r: button</description>
                        <posx>1152</posx>
                        <onleft>81</onleft>
                        <onright>83</onright>
                        <onup>72</onup>
                        <ondown>8</ondown>
                        <include>SmallKey</include>
                    </control>
                    <control type="button" id="83">
                        <description>:s: button</description>
                       <posx>1272</posx>
                        <onleft>82</onleft>
                        <onright>84</onright>
                        <onup>73</onup>
                        <ondown>8</ondown>
                        <include>SmallKey</include>
                    </control>
                    <control type="button" id="84">
                        <description>:t: button</description>
                     <posx>1392</posx>
                        <onleft>83</onleft>
                        <onright>303</onright>
                        <onup>74</onup>
                        <ondown>8</ondown>
                        <include>SmallKey</include>
                    </control>
                </control>
            </control>
            <!-- Fourth Row -->
            <control type="group" id="350">
                <posx>200</posx>
                <posy>320</posy>
                <control type="radiobutton" id="302">
                    <description>:Shift: button</description>
                    <posx>0</posx>
                    <onleft>8</onleft>
                    <onright>85</onright>
                    <onup>303</onup>
                    <ondown>361</ondown>
                    <label>20178</label>
					<width>320</width>
                    <include>BigKey</include>
                    <radioposx>15</radioposx>
                    <radioposy>15</radioposy>
                    <radiowidth>28</radiowidth>
                    <radioheight>28</radioheight>
                    <textureradioonfocus>dialogs/keyboard/radio-on.png</textureradioonfocus>
					<textureradiooffnofocus>dialogs/keyboard/radio-off.png</textureradiooffnofocus>
					<textureradioofffocus>dialogs/keyboard/radio-off.png</textureradioofffocus>
					<textureradioonnofocus>dialogs/keyboard/radio-on.png</textureradioonnofocus>
                </control>
                <control type="group" id="351">
                    <control type="button" id="85">
                        <description>:u: button</description>
                        <posx>310</posx>
                        <onleft>302</onleft>
                        <onright>86</onright>
                        <onup>75</onup>
                        <ondown>32</ondown>
                        <include>SmallKey</include>
                    </control>
                    <control type="button" id="86">
                        <description>:v: button</description>
                        <posx>432</posx>
                        <onleft>85</onleft>
                        <onright>87</onright>
                        <onup>76</onup>
                        <ondown>32</ondown>
                        <include>SmallKey</include>
                    </control>
                    <control type="button" id="87">
                        <description>:w: button</description>
                       <posx>552</posx>
                        <onleft>86</onleft>
                        <onright>88</onright>
                        <onup>77</onup>
                        <ondown>32</ondown>
                        <include>SmallKey</include>
                    </control>
                    <control type="button" id="88">
                        <description>:x: button</description>
                      <posx>672</posx>
                        <onleft>87</onleft>
                        <onright>89</onright>
                        <onup>78</onup>
                        <ondown>32</ondown>
                        <include>SmallKey</include>
                    </control>
                    <control type="button" id="89">
                        <description>:y: button</description>
                         <posx>792</posx>
                        <onleft>88</onleft>
                        <onright>90</onright>
                        <onup>79</onup>
                        <ondown>32</ondown>
                        <include>SmallKey</include>
                    </control>
                    <control type="button" id="90">
                        <description>:z: button</description>
                         <posx>912</posx>
                        <onleft>89</onleft>
                        <onright>8</onright>
                        <onup>80</onup>
                        <ondown>32</ondown>
                        <include>SmallKey</include>
                    </control>
                </control>
                <control type="button" id="8">
                    <description>:DEL: button</description>
                   <posx>1032</posx>
                    <onleft>90</onleft>
                    <onright>302</onright>
                    <onup>341</onup>
                    <ondown>362</ondown>
                    <label>20181</label>
                    <include>BackSpace</include>
                </control>
            </control>
            <!-- Fifth Row -->
            <control type="group" id="360">
                <posx>200</posx>
                <posy>420</posy>
                <control type="group" id="361">
                    <control type="button" id="305">
                        <description>:move left: button</description>
                        <posx>-7</posx>
                        <onleft>300</onleft>
                        <onright>306</onright>
                        <onup>302</onup>
                        <ondown>307</ondown>
                        <textoffsety>15</textoffsety>
                        <include>MediumKeyLarr</include>
                    </control>
                    <control type="button" id="306">
                        <description>:move right: button</description>
                        <posx>148</posx>
                        <onleft>305</onleft>
                        <onright>32</onright>
                        <onup>302</onup>
                        <ondown>307</ondown>
                        <textoffsety>15</textoffsety>
                        <include>MediumKeyRarr</include>
                    </control>
                </control>
                <control type="button" id="32">
                    <description>:space: button</description>
                    <posx>310</posx>
                    <onleft>306</onleft>
                    <onright>301</onright>
                    <onup>351</onup>
                    <ondown>321</ondown>
                    <include>SpaceBar</include>
                </control>
                <control type="group" id="362">
                    <control type="button" id="301">
                        <description>Cancel button</description>
                       <posx>1032</posx>
                        <onleft>32</onleft>
                        <onright>300</onright>
                        <onup>8</onup>
                        <ondown>322</ondown>
                        <textoffsetx>0</textoffsetx>
                        <label>$LOCALIZE[222]</label>
						<width>250</width>
						<height>110</height>
                        <include>DoubleKeyCancel</include>
                    </control>
                    <control type="button" id="300">
                        <description>Done button</description>
                        <posx>1272</posx>
                        <onleft>301</onleft>
                        <onright>305</onright>
                        <onup>8</onup>
                        <ondown>323</ondown>
                        <textoffsetx>0</textoffsetx>
                        <label>$LOCALIZE[20177]</label>
						<width>250</width>
						<height>110</height>
                        <include>DoubleKeyDone</include>
                        <onclick>SetProperty(Clear,1)</onclick>
                        <onclick condition="!IsEmpty(Window(Home).Property(actor.search))">RunScript(script.metadata.actors,$INFO[Control.GetLabel(310)])</onclick>
                    </control>
                </control>
            </control>
		</control>
	</include>
	<include name="DialogKeyboardHelix">
	<control type="group">
           <posx>0</posx>
           <posy>430</posy>
            <visible>!Window.IsVisible(numericinput)</visible>
           
			<control type="image">
                <posx>0</posx>
                <posy>-150</posy>
                <width>1920</width>
                <height>800</height>
                <texture>colors/color_white.png</texture>
				<animation effect="fade" end="70" time="0" condition="true">Conditional</animation>
				<colordiffuse>$VAR[panel_color]</colordiffuse>
                <aspectratio>stretch</aspectratio>
            </control>
			<control type="image">
                <posx>0</posx>
                <posy>-140</posy>
                <width>1920</width>
                <height>790</height>
                <texture>colors/color_white.png</texture>
				<animation effect="fade" end="50" time="0" condition="true">Conditional</animation>
				<colordiffuse>$VAR[panel_color]</colordiffuse>
                <aspectratio>stretch</aspectratio>
            </control>
            <control type="label" id="311">
                <posx>0</posx>
                <posy>-100</posy>
                <width>1920</width>
                <height>22</height>
                <align>center</align>
                <include>DialogHeader</include>
            </control>
            <control type="edit" id="312">
                <posx>0</posx>
                <posy>-60</posy>
                <width>1920</width>
                <align>center</align>
                <include>EditTextKeyboard</include>
            </control>
			
			<control type="group">
				<posx>200</posx>
                <posy>20</posy>
				<control type="grouplist" id="541">
					<itemgap>-9</itemgap>
					<orientation>horizontal</orientation>
					<control type="radiobutton" id="304">
						<description>Symbols button</description>
						<label>$LOCALIZE[20180]</label>
						<onup>546</onup>
						<ondown>542</ondown>
						<include>BigKey</include>
						<radioposx>15</radioposx>
						<radioposy>15</radioposy>
						<radiowidth>28</radiowidth>
						<radioheight>28</radioheight>
						<textureradioonfocus>dialogs/keyboard/radio-on.png</textureradioonfocus>
						<textureradiooffnofocus>dialogs/keyboard/radio-off.png</textureradiooffnofocus>
						<textureradioofffocus>dialogs/keyboard/radio-off.png</textureradioofffocus>
						<textureradioonnofocus>dialogs/keyboard/radio-on.png</textureradioonnofocus>
					</control>
					<control type="button" id="100">
						<description>(0,0) key button</description>
						<onup>32</onup>
						<ondown>120</ondown>
						<include>SmallKey</include>
					</control>
					<control type="button" id="101">
						<description>(0,1) key button</description>
						<onup>32</onup>
						<ondown>121</ondown>
						<include>SmallKey</include>
					</control>
					<control type="button" id="102">
						<description>(0,2) key button</description>
						<onup>32</onup>
						<ondown>122</ondown>
						<include>SmallKey</include>
					</control>
					<control type="button" id="103">
						<description>(0,3) key button</description>
						<onup>32</onup>
						<ondown>123</ondown>
						<include>SmallKey</include>
					</control>
					<control type="button" id="104">
						<description>(0,4) key button</description>
						<onup>8</onup>
						<ondown>124</ondown>
						<include>SmallKey</include>
					</control>
					<control type="button" id="105">
						<description>(0,5) key button</description>
						<onup>8</onup>
						<ondown>125</ondown>
						<include>SmallKey</include>
					</control>
					<control type="button" id="106">
						<description>(0,6) key button</description>
						<onup>8</onup>
						<ondown>126</ondown>
						<include>SmallKey</include>
					</control>
					<control type="button" id="107">
						<description>(0,7) key button</description>
						<onup>8</onup>
						<ondown>127</ondown>
						<include>SmallKey</include>
					</control>
					<control type="button" id="108">
						<description>(0,8) key button</description>
						<onup>305</onup>
						<ondown>128</ondown>
						<include>SmallKey</include>
					</control>
					<control type="button" id="109">
						<description>(0,9) key button</description>
						<onup>305</onup>
						<ondown>129</ondown>
						<include>SmallKey</include>
					</control>
					<control type="button" id="110">
						<description>(0,10) key button</description>
						<onup>306</onup>
						<ondown>130</ondown>
						<include>SmallKey</include>
					</control>
					<control type="button" id="111">
						<description>(0,11) key button</description>
						<onup>306</onup>
						<ondown>131</ondown>
						<include>SmallKey</include>
					</control>
				</control>
					<!-- 2nd row -->
				<control type="grouplist" id="542">
					<orientation>horizontal</orientation>
					<top>100</top>
					<itemgap>-9</itemgap>
					<control type="radiobutton" id="302">
						<description>SHIFT button</description>
						<label>20178</label>
						<onup>304</onup>
						<ondown>303</ondown>
						<include>BigKey</include>
						<radioposx>15</radioposx>
						<radioposy>15</radioposy>
						<radiowidth>28</radiowidth>
						<radioheight>28</radioheight>
						<textureradioonfocus>dialogs/keyboard/radio-on.png</textureradioonfocus>
						<textureradiooffnofocus>dialogs/keyboard/radio-off.png</textureradiooffnofocus>
						<textureradioofffocus>dialogs/keyboard/radio-off.png</textureradioofffocus>
						<textureradioonnofocus>dialogs/keyboard/radio-on.png</textureradioonnofocus>
					</control>
					<control type="button" id="120">
						<description>(1,0) key button</description>
						<onup>100</onup>
						<ondown>140</ondown>
						<include>SmallKey</include>
					</control>
					<control type="button" id="121">
						<description>(1,1) key button</description>
						<onup>101</onup>
						<ondown>141</ondown>
						<include>SmallKey</include>
					</control>
					<control type="button" id="122">
						<description>(1,2) key button</description>
						<onup>102</onup>
						<ondown>142</ondown>
						<include>SmallKey</include>
					</control>
					<control type="button" id="123">
						<description>(1,3) key button</description>
						<onup>103</onup>
						<ondown>143</ondown>
						<include>SmallKey</include>
					</control>
					<control type="button" id="124">
						<description>(1,4) key button</description>
						<onup>104</onup>
						<ondown>144</ondown>
						<include>SmallKey</include>
					</control>
					<control type="button" id="125">
						<description>(1,5) key button</description>
						<onup>105</onup>
						<ondown>145</ondown>
						<include>SmallKey</include>
					</control>
					<control type="button" id="126">
						<description>(1,6) key button</description>
						<onup>106</onup>
						<ondown>146</ondown>
						<include>SmallKey</include>
					</control>
					<control type="button" id="127">
						<description>(1,7) key button</description>
						<onup>107</onup>
						<ondown>147</ondown>
						<include>SmallKey</include>
					</control>
					<control type="button" id="128">
						<description>(1,8) key button</description>
						<onup>108</onup>
						<ondown>148</ondown>
						<include>SmallKey</include>
					</control>
					<control type="button" id="129">
						<description>(1,9) key button</description>
						<onup>109</onup>
						<ondown>149</ondown>
						<include>SmallKey</include>
					</control>
					<control type="button" id="130">
						<description>(1,10) key button</description>
						<onup>110</onup>
						<ondown>150</ondown>
						<include>SmallKey</include>
					</control>
					<control type="button" id="131">
						<description>(1,11) key button</description>
						<onup>111</onup>
						<ondown>151</ondown>
						<include>SmallKey</include>
					</control>
				</control>
					<!-- 3rd row -->
				<control type="grouplist" id="543">
					<top>200</top>
					<orientation>horizontal</orientation>
					<itemgap>-9</itemgap>
					<control type="radiobutton" id="303">
						<description>CAPS LOCK button</description>
						<label>20179</label>
						<onup>302</onup>
						<ondown>307</ondown>
						<include>BigKey</include>
						<radioposx>15</radioposx>
						<radioposy>15</radioposy>
						<radiowidth>28</radiowidth>
						<radioheight>28</radioheight>
						<textureradioonfocus>dialogs/keyboard/radio-on.png</textureradioonfocus>
						<textureradiooffnofocus>dialogs/keyboard/radio-off.png</textureradiooffnofocus>
						<textureradioofffocus>dialogs/keyboard/radio-off.png</textureradioofffocus>
						<textureradioonnofocus>dialogs/keyboard/radio-on.png</textureradioonnofocus>
					</control>
					<control type="button" id="140">
						<description>(2,0) key button</description>
						<onup>120</onup>
						<ondown>160</ondown>
						<include>SmallKey</include>
					</control>
					<control type="button" id="141">
						<description>(2,1) key button</description>
						<onup>121</onup>
						<ondown>161</ondown>
						<include>SmallKey</include>
					</control>
					<control type="button" id="142">
						<description>(2,2) key button</description>
						<onup>122</onup>
						<ondown>162</ondown>
						<include>SmallKey</include>
					</control>
					<control type="button" id="143">
						<description>(2,3) key button</description>
						<onup>123</onup>
						<ondown>163</ondown>
						<include>SmallKey</include>
					</control>
					<control type="button" id="144">
						<description>(2,4) key button</description>
						<onup>124</onup>
						<ondown>164</ondown>
						<include>SmallKey</include>
					</control>
					<control type="button" id="145">
						<description>(2,5) key button</description>
						<onup>125</onup>
						<ondown>165</ondown>
						<include>SmallKey</include>
					</control>
					<control type="button" id="146">
						<description>(2,6) key button</description>
						<onup>126</onup>
						<ondown>166</ondown>
						<include>SmallKey</include>
					</control>
					<control type="button" id="147">
						<description>(2,7) key button</description>
						<onup>127</onup>
						<ondown>167</ondown>
						<include>SmallKey</include>
					</control>
					<control type="button" id="148">
						<description>(2,8) key button</description>
						<onup>128</onup>
						<ondown>168</ondown>
						<include>SmallKey</include>
					</control>
					<control type="button" id="149">
						<description>(2,9) key button</description>
						<onup>129</onup>
						<ondown>169</ondown>
						<include>SmallKey</include>
					</control>
					<control type="button" id="150">
						<description>(2,10) key button</description>
						<onup>130</onup>
						<ondown>170</ondown>
						<include>SmallKey</include>
					</control>
					<control type="button" id="151">
						<description>(2,11) key button</description>
						<onup>131</onup>
						<ondown>171</ondown>
						<include>SmallKey</include>
					</control>
				</control>
					<!-- 4th row -->
				<control type="grouplist" id="544">
					<top>300</top>
					<itemgap>-9</itemgap>
					<orientation>horizontal</orientation>
					<control type="button" id="307">
						<description>IP Input button</description>
						<onup>543</onup>
						<ondown>545</ondown>
						<label>$LOCALIZE[150]</label>
						<include>BigKey</include>
					</control>
					
					<control type="button" id="160">
						<description>(3,0) key button</description>
						<onup>140</onup>
						<ondown>32</ondown>
						<include>SmallKey</include>
					</control>
					<control type="button" id="161">
						<description>(3,1) key button</description>
						<onup>141</onup>
						<ondown>32</ondown>
						<include>SmallKey</include>
					</control>
					<control type="button" id="162">
						<description>(3,2) key button</description>
						<onup>142</onup>
						<ondown>32</ondown>
						<include>SmallKey</include>
					</control>
					<control type="button" id="163">
						<description>(3,3) key button</description>
						<onup>143</onup>
						<ondown>32</ondown>
						<include>SmallKey</include>
					</control>
					<control type="button" id="164">
						<description>(3,4) key button</description>
						<onup>144</onup>
						<ondown>8</ondown>
						<include>SmallKey</include>
					</control>
					<control type="button" id="165">
						<description>(3,5) key button</description>
						<onup>145</onup>
						<ondown>545</ondown>
						<include>SmallKey</include>
					</control>
					<control type="button" id="166">
						<description>(3,6) key button</description>
						<onup>146</onup>
						<ondown>545</ondown>
						<include>SmallKey</include>
					</control>
					<control type="button" id="167">
						<description>(3,7) key button</description>
						<onup>147</onup>
						<ondown>545</ondown>
						<include>SmallKey</include>
					</control>
					<control type="button" id="168">
						<description>(3,8) key button</description>
						<onup>148</onup>
						<ondown>545</ondown>
						<include>SmallKey</include>
					</control>
					<control type="button" id="169">
						<description>(3,9) key button</description>
						<onup>149</onup>
						<ondown>545</ondown>
						<include>SmallKey</include>
					</control>
					<control type="button" id="170">
						<description>(3,10) key button</description>
						<onup>150</onup>
						<ondown>545</ondown>
						<include>SmallKey</include>
					</control>
					<control type="button" id="171">
						<description>(3,11) key button</description>
						<onup>151</onup>
						<ondown>545</ondown>
						<include>SmallKey</include>
					</control>
					<control type="button" id="8">
						<description>BACKSPACE button</description>
						<label>20181</label>
						<onup>543</onup>
						<ondown>306</ondown>
						<width>250</width>
						<include>BackSpace</include>
					</control>
					<control type="button" id="305">
						<description>previous button</description>
						<texturefocus>dialogs/keyboard/mediumkeylarrfocus.png</texturefocus>
						<texturenofocus>dialogs/keyboard/mediumkeylarrnofocus.png</texturenofocus>
                        <include>SmallKey</include>
						<onup>151</onup>
						<ondown>545</ondown>
					</control>
					<control type="button" id="306">
						<description>next button</description>
						<texturefocus>dialogs/keyboard/mediumkeyrarrfocus.png</texturefocus>
						<texturenofocus>dialogs/keyboard/mediumkeyrarrnofocus.png</texturenofocus>
                        <include>SmallKey</include>
						<onup>151</onup>
						<ondown>545</ondown>
					</control>
				</control>
					<!-- 5th row -->
				<control type="grouplist" id="545">
					<top>400</top>
					<itemgap>-9</itemgap>
					<orientation>horizontal</orientation>
					<control type="button" id="309">
						<description>Layout button</description>
						<label>20177</label>
						<onup>307</onup>
						<ondown>300</ondown>
						<include>BigKey</include>
						<focusedcolor>black</focusedcolor>
					</control>
					<control type="button" id="32">
						<description>SPACE button</description>
						<label>20182</label>
						<include>SpaceBar</include>
						<onup>161</onup>
						<ondown>300</ondown>
					</control>
					<control type="button" id="300">
						<description>DONE button</description>
						<textoffsetx>0</textoffsetx>
                        <label>$LOCALIZE[20177]</label>
						<height>110</height>
                        <include>DoubleKeyDone</include>
                        <onclick>SetProperty(Clear,1)</onclick>
                        <onclick condition="!IsEmpty(Window(Home).Property(actor.search))">RunScript(script.metadata.actors,$INFO[Control.GetLabel(310)])</onclick>
						<onup>8</onup>
						<ondown>541</ondown>
					</control>
					<control type="button" id="301">
                        <description>Cancel button</description>
                        <onup>8</onup>
                        <ondown>541</ondown>
                        <textoffsetx>0</textoffsetx>
                        <label>$LOCALIZE[222]</label>
						<height>110</height>
                        <include>DoubleKeyCancel</include>
                    </control>
					
				</control>
			</control>
			
			
    </control>
	</include>



	
	<include name="PVRsideblade">
	    <control type="group">
            <include condition="skin.hastheme(classic)">SideBladeClassic</include>
			<include condition="!skin.hastheme(classic)">SideBladeModern</include>
			<!-- hidden labels for pvr -->
			<control type="label" id="29">
				<description>Empty so we can pass the values up one level</description>
				<visible>False</visible>
			</control>
			<control type="label" id="30">
				<description>Empty so we can pass the values up one level</description>
				<visible>False</visible>
			</control>
			<!--Grouplist 9000-->
            <control type="grouplist" id="9000">
                <posx>21</posx>
                <posy>190</posy>
                <width>458</width>
                <height>750</height>
                <itemgap>3</itemgap>
                <onleft>5000</onleft>
                <onright>5000</onright>
				<onright>ClearProperty(ShowViewSubMenu, Home)</onright>
				<onleft>ClearProperty(ShowViewSubMenu, Home)</onleft>
				<onback>ClearProperty(ShowViewSubMenu, Home)</onback>
                <onup>9000</onup>
                <ondown>9000</ondown>
                <orientation>vertical</orientation>
                <!--Buttons-->
                <control type="label" id="200">
                    <!--Label Menu-->
                    <width>458</width>
                    <align>left</align>
                    <textoffsetx>50</textoffsetx>
                    <font>Bold40</font>
                    <textcolor>$VAR[ThemeFontColorBlack]</textcolor>
                    <label>$LOCALIZE[33061]:</label>
					<visible>skin.hastheme(classic)</visible>
                </control>
                <control type="image" id="201">
                    <!--Seperator-->
                    <width>458</width>
                    <height>10</height>
                    <align>left</align>
                    <texture>common/menu-separator.png</texture>
					<visible>skin.hastheme(classic)</visible>
                </control>
                <control type="button" id="100">
                    <!--Channels-->
                    <description>Channels</description>
                    <label>19019</label>
                    <include>SubMenuButton</include>
					<onclick condition="Window.IsActive(TVChannels) | Window.IsActive(RadioChannels)">NextChannelGroup</onclick>
					<onclick condition="IsEmpty(Window.Property(IsRadio))">ActivateWindow(TVChannels)</onclick>
					<onclick condition="!IsEmpty(Window.Property(IsRadio)) + !Skin.String(HomeMenuUseRadioCollection)">ActivateWindow(RadioChannels)</onclick>
					<onclick condition="!IsEmpty(Window.Property(IsRadio)) + Skin.String(HomeMenuUseRadioCollection)">ActivateWindow(Music,$INFO[Skin.String(HomeMenuUseRadioCollection)],return)</onclick>
                </control>
                <control type="button" id="101">
					<description>TV Guide</description>
					<left>0</left>
					<top>80</top>
					<textwidth>400</textwidth>
					<include>SubMenuButton</include>
					<label>22020</label>
					<onclick condition="Window.IsActive(TVGuide) | Window.IsActive(RadioGuide)">NextChannelGroup</onclick>
					<onclick condition="IsEmpty(Window.Property(IsRadio))">ActivateWindow(TVGuide)</onclick>
					<onclick condition="!IsEmpty(Window.Property(IsRadio))">ActivateWindow(RadioGuide)</onclick>
				</control>
				<control type="button" id="102">
					<description>Recordings</description>
					<left>0</left>
					<top>120</top>
					<textwidth>400</textwidth>
					<include>SubMenuButton</include>
					<label>19163</label>
					<onclick condition="IsEmpty(Window.Property(IsRadio))">ActivateWindow(TVRecordings)</onclick>
					<onclick condition="!IsEmpty(Window.Property(IsRadio))">ActivateWindow(RadioRecordings)</onclick>
				</control>
				<control type="button" id="103">
					<description>Timers</description>
					<left>0</left>
					<top>160</top>
					<textwidth>400</textwidth>
					<include>SubMenuButton</include>
					<label>19040</label>
					<onclick condition="IsEmpty(Window.Property(IsRadio))">ActivateWindow(TVTimers)</onclick>
					<onclick condition="!IsEmpty(Window.Property(IsRadio))">ActivateWindow(RadioTimers)</onclick>
				</control>
				<control type="button" id="104">
					<description>Search</description>
					<left>0</left>
					<top>200</top>
					<textwidth>400</textwidth>
					<include>SubMenuButton</include>
					<label>137</label>
					<onclick condition="IsEmpty(Window.Property(IsRadio))">ActivateWindow(TVSearch)</onclick>
					<onclick condition="!IsEmpty(Window.Property(IsRadio))">ActivateWindow(RadioSearch)</onclick>
				</control>
				<control type="button" id="28">
					<description>Channel Groups</description>
					<left>0</left>
					<right>40</right>
					<textwidth>400</textwidth>
					<include>SubMenuButton</include>
					<label>-</label>
				</control>
				<control type="radiobutton" id="5">
					<description>Group recording items by folder structure</description>
					<left>0</left>
					<right>40</right>
					<textwidth>400</textwidth>
					<include>SubMenuButton</include>
					<label>19270</label>
					<visible>Window.IsActive(TVRecordings) | Window.IsActive(RadioRecordings)</visible>
				</control>
				<control type="button" id="400">
					<description>View As button</description>
					<left>0</left>
					<right>40</right>
					<textwidth>400</textwidth>
					<include>SubMenuButton</include>
					 <label>View: $INFO[Container.Viewmode]</label>
					<onclick>Container.NextViewMode</onclick>
					<onclick>SetFocus(15)</onclick>
					<onclick>SetFocus(501)</onclick>
					<onclick>SetFocus(505)</onclick>
					<onclick>SetFocus(506)</onclick>
					<!-- <visible>Window.IsActive(TVGuide) | Window.IsActive(RadioGuide)</visible>-->
				</control>
				
				<!-- <control type="button" id="400">
                    <include>SubMenuButton</include>
                    <label>View: $INFO[Container.Viewmode]</label>
                    <onclick>Container.NextViewMode</onclick>
				</control> -->
				
				
				<control type="button" id="3">
					<description>Sort by button</description>
					<include>SubMenuButton</include>
					<label>103</label>
				</control>
				<control type="togglebutton" id="4">
					<description>Sort asc</description>
					<include>SubMenuButton</include>
					<alttexturefocus border="5" colordiffuse="$INFO[Skin.String(ButtonFocusColor)]">colors/color_white.png</alttexturefocus>
					<alttexturenofocus>-</alttexturenofocus>
					<label>21431</label>
					<altlabel>21430</altlabel>
					<usealttexture>Container.SortDirection(Ascending)</usealttexture>
				</control>
				<control type="radiobutton" id="335">
                    <!--Show info-->
                    <include>SubMenuButton</include>
                    <label>36427</label>
                    <onclick>Skin.ToggleSetting(LandscapeViewShowInfo)</onclick>
                    <selected>Skin.HasSetting(LandscapeViewShowInfo)</selected>
					<visible>Control.IsVisible(502)</visible>
                </control>
				<control type="radiobutton" id="328">
                    <!--Show labels-->
                    <include>SubMenuButton</include>
                    <label>20459</label>
                    <onclick>Skin.ToggleSetting(ShowlabelsLandscape)</onclick>
                    <selected>Skin.HasSetting(ShowlabelsLandscape)</selected>
					<visible>Control.IsVisible(501) | Control.IsVisible(505) | Control.IsVisible(511) | Control.IsVisible(512)</visible>
					<visible>![container.content(MusicVideos) | Container.Content(tvshows) | Container.Content(Movies) | container.content(seasons)]</visible>
                </control>
				<control type="radiobutton" id="339">
                    <!--Show labels-->
                    <include>SubMenuButton</include>
                    <label>20459</label>
                    <onclick>Skin.ToggleSetting(ShowLabelsSquare)</onclick>
                    <selected>Skin.HasSetting(ShowLabelsSquare)</selected>
					<visible>Control.IsVisible(509)</visible>
                </control>
				<control type="radiobutton" id="340">
                    <!--Show labels-->
                    <include>SubMenuButton</include>
                    <label>20459</label>
                    <onclick>Skin.ToggleSetting(ShowLabelsSquareDetails)</onclick>
                    <selected>Skin.HasSetting(ShowLabelsSquareDetails)</selected>
					<visible>Control.IsVisible(510)</visible>
                </control>
				<control type="radiobutton" id="341">
                    <!--Show info-->
                    <include>SubMenuButton</include>
                    <label>36427</label>
                    <onclick>Skin.ToggleSetting(GuideShowInfo)</onclick>
                    <selected>Skin.HasSetting(GuideShowInfo)</selected>
					<visible>Window.IsActive(MyPVRGuide.xml)</visible>
                </control>
				
            </control>
        
        </control>
		 
       
	</include>
	
	<include name="HomeTileLabelPosGotham">
		<posx>315</posx>
	</include>
	
	<include name="HomeTileLabelPosHelix">
		<posx>20</posx>
	</include>
	
	<include name="BannerViewLabelPosGotham">
		<posx>287</posx>
	</include>
	
	<include name="BannerViewLabelPosHelix">
		<posx>20</posx>
	</include>
	
	<include name="BannerListLabelPosGotham">
		<left>379</left>
	</include>
	<include name="BannerListLabelPosHelix">
		<left>20</left>
	</include>
	
	<include name="BannerListWatchedLabelPosGotham">
		<posx>731</posx>
	</include>
	<include name="BannerListWatchedLabelPosHelix">
		<posx>705</posx>
	</include>
	

	<include name="BigPanelLabelPosGotham">
		<posx>191</posx>
	</include>
	<include name="BigPanelabelPosHelix">
		<posx>25</posx>
	</include>
	
	<include name="BigPanelWatchedLabelPosClassicGotham">
		<posx>237</posx>
	</include>
	<include name="BigPanelWatchedlabelPosClassicHelix">
		<posx>187</posx>
	</include>
	
	<include name="BigPanelWatchedLabelPosModernGotham">
		<posx>250</posx>
	</include>
	<include name="BigPanelWatchedlabelPosModernHelix">
		<posx>200</posx>
	</include>
	
	<include name="BannerPlexLabelPosGotham">
		<left>290</left>
	</include>
	
	<include name="BannerPlexLabelPosHelix">
		<left>20</left>
	</include>
	
	<include name="BannerPlexWatchedLabelPosGotham">
		<posx>560</posx>
	</include>
	
	<include name="BannerPlexWatchedLabelPosHelix">
		<posx>530</posx>
	</include>

	
	<include name="BannerViewWatchedLabelNormalPosGotham">
		<posx>532</posx>
	</include>
	
	<include name="BannerViewWatchedLabelNormalPosHelix">
		<posx>502</posx>
	</include>
	
	<include name="BannerViewWatchedLabelClassicPosGotham">
		<posx>522</posx>
	</include>
	
	<include name="BannerViewWatchedLabelClassicPosHelix">
		<posx>492</posx>
	</include>
	
	
	<include name="ExtendedViewWatchedLabelNormalPosGotham">
		<posx>415</posx>
	</include>
	
	<include name="ExtendedViewWatchedLabelNormalPosHelix">
		<posx>385</posx>
	</include>
	
	<include name="ExtendedViewWatchedLabelClassicPosGotham">
		<posx>396</posx>
	</include>
	
	<include name="ExtendedViewWatchedLabelClassicPosHelix">
		<posx>366</posx>
	</include>
	
	<include name="BannerViewWatchedLabelNormalPosterPosGotham">
		<posx>129</posx>
	</include>
	
	<include name="BannerViewWatchedLabelNormalPosterPosHelix">
		<posx>99</posx>
	</include>
	
	<include name="BannerViewWatchedLabelClassicPosterPosGotham">
		<posx>119</posx>
	</include>
	
	<include name="BannerViewWatchedLabelClassicPosterPosHelix">
		<posx>89</posx>
	</include>
	
	
	
	<include name="WatchedLabelNormalLargePosterPosGotham">
		<posx>448</posx>
	</include>
	
	<include name="WatchedLabelNormalLargePosterPosHelix">
		<posx>430</posx>
	</include>
	
	<include name="WatchedLabelClassicLargePosterPosGotham">
		<posx>423</posx>
	</include>
	
	<include name="WatchedLabelClassicLargePosterPosHelix">
		<posx>415</posx>
	</include>
	
</includes>