<?xml version="1.0" encoding="utf-8"?>
<includes>
	
	<include name="defaultskinsettings">
		
		<!-- initialize 3th party addons -->
		<onload condition="!SubString(Window(Home).Property(BackGroundWorkersLoaded),loaded) + System.HasAddon(plugin.video.xbmb3c)">RunScript(plugin.video.xbmb3c,check_server)</onload>
		<onload condition="!SubString(Window(Home).Property(BackGroundWorkersLoaded),loaded) + System.HasAddon(script.artistslideshow)">RunScript(script.artistslideshow, daemon=True)</onload>
		<onload condition="!SubString(Window(Home).Property(BackGroundWorkersLoaded),loaded) + System.HasAddon(script.tv.show.next.aired)">RunScript(script.tv.show.next.aired,silent=True)</onload>
		<onload condition="!SubString(Window(Home).Property(BackGroundWorkersLoaded),loaded) + System.HasAddon(script.grab.fanart)">RunScript(script.grab.fanart,mode=random, refresh=60)</onload>
		<onload condition="!SubString(Window(Home).Property(BackGroundWorkersLoaded),loaded) + Skin.String(AutoStartPlayList)">AlarmClock(playliststart,$ESCINFO[Skin.String(AutoStartPlayList)],00:06,silent)</onload>	
		<onload condition="System.HasAddon(plugin.video.plexbmc)">XBMC.RunScript(script.titanskin.helpers,UPDATEPLEXLINKS)</onload>
		<onload condition="!SubString(Window(Home).Property(BackGroundWorkersLoaded),loaded)">Skin.SetBool(enable.smartish.widgets)</onload>

		<!-- (optional) automatic run of the artwork downloader on startup -->
		<onload condition="!SubString(Window(Home).Property(BackGroundWorkersLoaded),loaded) + Skin.HasSetting(EnableArtworkDownloader)">XBMC.runscript(script.artwork.downloader, silent=true)</onload>
		
		<!-- various default settings  -->
		<onclick condition="!Skin.HasSetting(HomeMenuDefaults1)">RunScript(script.skinshortcuts,type=resetall&amp;warning=false)</onclick>
		<onload condition="!Skin.HasSetting(HomeMenuDefaults1)">Skin.SetString(CustomBackgroundSetting, default)</onload>
        <onload condition="!Skin.HasSetting(HomeMenuDefaults1)">Skin.SetString(GadgetRows, 2)</onload>
		<onload condition="!Skin.HasSetting(HomeMenuDefaults1)">Skin.SetBool(UseSectionBackground)</onload>
		<onload condition="!Skin.HasSetting(HomeMenuDefaults1)">Skin.SetBool(ShowFanartBackground)</onload>
		<onload condition="!Skin.HasSetting(HomeMenuDefaults1)">Skin.SetString(CustomBackgroundSetting, default)</onload>
		<onload condition="!Skin.HasSetting(HomeMenuDefaults1)">Skin.SetBool(DetailsShowFanart)</onload>
		<onload condition="!Skin.HasSetting(HomeMenuDefaults1)">Skin.SetBool(View502_ShowCDart)</onload>
		<onload condition="!Skin.HasSetting(HomeMenuDefaults1)">Skin.SetBool(View514_ShowCDart)</onload>
		<onload condition="!Skin.HasSetting(HomeMenuDefaults1)">Skin.SetBool(View513_ShowCDart)</onload>
		<onload condition="!Skin.HasSetting(HomeMenuDefaults1)">Skin.SetBool(View508_ShowCDart)</onload>
		<onload condition="!Skin.HasSetting(HomeMenuDefaults1)">Skin.SetBool(View58_ShowCDart)</onload>
		<onload condition="!Skin.HasSetting(HomeMenuDefaults1)">Skin.SetBool(PanelViewShowInfo)</onload>
		<onload condition="!Skin.HasSetting(HomeMenuDefaults1)">Skin.SetBool(ShowlabelsLandscape)</onload>
		<onload condition="!Skin.HasSetting(HomeMenuDefaults1)">Skin.SetBool(AnimateDiscArt)</onload>
		<onload condition="!Skin.HasSetting(HomeMenuDefaults1)">Skin.SetString(ColorTheme, default)</onload>
		<onload condition="skin.hastheme(classic) + Skin.String(GadgetRows, enhanced)">Skin.SetString(GadgetRows, 2)</onload>
		<onload condition="!IsEmpty(Window(Home).Property(mediabrowser.std.movies.0.path)) + !Skin.HasSetting(HomeMenuDefaults13)">XBMC.RunScript(plugin.video.xbmb3c,SETRECOMMENDEDMB3SETTINGS,titan)</onload>
		<onload condition="!Skin.HasSetting(HomeMenuDefaults13)">Skin.SetString(YoutubeWidget, popular)</onload>
		<onload condition="!Skin.HasSetting(HomeMenuDefaults14)">Skin.SetString(ShowInfoAtPlaybackStart, 6)</onload>
		<onload condition="!Skin.HasSetting(HomeMenuDefaults16)">XBMC.RunScript(script.titanskin.helpers,DEFAULTSETTINGS)</onload>
		<onload condition="!Skin.HasSetting(HomeMenuDefaults16)">Skin.SetString(OSDPanelOpacity, 60)</onload>
		<onload condition="!Skin.HasSetting(HomeMenuDefaults16)">Skin.SetString(GuideRows, 9)</onload>
		<onload condition="!Skin.HasSetting(HomeMenuDefaults16)">Skin.SetBool(GuideShowInfo)</onload>
		
		<!-- default color settings -->
		<onload condition="!Skin.HasSetting(HomeMenuDefaults13)">Skin.SetString(ViewDetailsFocusShadowColor, black)</onload>
		<onload condition="!Skin.HasSetting(HomeMenuDefaults13)">Skin.SetString(HomeViewDetailsFocusColor, mainblue)</onload>
		<onload condition="!Skin.HasSetting(HomeMenuDefaults13) + StringCompare(Skin.String(ColorTheme),white)">Skin.SetString(HeaderTextColor, black)</onload>
		<onload condition="!Skin.HasSetting(HomeMenuDefaults13) + StringCompare(Skin.String(ColorTheme),white)">Skin.SetString(HeaderTextShadowColor, none)</onload>
		<onload condition="!Skin.HasSetting(HomeMenuDefaults13) + !StringCompare(Skin.String(ColorTheme),white)">Skin.SetString(HeaderTextColor, white)</onload>
		<onload condition="!Skin.HasSetting(HomeMenuDefaults13) + !StringCompare(Skin.String(ColorTheme),white)">Skin.SetString(HeaderTextShadowColor, black)</onload>
		<onload condition="!Skin.HasSetting(HomeMenuDefaults13) + StringCompare(Skin.String(ColorTheme),white)">Skin.SetString(ViewDetailsTextColor, black)</onload>
		<onload condition="!Skin.HasSetting(HomeMenuDefaults13) + StringCompare(Skin.String(ColorTheme),white)">Skin.SetString(ViewDetailsTextShadowColor, none)</onload>
		<onload condition="!Skin.HasSetting(HomeMenuDefaults13) + StringCompare(Skin.String(ColorTheme),white)">Skin.SetString(ViewDetailsPanelOpacity, 20)</onload>
		<onload condition="!Skin.HasSetting(HomeMenuDefaults13) + StringCompare(Skin.String(ColorTheme),white)">Skin.SetString(ViewDetailsFocusColor, darkblue)</onload>
		<onload condition="!Skin.HasSetting(HomeMenuDefaults13) + !StringCompare(Skin.String(ColorTheme),white)">Skin.SetString(ViewDetailsTextColor, white)</onload>
		<onload condition="!Skin.HasSetting(HomeMenuDefaults13) + !StringCompare(Skin.String(ColorTheme),white)">Skin.SetString(ViewDetailsTextShadowColor, black)</onload>
		<onload condition="!Skin.HasSetting(HomeMenuDefaults13) + !StringCompare(Skin.String(ColorTheme),white)">Skin.SetString(ViewDetailsPanelOpacity, 60)</onload>
		<onload condition="!Skin.HasSetting(HomeMenuDefaults13) + !StringCompare(Skin.String(ColorTheme),white)">Skin.SetString(ViewDetailsFocusColor, mainblue)</onload>
		<onload condition="!Skin.HasSetting(HomeMenuDefaults15)">Skin.SetString(ButtonFocusColor, mainblue)</onload>
		<onload condition="!Skin.HasSetting(HomeMenuDefaults17)">Skin.SetString(FooterOpacity, 80)</onload>
		<onload condition="!Skin.HasSetting(HomeMenuDefaults17)">Skin.SetString(RSSScrollSpeed, 40)</onload>
		<onload condition="!Skin.HasSetting(HomeMenuDefaults18)">Skin.SetBool(HideWatchedRecentlyAdded)</onload>
		
		<!-- enable MB3 mode if MB3 addon is present and active -->
		<onload condition="!Skin.HasSetting(MB3ModeDetectDone) + !IsEmpty(Window(Home).Property(mediabrowser.std.movies.0.path))">Skin.SetBool(HomeMenuUseMBforMovies)</onload>
		<onload condition="!Skin.HasSetting(MB3ModeDetectDone) + !IsEmpty(Window(Home).Property(mediabrowser.std.tvshows.0.path))">Skin.SetBool(HomeMenuUseMBforTVseries)</onload>
		<onload condition="!Skin.HasSetting(MB3ModeDetectDone) + !IsEmpty(Window(Home).Property(mediabrowser.std.tvshows.0.path))">Skin.SetBool(MB3ModeDetectDone)</onload>
		
		<!-- default widget assignments -->
		<onload condition="!Skin.HasSetting(WidgetDefaults)">Skin.SetString(widget-movies, movies)</onload>
		<onload condition="!Skin.HasSetting(WidgetDefaults)">Skin.SetString(widget-31050, movies)</onload>
		<onload condition="!Skin.HasSetting(WidgetDefaults)">Skin.SetString(widget-tvshows, tvshows)</onload>
		<onload condition="!Skin.HasSetting(WidgetDefaults)">Skin.SetString(widget-31051, tvshows)</onload>
		<onload condition="!Skin.HasSetting(WidgetDefaults)">Skin.SetString(widget-musicvideos, custom)</onload>
		<onload condition="!Skin.HasSetting(WidgetDefaults)">Skin.SetString(widget-31018, netflix)</onload>
		<onload condition="!Skin.HasSetting(WidgetDefaults)">Skin.SetString(widget-plugin.video.netflixbmc, netflix)</onload>
		<onload condition="!Skin.HasSetting(WidgetDefaults)">Skin.SetString(widget-plugin.video.youtube, youtube)</onload>
		<onload condition="!Skin.HasSetting(WidgetDefaults)">Skin.SetString(widget-music, music)</onload>
		<onload condition="!Skin.HasSetting(WidgetDefaults)">Skin.SetString(widget-weather, weather)</onload>
		<onload condition="!Skin.HasSetting(WidgetDefaults)">Skin.SetString(widget-31036, custom)</onload>
		<onload condition="!Skin.HasSetting(WidgetDefaults)">Skin.SetString(widget-31157, custom)</onload>
		<onload condition="!Skin.HasSetting(WidgetDefaults)">Skin.SetString(widget-info-window-home-property-mediabrowser-usr-0-title, custom)</onload>
		<onload condition="!Skin.HasSetting(WidgetDefaults)">Skin.SetString(widget-info-window-home-property-mediabrowser-usr-1-title, custom)</onload>
		<onload condition="!Skin.HasSetting(WidgetDefaults)">Skin.SetString(widget-info-window-home-property-mediabrowser-usr-2-title, custom)</onload>
		<onload condition="!Skin.HasSetting(WidgetDefaults)">Skin.SetString(widget-info-window-home-property-mediabrowser-usr-3-title, custom)</onload>
		<onload condition="!Skin.HasSetting(WidgetDefaults)">Skin.SetString(widget-info-window-home-property-mediabrowser-usr-4-title, custom)</onload>
		<onload condition="!Skin.HasSetting(WidgetDefaults)">Skin.SetString(widget-info-window-home-property-mediabrowser-usr-5-title, custom)</onload>
		<onload condition="!Skin.HasSetting(WidgetDefaults)">Skin.SetString(widget-info-window-home-property-mediabrowser-usr-6-title, custom)</onload>
		<onload condition="!Skin.HasSetting(WidgetDefaults)">Skin.SetString(widget-info-window-home-property-mediabrowser-usr-7-title, custom)</onload>
		<onload condition="!Skin.HasSetting(WidgetDefaults)">Skin.SetString(widget-info-window-home-property-mediabrowser-usr-8-title, custom)</onload>
		<onload condition="!Skin.HasSetting(WidgetDefaults)">Skin.SetString(widget-info-window-home-property-mediabrowser-usr-9-title, custom)</onload>
		<onload condition="!Skin.HasSetting(WidgetDefaults)">Skin.SetString(widget-info-window-home-property-mediabrowser-usr-10-title, custom)</onload>
		<onload condition="!Skin.HasSetting(WidgetDefaults)">Skin.SetString(widget-info-window-home-property-mediabrowser-usr-11-title, custom)</onload>
		<onload condition="!Skin.HasSetting(WidgetDefaults)">Skin.SetString(widget-info-window-home-property-mediabrowser-usr-12-title, custom)</onload>
		<onload condition="!Skin.HasSetting(WidgetDefaults)">Skin.SetString(widget-info-window-home-property-mediabrowser-usr-13-title, custom)</onload>
		<onload condition="!Skin.HasSetting(WidgetDefaults)">Skin.SetString(widget-info-window-home-property-mediabrowser-usr-14-title, custom)</onload>
		<onload condition="!Skin.HasSetting(WidgetDefaults)">Skin.SetString(widget-info-window-home-property-plexbmc-0-title, custom)</onload>
		<onload condition="!Skin.HasSetting(WidgetDefaults)">Skin.SetString(widget-info-window-home-property-plexbmc-1-title, custom)</onload>
		<onload condition="!Skin.HasSetting(WidgetDefaults)">Skin.SetString(widget-info-window-home-property-plexbmc-2-title, custom)</onload>
		<onload condition="!Skin.HasSetting(WidgetDefaults)">Skin.SetString(widget-info-window-home-property-plexbmc-3-title, custom)</onload>
		<onload condition="!Skin.HasSetting(WidgetDefaults)">Skin.SetString(widget-info-window-home-property-plexbmc-4-title, custom)</onload>
		<onload condition="!Skin.HasSetting(WidgetDefaults)">Skin.SetString(widget-info-window-home-property-plexbmc-5-title, custom)</onload>
		<onload condition="!Skin.HasSetting(WidgetDefaults)">Skin.SetString(widget-info-window-home-property-plexbmc-6-title, custom)</onload>
		<onload condition="!Skin.HasSetting(WidgetDefaults)">Skin.SetString(widget-info-window-home-property-plexbmc-7-title, custom)</onload>
		<onload condition="!Skin.HasSetting(WidgetDefaults)">Skin.SetString(widget-info-window-home-property-plexbmc-8-title, custom)</onload>
		<onload condition="!Skin.HasSetting(WidgetDefaults)">Skin.SetString(widget-info-window-home-property-plexbmc-9-title, custom)</onload>
		
		<onload condition="!Skin.HasSetting(WidgetDefaults)">Skin.SetString(MoviesWidget, newmovies)</onload>
		<onload condition="!Skin.HasSetting(WidgetDefaults)">Skin.SetString(TvShowsWidget, latest)</onload>
		<onload condition="!Skin.HasSetting(WidgetDefaults)">Skin.SetString(MusicWidget, latestalbum)</onload>
		<onload condition="!Skin.HasSetting(WidgetDefaults)">Skin.SetString(NetflixWidget, inprogresstvshows)</onload>
		<onload condition="!Skin.HasSetting(WidgetDefaults3)">skin.SetString(collectionwidget0,recent)</onload>
		<onload condition="!Skin.HasSetting(WidgetDefaults3)">skin.SetString(collectionwidget1,recent)</onload>
		<onload condition="!Skin.HasSetting(WidgetDefaults3)">skin.SetString(collectionwidget2,recent)</onload>
		<onload condition="!Skin.HasSetting(WidgetDefaults3)">skin.SetString(collectionwidget3,recent)</onload>
		<onload condition="!Skin.HasSetting(WidgetDefaults3)">skin.SetString(collectionwidget4,recent)</onload>
		<onload condition="!Skin.HasSetting(WidgetDefaults3)">skin.SetString(collectionwidget5,recent)</onload>
		<onload condition="!Skin.HasSetting(WidgetDefaults3)">skin.SetString(collectionwidget6,recent)</onload>
		<onload condition="!Skin.HasSetting(WidgetDefaults3)">skin.SetString(collectionwidget7,recent)</onload>
		<onload condition="!Skin.HasSetting(WidgetDefaults3)">skin.SetString(collectionwidget8,recent)</onload>
		<onload condition="!Skin.HasSetting(WidgetDefaults3)">skin.SetString(collectionwidget9,recent)</onload>
		<onload condition="!Skin.HasSetting(WidgetDefaults3)">skin.SetString(collectionwidget10,recent)</onload>
		<onload condition="!Skin.HasSetting(WidgetDefaults3)">skin.SetString(collectionwidget11,recent)</onload>
		<onload condition="!Skin.HasSetting(WidgetDefaults3)">skin.SetString(collectionwidget12,recent)</onload>
		<onload condition="!Skin.HasSetting(WidgetDefaults3)">skin.SetString(collectionwidget13,recent)</onload>
		<onload condition="!Skin.HasSetting(WidgetDefaults3)">skin.SetString(collectionwidget14,recent)</onload>
		
		<!-- build menu -->
		<onload>RunScript(script.skinshortcuts,type=buildxml&amp;mainmenuID=300&amp;group=mainmenu|powermenu)</onload>
		
		<!-- finish default settings -->
		<onload condition="!Skin.HasSetting(HomeMenuDefaults1)">Skin.SetBool(HomeMenuDefaults1)</onload>
		<onload condition="!Skin.HasSetting(HomeMenuDefaults13)">Skin.SetBool(HomeMenuDefaults13)</onload>
		<onload condition="!Skin.HasSetting(HomeMenuDefaults14)">Skin.SetBool(HomeMenuDefaults14)</onload>
		<onload condition="!Skin.HasSetting(HomeMenuDefaults16)">Skin.SetBool(HomeMenuDefaults16)</onload>
		<onload condition="!Skin.HasSetting(HomeMenuDefaults17)">Skin.SetBool(HomeMenuDefaults17)</onload>
		<onload condition="!Skin.HasSetting(HomeMenuDefaults18)">Skin.SetBool(HomeMenuDefaults18)</onload>
		<onload condition="!Skin.HasSetting(WidgetDefaults)">Skin.SetBool(WidgetDefaults)</onload>
		<onload condition="!Skin.HasSetting(WidgetDefaults3)">Skin.SetBool(WidgetDefaults3)</onload>
		
		<!-- correct music widgets on MB3 mode -->
		<onload condition="Skin.HasSetting(HomeMenuUseMBforMusic) + Skin.String(MusicWidget, randomalbum)">Skin.SetString(MusicWidget, latestalbum)</onload>
		<onload condition="Skin.HasSetting(HomeMenuUseMBforMusic) + Skin.String(MusicWidget, randomartist)">Skin.SetString(MusicWidget, latestalbum)</onload>
		<onload condition="Skin.HasSetting(HomeMenuUseMBforMusic) + Skin.String(MusicWidget, latestsong)">Skin.SetString(MusicWidget, latestalbum)</onload>
		<onload condition="Skin.HasSetting(HomeMenuUseMBforMusic) + Skin.String(MusicWidget, library)">Skin.SetString(MusicWidget, latestalbum)</onload>
		<onload condition="Skin.HasSetting(HomeMenuUseMBforMusic) + Skin.String(MusicWidget, randomartist)">Skin.SetString(MusicWidget, latestalbum)</onload>
		
		<!-- small home icons and enhanced home not available for classic theme-->
		<onload condition="Skin.HasSetting(UseSmallHomeTiles) + skin.hastheme(classic)">Skin.Reset(UseSmallHomeTiles)</onload>
		<onload condition="Skin.String(GadgetRows, enhanced) + skin.hastheme(classic)">Skin.SetString(GadgetRows, 2)</onload>
		
		<onload condition="!SubString(Window(Home).Property(BackGroundWorkersLoaded),loaded)">SetProperty(BackGroundWorkersLoaded,loaded,Home)</onload>

    </include>
	
</includes>