<includes>


	<variable name="SpotLightWidgetContent">
		<value condition="StringCompare(Window(Home).Property(activewidget),movies) + Skin.HasSetting(HomeMenuUseMBforMovies)">$INFO[Window.Property(MediaBrowser.std.movies.3.content)]</value>
		<value condition="StringCompare(Window(Home).Property(activewidget),tvshows) + Skin.HasSetting(HomeMenuUseMBforTvSeries)">$INFO[Window.Property(MediaBrowser.std.tvshows.4.content)]</value>
		<value condition="StringCompare(Window(Home).Property(activewidget),music) + Skin.HasSetting(HomeMenuUseMBforMusic)">$INFO[Window.Property(MediaBrowser.std.music.2.content)]</value>
		<value condition="StringCompare(Window(Home).Property(activewidget),musicvideos) + Skin.HasSetting(HomeMenuUseMBforMusicVideos)">$INFO[Window.Property(MediaBrowser.std.music.3.content)]</value>
		<value condition="StringCompare(Window(Home).Property(activewidget),movies) + !Skin.HasSetting(HomeMenuUseNetflixforMovies) + !Skin.HasSetting(HomeMenuUsePlexforMovies)">special://skin/extras/widgetplaylists/recommendedmovies.xsp</value>
		<value condition="StringCompare(Window(Home).Property(activewidget),tvshows) + !Skin.HasSetting(HomeMenuUseNetflixforTvSeries) + !Skin.HasSetting(HomeMenuUsePlexforTvSeries)">special://skin/extras/widgetplaylists/recommendedtvshows.xsp</value>
		<value condition="StringCompare(Window(Home).Property(activewidget),music) + !Skin.HasSetting(HomeMenuUseNetflixforMusic) + !Skin.HasSetting(HomeMenuUsePlexforMusic)">musicdb://top100/songs/</value>
		<value condition="StringCompare(Window(Home).Property(activewidget),musicvideos) + !Skin.HasSetting(HomeMenuUseNetflixforMusicVideos) + !Skin.HasSetting(HomeMenuUsePlexforMusicVideos)">videodb://recentlyaddedmusicvideos/</value>
		<value condition="StringCompare(Window(Home).Property(activewidget),netflix)">plugin://plugin.video.netflixbmc/?mode=listSliderVideos&amp;thumb&amp;type=both&amp;url=slider_3</value>
		<value>noop</value>
	 </variable>
	 
	 <variable name="SpotLightWidgetImage">
        <value condition="!IsEmpty(ListItem.Art(fanart))">$INFO[ListItem.Art(fanart)]</value>
		<value condition="!IsEmpty(ListItem.Property(fanart))">$INFO[ListItem.Property(fanart)]</value>
		<value condition="!IsEmpty(ListItem.Thumb)">$INFO[ListItem.Thumb]</value>
		<value condition="!IsEmpty(Container(510).ListItem.Art(fanart)) + !StringCompare(Window(Home).Property(activewidget),youtube)">$INFO[Container(510).ListItem.Art(fanart)]</value>
		<value condition="!IsEmpty(Container(510).ListItem.Property(fanart))">$INFO[Container(510).ListItem.Property(fanart)]</value>
		<value condition="!IsEmpty(Container(510).ListItem.Icon)">$INFO[Container(510).ListItem.Icon]</value>
    </variable>
	
	<variable name="SpotLightWidgetInfoPlot">
		<value condition="!IsEmpty(ListItem.Property(ShortPlot))">$INFO[ListItem.Title,[B],[/B]][CR]$INFO[ListItem.Property(ShortPlot)]</value>
		<value condition="!IsEmpty(ListItem.Plot)">$INFO[ListItem.Title,[B],[/B]][CR]$INFO[ListItem.Plot]</value>
		<value condition="StringCompare(ListItem.Property(widget), weather)">$INFO[ListItem.Title,[B],[/B]][CR]$INFO[ListItem.Property(Plot)][CR]$INFO[ListItem.label2]</value>
		<value condition="!IsEmpty(ListItem.Property(Plot))">$INFO[ListItem.Title,[B],[/B]][CR]$INFO[ListItem.Property(Plot)]</value>
		<value>$INFO[ListItem.Title,[B],[/B]]</value>
    </variable>
	
	<include name="HomeLayoutFixedFocus">
		<!-- home menu Widgets -->
		<include condition="!Skin.HasSetting(DisableAllWidgets)">HomeMenuWidget</include>
		
		<control type="wraplist" id="300">
			<visible>!Skin.String(GadgetRows, enhanced)</visible>
            <posx>38</posx>
            <width>1845</width>
            <include>normalHomePanelLayout</include>
        </control>
	</include>
	
	<include name="HomeLayoutNormal">
	
		<!-- home menu Widgets -->
		<include condition="!Skin.HasSetting(DisableAllWidgets)">HomeMenuWidget</include>
		
		<control type="panel" id="300">
			<visible>!Skin.String(GadgetRows, enhanced)</visible>
            <posx>38</posx>
            <width>1845</width>
            <include>normalHomePanelLayout</include>
        </control>
	</include>
	
	
	
	<include name="normalHomePanelLayout">
		<include condition="Skin.String(GadgetRows, 1) + !Skin.HasSetting(UseSmallHomeTiles)">Gadget1Row</include>
		<include condition="!Skin.String(GadgetRows, 1) + !Skin.HasSetting(UseSmallHomeTiles)">Gadget2Row</include>
		<include condition="Skin.String(GadgetRows, 1) + Skin.HasSetting(UseSmallHomeTiles)">Gadget1RowSmall</include>
		<include condition="!Skin.String(GadgetRows, 1) + Skin.HasSetting(UseSmallHomeTiles)">Gadget2RowSmall</include>
		
		<animation type="Conditional" condition="[ControlGroup(77777).HasFocus | StringCompare(Window(Home).Property(ShowWidget),show)]">
			<effect type="slide" start="0,-0" end="0,800" time="400" tween="cubic" easing="inout" delay="0" />
		</animation>
		
		<animation type="Conditional" condition="SubString(Window(Home).Property(HomeLoaded),loaded)">
			<effect type="slide" start="0,800" end="0,0" time="450" delay="600" tween="cubic" easing="inout" />
		</animation>
		
		<animation type="Conditional" condition="[Skin.String(GadgetRows, 1) | Skin.HasSetting(DisablePowerMenu)] + [[Skin.HasSetting(UseSubmenuImages) + SubString(Window(Home).Property(submenu),show)] | [Skin.HasSetting(UseSubmenuImages) + Skin.HasSetting(AutoShowSubmenu)]]">
			<effect type="slide" start="0,-0" end="0,-70" time="300" tween="cubic" easing="inout" />
		</animation>
		
		<animation type="Conditional" condition="!Skin.String(GadgetRows, 1) + [[Skin.HasSetting(UseSubmenuImages) + SubString(Window(Home).Property(submenu),show)] | [Skin.HasSetting(UseSubmenuImages) + Skin.HasSetting(AutoShowSubmenu)]] + !Skin.HasSetting(DisablePowerMenu)">
			<effect type="slide" start="0,-0" end="0,-80" time="300" tween="cubic" easing="inout" />
		</animation>
		
		<animation effect="slide" end="0,40" time="0" condition="!system.getbool(lookandfeel.enablerssfeeds)">Conditional</animation>

		<onup>$VAR[HomeButtonUpAction]</onup>
		<ondown>$VAR[HomeButtonDownAction]</ondown>
		<onleft></onleft>
		<onright></onright>
		<orientation>horizontal</orientation>

		<pagecontrol>60</pagecontrol>
		<itemlayout width="612" height="265" condition="!Skin.HasSetting(UseSmallHomeTiles)">
			<control type="group">
			<posy>20></posy>
				<control type="image">
					<!--Panel Shadow-->
					<posx>0</posx>
					<posy>0</posy>
					<width>623</width>
					<height>271</height>
					<texture>home/home_shadow.png</texture>
					<visible>!Skin.HasSetting(NoShadowOnHomeMenuTiles)</visible>
				</control>
				<control type="image">
					<!--focus image-->
					<posx>11</posx>
					<posy>13</posy>
					<width>600</width>
					<height>250</height>
					<bordersize>-4</bordersize>
					<texture>home/home_matte2.png</texture>
					<colordiffuse>$INFO[Skin.String(HomeViewDetailsFocusColor)]</colordiffuse>
					<visible>StringCompare(Container(300).ListItem.Label, ListItem.Label)</visible>
				</control>
				<control type="image">
					<!--Panel Normal-->
					<posx>11</posx>
					<posy>13</posy>
					<width>600</width>
					<height>250</height>
					<texture background="true" diffuse="home/home_matte2.png" fallback="special://skin/extras/hometiles/addons.png">$INFO[ListItem.Icon]</texture>
					<aspectratio scalediffuse="false" align="center" aligny="top">scale</aspectratio>
					<fadetime>800</fadetime>
					<include>backgroundfade</include>
				</control>
				<control type="image">
					<!--Panel Ovelay-->
					<posx>11</posx>
					<posy>13</posy>
					<width>600</width>
					<height>250</height>
					<colordiffuse>ccFFFFFF</colordiffuse>
					<texture diffuse="home/home_matte2.png">home/home_overlay.png</texture>
					<visible>!Skin.HasSetting(NoTitleOnHomeMenuTiles) + !StringCompare(ListItem.Property(disableLabel), disable)</visible>
				</control>
				<control type="label">
					<!--Label-->
					<include condition="!SubString(System.BuildVersion,14,left) + !SubString(System.BuildVersion,15,left)">HomeTileLabelPosGotham</include>
					<include condition="SubString(System.BuildVersion,14,left) | SubString(System.BuildVersion,15,left)">HomeTileLabelPosHelix</include>
					<posy>170</posy>
					<width>600</width>
					<height>100</height>
					<align>center</align>
					<info>ListItem.Label</info>
					<font>Reg45</font>
					<textcolor>aawhite</textcolor>
					<shadowcolor>black</shadowcolor>
					<visible>!Skin.HasSetting(NoTitleOnHomeMenuTiles) + !StringCompare(ListItem.Property(disableLabel), disable)</visible>
				</control>
				<control type="label">
					<!--Label Grey-->
					<include condition="!SubString(System.BuildVersion,14,left) + !SubString(System.BuildVersion,15,left)">HomeTileLabelPosGotham</include>
					<include condition="SubString(System.BuildVersion,14,left) | SubString(System.BuildVersion,15,left)">HomeTileLabelPosHelix</include>
					<posy>170</posy>
					<width>600</width>
					<height>100</height>
					<align>center</align>
					<info>ListItem.Label</info>
					<font>Reg45</font>
					<textcolor>$INFO[Skin.String(HomeViewDetailsFocusColor)]</textcolor>
					<shadowcolor>black</shadowcolor>
					<visible>StringCompare(Container(300).ListItem.Label, ListItem.Label) + ![Skin.HasSetting(NoTitleOnHomeMenuTiles) | StringCompare(ListItem.Property(disableLabel), disable)]</visible>
				</control>
			</control>
		</itemlayout>
		<focusedlayout width="612" height="265" condition="!Skin.HasSetting(UseSmallHomeTiles)">
			<control type="group">
				<posy>20></posy>
				<control type="image">
					<!--widget Arrow UP-->
					<animation effect="fade" start="0" end="100" delay="1200" time="800" pulse="false">Focus</animation>
					<posx>233</posx>
					<posy>-16</posy>
					<width>149</width>
					<height>30</height>
					<texture>basichome_up.png</texture>
					<visible>!Skin.HasSetting(EnableTouchSupport) + !IsEmpty(Window(Home).Property(activewidget)) + [[Skin.String(GadgetRows, 2) + [StringCompare(Container(300).Position,0) | StringCompare(Container(300).Position,2) | StringCompare(Container(300).Position,4)]] | Skin.String(GadgetRows, 1)]</visible>
				</control>
				<control type="image">
					<!--widget Arrow DOWN-->
					<animation effect="fade" start="0" end="100" delay="1200" time="800" pulse="false">Focus</animation>
					<posx>236</posx>
					<posy>263</posy>
					<width>149</width>
					<height>30</height>
					<texture>basichome_down.png</texture>
					<!-- show arrow down button if submenu available or widget at 2 rows of home tiles -->
					<visible>!Skin.HasSetting(EnableTouchSupport) + [[IntegerGreaterThan(Container(4444).NumItems,0) + Skin.String(GadgetRows, 1)] | [!IsEmpty(Window(Home).Property(activewidget)) + Skin.String(GadgetRows, 2) + [StringCompare(Container(300).Position,1) | StringCompare(Container(300).Position,3) | StringCompare(Container(300).Position,5)]]]</visible>
				</control>
				
				<control type="image">
					<!--focus image-->
					<posx>11</posx>
					<posy>13</posy>
					<width>600</width>
					<height>250</height>
					<bordersize>-6</bordersize>
					<texture>home/home_matte2.png</texture>
					<colordiffuse>$INFO[Skin.String(HomeViewDetailsFocusColor)]</colordiffuse>
				</control>
				<control type="image">
					<!--Panel Normal-->
					<posx>11</posx>
					<posy>13</posy>
					<width>600</width>
					<height>250</height>
					<texture background="true" fallback="special://skin/extras/hometiles/addons.png" diffuse="home/home_matte2.png">$INFO[ListItem.Icon]</texture>
					<aspectratio scalediffuse="false" align="center" aligny="top">scale</aspectratio>
					<fadetime>800</fadetime>
					<include>backgroundfade</include>
				</control>
				<control type="image">
					<!--Panel Ovelay-->
				   <posx>11</posx>
					<posy>13</posy>
					<width>600</width>
					<height>250</height>
					<colordiffuse>ccFFFFFF</colordiffuse>
					<texture diffuse="home/home_matte2.png">home/home_overlay.png</texture>
					<visible>!Skin.HasSetting(NoTitleOnHomeMenuTiles) + !StringCompare(ListItem.Property(disableLabel), disable)</visible>
				</control>
				<control type="label">
					<!--Label Grey-->
					<include condition="!SubString(System.BuildVersion,14,left) + !SubString(System.BuildVersion,15,left)">HomeTileLabelPosGotham</include>
					<include condition="SubString(System.BuildVersion,14,left) | SubString(System.BuildVersion,15,left)">HomeTileLabelPosHelix</include>
					<posy>170</posy>
					<width>600</width>
					<height>100</height>
					<align>center</align>
					<info>ListItem.Label</info>
					<font>Reg45</font>
					<textcolor>$INFO[Skin.String(HomeViewDetailsFocusColor)]</textcolor>
					<shadowcolor>black</shadowcolor>
					<visible>!Skin.HasSetting(NoTitleOnHomeMenuTiles) + !StringCompare(ListItem.Property(disableLabel), disable)</visible>
				</control>
				<control type="button">
					<left>150</left>
					<top>0</top>
					<width>1</width>
					<height>60</height>
					<font>Reg28</font>
					<textcolor>blue</textcolor>
					<align>center</align>
					<aligny>center</aligny>
					<label>-</label>
					<visible>false</visible>
					<onfocus condition="!Skin.HasSetting(DisableAllSubmenus)">SetProperty(menu,300,Home)</onfocus>
					<onfocus condition="Skin.HasSetting(UseSectionBackground) + !Player.HasMedia">Skin.SetString(SectionBackground,$VAR[homeBackground])</onfocus>
					<onfocus condition="!Skin.HasSetting(UseSectionBackground) + Skin.String(SectionBackground)">Skin.Reset(SectionBackground)</onfocus>
					<onfocus condition="!Skin.HasSetting(DisableAllSubmenus) + skin.hastheme(classic)">SetProperty(submenupos,$INFO[Container(300).Position],Home)</onfocus>
					<onfocus condition="!Skin.HasSetting(DisableAllSubmenus) + Skin.HasSetting(AutoShowSubmenu) + skin.hastheme(classic)">SetFocus(4444)</onfocus>
					<onfocus condition="!Skin.HasSetting(DisableAllSubmenus) + Skin.HasSetting(AutoShowSubmenu) + !skin.hastheme(classic)">SetProperty(submenu,show,home)</onfocus>
					<onfocus condition="!Skin.HasSetting(DisableAllWidgets)">XBMC.RunScript(script.titanskin.helpers,SETWIDGET,300)</onfocus>
				</control>
			</control>
		</focusedlayout>
		<itemlayout width="365" height="205" condition="Skin.HasSetting(UseSmallHomeTiles)">
			<control type="group">
			<posy>25</posy>
			<posx>20</posx>
			<include>EnhancedHomeMainLayout</include>
			</control>
		</itemlayout>
		<focusedlayout width="365" height="215" condition="Skin.HasSetting(UseSmallHomeTiles)">
			<control type="group">
				<posy>25</posy>
				<posx>20</posx>
				<control type="image">
					<!--widget Arrow UP-->
					<animation effect="fade" start="0" end="100" delay="1200" time="800" pulse="false">Focus</animation>
					<posx>94</posx>
					<posy>-26</posy>
					<width>149</width>
					<height>30</height>
					<texture>basichome_up.png</texture>
					<visible>!Skin.HasSetting(EnableTouchSupport) + !IsEmpty(Window(Home).Property(activewidget)) + [[Skin.String(GadgetRows, 2) + [StringCompare(Container(300).Position,0) | StringCompare(Container(300).Position,2) | StringCompare(Container(300).Position,4)]] | Skin.String(GadgetRows, 1)]</visible>
				</control>
				<control type="image">
					<!--widget Arrow DOWN-->
					<animation effect="fade" start="0" end="100" delay="1200" time="800" pulse="false">Focus</animation>
					<posx>94</posx>
					<posy>178</posy>
					<width>149</width>
					<height>30</height>
					<texture>basichome_down.png</texture>
					<!-- show arrow down button if submenu available or widget at 2 rows of home tiles -->
					<visible>!Skin.HasSetting(EnableTouchSupport) + [[IntegerGreaterThan(Container(4444).NumItems,0) + Skin.String(GadgetRows, 1)] | [!IsEmpty(Window(Home).Property(activewidget)) + Skin.String(GadgetRows, 2) + [StringCompare(Container(300).Position,1) | StringCompare(Container(300).Position,3) | StringCompare(Container(300).Position,5)]]]</visible>
				</control>
				<include>EnhancedHomeMainLayoutFocus</include>
			</control>
		</focusedlayout>
		<content>
			<include>skinshortcuts-mainmenu</include>
		</content>
	</include>
	
	
	<include name="EnhancedHomeScreen">
	
		<control type="image">
			<!--Panel Shadow-->
			<posx>50</posx>
			<posy>190</posy>
			<width>1820</width>
			<height>890</height>
			<texture>colors/color_white.png</texture>
			<animation effect="fade" reversible="false" end="80" time="0" condition="StringCompare(Skin.String(ViewDetailsPanelOpacity),80)">Conditional</animation>
			<animation effect="fade" reversible="false" end="60" time="0" condition="StringCompare(Skin.String(ViewDetailsPanelOpacity),60)">Conditional</animation>
			<animation effect="fade" reversible="false" end="40" time="0" condition="StringCompare(Skin.String(ViewDetailsPanelOpacity),40)">Conditional</animation>
			<animation effect="fade" reversible="false" end="20" time="0" condition="StringCompare(Skin.String(ViewDetailsPanelOpacity),20)">Conditional</animation>
			<animation effect="fade" reversible="false" end="0" time="0" condition="StringCompare(Skin.String(ViewDetailsPanelOpacity),0)">Conditional</animation>
			<colordiffuse>$VAR[panel_color]</colordiffuse>
			<aspectratio>stretch</aspectratio>
			<visible>!Skin.HasSetting(HideWidgetPanelBackground)</visible>
			<animation type="Conditional" condition="Control.IsVisible(4445)">
                <effect type="slide" start="0,0" end="0,510" time="200" tween="cubic" easing="inout" delay="0" />
            </animation>
		</control>
		
		
		<!-- main menu -->
		<control type="group">
			<height>440</height>
			<posx>70</posx>
			<posy>800</posy>
			<include>animation_fade_visible_hidden</include>
			<control type="list" id="300">
				<posx>0</posx>
				<width>1800</width>
				<height>300</height>
				<orientation>horizontal</orientation>
				<onleft>300</onleft>
				<onright>300</onright>
				<onup>$VAR[EnhancedHomeButtonUpAction]</onup>
				<ondown>2</ondown>
				<itemgap>0</itemgap>

				<itemlayout width="360" height="185">
					<include>EnhancedHomeMainLayout</include>
				</itemlayout>
				<focusedlayout width="360" height="185">
					<control type="group">
						<include>EnhancedHomeMainLayoutFocus</include>
					</control>
				</focusedlayout>
				<content><include>skinshortcuts-mainmenu</include></content>
			</control>
			
		</control>
	
	
		<!-- sub menu -->
		<control type="group">
			<posx>60</posx>
			<posy>190</posy>
			<width>1800</width>
			<height>600</height>
			
			<!-- submenu dummy button -->
			<control type="button" id="513">
				<posy>0</posy>
				<posx>10</posx>
				<width>350</width>
				<height>40</height>
				<font>Reg26</font>
				<align>left</align>
				<aligny>center</aligny>
				<textoffsetx>0</textoffsetx>
				<textcolor>$VAR[ThemeFontColorDarkGrey]</textcolor>
				<texturenofocus>-</texturenofocus>
				<texturefocus>-</texturefocus>
				<focusedcolor>$VAR[ThemeFontColorDarkGrey]</focusedcolor>
				<label>1034</label>
				<onclick>noop</onclick>
				<onleft>4444</onleft>
				<onright>Control.Move(300,1)</onright>
				<onup>noop</onup>
				<ondown>510</ondown>
				<visible>IntegerGreaterThan(Container(4444).NumItems,0)</visible>
			</control>
			
			<control type="list" id="4444">
				<posx>10</posx>
				<posy>40</posy>
				<height>555</height>
				<width>365</width>
				<orientation>vertical</orientation>
				<onleft>Control.Move(300,-1)</onleft>
				<onleft>300</onleft>
				<onright>1508</onright>
				<ondown>4444</ondown>
				<itemgap>0</itemgap>
				<onback>300</onback>
				<include>animation_fade_visible_hidden</include>
				<visible>!IsEmpty(Window(Home).Property(activewidget))</visible>
				<itemlayout width="362" height="185">
					<include>HomeMenuWidgetItemlayoutEnhanced</include>
				</itemlayout>
				<focusedlayout width="362" height="185">
					<control type="group">
						<include>HomeMenuWidgetFocuslayoutEnhanced</include>
					</control>
				</focusedlayout>
				<content>
					<include>skinshortcuts-submenu</include>
				</content>
			</control>
		
		</control>
	
		<!-- alternative lowlist sub menu -->
		<control type="group">
			<control type="list" id="4445">
				<posx>70</posx>
				<posy>725</posy>
				<width>1800</width>
				<height>185</height>
				<orientation>horizontal</orientation>
				<onleft>4445</onleft>
				<onright>4445</onright>
				<itemgap>0</itemgap>
				<ondown>300</ondown>
				<onup>300</onup>
				<include>animation_fade_visible_hidden</include>
				<visible>IsEmpty(Window(Home).Property(activewidget))</visible>
				<itemlayout width="360" height="185">
					<control type="button">
						<label></label>
						<width>337</width>
						<height>60</height>
						<font>Reg24</font>
						<textcolor>blue</textcolor>
						<align>center</align>
						<aligny>center</aligny>
					</control>
					<control type="label"> <!--label-->
						<left>20</left>
						<width>300</width>
						<label>$INFO[ListItem.Label]</label>
						<font>Reg24</font>
						<scroll>false</scroll>
					</control>
				</itemlayout>
				<focusedlayout width="360" height="185">
					<control type="button">
						<label></label>
						<width>337</width>
						<height>60</height>
						<font>Reg24</font>
						<textcolor>blue</textcolor>
						<align>center</align>
						<aligny>center</aligny>
					</control>
					<control type="label"> <!--label-->
						<left>20</left>
						<width>300</width>
						<label>$INFO[ListItem.Label]</label>
						<font>Reg24</font>
						<scroll>false</scroll>
						<textcolor>white</textcolor>
					</control>
					<control type="label"> <!--label-->
						<left>20</left>
						<width>300</width>
						<label>$INFO[ListItem.Label]</label>
						<font>Reg24</font>
						<scroll>false</scroll>
						<textcolor>black</textcolor>
						<visible>Control.HasFocus(4444)</visible>
					</control>
				</focusedlayout>

				<content><include>skinshortcuts-submenu</include></content>
			</control>
		</control>
		
		<!-- widgets -->
		<control type="group">
			<posx>413</posx>
			<posy>190</posy>
			<width>1437</width>
			<height>680</height>
			<include>animation_fade_visible_hidden</include>
			<visible>!IsEmpty(Window(Home).Property(activewidget))</visible>
			<!-- change spotlight widget button -->
			<control type="button" id="513">
				<posy>0</posy>
				<posx>10</posx>
				<width>1070</width>
				<height>40</height>
				<font>Reg26</font>
				<align>left</align>
				<aligny>center</aligny>
				<textoffsetx>0</textoffsetx>
				<textcolor>$VAR[ThemeFontColorDarkGrey]</textcolor>
				<texturenofocus>-</texturenofocus>
				<texturefocus>-</texturefocus>
				<focusedcolor>$VAR[ThemeFontColorDarkGrey]</focusedcolor>
				<label>31185</label>
				<onclick>noop</onclick>
				<onleft>4444</onleft>
				<onright>Control.Move(300,1)</onright>
				<onright>300</onright>
				<onup>noop</onup>
				<ondown>510</ondown>
				<animation effect="slide" end="-345,0" time="0" condition="!IntegerGreaterThan(Container(4444).NumItems,0)">Conditional</animation>
			</control>
	
			<!-- spotlight widget -->
			<control type="panel" id="1508">
				<posy>40</posy>
				<posx>10</posx>
				<width>1070</width>
				<height>550</height>
				<onleft>4444</onleft>
				<onright>510</onright>
				<ondown>1508</ondown>
				<onback>300</onback>
				<onup>1508</onup>
				<orientation>vertical</orientation>
				<focusposition>2</focusposition>
				<include>animation_fade_visible_hidden</include>
				<visible>!IsEmpty(Window(Home).Property(activewidget))</visible>
				<scrolltime tween="cubic" easing="inout">500</scrolltime>
				<itemlayout width="1070" height="558">
					<!-- spotlight image -->
					<control type="image">
						<width>1068</width>
						<height>550</height>
						<texture background="true">$VAR[SpotLightWidgetImage]</texture>
						<aspectratio>scale</aspectratio>
					</control>
					<!--info Overlay-->
					 <control type="image">
						<width>1069</width>
						<height>551</height>
						<colordiffuse>ccFFFFFF</colordiffuse>
						<texture diffuse="home/home_matte2.png">home/home_overlay.png</texture>
					</control>
					<!-- plot small (with logo)-->
					<control type="textbox">
						<posy>395</posy>
						<posx>20</posx>
						<width>750</width>
						<height>134</height>
						<align>left</align>
						<valign>bottom</valign>
						<label>$VAR[SpotLightWidgetInfoPlot]</label>
						<font>Light26</font>
						<autoscroll>false</autoscroll>
						<textcolor>white</textcolor>
						<shadowcolor>black</shadowcolor>
						<visible>!IsEmpty(ListItem.Art(clearlogo)) | !IsEmpty(ListItem.Property(clearlogo)) | !IsEmpty(ListItem.Art(clearlogo))</visible>
					</control>
					<!-- plot wide (no logo)-->
					<control type="textbox">
						<posy>395</posy>
						<posx>20</posx>
						<width>980</width>
						<height>134</height>
						<align>left</align>
						<valign>bottom</valign>
						<label>$VAR[SpotLightWidgetInfoPlot]</label>
						<font>Light26</font>
						<autoscroll>false</autoscroll>
						<textcolor>white</textcolor>
						<shadowcolor>black</shadowcolor>
						<visible>IsEmpty(ListItem.Art(clearlogo)) + IsEmpty(ListItem.Property(clearlogo)) + IsEmpty(ListItem.Art(clearlogo))</visible>
					</control>
					<!-- clearlogo -->
					<control type="image">
						<posx>800</posx>
						<posy>390</posy>
						<width>250</width>
						<height>140</height>
						<aspectratio align="center" aligny="center">keep</aspectratio>
						<texture background="true">$VAR[SpotLightWidgetInfoclearlogo]</texture>
					</control>
				</itemlayout>
				<focusedlayout width="1070" height="558">
					<!-- spotlight image -->
					<control type="image">
						<width>1068</width>
						<height>550</height>
						<texture background="true">$VAR[SpotLightWidgetImage]</texture>
						<aspectratio>scale</aspectratio>
					</control>
					<!--info Overlay-->
					 <control type="image">
						<width>1069</width>
						<height>551</height>
						<colordiffuse>ccFFFFFF</colordiffuse>
						<texture diffuse="home/home_matte2.png">home/home_overlay.png</texture>
					</control>
					<!-- plot small (with logo)-->
					<control type="textbox">
						<posy>395</posy>
						<posx>20</posx>
						<width>750</width>
						<height>134</height>
						<align>left</align>
						<valign>bottom</valign>
						<label>$VAR[SpotLightWidgetInfoPlot]</label>
						<font>Light26</font>
						<autoscroll>false</autoscroll>
						<textcolor>white</textcolor>
						<shadowcolor>black</shadowcolor>
						<visible>!IsEmpty(ListItem.Art(clearlogo)) | !IsEmpty(ListItem.Property(clearlogo)) | !IsEmpty(ListItem.Art(clearlogo))</visible>
					</control>
					<!-- plot wide (no logo)-->
					<control type="textbox">
						<posy>395</posy>
						<posx>20</posx>
						<width>980</width>
						<height>134</height>
						<align>left</align>
						<valign>bottom</valign>
						<label>$VAR[SpotLightWidgetInfoPlot]</label>
						<font>Light26</font>
						<autoscroll>false</autoscroll>
						<textcolor>white</textcolor>
						<shadowcolor>black</shadowcolor>
						<visible>IsEmpty(ListItem.Art(clearlogo)) + IsEmpty(ListItem.Property(clearlogo)) + IsEmpty(ListItem.Art(clearlogo))</visible>
					</control>
					<!-- clearlogo -->
					<control type="image">
						<posx>800</posx>
						<posy>390</posy>
						<width>250</width>
						<height>140</height>
						<aspectratio align="center" aligny="center">keep</aspectratio>
						<texture>$VAR[SpotLightWidgetInfoclearlogo]</texture>
					</control>

					<control type="image">
						<!--Panel Focus-->
						<animation type="Focus">
							<effect type="fade" start="0" end="100" time="300" center="auto" delay="0" tween="cubic" easing="inout" />
						</animation>
						<animation type="UnFocus">
							<effect type="fade" start="100" end="0" time="300" center="auto" delay="0" tween="cubic" easing="inout" />
						</animation>
						<posx>-16</posx>
						<posy>-22</posy>
						<width>1104</width>
						<height>590</height>
						<colordiffuse>$INFO[Skin.String(HomeViewDetailsFocusColor)]</colordiffuse>
						<texture>home/home_focus.png</texture>
					</control>
				</focusedlayout>
				<content>$VAR[SpotLightWidgetContent]</content>
			</control>
			
			<!-- alt widget info submenu present-->
			<control type="group">
			<posy>40</posy>
			<posx>10</posx>
			<visible>[!IntegerGreaterThan(Container(1508).NumItems,0) | Control.HasFocus(510)] + IntegerGreaterThan(Container(4444).NumItems,0)</visible>
			<include>animation_fade_visible_hidden</include>
			<!-- spotlight image -->
					<control type="image">
						<width>1068</width>
						<height>550</height>
						<texture background="true">$VAR[SpotLightWidgetImage]</texture>
						<aspectratio>scale</aspectratio>
					</control>
					<!--info Overlay-->
					 <control type="image">
						<width>1069</width>
						<height>551</height>
						<colordiffuse>ccFFFFFF</colordiffuse>
						<texture diffuse="home/home_matte2.png">home/home_overlay.png</texture>
					</control>
					<!-- plot small (with logo)-->
					<control type="textbox">
						<posy>395</posy>
						<posx>20</posx>
						<width>750</width>
						<height>134</height>
						<align>left</align>
						<valign>bottom</valign>
						<label>$VAR[HomeMenuWidgetInfoLabel][CR]$VAR[HomeMenuWidgetInfoPlot]</label>
						<font>Light26</font>
						<autoscroll>false</autoscroll>
						<textcolor>white</textcolor>
						<shadowcolor>black</shadowcolor>
						<visible>!IsEmpty(Container(510).ListItem.Property(clearlogo)) | !IsEmpty(Container(510).ListItem.Art(clearlogo))</visible>
					</control>
					<!-- plot wide (no logo)-->
					<control type="textbox">
						<posy>395</posy>
						<posx>20</posx>
						<width>980</width>
						<height>134</height>
						<align>left</align>
						<valign>bottom</valign>
						<label>$VAR[HomeMenuWidgetInfoLabel][CR]$VAR[HomeMenuWidgetInfoPlot]</label>
						<font>Light26</font>
						<autoscroll>false</autoscroll>
						<textcolor>white</textcolor>
						<shadowcolor>black</shadowcolor>
						<visible>IsEmpty(Container(510).ListItem.Property(clearlogo)) + IsEmpty(Container(510).ListItem.Art(clearlogo))</visible>
					</control>
					<!-- clearlogo -->
					<control type="image">
						<posx>800</posx>
						<posy>390</posy>
						<width>250</width>
						<height>140</height>
						<aspectratio align="center" aligny="center">keep</aspectratio>
						<texture background="true">$VAR[HomeMenuWidgetInfoclearlogo]</texture>
					</control>
					<!-- weather -->
					<control type="image">
						<posx>800</posx>
						<posy>380</posy>
						<width>250</width>
						<height>180</height>
						<aspectratio align="center" aligny="center">keep</aspectratio>
						<texture background="true">$INFO[Container(510).ListItem.Thumb]</texture>
						<visible>StringCompare(Window(Home).Property(activewidget), weather)</visible>
					</control>
			</control>
			
			
			<!-- alt widget info submenu NOT present-->
			<control type="group">
			<posy>40</posy>
			<posx>-342</posx>
			<include>animation_fade_visible_hidden</include>
			<visible>!IntegerGreaterThan(Container(4444).NumItems,0)</visible>
			<!-- spotlight image -->
					<control type="image">
						<width>1422</width>
						<height>550</height>
						<texture background="true">$VAR[SpotLightWidgetImage]</texture>
						<aspectratio aligny="center">scale</aspectratio>
					</control>
					<!--info Overlay-->
					 <control type="image">
						<width>1422</width>
						<height>551</height>
						<colordiffuse>ccFFFFFF</colordiffuse>
						<texture diffuse="home/home_matte2.png">home/home_overlay.png</texture>
					</control>
					<!-- plot small (with logo)-->
					<control type="textbox">
						<posy>395</posy>
						<posx>20</posx>
						<width>1050</width>
						<height>134</height>
						<align>left</align>
						<valign>bottom</valign>
						<label>$VAR[HomeMenuWidgetInfoLabel][CR]$VAR[HomeMenuWidgetInfoPlot]</label>
						<font>Light26</font>
						<autoscroll>false</autoscroll>
						<textcolor>white</textcolor>
						<shadowcolor>black</shadowcolor>
						<visible>!IsEmpty(Container(510).ListItem.Property(clearlogo)) | !IsEmpty(Container(510).ListItem.Art(clearlogo))</visible>
					</control>
					<!-- plot wide (no logo)-->
					<control type="textbox">
						<posy>395</posy>
						<posx>20</posx>
						<width>1300</width>
						<height>134</height>
						<align>left</align>
						<valign>bottom</valign>
						<label>$VAR[HomeMenuWidgetInfoLabel][CR]$VAR[HomeMenuWidgetInfoPlot]</label>
						<font>Light26</font>
						<autoscroll>false</autoscroll>
						<textcolor>white</textcolor>
						<shadowcolor>black</shadowcolor>
						<visible>IsEmpty(Container(510).ListItem.Property(clearlogo)) + IsEmpty(Container(510).ListItem.Art(clearlogo))</visible>
					</control>
					<!-- clearlogo -->
					<control type="image">
						<posx>1100</posx>
						<posy>390</posy>
						<width>250</width>
						<height>140</height>
						<aspectratio align="center" aligny="center">keep</aspectratio>
						<texture background="true">$VAR[HomeMenuWidgetInfoclearlogo]</texture>
					</control>
					<!-- weather -->
					<control type="image">
						<posx>1200</posx>
						<posy>380</posy>
						<width>250</width>
						<height>180</height>
						<aspectratio align="center" aligny="center">keep</aspectratio>
						<texture background="true">$INFO[Container(510).ListItem.Thumb]</texture>
						<visible>StringCompare(Window(Home).Property(activewidget), weather)</visible>
					</control>
			</control>
	
			
		
			<!-- widget right -->
			<control type="group">
			<posx>1087</posx>
			<width>350</width>
			<height>750</height>
			
			<!-- change widget button -->
			<control type="button" id="511">
				<posy>0</posy>
				<posx>10</posx>
				<width>337</width>
				<height>40</height>
				<font>Reg26</font>
				<align>left</align>
				<aligny>center</aligny>
				<textoffsetx>0</textoffsetx>
				<textcolor>$VAR[ThemeFontColorDarkGrey]</textcolor>
				<texturenofocus>-</texturenofocus>
				<focusedcolor>black</focusedcolor>
				<label>$VAR[HomeWidgetLabel]</label>
				<onclick>$VAR[HomeWidgetClickActions]</onclick>
				<onleft condition="!IntegerGreaterThan(Container(1508).NumItems,0)">4444</onleft>
				<onleft condition="IntegerGreaterThan(Container(1508).NumItems,0)">1508</onleft>
				<onright>Control.Move(300,1)</onright>
				<onup>510</onup>
				<ondown>510</ondown>
				<include>animation_fade_visible_hidden</include>
				<visible>![StringCompare(Window(Home).Property(activewidget),custom) + !IsEmpty(Window(Home).Property(customwidgetcontent))]</visible>
			</control>
			
			<!-- widgets -->
			<include>widgets</include>
		
		</control>
		
		
			
			
		</control>
		
		
		<!--RSS Text-->			
		<control type="rss">	
			<description>RSS Feed</description>
			<posx>80</posx>
			<posy>1002</posy>
			<width>1760</width>
			<height>50</height>
			<font>Reg28</font>
			<urlset>1</urlset>
			<titlecolor>$VAR[ThemeFontColorBlack]</titlecolor>
			<headlinecolor>$VAR[ThemeFontColorBlack]</headlinecolor>
			<textcolor>$VAR[ThemeFontColorBlack]</textcolor>
			<scrollspeed>40</scrollspeed>
			<visible>!Window.IsVisible(DialogButtonMenu.xml) + !Skin.HasSetting(EnableTouchSupport)</visible>
			<animation time="1500" effect="fade" delay="1500">Visible</animation>
			<animation time="200" effect="fade">Hidden</animation>	
		</control>
		
		<!-- touchscreen support -->
		<include condition="Skin.HasSetting(EnableTouchSupport)">TouchControlsFooter</include>
		
	</include>
	
	
	<include name="panel_layout_enhanced">
		<posy>40</posy>
		<posx>10</posx>
		<width>350</width>
		<height>555</height>
		<onleft>1508</onleft>
		<onright>Control.Move(300,1)</onright>
		<onright>300</onright>
		<ondown condition="!Skin.String(GadgetRows, enhanced)">300</ondown>
		<ondown condition="Skin.String(GadgetRows, enhanced)">510</ondown>
		<onback>300</onback>
		<onup>511</onup>
		<orientation>vertical</orientation>
		<focusposition>2</focusposition>
		<scrolltime tween="cubic" easing="inout">500</scrolltime>
		<itemlayout width="350" height="185">
			<include>HomeMenuWidgetItemlayoutEnhanced</include>
		</itemlayout>
		<focusedlayout width="350" height="185">
			<control type="group">
				<include>HomeMenuWidgetFocuslayoutEnhanced</include>
			</control>
		</focusedlayout>
	</include>
	
	
	 <include name="HomeMenuWidgetItemlayoutEnhanced">

		<control type="image">
            <!--Panel Normal-->
            <posx>0</posx>
            <posy>0</posy>
            <width>337</width>
			<height>175</height>
            <texture background="true" diffuse="home/home_matte2.png" fallback="banner_default.png">$VAR[HomeMenuWidgetImage]</texture>
            <aspectratio scalediffuse="true" align="center" aligny="center">scale</aspectratio>
        </control>
        <control type="image">
            <!--Panel Overlay-->
            <posx></posx>
            <posy>-10</posy>
            <width>337</width>
			<height>185</height>
            <colordiffuse>ccFFFFFF</colordiffuse>
            <texture diffuse="home/home_matte2.png">home/home_overlay.png</texture>
			<visible>[IsEmpty(ListItem.Art(landscape)) + IsEmpty(ListItem.Property(landscape))] + !IsEmpty(ListItem.Label)</visible>
        </control>
        <control type="label">
            <!--Label-->
            <posx>10</posx>
            <posy>93</posy>
            <width>320</width>
            <height>100</height>
            <align>left</align>
            <label>$VAR[HomeMenuWidgetLabel]</label>
            <font>Reg22</font>
            <textcolor>lightgrey</textcolor>
			<shadowcolor>black</shadowcolor>
			<visible>IsEmpty(ListItem.Art(landscape)) + IsEmpty(ListItem.Property(landscape))</visible>
        </control>
    </include>
    
	
	<include name="HomeMenuWidgetFocuslayoutEnhanced">

        <include>HomeMenuWidgetItemlayoutEnhanced</include>
        <control type="label">
            <!--Label White-->
            <animation type="Focus">
                <effect type="fade" start="0" end="100" time="300" center="auto" delay="0" tween="cubic" easing="inout" />
            </animation>
            <animation type="UnFocus">
                <effect type="fade" start="100" end="0" time="300" center="auto" delay="0" tween="cubic" easing="inout" />
            </animation>
            <posx>10</posx>
            <posy>93</posy>
            <width>320</width>
            <height>100</height>
            <align>left</align>
            <label>$VAR[HomeMenuWidgetLabel]</label>
            <font>Reg22</font>
            <textcolor>$INFO[Skin.String(HomeViewDetailsFocusColor)]</textcolor>
			<shadowcolor>black</shadowcolor>
			<visible>IsEmpty(ListItem.Art(landscape)) + IsEmpty(ListItem.Property(landscape)) + [Control.HasFocus(4444) | Control.HasFocus(510)]</visible>
        </control>
        <control type="image">
            <!--Panel Focus-->
            <animation type="Focus">
                <effect type="fade" start="0" end="100" time="300" center="auto" delay="0" tween="cubic" easing="inout" />
            </animation>
            <animation type="UnFocus">
                <effect type="fade" start="100" end="0" time="300" center="auto" delay="0" tween="cubic" easing="inout" />
            </animation>
            <posx>-5</posx>
            <posy>-8</posy>
			<width>350</width>
			<height>191</height>
			<colordiffuse>$INFO[Skin.String(HomeViewDetailsFocusColor)]</colordiffuse>
            <texture>home/home_focus.png</texture>
			<visible>Control.HasFocus(4444) | Control.HasFocus(510)</visible>
        </control>
		<control type="button">
			<label>-</label>
			<visible>false</visible>
			<onfocus>SetProperty(menu,4444,Home)</onfocus>
		</control>
    </include>
	
	
	<include name="EnhancedHomeMainLayout">
		<control type="image">
			<!--Panel Shadow-->
			<posx>7</posx>
			<posy>7</posy>
			<width>337</width>
			<height>175</height>
			<texture>home/home_shadow.png</texture>
			<visible>!Skin.HasSetting(NoShadowOnHomeMenuTiles)</visible>
		</control>
	
		<control type="image">
            <!--Panel Normal-->
            <posx>0</posx>
            <posy>0</posy>
            <width>337</width>
			<height>175</height>
            <texture background="true" diffuse="home/home_matte2.png" fallback="special://skin/extras/hometiles/addons.png">$INFO[ListItem.Icon]</texture>
            <aspectratio scalediffuse="true" align="center" aligny="center">scale</aspectratio>
        </control>
        <control type="image">
            <!--Panel Ovelay-->
            <posx></posx>
            <posy>-10</posy>
            <width>337</width>
			<height>185</height>
            <colordiffuse>ccFFFFFF</colordiffuse>
            <texture diffuse="home/home_matte2.png">home/home_overlay.png</texture>
			<visible>!Skin.HasSetting(NoTitleOnHomeMenuTiles) + !StringCompare(ListItem.Property(disableLabel), disable)</visible>
        </control>
        <control type="label">
            <!--Label-->
            <posx>10</posx>
            <posy>93</posy>
            <width>305</width>
            <height>100</height>
            <align>left</align>
            <info>ListItem.Label</info>
            <font>Reg24</font>
            <textcolor>lightgrey</textcolor>
			<shadowcolor>black</shadowcolor>
			<visible>!Skin.HasSetting(NoTitleOnHomeMenuTiles) + !StringCompare(ListItem.Property(disableLabel), disable)</visible>
        </control>
		<control type="label">
            <!--Label-->
            <posx>10</posx>
            <posy>93</posy>
            <width>305</width>
            <height>100</height>
            <align>left</align>
            <info>ListItem.Label</info>
            <font>Reg24</font>
            <textcolor>$INFO[Skin.String(HomeViewDetailsFocusColor)]</textcolor>
			<shadowcolor>black</shadowcolor>
			<visible>!Skin.HasSetting(NoTitleOnHomeMenuTiles) + !StringCompare(ListItem.Property(disableLabel), disable) + StringCompare(Container(300).ListItem.Label, ListItem.Label)</visible>
        </control>
		<control type="image">
            <posx>-5</posx>
            <posy>-7</posy>
			<width>350</width>
			<height>191</height>
			<colordiffuse>$INFO[Skin.String(HomeViewDetailsFocusColor)]</colordiffuse>
            <texture>home/home_focus.png</texture>
			<visible>StringCompare(Container(300).ListItem.Label, ListItem.Label)</visible>
        </control>
    </include>
    
	<include name="EnhancedHomeMainLayoutFocus">

        <include>EnhancedHomeMainLayout</include>
        <control type="label">
            <!--Label focus-->
            <animation type="Focus">
                <effect type="fade" start="0" end="100" time="300" center="auto" delay="0" tween="cubic" easing="inout" />
            </animation>
            <animation type="UnFocus">
                <effect type="fade" start="100" end="0" time="300" center="auto" delay="0" tween="cubic" easing="inout" />
            </animation>
            <posx>10</posx>
            <posy>93</posy>
            <width>305</width>
            <height>100</height>
            <align>left</align>
            <info>ListItem.Label</info>
            <font>Reg24</font>
            <textcolor>$INFO[Skin.String(HomeViewDetailsFocusColor)]</textcolor>
			<shadowcolor>black</shadowcolor>
			<visible>!Skin.HasSetting(NoTitleOnHomeMenuTiles) + !StringCompare(ListItem.Property(disableLabel), disable)</visible>
        </control>
        <control type="image">
            <!--Panel Focus-->
            <animation type="Focus">
                <effect type="fade" start="0" end="100" time="300" center="auto" delay="0" tween="cubic" easing="inout" />
            </animation>
            <animation type="UnFocus">
                <effect type="fade" start="100" end="0" time="300" center="auto" delay="0" tween="cubic" easing="inout" />
            </animation>
            <posx>-5</posx>
            <posy>-7</posy>
			<width>350</width>
			<height>191</height>
			<colordiffuse>$INFO[Skin.String(HomeViewDetailsFocusColor)]</colordiffuse>
            <texture>home/home_focus.png</texture>
        </control>
		<control type="button">
			<left>150</left>
			<top>0</top>
			<width>1</width>
			<height>60</height>
			<font>Reg28</font>
			<textcolor>blue</textcolor>
			<align>center</align>
			<aligny>center</aligny>
			<label>-</label>
			<visible>false</visible>
			<onfocus condition="Skin.HasSetting(UseSectionBackground) + !Player.HasMedia">Skin.SetString(SectionBackground,$VAR[homeBackground])</onfocus>
			<onfocus condition="!Skin.HasSetting(UseSectionBackground) + Skin.String(SectionBackground)">Skin.Reset(SectionBackground)</onfocus>
			<onfocus condition="!Skin.HasSetting(DisableAllSubmenus)">SetProperty(menu,300,Home)</onfocus>
			<onfocus condition="!Skin.HasSetting(DisableAllSubmenus) + Skin.HasSetting(AutoShowSubmenu) + skin.hastheme(classic)">SetFocus(4444)</onfocus>
			<onfocus condition="!Skin.HasSetting(DisableAllSubmenus) + Skin.HasSetting(AutoShowSubmenu) + !skin.hastheme(classic)">SetProperty(submenu,show,home)</onfocus>
			<onfocus condition="!Skin.HasSetting(DisableAllWidgets)">XBMC.RunScript(script.titanskin.helpers,SETWIDGET,300)</onfocus>
		</control>
    </include>
	
	
	<include name="fastMoviesTest">
		<control type="group">
			<visible>StringCompare(Window(home).Property(ShowFastAllMovies), show)</visible>
			
			<!-- listItem fanart -->
			<control type="image">
				<include>DimensionsFullscreen</include>
				<include>backgroundfade</include>
				<fadetime>1000</fadetime>
				<texture background="true">$INFO[Container(57).ListItem.Art(fanart)]</texture>
			</control>
			<include>DialogOverlay</include>

			<include>TimeInfo</include>
			
			
			
			<!-- movies panel -->
			<control type="panel" id="57">
				<viewtype label="Big Panel">icons</viewtype>
				<posx>45</posx>
				<posy>175</posy>
				<width>1836</width>
				<height>761</height>
				<orientation>vertical</orientation>
				<onleft>9000</onleft>
				<onright>60</onright>
				<onup>57</onup>
				<ondown>57</ondown>
				<onback>SetFocus(300)</onback>
				<onback>SetProperty(ShowFastAllMovies, hide, Home)</onback>
				<preloaditems>4</preloaditems>
				<pagecontrol>60</pagecontrol>
				<itemlayout height="380" width="259">
				  <control type="image">
					<include>BigPanelPosterDimensions</include>
					<include>PosterThumbBG</include>
				  </control>
				  <control type="image">
					<include>BigPanelPosterDimensions</include>
					<include>PosterThumb</include>
				  </control>
				  <control type="image">
						<!--Watched Overlay-->
						<posx>182</posx>
						<posy>7</posy>
						<width>70</width>
						<height>70</height>
						<colordiffuse>ccFFFFFF</colordiffuse>
						<texture>overlays/big/OverlayWatched.png</texture>
						<visible>!Skin.HasSetting(HideWatchedOverlayBigPanel) + !skin.hastheme(classic) + StringCompare(Container(57).ListItem.Overlay,OverlayWatched.png</visible>
				</control>

				</itemlayout>
				<focusedlayout height="380" width="259">
				  <control type="image">
					<include>BigPanelPosterDimensions</include>
					<include>PosterThumbFO</include>
				  </control>
				  <control type="image">
					<include>BigPanelPosterDimensions</include>
					<include>PosterThumb</include>
				  </control>
				  <control type="image">
						<!--Watched Overlay-->
						<posx>182</posx>
						<posy>7</posy>
						<width>70</width>
						<height>70</height>
						<colordiffuse>ccFFFFFF</colordiffuse>
						<texture>overlays/big/OverlayWatched.png</texture>
						<visible>!Skin.HasSetting(HideWatchedOverlayBigPanel) + !skin.hastheme(classic) + StringCompare(Container(57).ListItem.Overlay,OverlayWatched.png)</visible>
				</control>
				</focusedlayout>
				<content>$INFO[Window.Property(MediaBrowser.std.movies.0.content)]</content>
			</control>

			
			<!-- header -->
			<control type="label">
				<visible>!Window.IsActive(DialogKaiToast.xml) + !Window.IsActive(DialogExtendedProgressBar.xml) + !Control.IsVisible(88888)</visible>
				<posx>61</posx>
				<posy>10</posy>
				<width min="80" max="1400">auto</width>
				<height>100</height>
				<font>Bold45</font>
				<align>left</align>
				<textcolor>$INFO[Skin.String(HeaderTextColor)]</textcolor>
				<label>[UPPERCASE]$LOCALIZE[342][/UPPERCASE] $INFO[Container(57).ListItem.Title,> ,]</label>
				<shadowcolor>$INFO[Skin.String(HeaderTextShadowColor)]</shadowcolor>
			</control>
			 <control type="label">
				<visible>!skin.hastheme(classic) + !Window.IsActive(DialogKaiToast.xml) + !Window.IsActive(DialogExtendedProgressBar.xml) + !Control.IsVisible(88888)</visible>
				<posy>85</posy>
				<posx>61</posx>
				<width min="0" max="1100">auto</width>
				<height>50</height>
				<label>$INFO[Container.NumItems,, $LOCALIZE[31034]]</label>
				<font>Reg30</font>
				<textcolor>$INFO[Skin.String(HeaderTextColor)]</textcolor>
				<shadowcolor>$INFO[Skin.String(HeaderTextShadowColor)]</shadowcolor>
			</control>
			
			<!-- Footer -->
		<control type="group">
			<!--Footer Background-->
			<control type="group">						
				<control type="image">
					<posx>0</posx>
					<posy>982</posy>
					<width>1920</width>
					<height>110</height>
					<texture>colors/color_white.png</texture>
					<colordiffuse>$VAR[panel_color]</colordiffuse>
					<include>animation_fade_visible_hidden</include>
					<animation effect="fade" end="80" time="0" reversible="false" condition="StringCompare(Skin.String(FooterOpacity),80)">Conditional</animation>
					<animation effect="fade" end="60" time="0" reversible="false" condition="StringCompare(Skin.String(FooterOpacity),60)">Conditional</animation>
					<animation effect="fade" end="40" time="0" reversible="false" condition="StringCompare(Skin.String(FooterOpacity),40)">Conditional</animation>
					<animation effect="fade" end="20" time="0" reversible="false" condition="StringCompare(Skin.String(FooterOpacity),20)">Conditional</animation>
					<animation effect="fade" end="0" time="0" reversible="false" condition="StringCompare(Skin.String(FooterOpacity),0)">Conditional</animation>
				</control>
			</control>
			
			<!-- touchscreen support -->
			<include condition="Skin.HasSetting(EnableTouchSupport)">TouchControlsFooter</include>

			<!-- codec info-->
			<control type="group">
			<posy>1015</posy>
			<posx>60</posx>
			<include>mediaflags57</include>
			<visible>!Skin.HasSetting(EnableTouchSupport)</visible>
			</control>
			
			<control type="group">
				<!--Rating-->
				<posy>985</posy>
				<posx>1450</posx>
				<control type="image">
					<!--Stars modern-->
					<posx>130</posx>
					<posy>24</posy>
					<width>220</width>
					<height>45</height>
					<texture fallback="rating/0.0.png">$INFO[Container(57).ListItem.Rating,rating/,.png]</texture>
				</control>
				<control type="label">
					<!--Rating modern-->
					<posx>360</posx>
					<posy>15</posy>
					<width>100</width>
					<font>Reg36</font>
					<textcolor>white</textcolor>
					<label fallback="0.0">$INFO[Container(57).ListItem.Rating]</label>
				</control>
			</control>
			
			<control type="group">
			<!--Title-->
			<visible>!Window.IsActive(DialogVideoInfo.xml) + !Window.IsVisible(DialogFavourites.xml)</visible>
			<include>animation_view_change</include>
			
			<posy>985</posy>
			<control type="label">
				<!--Others-->
				<posx>610</posx>
				<posy>0</posy>
				<width>700</width>
				<align>center</align>
				<font>Bold30</font>
				<textcolor>$VAR[ThemeFontColorBlack]</textcolor>
				<label>$INFO[Container(57).ListItem.label]</label>
				<visible>IsEmpty(Container(57).Listitem.Art(clearlogo)) + IsEmpty(Container(57).Listitem.Art(tvshow.clearlogo))</visible>
			</control>
			
			<control type="image">
				<!--logo-->
				<posx>810</posx>
				<posy>10</posy>
				<width>350</width>
				<height>80</height>
				<align>center</align>
				<valign>center</valign>
				<fadetime>600</fadetime>
				<aspectratio>keep</aspectratio>
				<texture>$INFO[Container(57).Listitem.Art(clearlogo))]</texture>
			</control>

		</control>
	
		</control>
			 
			
			
		
		
		
		
    </control>
	</include>


</includes>