<?xml version="1.0" encoding="utf-8"?>
<!--Titan-->
<window id="1">
    <defaultcontrol always="true">50</defaultcontrol>
    <allowoverlay>yes</allowoverlay>
	<backgroundcolor>0</backgroundcolor>
    <views>50,52,500,501,502,505,53,54,55,506,56,57,58,59,507,508,509,510,511,512,513,514</views>
    <controls>
        <!--Global Background-->
        <include>GlobalBackground</include>
        <!--Time & Weather-->
        <include>TimeInfo</include>
        <!--Header-->
        <include>Header</include>
        <!--Hidden Button-->
        <control type="radiobutton" id="19">
            <description>Filter (hidden)</description>
            <include>HiddenButton</include>
        </control>
		
		<!-- footer bar -->
		<control type="group">
			<visible>![Control.IsVisible(514) + StringCompare(Window(Home).Property(showinfopanel),show)]</visible>
			<include condition="!skin.hassetting(nofooterbar)">Footer</include>
		</control>
        <!--Views-->
		<control type="group">
			<include>animation_window_open_close</include>
			<visible>!Window.IsActive(DialogKeyboard.xml)</visible>
			<include>View_50_List</include>
			<include>View_55_BannerList</include>
			<include>View_500_Showcase</include>
			<include>View_52_HorizontalPanel</include>
			<include>View_53_PanelDetails</include>
			<include>View_54_PanelWall</include>
			
			<include>ViewExtendedList</include>
			<include>View_56_BannerPlex</include>
			<include>View_57_BigPanel</include>
			<include>View_58_LargePoster</include>
			<include>View_59_BigPanelDetails</include>
			
			<include>View_501_Landscape</include>
			<include>View_502_LandscapeSingle</include>
			<include>View_505_LandscapeDetails</include>
			<include>View_507_FanArt</include>
			<include>View_508_SinglePoster</include>
			<include>View_509_PanelSquare</include>
			<include>View_510_PanelSquareDetails</include>
			<include>View_511_Thumbs</include>
			<include>View_512_ThumbsDetails</include>
			<include>View_513_PosterRow</include>
			<include>View_514_PosterShift</include>
		</control>
        <!--Sub Menu Tab Left-->
        <include>SubMenuTabLeft</include>
		<include>SubMenuTabTop</include>
        <!--Sub Menu-->
        <control type="group">
            <include condition="skin.hastheme(classic)">SideBladeClassic</include>
			<include condition="!skin.hastheme(classic)">SideBladeModern</include>
            <!--Grouplist 9000-->
            <control type="grouplist" id="9000">
                <posx>21</posx>
                <posy>190</posy>
                <width>458</width>
                <height>750</height>
                <itemgap>3</itemgap>
                <onleft>50</onleft>
                <onright>50</onright>
				<onright>ClearProperty(ShowViewSubMenu, Home)</onright>
				<onleft>ClearProperty(ShowViewSubMenu, Home)</onleft>
				<onback>ClearProperty(ShowViewSubMenu, Home)</onback>
                <onup>9000</onup>
                <ondown>9000</ondown>
                <orientation>vertical</orientation>
                <!--Buttons-->
                <control type="label" id="200">
                    <!--Label Menu-->
                    <width>458</width>
                    <align>left</align>
                    <textoffsetx>50</textoffsetx>
                    <font>Bold40</font>
                    <textcolor>$VAR[ThemeFontColorBlack]</textcolor>
                    <label>$LOCALIZE[33061]:</label>
					<visible>skin.hastheme(classic)</visible>
                </control>
                <control type="image" id="201">
                    <!--Seperator-->
                    <width>458</width>
                    <height>10</height>
                    <align>left</align>
                    <texture>common/menu-separator.png</texture>
					<visible>skin.hastheme(classic)</visible>
                </control>
                <control type="button" id="3">
                    <!--Sort-->
                    <include>SubMenuButton</include>
                </control>
                <control type="togglebutton" id="4">
                    <!--Ascending-->
                    <include>SubMenuButton</include>
                    <label>584</label>
                    <altlabel>585</altlabel>
                </control>
                <control type="button" id="400">
                    <!--Set View-->
                    <include>SubMenuButton</include>
                    <label>View: $INFO[Container.Viewmode]</label>
                    <onclick>Container.NextViewMode</onclick>
				</control>
				<include>SideBladeViewCommands</include>
            </control>
        </control>
    </controls>
</window>