<?xml version="1.0" encoding="utf-8"?>
<!--Titan-->
<window>
    <defaultcontrol>17</defaultcontrol>
	<allowoverlay>no</allowoverlay>
	<backgroundcolor>0</backgroundcolor>
	<views>17</views>
    <controls>
        <!--Global Background-->
        <include>GlobalBackground</include>
		<!--Time & Weather-->
        <include>TimeInfo</include>
		<!--NowPlaying-->
        <include condition="Skin.HasTheme(classic)">NowPlayingMusicClassic</include>
        <include condition="Skin.HasTheme(classic)">NowPlayingVideoClassic</include>
		<include condition="!Skin.HasTheme(classic)">NowPlayingModern</include>
        
        <!--Header-->
        <include>Header</include>
		<!--Footer-->
		<include condition="!skin.hassetting(nofooterbar)">Footer</include>

        <!--PVR Views-->
        <control type="group" id="5000">
			 <!--LiveTVSearchView ID=17-->
        <control type="group">
            <include>animation_window_open_close</include>
            
            <control type="group">
                <!--Panel-->
                <visible>Control.IsVisible(17)</visible>
                <include>animation_view_change_pvr</include>
                
                <control type="image">
                    <!--Panel Button-->
                    <posx>0</posx>
                    <posy>450</posy>
                    <width>1907</width>
                    <height>550</height>
                    <texture>pvr/pvr_epg_panel.png</texture>
					<animation effect="fade" reversible="false" end="80" time="0" condition="StringCompare(Skin.String(ViewDetailsPanelOpacity),80)">Conditional</animation>
					<animation effect="fade" reversible="false" end="60" time="0" condition="StringCompare(Skin.String(ViewDetailsPanelOpacity),60)">Conditional</animation>
					<animation effect="fade" reversible="false" end="40" time="0" condition="StringCompare(Skin.String(ViewDetailsPanelOpacity),40)">Conditional</animation>
					<animation effect="fade" reversible="false" end="20" time="0" condition="StringCompare(Skin.String(ViewDetailsPanelOpacity),20)">Conditional</animation>
					<animation effect="fade" reversible="false" end="0" time="0" condition="StringCompare(Skin.String(ViewDetailsPanelOpacity),0)">Conditional</animation>
                </control>
                <control type="image">
                    <!--Panel Top-->
                    <posx>0</posx>
                    <posy>120</posy>
                    <width>1907</width>
                    <height>341</height>
                    <texture>pvr/pvr_epg_info.png</texture>
					<animation effect="fade" reversible="false" end="80" time="0" condition="StringCompare(Skin.String(ViewDetailsPanelOpacity),80)">Conditional</animation>
					<animation effect="fade" reversible="false" end="60" time="0" condition="StringCompare(Skin.String(ViewDetailsPanelOpacity),60)">Conditional</animation>
					<animation effect="fade" reversible="false" end="40" time="0" condition="StringCompare(Skin.String(ViewDetailsPanelOpacity),40)">Conditional</animation>
					<animation effect="fade" reversible="false" end="20" time="0" condition="StringCompare(Skin.String(ViewDetailsPanelOpacity),20)">Conditional</animation>
					<animation effect="fade" reversible="false" end="0" time="0" condition="StringCompare(Skin.String(ViewDetailsPanelOpacity),0)">Conditional</animation>
                </control>
            </control>
            <control type="group">
                <!--Video Window-->
                <visible>Control.IsVisible(17)</visible>
                <visible>!IsEmpty(ListItem.Date)</visible>
                <include>animation_view_change_pvr</include>
                
                <posx>80</posx>
                <posy>190</posy>
                <control type="image">
                    <!--Background-->
                    <posx>0</posx>
                    <posy>0</posy>
                    <width>350</width>
                    <height>200</height>
                    <texture>special://skin/extras/backgrounds/pvr.jpg</texture>
                    <!--<visible>!Player.HasVideo</visible>-->
                </control>
				<!--Video Window
                <control type="videowindow">
                    <posx>0</posx>
                    <posy>0</posy>
                    <width>350</width>
                    <height>200</height>
                    <visible>Player.HasVideo</visible>
                    <animation effect="slide" start="0,0" end="-4500,0" time="0">WindowClose</animation>
                </control>-->
            </control>
            <control type="label">
                <!--Title-->
                <visible>Control.IsVisible(17)</visible>
                <visible>!IsEmpty(ListItem.Date)</visible>
                <include>animation_view_change_pvr</include>
                
                <posx>500</posx>
                <posy>190</posy>
                <width>600</width>
                <height>50</height>
                <font>Bold38</font>
                <textcolor>mainblue</textcolor>
                <label>$INFO[ListItem.Label]</label>
            </control>
            <control type="label">
                <!--No Info-->
                <visible>Control.IsVisible(17)</visible>
                <visible>IsEmpty(ListItem.Date)</visible>
                <include>animation_view_change_pvr</include>
                
                <posx>0</posx>
                <posy>270</posy>
                <width>1920</width>
                <height>50</height>
                <align>center</align>
                <font>Bold38</font>
                <textcolor>mainblue</textcolor>
                <label>195</label>
            </control>
            <control type="group">
                <!--Start, End, Duration-->
                <visible>Control.IsVisible(17)</visible>
                <visible>!IsEmpty(ListItem.Date)</visible>
                <include>animation_view_change_pvr</include>
                
                <posx>500</posx>
                <posy>245</posy>
                <control type="group">
                    <!-- Ground 1 -->
                    <posy>0</posy>
                    <control type="label">
                        <posx>0</posx>
                        <posy>0</posy>
                        <width>180</width>
                        <textcolor>mainblue</textcolor>
                        <label>$LOCALIZE[142]</label>
                    </control>
                    <control type="label">
                        <posx>160</posx>
                        <posy>0</posy>
                        <width>300</width>
                        <textcolor>white</textcolor>
                        <label>$INFO[ListItem.StartTime] - $INFO[ListItem.EndTime]</label>
                    </control>
                </control>
                <control type="group">
                    <!-- Ground 2 -->
                    <posy>40</posy>
                    <control type="label">
                        <posx>0</posx>
                        <posy>0</posy>
                        <width>180</width>
                        <textcolor>mainblue</textcolor>
                        <label>$LOCALIZE[180]:</label>
                    </control>
                    <control type="label">
                        <posx>160</posx>
                        <posy>0</posy>
                        <width>300</width>
                        <textcolor>white</textcolor>
                        <label>$INFO[ListItem.Duration]</label>
                    </control>
                </control>
                <control type="group">
                    <!-- Ground 3 -->
                    <posy>80</posy>
                    <control type="label">
                        <posx>0</posx>
                        <posy>0</posy>
                        <width>180</width>
                        <textcolor>mainblue</textcolor>
                        <label>$LOCALIZE[19148]:</label>
                    </control>
                    <control type="label">
                        <posx>160</posx>
                        <posy>0</posy>
                        <width>300</width>
                        <textcolor>white</textcolor>
                        <label>$INFO[ListItem.ChannelName]</label>
                    </control>
                </control>
            </control>
            <control type="textbox">
                <!--Info Plot-->
                <visible>Control.IsVisible(17)</visible>
                <visible>!IsEmpty(ListItem.Date)</visible>
                <include>animation_view_change_pvr</include>
                
                <posx>1150</posx>
                <posy>190</posy>
                <width>650</width>
                <height>190</height>
                <textcolor>white</textcolor>
                <label fallback="161">$INFO[ListItem.Plot]</label>
                <autoscroll time="2000" delay="8000" repeat="5000">true</autoscroll>
            </control>
            <control type="group">
                <!--Top Bar-->
                <visible>Control.IsVisible(17)</visible>
                <include>animation_view_change_pvr</include>
                
                <posx>125</posx>
                <posy>435</posy>
                <control type="label">
                    <!--Time-->
                    <posx>30</posx>
                    <posy>30</posy>
                    <width>100</width>
                    <height>30</height>
                    <font>Reg30</font>
                    <textoffsetx>0</textoffsetx>
                    <textcolor>white</textcolor>
                    <label>555</label>
                </control>
                <control type="label">
                    <!--Channel Name-->
                    <posx>400</posx>
                    <posy>30</posy>
                    <width>300</width>
                    <height>30</height>
                    <font>Reg30</font>
                    <textoffsetx>0</textoffsetx>
                    <textcolor>white</textcolor>
                    <label>19148</label>
                </control>
                <control type="label">
                    <!--Channle Title-->
                    <posx>750</posx>
                    <posy>30</posy>
                    <width>300</width>
                    <height>30</height>
                    <font>Reg30</font>
                    <textoffsetx>0</textoffsetx>
                    <textcolor>white</textcolor>
                    <label>369</label>
                </control>
                <control type="label">
                    <!--Status-->
                    <posx>1370</posx>
                    <posy>30</posy>
                    <width>210</width>
                    <height>30</height>
                    <font>Reg30</font>
                    <textoffsetx>15</textoffsetx>
                    <textcolor>white</textcolor>
                    <label>126</label>
                </control>
            </control>
            <control type="list" id="17">
                <!--List ID=17-->
				<viewtype label="535">list</viewtype>
                <include>animation_view_change_pvr</include>
                
                <posx>125</posx>
                <posy>540</posy>
                <width>1650</width>
                <height>400</height>
                <onup>15</onup>
                <ondown>15</ondown>
                <onleft>9000</onleft>
                <onright>noop</onright>
                <pagecontrol>-</pagecontrol>
                <scrolltime>200</scrolltime>
                <itemlayout height="80">
                    <control type="label">
                        <!--Date-->
                        <posx>30</posx>
                        <posy>0</posy>
                        <width>350</width>
                        <height>80</height>
                        <font>Reg28</font>
                        <textcolor>mainblue</textcolor>
                        <info>ListItem.Date</info>
                    </control>
                    <control type="label">
                        <!--Channel Name-->
                        <description>Channel Value</description>
                        <posx>400</posx>
                        <posy>0</posy>
                        <width>350</width>
                        <height>80</height>
                        <font>Reg28</font>
                        <textcolor>white</textcolor>
                        <label>$INFO[ListItem.ChannelName]</label>
                    </control>
                    <control type="label">
                        <!--Channel Show-->
                        <posx>750</posx>
                        <posy>0</posy>
                        <width>600</width>
                        <height>80</height>
                        <font>Reg28</font>
                        <textcolor>white</textcolor>
                        <info>ListItem.Label</info>
                    </control>
                    <control type="image">
                        <!--REC Icon-->
                        <posx>1370</posx>
                        <posy>8</posy>
                        <width>64</width>
                        <height>64</height>
                        <texture>pvr/icons/pvr_record.png</texture>
                        <visible>ListItem.IsRecording</visible>
                    </control>
                    <control type="label">
                        <!--REC Label-->
                        <posx>1450</posx>
                        <posy>0</posy>
                        <width>200</width>
                        <height>80</height>
                        <font>Reg28</font>
                        <textcolor>red</textcolor>
                        <label>31083</label>
                        <visible>ListItem.IsRecording</visible>
                    </control>
                    <control type="image">
                        <!--TIME Icon-->
                        <posx>1370</posx>
                        <posy>8</posy>
                        <width>64</width>
                        <height>64</height>
                        <texture>pvr/icons/pvr_timer.png</texture>
                        <visible>ListItem.HasTimer + !ListItem.IsRecording</visible>
                    </control>
                    <control type="label">
                        <!--TIME Label-->
                        <posx>1450</posx>
                        <posy>0</posy>
                        <width>200</width>
                        <height>80</height>
                        <font>Reg28</font>
                        <textcolor>green</textcolor>
                        <label>31084</label>
                        <visible>ListItem.HasTimer</visible>
                    </control>
                    <control type="image">
                        <!--Separator-->
                        <posx>0</posx>
                        <posy>80</posy>
                        <width>1650</width>
                        <height>20</height>
                        <fadetime>400</fadetime>
                        <colordiffuse>list_separator</colordiffuse>
                        <texture>common/separator.png</texture>
                    </control>
                </itemlayout>
                <focusedlayout height="80">
                    <control type="image">
                        <!--Slide-->
                        <posx>0</posx>
                        <posy>0</posy>
                        <width>1650</width>
                        <height>80</height>
                        <texture colordiffuse="$INFO[Skin.String(ButtonFocusColor)]">colors/color_white.png</texture>
                    </control>
                    <control type="label">
                        <!--Date-->
                        <posx>30</posx>
                        <posy>0</posy>
                        <width>350</width>
                        <height>80</height>
                        <font>Reg28</font>
                        <textcolor>black</textcolor>
                        <scroll>true</scroll>
                        <info>ListItem.Date</info>
                    </control>
                    <control type="label">
                        <!--Channel Name-->
                        <posx>400</posx>
                        <posy>0</posy>
                        <width>350</width>
                        <height>80</height>
                        <font>Reg28</font>
                        <textcolor>black</textcolor>
                        <label>$INFO[ListItem.ChannelName]</label>
                    </control>
                    <control type="label">
                        <!--Channel Show-->
                        <posx>750</posx>
                        <posy>0</posy>
                        <width>600</width>
                        <height>80</height>
                        <font>Reg28</font>
                        <textcolor>black</textcolor>
                        <info>ListItem.Label</info>
                    </control>
                    <control type="image">
                        <!--REC Icon-->
                        <posx>1370</posx>
                        <posy>8</posy>
                        <width>64</width>
                        <height>64</height>
                        <texture>pvr/icons/pvr_record.png</texture>
                        <visible>ListItem.IsRecording</visible>
                    </control>
                    <control type="label">
                        <!--REC Label-->
                        <posx>1450</posx>
                        <posy>0</posy>
                        <width>200</width>
                        <height>80</height>
                        <font>Reg28</font>
                        <textcolor>red</textcolor>
                        <label>31083</label>
                        <visible>ListItem.IsRecording</visible>
                    </control>
                    <control type="image">
                        <!--TIME Icon-->
                        <posx>1370</posx>
                        <posy>8</posy>
                        <width>64</width>
                        <height>64</height>
                        <texture>pvr/icons/pvr_timer.png</texture>
                        <visible>ListItem.HasTimer + !ListItem.IsRecording</visible>
                    </control>
                    <control type="label">
                        <!--TIME Label-->
                        <posx>1450</posx>
                        <posy>0</posy>
                        <width>200</width>
                        <height>80</height>
                        <font>Reg28</font>
                        <textcolor>green</textcolor>
                        <label>31084</label>
                        <visible>ListItem.HasTimer</visible>
                    </control>
                    <control type="image">
                        <!--Separator-->
                        <posx>0</posx>
                        <posy>80</posy>
                        <width>1650</width>
                        <height>20</height>
                        <fadetime>400</fadetime>
                        <colordiffuse>list_separator</colordiffuse>
                        <texture>common/separator.png</texture>
                    </control>
                </focusedlayout>
            </control>
        </control>
    
        </control>
        
				<!--Sub Menu-->
        <include>SubMenuTabLeft</include>
		<include>SubMenuTabTop</include>
		<include>PVRsideblade</include>
    </controls>
</window>