<?xml version="1.0" encoding="utf-8"?>
<!--Titan-->
<window>
    <defaultcontrol>32</defaultcontrol>
    <allowoverlay>no</allowoverlay>
    <controls>
        <!--Global Background-->
        <include>GlobalBackground</include>
		<!--Time & Weather-->
        <include>TimeInfo</include>
		<!--NowPlaying-->
        <include condition="Skin.HasTheme(classic)">NowPlayingMusicClassic</include>
        <include condition="Skin.HasTheme(classic)">NowPlayingVideoClassic</include>
		<include condition="!Skin.HasTheme(classic)">NowPlayingModern</include>
        
        <!--Header-->
        <include>Header</include>
		
		<!--Footer-->
		<control type="group">
			<visible>Control.IsVisible(11) | Control.IsVisible(12) | Control.IsVisible(13)</visible>
			<include condition="!skin.hassetting(nofooterbar)">Footer</include>
		</control>
		
        <!--Hidden-->
        <control type="label" id="29">
            <description>Empty so we can pass the values up one level</description>
            <visible>False</visible>
        </control>
        <control type="label" id="30">
            <description>Empty so we can pass the values up one level</description>
            <visible>False</visible>
        </control>
        <!--PVR Views-->
        <control type="group" id="50">
			<include>animation_window_open_close</include>
            <include>LiveTVChannelView</include>
            <!--View ID=11-->
            <include>EPGTimelineView</include>
            <!--View ID=10-->
            <include>LiveTVGuideNowNextView</include>
            <!--View ID=15-->
            <include>LiveRadioChannelView</include>
            <!--View ID=12-->
            <include>LiveTVRecordingsView</include>
            <!--View ID=13-->
            <include>LiveTVSearchView</include>
            <!--View ID=17-->
            <include>LiveTVTimersView</include>
            <!--View ID=14-->
        </control>
        <!--Sub Menu Tab Left-->
        <include>SubMenuTabLeft</include>
        <!--Sub Menu-->
        <control type="group">
            <include condition="skin.hastheme(classic)">SideBladeClassic</include>
			<include condition="!skin.hastheme(classic)">SideBladeModern</include>
            <!--Grouplist 9000-->
            <control type="grouplist" id="9000">
                <posx>21</posx>
                <posy>190</posy>
                <width>458</width>
                <height>750</height>
                <itemgap>3</itemgap>
                <onleft>50</onleft>
                <onright>50</onright>
				<onright>ClearProperty(ShowViewSubMenu, Home)</onright>
				<onleft>ClearProperty(ShowViewSubMenu, Home)</onleft>
				<onback>ClearProperty(ShowViewSubMenu, Home)</onback>
                <onup>9000</onup>
                <ondown>9000</ondown>
                <orientation>vertical</orientation>
                <!--Buttons-->
                <control type="label" id="200">
                    <!--Label Menu-->
                    <width>458</width>
                    <align>left</align>
                    <textoffsetx>50</textoffsetx>
                    <font>Bold40</font>
                    <textcolor>$VAR[ThemeFontColorBlack]</textcolor>
                    <label>$LOCALIZE[33061]:</label>
					<visible>skin.hastheme(classic)</visible>
                </control>
                <control type="image" id="201">
                    <!--Seperator-->
                    <width>458</width>
                    <height>10</height>
                    <align>left</align>
                    <texture>common/menu-separator.png</texture>
					<visible>skin.hastheme(classic)</visible>
                </control>
                <control type="button" id="32">
                    <!--Refresh-->
                    <description>Refresh</description>
                    <label>19023</label>
                    <include>SubMenuButton</include>
                </control>
                <control type="button" id="33">
                    <!--Radio-->
                    <description>Settings</description>
                    <label>19024</label>
                    <include>SubMenuButton</include>
					<visible>!Skin.String(HomeMenuUseRadioCollection)</visible>
                </control>
                <control type="button" id="31">
                    <!--TV Guide-->
                    <include>SubMenuButton</include>
                    <label>$LOCALIZE[19222]: $LOCALIZE[19030]</label>
                </control>
                <control type="button" id="34">
                    <!--Recording-->
                    <include>SubMenuButton</include>
                    <label>19163</label>
                </control>
                <control type="button" id="35">
                    <!--Timer-->
                    <description>Timers</description>
                    <include>SubMenuButton</include>
                    <label>19040</label>
                </control>
                <control type="button" id="36">
                    <!--Search-->
                    <include>SubMenuButton</include>
                    <label>137</label>
                </control>
            </control>
        </control>
    </controls>
</window>