<?xml version="1.0" encoding="utf-8"?>
<!--Titan-->
<window id="6">
    <defaultcontrol always="true">50</defaultcontrol>
    <allowoverlay>yes</allowoverlay>
	<backgroundcolor>0</backgroundcolor>
    <views>50,51,52,500,501,502,505,53,54,55,506,56,57,58,59,507,508,509,510,511,512,513,514,515</views>
	<onload condition="System.HasAddon(script.tvtunes) + Skin.HasSetting(EnableTVTunes)">XBMC.RunScript(script.tvtunes,backend=True)</onload>
	<onload condition="System.HasAddon(script.tv.show.next.aired)">RunScript(script.tv.show.next.aired,backend=True)</onload>
	<onload>ClearProperty(ShowViewSubMenu, Home)</onload>
	<onunload>ClearProperty(ShowViewSubMenu, Home)</onunload>
    <controls>
        <!-- Video Background -->
        <include>GlobalBackground</include>

		<!--NowPlaying-->
        <include condition="Skin.HasTheme(classic) + !System.Platform.Linux.RaspberryPi">NowPlayingMusicClassic</include>
        <include condition="Skin.HasTheme(classic) + !System.Platform.Linux.RaspberryPi">NowPlayingVideoClassic</include>
		<include condition="!Skin.HasTheme(classic) + !System.Platform.Linux.RaspberryPi">NowPlayingModern</include>
        
        <!--Header-->
        <include>Header</include>
		<!--Time & Weather-->
        <include>TimeInfo</include>
		
		<!-- footer bar -->
		<control type="group">
			<visible>![Control.IsVisible(514) + StringCompare(Window(Home).Property(showinfopanel),show)]</visible>
			<include condition="!skin.hassetting(nofooterbar)">Footer</include>
		</control>
		
        <!--Views-->
		<control type="group">
			<include>animation_window_open_close</include>
			<visible>!Window.IsActive(DialogKeyboard.xml)</visible>
			<visible>IntegerGreaterThan(Container.NumItems,0)</visible>
			<include>View_50_List</include>
			<include>View_55_BannerList</include>
			<include>View_500_Showcase</include>
			<include>View_51_BigList</include>
			<include>View_52_HorizontalPanel</include>
			<include>View_53_PanelDetails</include>
			<include>View_54_PanelWall</include>
			
			<include>ViewExtendedList</include>
			<include>View_56_BannerPlex</include>
			<include>View_57_BigPanel</include>
			<include>View_58_LargePoster</include>
			<include>View_59_BigPanelDetails</include>
			
			<include>View_501_Landscape</include>
			<include>View_502_LandscapeSingle</include>
			<include>View_505_LandscapeDetails</include>
			<include>View_507_FanArt</include>
			<include>View_508_SinglePoster</include>
			<include>View_509_PanelSquare</include>
			<include>View_510_PanelSquareDetails</include>
			<include>View_511_Thumbs</include>
			<include>View_512_ThumbsDetails</include>
			<include>View_513_PosterRow</include>
			<include>View_514_PosterShift</include>
			<include>View_515_LowList</include>
			
			<!--Scrolling Letter-->
			<control type="image">
				<visible>Container.Scrolling + [StringCompare(Container.SortMethod,$LOCALIZE[551]) | StringCompare(Container.SortMethod,$LOCALIZE[561]) | StringCompare(Container.SortMethod,$LOCALIZE[558]) | StringCompare(Container.SortMethod,$LOCALIZE[557]) | StringCompare(Container.SortMethod,$LOCALIZE[556])]</visible>
				<posx>910</posx>
				<posy>480</posy>
				<width>100</width>
				<height>100</height>
				<texture>colors/color_white.png</texture>
				<animation effect="fade" end="85" time="0" condition="true">Conditional</animation>
				<colordiffuse>$VAR[panel_color]</colordiffuse>
				<animation effect="fade" start="0" end="100" time="400" delay="30">Visible</animation>
				<animation effect="fade" start="100" end="0" time="400" delay="150">Hidden</animation>
			</control>
			<control type="image">
				<visible>Container.Scrolling + [StringCompare(Container.SortMethod,$LOCALIZE[551]) | StringCompare(Container.SortMethod,$LOCALIZE[561]) | StringCompare(Container.SortMethod,$LOCALIZE[558]) | StringCompare(Container.SortMethod,$LOCALIZE[557]) | StringCompare(Container.SortMethod,$LOCALIZE[556])]</visible>
				<posx>910</posx>
				<posy>480</posy>
				<width>100</width>
				<height>100</height>
				<texture>colors/color_white.png</texture>
				<bordersize>8</bordersize>
				<animation effect="fade" end="99" time="0" condition="true">Conditional</animation>
				<colordiffuse>$VAR[panel_color]</colordiffuse>
				<animation effect="fade" start="0" end="100" time="400" delay="30">Visible</animation>
				<animation effect="fade" start="100" end="0" time="400" delay="150">Hidden</animation>
			</control>
			<control type="label">
				<visible>Container.Scrolling + [StringCompare(Container.SortMethod,$LOCALIZE[551]) | StringCompare(Container.SortMethod,$LOCALIZE[561]) | StringCompare(Container.SortMethod,$LOCALIZE[558]) | StringCompare(Container.SortMethod,$LOCALIZE[557]) | StringCompare(Container.SortMethod,$LOCALIZE[556])]</visible>
				<posx>910</posx>
				<posy>480</posy>
				<width>100</width>
				<height>100</height>
				<align>center</align>
				<aligny>center</aligny>
				<font>Bold55</font>
				<textcolor>mainblue</textcolor>
				<label>$INFO[ListItem.SortLetter]</label>
				<animation effect="fade" start="0" end="100" time="400" delay="30">Visible</animation>
				<animation effect="fade" start="100" end="0" time="400" delay="150">Hidden</animation>
			</control>
			
		</control>
        <!--Sub Menu Tab Left-->
        <include>SubMenuTabLeft</include>
        <!--Sub Menu Tab Top-->
        <include>SubMenuTabTop</include>
		
        <!--Sub Menu-->
        <control type="group">
			<visible>IntegerGreaterThan(Container.NumItems,0)</visible>
            <include condition="skin.hastheme(classic)">SideBladeClassic</include>
			<include condition="!skin.hastheme(classic)">SideBladeModern</include>
            <!--Grouplist 9000-->
            <control type="grouplist" id="9000">
                <posx>21</posx>
                <posy>190</posy>
                <width>458</width>
                <height>750</height>
                <itemgap>3</itemgap>
                <onleft>50</onleft>
                <onright>50</onright>
				<onright>ClearProperty(ShowViewSubMenu, Home)</onright>
				<onleft>ClearProperty(ShowViewSubMenu, Home)</onleft>
				<onback>ClearProperty(ShowViewSubMenu, Home)</onback>
                <onup>9000</onup>
                <ondown>9000</ondown>
                <orientation>vertical</orientation>
                <!--Buttons-->
                <control type="label" id="200">
                    <!--Label Menu-->
                    <width>458</width>
                    <align>left</align>
                    <textoffsetx>50</textoffsetx>
                    <font>Bold40</font>
                    <textcolor>$VAR[ThemeFontColorBlack]</textcolor>
                    <label>$LOCALIZE[33061]:</label>
					<visible>skin.hastheme(classic)</visible>
                </control>
                <control type="image" id="201">
                    <!--Seperator-->
                    <width>458</width>
                    <height>10</height>
                    <align>left</align>
                    <texture>common/menu-separator.png</texture>
					<visible>skin.hastheme(classic)</visible>
                </control>
				
                <control type="radiobutton" id="14">
                    <!--Button Watched Toggle-->
                    <include>SubMenuButton</include>
                    <label>20367</label>
                </control>
				
				
				
				<control type="radiobutton" id="341">
                    <!--Toggle Watched Overlay-->
                    <include>SubMenuButton</include>
                    <label>31094</label>
                    <onclick>Skin.ToggleSetting(HideWatchedOverlayBannerPlex)</onclick>
                    <selected>Skin.HasSetting(HideWatchedOverlayBannerPlex)</selected>
					 <visible>Control.IsVisible(56)</visible>
                </control>
				<control type="radiobutton" id="307">
                    <!--Toggle Watched Overlay-->
                    <include>SubMenuButton</include>
                    <label>31094</label>
                    <onclick>Skin.ToggleSetting(HideWatchedOverlayExtended)</onclick>
                    <selected>Skin.HasSetting(HideWatchedOverlayExtended)</selected>
					 <visible>Control.IsVisible(506)</visible>
                </control>
				<control type="radiobutton" id="308">
                    <!--Toggle Watched Overlay-->
                    <include>SubMenuButton</include>
                    <label>31094</label>
                    <onclick>Skin.ToggleSetting(HideWatchedOverlayShowCase)</onclick>
                    <selected>Skin.HasSetting(HideWatchedOverlayShowCase)</selected>
					 <visible>Control.IsVisible(500)</visible>
                </control>
				<control type="radiobutton" id="309">
                    <!--Toggle Watched Overlay-->
                    <include>SubMenuButton</include>
                    <label>31094</label>
                    <onclick>Skin.ToggleSetting(HideWatchedOverlayPoster)</onclick>
                    <selected>Skin.HasSetting(HideWatchedOverlayPoster)</selected>
					 <visible>Control.IsVisible(53) | Control.IsVisible(54)</visible>
                </control>
				<control type="radiobutton" id="310">
                    <!--Toggle Watched Overlay-->
                    <include>SubMenuButton</include>
                    <label>31094</label>
                    <onclick>Skin.ToggleSetting(HideWatchedOverlayLandscape)</onclick>
                    <selected>Skin.HasSetting(HideWatchedOverlayLandscape)</selected>
					 <visible>Control.IsVisible(505) | Control.IsVisible(501) | Control.IsVisible(502)</visible>
                </control>
				<control type="radiobutton" id="311">
                    <!--Toggle Watched Overlay-->
                    <include>SubMenuButton</include>
                    <label>31094</label>
                    <onclick>Skin.ToggleSetting(HideWatchedOverlayBanner)</onclick>
                    <selected>Skin.HasSetting(HideWatchedOverlayBanner)</selected>
					 <visible>Control.IsVisible(55)</visible>
                </control>
				<control type="radiobutton" id="319">
                    <!--Toggle Watched Overlay-->
                    <include>SubMenuButton</include>
                    <label>31094</label>
                    <onclick>Skin.ToggleSetting(HideWatchedOverlayLargePoster)</onclick>
                    <selected>Skin.HasSetting(HideWatchedOverlayLargePoster)</selected>
					<visible>Control.IsVisible(58) | Control.IsVisible(513) | Control.IsVisible(514)</visible>
                </control>
				<control type="radiobutton" id="323">
                    <!--Toggle watchedOverlay-->
                    <include>SubMenuButton</include>
                    <label>31094</label>
                    <onclick>Skin.ToggleSetting(HideWatchedOverlayBigPanel)</onclick>
                    <selected>Skin.HasSetting(HideWatchedOverlayBigPanel)</selected>
					<visible>Control.IsVisible(52) | Control.IsVisible(57) | Control.IsVisible(59) | Control.IsVisible(511) | Control.IsVisible(512) | Control.IsVisible(508) | Control.IsVisible(509) | Control.IsVisible(510)</visible>
                </control>
               <control type="button" id="3">
					<description>Sort by button</description>
					<include>SubMenuButton</include>
					<label>103</label>
				</control>
				<control type="togglebutton" id="4">
					<description>Sort asc</description>
					<include>SubMenuButton</include>
					<alttexturefocus border="5" colordiffuse="$INFO[Skin.String(ButtonFocusColor)]">colors/color_white.png</alttexturefocus>
					<alttexturenofocus>-</alttexturenofocus>
					<label>585</label>
					<altlabel>584</altlabel>
					<usealttexture>Container.SortDirection(Ascending)</usealttexture>
				</control>

				<control type="edit" id="19">
					<visible>Container.CanFilter + !Container.CanFilterAdvanced</visible>
					<description>Filter</description>
					<textwidth>230</textwidth>
					<include>SubMenuButton</include>
					<textoffsetx>50</textoffsetx>
					<textoffsety>13</textoffsety>
					<label>587</label>
				</control>
				<control type="radiobutton" id="98">
					<visible>Container.CanFilterAdvanced</visible>
					<description>Filter</description>
					<include>SubMenuButton</include>
					<label>587</label>
					<selected>Container.Filtered</selected>
					<onclick>right</onclick>
					<onclick>Filter</onclick>
				</control>
				<control type="togglebutton" id="20">
					<description>Update library</description>
					<include>SubMenuButton</include>
					<label>653</label>
					<altlabel>13353</altlabel>
					<alttexturefocus border="5" colordiffuse="$INFO[Skin.String(ButtonFocusColor)]">colors/color_white.png</alttexturefocus>
					<alttexturenofocus>-</alttexturenofocus>
					<usealttexture>library.isscanningvideo</usealttexture>
					<visible>!substring(Container.FolderPath,plugin://plugin.video)</visible>
				</control>
                <control type="button" id="8">
                    <!--Button Search-->
                    <include>SubMenuButton</include>
                    <label>137</label>
					<visible>!substring(Container.FolderPath,plugin://plugin.video)</visible>
                </control>
				<control type="button" id="399">
                    <!--Button Search MediaBrowser-->
                    <include>SubMenuButton</include>
                    <label>137</label>
					<onclick>$INFO[Window(Home).Property(MediaBrowser.std.search.0.path)]</onclick>
					<visible>substring(Container.FolderPath,plugin://plugin.video.xbmb3c)</visible>
                </control>
				
				<control type="button" id="346">
                    <!--Playlists-->
                    <include>SubMenuButton</include>
                    <label>20012</label>
					<onclick condition="substring(Container.FolderPath,plugin://plugin.video.xbmb3c)">$INFO[Window(Home).Property(MediaBrowser.std.search.0.path)]</onclick>
					<onclick condition="!substring(Container.FolderPath,plugin://plugin.video.xbmb3c)">ActivateWindow(Videos,special://videoplaylists/,return)</onclick>
					<visible>!substring(Container.FolderPath,plugin://plugin.video) | substring(Container.FolderPath,plugin://plugin.video.xbmb3c)</visible>
                </control>

				 <control type="button" id="400">
                    <!--Set View-->
                    <include>SubMenuButton</include>
                    <label>View: $INFO[Container.Viewmode]</label>
                    <onclick>Container.NextViewMode</onclick>
					<onclick condition="substring(Container.FolderPath,plugin://plugin.video.xbmb3c) + Container.Content(Movies)">XBMC.RunScript(plugin.video.xbmb3c,SETVIEW,MOVIES,00)</onclick>
                    <onclick condition="substring(Container.FolderPath,plugin://plugin.video.xbmb3c) + Container.Content(seasons)">XBMC.RunScript(plugin.video.xbmb3c,SETVIEW,SEASONS,00)</onclick>
                    <onclick condition="substring(Container.FolderPath,plugin://plugin.video.xbmb3c) + Container.Content(TVShows)">XBMC.RunScript(plugin.video.xbmb3c,SETVIEW,SERIES,00)</onclick>
                    <onclick condition="substring(Container.FolderPath,plugin://plugin.video.xbmb3c) + Container.Content(Episodes)">XBMC.RunScript(plugin.video.xbmb3c,SETVIEW,EPISODES,00)</onclick>
                    <onclick condition="substring(Container.FolderPath,plugin://plugin.video.xbmb3c) + Container.Content(Sets)">XBMC.RunScript(plugin.video.xbmb3c,SETVIEW,BOXSETS,00)</onclick>
				
					<onclick condition="substring(Container.FolderPath,plugin://plugin.video.netflixbmc) + Container.Content(Movies)">XBMC.RunScript(script.titanskin.helpers,SETVIEW,MOVIES,00)</onclick>
                    <onclick condition="substring(Container.FolderPath,plugin://plugin.video.netflixbmc) + Container.Content(seasons)">XBMC.RunScript(script.titanskin.helpers,SETVIEW,SEASONS,00)</onclick>
                    <onclick condition="substring(Container.FolderPath,plugin://plugin.video.netflixbmc) + Container.Content(TVShows)">XBMC.RunScript(script.titanskin.helpers,SETVIEW,SERIES,00)</onclick>
                    <onclick condition="substring(Container.FolderPath,plugin://plugin.video.netflixbmc) + Container.Content(Episodes)">XBMC.RunScript(script.titanskin.helpers,SETVIEW,EPISODES,00)</onclick>
                    <onclick condition="substring(Container.FolderPath,plugin://plugin.video.netflixbmc) + Container.Content(Sets)">XBMC.RunScript(script.titanskin.helpers,SETVIEW,BOXSETS,00)</onclick>
				
				</control>
				
				<include>SideBladeViewCommands</include>
				
				<control type="button" id="9325">
					<include>SubMenuButton</include>
					<label>31248</label>
					<onclick condition="Container.Content(tvshows)">XBMC.RunScript(script.artwork.downloader, mediatype=tvshow, dbid=$INFO[ListItem.DBID])</onclick>
					<onclick condition="Container.Content(movies)">XBMC.RunScript(script.artwork.downloader, mediatype=movie, dbid=$INFO[ListItem.DBID])</onclick>
					<onclick condition="Container.Content(musicvideos)">XBMC.RunScript(script.artwork.downloader, mediatype=musicvideos, dbid=$INFO[ListItem.DBID])</onclick>
					<onclick>SetFocus(51)</onclick>
					<visible>System.HasAddon(script.artwork.downloader) + [Container.Content(tvshows) | Container.Content(movies) | Container.Content(musicvideos)]</visible>
				</control>

            </control>
        </control>
    
	
	</controls>
</window>