<?xml version="1.0" encoding="utf-8"?>
<window>
    <defaultcontrol always="true">4000</defaultcontrol>
	<zorder>6</zorder>
	<backgroundcolor>0</backgroundcolor>
    <controls>
        <control type="group">

			<!-- default animation -->
			<include>animation_window_open_close</include>

			<control type="group">
				<control type="image">
					<include>DimensionsFullscreen</include>
					<texture background="true" fallback="special://skin/extras/backgrounds/global_blue.jpg">$INFO[Window.Property(movie.FanArt)]</texture>
				</control>
				<include>DialogOverlay</include>
			</control>
			
			<control type="label">
				<include>animation_fade_visible_hidden</include>
				<posx>61</posx>
				<posy>10</posy>
				<width min="80" max="1400">auto</width>
				<height>100</height>
				<font>Bold45</font>
				<align>left</align>
				<textcolor>$INFO[Skin.String(HeaderTextColor)]</textcolor>
				<label>$INFO[Window.Property(movie.Title)]</label>
				<shadowcolor>$INFO[Skin.String(HeaderTextShadowColor)]</shadowcolor>
			</control>
			 <control type="label">
				<posy>85</posy>
				<posx>61</posx>
				<width min="0" max="1100">auto</width>
				<height>50</height>
				<label>$INFO[Window.Property(movie.TagLine)]</label>
				<font>Reg30</font>
				<textcolor>$INFO[Skin.String(HeaderTextColor)]</textcolor>
				<shadowcolor>$INFO[Skin.String(HeaderTextShadowColor)]</shadowcolor>
				<include>animation_fade_visible_hidden</include>
			</control>
			
			<include>TimeInfo</include>
			
			<!-- panel background -->
			<control type="image">
				<posy>150</posy>
				<posx>0</posx>
				<width>1920</width>
				<height>930</height>
				<texture>colors/color_white.png</texture>
				<colordiffuse>$VAR[panel_color]</colordiffuse>
				<aspectratio>stretch</aspectratio>
				<animation effect="fade" reversible="false" end="80" time="0" condition="StringCompare(Skin.String(ViewDetailsPanelOpacity),80)">Conditional</animation>
				<animation effect="fade" reversible="false" end="60" time="0" condition="StringCompare(Skin.String(ViewDetailsPanelOpacity),60)">Conditional</animation>
				<animation effect="fade" reversible="false" end="40" time="0" condition="StringCompare(Skin.String(ViewDetailsPanelOpacity),40)">Conditional</animation>
				<animation effect="fade" reversible="false" end="20" time="0" condition="StringCompare(Skin.String(ViewDetailsPanelOpacity),20)">Conditional</animation>
				<animation effect="fade" reversible="false" end="0" time="0" condition="StringCompare(Skin.String(ViewDetailsPanelOpacity),0)">Conditional</animation>
			</control>
			
			<include condition="!skin.hassetting(nofooterbar)">Footer</include>
            
			<control type="group">

				
				
                <control type="grouplist" id="4000">
                    <orientation>vertical</orientation>
                    <scrolltime tween="sine">400</scrolltime>
                    <posx>60</posx>
                    <posy>180</posy>
                    <itemgap>0</itemgap>
                    <ondown>5000</ondown>
                    <onup>4000</onup>
					<onleft>back</onleft>
                    <width>2100</width>
                    <height>800</height>
                    <control type="group" id="140">
                        <height>220</height>
                        <visible>false</visible>
                        <control type="radiobutton" id="132">
                        </control>
                        <control type="textbox" id="800">
                        </control>
                    </control>
                    <control type="group" id="50000">
                        <height>120</height>
						<visible>false</visible>
					</control>
                    
					<!-- rating stuff -->
					<control type="group">
						<height>130</height>
						<animation effect="fade" time="250">VisibleChange</animation>
						<!--First Row-->
						<control type="group">
							<posy>0</posy>
							<posx>18</posx>
							<control type="image">
								<posx>-13</posx>
								<posy>0</posy>
								<width>1600</width>
								<height>1</height>
								<texture>info/infopanel_line.png</texture>
							</control>
							<control type="image">
								<posx>-13</posx>
								<posy>82</posy>
								<width>1600</width>
								<height>1</height>
								<texture>info/infopanel_line.png</texture>
							</control>
							<control type="grouplist">
								<posx>-18</posx>
								<posy>0</posy>
								<width>1800</width>
								<itemgap>0</itemgap>
								<orientation>horizontal</orientation>
								<usecontrolcoords>true</usecontrolcoords>
								<control type="group">
									<posx>0</posx>
									<width>155</width>
									<visible>!Stringcompare(Window.Property(movie.Rating),0.0) + !IsEmpty(Window.Property(movie.Rating))</visible>
									<control type="image">
										<posx>0</posx>
										<height>79</height>
										<width>2</width>
										<height>71</height>
										<texture>info/upright.png</texture>
									</control>
									<control type="label">
										<posx>0</posx>
										<posy>12</posy>
										<width>155</width>
										<height>38</height>
										<align>center</align>
										<label fallback="?">$INFO[Window.Property(movie.Rating)]</label>
										<font>Bold30</font>
									</control>
									<control type="label">
										<posx>0</posx>
										<posy>37</posy>
										<width>155</width>
										<height>38</height>
										<align>center</align>
										<aligny>center</aligny>
										<label fallback="Rating">$INFO[Window.Property(movie.Votes),, Votes]</label>
										<font>Reg24</font>
									</control>
								</control>
								<control type="image">
									<posx>0</posx>
									<posy>1</posy>
									<height>79</height>
									<width>2</width>
									<height>71</height>
									<texture>info/upright.png</texture>
								</control>
								<control type="group">
									<width>220</width>
									<visible>!IsEmpty(Window.Property(movie.ReleaseDate))</visible>
									<control type="label">
										<posx>0</posx>
										<posy>12</posy>
										<width>220</width>
										<height>38</height>
										<align>center</align>
										<label fallback="?">$INFO[Window.Property(movie.ReleaseDate)]</label>
										<font>Bold32</font>
									</control>
									<control type="label">
										<posx>0</posx>
										<posy>37</posy>
										<width>220</width>
										<height>38</height>
										<align>center</align>
										<aligny>center</aligny>
										<label fallback="Release Date">$INFO[Window.Property(movie.Status)]</label>
										<font>Reg24</font>
									</control>
								</control>
								<control type="group">
									<posx>0</posx>
									<width>220</width>
									<visible>!IsEmpty(Window.Property(movie.Budget))</visible>
									<control type="image">
										<posx>0</posx>
										<posy>1</posy>
										<height>79</height>
										<width>2</width>
										<height>71</height>
										<texture>info/upright.png</texture>
									</control>
									<control type="label">
										<posx>0</posx>
										<posy>12</posy>
										<width>220</width>
										<height>38</height>
										<align>center</align>
										<label>$INFO[Window.Property(movie.Budget),$]</label>
										<font>Bold32</font>
									</control>
									<control type="label">
										<posx>0</posx>
										<posy>37</posy>
										<width>220</width>
										<height>38</height>
										<align>center</align>
										<aligny>center</aligny>
										<label>Budget</label>
										<font>Reg24</font>
									</control>
								</control>
								<control type="group" id="3300">
									<posx>0</posx>
									<width>220</width>
									<visible>!IsEmpty(Window.Property(movie.Revenue))</visible>
									<control type="image">
										<posx>0</posx>
										<posy>1</posy>
										<height>79</height>
										<width>2</width>
										<height>71</height>
										<texture>info/upright.png</texture>
									</control>
									<control type="label">
										<posx>0</posx>
										<posy>12</posy>
										<width>220</width>
										<height>38</height>
										<align>center</align>
										<label fallback="?">$INFO[Window.Property(movie.Revenue),$]</label>
										<font>Bold32</font>
									</control>
									<control type="label">
										<posx>0</posx>
										<posy>37</posy>
										<width>220</width>
										<height>38</height>
										<align>center</align>
										<aligny>center</aligny>
										<label>Revenue</label>
										<font>Reg24</font>
									</control>
								</control>
								<control type="image">
									<posx>0</posx>
									<posy>1</posy>
									<height>79</height>
									<width>2</width>
									<height>71</height>
									<texture>info/upright.png</texture>
								</control>
								<control type="group">
									<width>20</width>
								</control>
								<control type="label" id="800">
									<posy>5</posy>
									<width>950</width>
									<height>65</height>
									<align>left</align>
									<aligny>center</aligny>
									<wrapmultiline>true</wrapmultiline>
									<label>$INFO[Window.Property(movie.omdb.Awards),,[CR]]$INFO[Window.Property(movie.omdb.tomatoConsensus),,[CR]]</label>
									<font>Reg22</font>
									<autoscroll delay="10000" time="800" repeat="10000">true</autoscroll>
								</control>
							
							</control>
						</control>
					</control>
				
					<!-- cast panel -->
                    <control type="group" id="50111">
                        <visible>IntegerGreaterThan(Container(1000).NumItems,0)</visible>
                        <height>350</height>
                        <control type="label">
                            <posx>5</posx>
                            <posy>0</posy>
                            <width>1540</width>
                            <height>25</height>
                            <aligny>center</aligny>
                            <font>Bold32</font>
                            <label>$LOCALIZE[206]$INFO[Container(1000).NumItems, (,)]</label>
                        </control>
						<control type="image">
                            <posx>1810</posx>
                            <posy>95</posy>
                            <width>35</width>
                            <height>150</height>
                            <texture>arrowright.png</texture>
                            <visible>Container(1000).HasNext</visible>
                        </control>
                        <control type="panel" id="1000">
                            <posx>0</posx>
                            <posy>40</posy>
                            <width>1800</width>
                            <height>280</height>
                            <onleft>back</onleft>
                            <onright>1000</onright>
                            <onup>5000</onup>
                            <ondown>750</ondown>
                            <scrolltime>200</scrolltime>
                            <orientation>horizontal</orientation>
                            <itemlayout height="270" width="201">
                                <control type="group">
									<width>176</width>
									<height>252</height>
									<animation effect="fade" reversible="false" end="60" time="0" condition="true">Conditional</animation>
									<posy>10</posy>
									<posx>10</posx>
                                    <control type="image">
										<width>176</width>
										<height>252</height>
										<include>PosterThumbBG</include>
									  </control>
									  <control type="image">
										<width>176</width>
										<height>252</height>
										<texture border="0" background="true" diffuse="poster_matte.png" fallback="DefaultActorPoster.png">$INFO[ListItem.Thumb]</texture>
										<aspectratio scalediffuse="false" aligny="center" align="center">stretch</aspectratio>
									  </control>
									<control type="image">
										<bottom>0</bottom>
										<left>0</left>
										<width>176</width>
										<height>75</height>
										<texture border="0">guide_diffuse.png</texture>
										<aspectratio>stretch</aspectratio>
									</control>
									<control type="image">
										<bottom>0</bottom>
										<left>0</left>
										<width>176</width>
										<height>75</height>
										<texture border="0">guide_diffuse.png</texture>
										<aspectratio>stretch</aspectratio>
									</control>
									<control type="image">
										<bottom>0</bottom>
										<left>0</left>
										<width>176</width>
										<height>75</height>
										<texture border="0">guide_diffuse.png</texture>
										<aspectratio>stretch</aspectratio>
									</control>
									<control type="textbox">
										<bottom>0</bottom>
										<left>10</left>
										<width>156</width>
										<height>75</height>
										<align>center</align>
										<aligny>justify</aligny>
										<autoscroll>false</autoscroll>
										<font>Reg20</font>
										<label>$INFO[ListItem.Label]$INFO[ListItem.Property(character),[COLOR grey][CR] $LOCALIZE[20347] ,[/COLOR]]</label>
									</control>
                                </control>
                            </itemlayout>
                            <focusedlayout height="260" width="201">
                               <control type="group">
									<width>176</width>
									<height>252</height>
									<posy>10</posy>
									<posx>10</posx>
                                    <control type="image">
										<width>176</width>
										<height>252</height>
										<include>PosterThumbFO</include>
									  </control>
									  <control type="image">
										<width>176</width>
										<height>252</height>
										<texture border="0" background="true" diffuse="poster_matte.png" fallback="DefaultActorPoster.png">$INFO[ListItem.Thumb]</texture>
										<aspectratio scalediffuse="false" aligny="center" align="center">stretch</aspectratio>
									  </control>
									<control type="image">
										<bottom>0</bottom>
										<left>0</left>
										<width>176</width>
										<height>75</height>
										<texture border="0">guide_diffuse.png</texture>
										<aspectratio>stretch</aspectratio>
									</control>
									<control type="image">
										<bottom>0</bottom>
										<left>0</left>
										<width>176</width>
										<height>75</height>
										<texture border="0">guide_diffuse.png</texture>
										<aspectratio>stretch</aspectratio>
									</control>
									<control type="image">
										<bottom>0</bottom>
										<left>0</left>
										<width>176</width>
										<height>75</height>
										<texture border="0">guide_diffuse.png</texture>
										<aspectratio>stretch</aspectratio>
									</control>
									<control type="textbox">
										<bottom>0</bottom>
										<left>10</left>
										<width>156</width>
										<height>75</height>
										<align>center</align>
										<aligny>justify</aligny>
										<autoscroll>false</autoscroll>
										<font>Reg20</font>
										<label>$INFO[ListItem.Label]$INFO[ListItem.Property(character),[COLOR grey][CR] $LOCALIZE[20347] ,[/COLOR]]</label>
									</control>
                                </control>
                            </focusedlayout>
                        
						</control>
                    </control>
                    
					<!-- crew panel -->
					<control type="group" id="54111">
                        <visible>IntegerGreaterThan(Container(750).NumItems,0)</visible>
                        <height>350</height>
                        <control type="label">
                            <posx>5</posx>
                            <posy>0</posy>
                            <width>1540</width>
                            <height>25</height>
                            <aligny>center</aligny>
                            <font>Bold32</font>
                            <label>$ADDON[script.extendedinfo 32115]$INFO[Container(750).NumItems, (,)]</label>
                        </control>
						<control type="image">
                            <posx>1810</posx>
                            <posy>95</posy>
                            <width>35</width>
                            <height>150</height>
                            <texture>arrowright.png</texture>
                            <visible>Container(750).HasNext</visible>
                        </control>
                        <control type="panel" id="750">
                            <posx>0</posx>
                            <posy>40</posy>
                            <width>1800</width>
                            <height>280</height>
                            <onleft>back</onleft>
                            <onright>750</onright>
                            <onup>1000</onup>
                            <ondown>150</ondown>
                            <scrolltime>200</scrolltime>
                            <orientation>horizontal</orientation>
                            <itemlayout height="270" width="201">
                                <control type="group">
									<width>176</width>
									<height>252</height>
									<posy>10</posy>
									<posx>10</posx>
									<animation effect="fade" reversible="false" end="60" time="0" condition="true">Conditional</animation>
                                    <control type="image">
										<width>176</width>
										<height>252</height>
										<include>PosterThumbBG</include>
									  </control>
									  <control type="image">
										<width>176</width>
										<height>252</height>
										<texture border="0" background="true" diffuse="poster_matte.png" fallback="DefaultActorPoster.png">$INFO[ListItem.Thumb]</texture>
										<aspectratio scalediffuse="false" aligny="center" align="center">stretch</aspectratio>
									  </control>
									<control type="image">
										<bottom>0</bottom>
										<left>0</left>
										<width>176</width>
										<height>75</height>
										<texture border="0">guide_diffuse.png</texture>
										<aspectratio>stretch</aspectratio>
									</control>
									<control type="image">
										<bottom>0</bottom>
										<left>0</left>
										<width>176</width>
										<height>75</height>
										<texture border="0">guide_diffuse.png</texture>
										<aspectratio>stretch</aspectratio>
									</control>
									<control type="image">
										<bottom>0</bottom>
										<left>0</left>
										<width>176</width>
										<height>75</height>
										<texture border="0">guide_diffuse.png</texture>
										<aspectratio>stretch</aspectratio>
									</control>
									<control type="textbox">
										<bottom>0</bottom>
										<left>10</left>
										<width>156</width>
										<height>75</height>
										<align>center</align>
										<aligny>justify</aligny>
										<autoscroll>false</autoscroll>
										<font>Reg20</font>
										<label>$INFO[ListItem.Label]$INFO[ListItem.Property(job),[COLOR grey][CR] $LOCALIZE[20347] ,[/COLOR]]</label>
									</control>
                                </control>
                            </itemlayout>
                            <focusedlayout height="260" width="201">
                               <control type="group">
									<width>176</width>
									<height>252</height>
									<posy>10</posy>
									<posx>10</posx>
                                    <control type="image">
										<width>176</width>
										<height>252</height>
										<include>PosterThumbFO</include>
									  </control>
									  <control type="image">
										<width>176</width>
										<height>252</height>
										<texture border="0" background="true" diffuse="poster_matte.png" fallback="DefaultActorPoster.png">$INFO[ListItem.Thumb]</texture>
										<aspectratio scalediffuse="false" aligny="center" align="center">stretch</aspectratio>
									  </control>
									<control type="image">
										<bottom>0</bottom>
										<left>0</left>
										<width>176</width>
										<height>75</height>
										<texture border="0">guide_diffuse.png</texture>
										<aspectratio>stretch</aspectratio>
									</control>
									<control type="image">
										<bottom>0</bottom>
										<left>0</left>
										<width>176</width>
										<height>75</height>
										<texture border="0">guide_diffuse.png</texture>
										<aspectratio>stretch</aspectratio>
									</control>
									<control type="image">
										<bottom>0</bottom>
										<left>0</left>
										<width>176</width>
										<height>75</height>
										<texture border="0">guide_diffuse.png</texture>
										<aspectratio>stretch</aspectratio>
									</control>
									<control type="textbox">
										<bottom>0</bottom>
										<left>10</left>
										<width>156</width>
										<height>75</height>
										<align>center</align>
										<aligny>justify</aligny>
										<autoscroll>false</autoscroll>
										<font>Reg20</font>
										<label>$INFO[ListItem.Label]$INFO[ListItem.Property(job),[COLOR grey][CR] $LOCALIZE[20347] ,[/COLOR]]</label>
									</control>
                                </control>
                            </focusedlayout>
						</control>
                    </control>
                    
					
					<!-- recommended by TMDB -->
					<control type="group" id="50112">
                        <visible>IntegerGreaterThan(Container(150).NumItems,0)</visible>
                        <height>350</height>
                        <control type="label">
                            <posx>5</posx>
                            <posy>0</posy>
                            <width>1540</width>
                            <height>25</height>
                            <aligny>center</aligny>
                            <font>Bold32</font>
                            <label>$ADDON[script.extendedinfo 32116]$INFO[Container(150).NumItems, (,)]</label>
                        </control>
                        <control type="image">
                            <posx>1810</posx>
                            <posy>95</posy>
                            <width>35</width>
                            <height>150</height>
                            <texture>arrowright.png</texture>
                            <visible>Container(150).HasNext</visible>
                        </control>
                        <control type="panel" id="150">
                            <posx>0</posx>
                            <posy>40</posy>
                            <width>1800</width>
                            <height>280</height>
                            <onleft>back</onleft>
                            <onright>150</onright>
                            <onup>750</onup>
                            <ondown>250</ondown>
                            <scrolltime>200</scrolltime>
                            <orientation>horizontal</orientation>
							<itemlayout height="270" width="201">
                                <control type="group">
									<width>176</width>
									<height>252</height>
									<posy>10</posy>
									<posx>10</posx>
									<animation effect="fade" reversible="false" end="60" time="0" condition="true">Conditional</animation>
                                    <control type="image">
										<width>176</width>
										<height>252</height>
										<include>PosterThumbBG</include>
									  </control>
									  <control type="image">
										<width>176</width>
										<height>252</height>
										<texture border="0" background="true" diffuse="poster_matte.png" fallback="DefaultActorPoster.png">$INFO[ListItem.Thumb]</texture>
										<aspectratio scalediffuse="false" aligny="center" align="center">stretch</aspectratio>
									  </control>
									<control type="image">
										<bottom>0</bottom>
										<left>0</left>
										<width>176</width>
										<height>75</height>
										<texture border="0">guide_diffuse.png</texture>
										<aspectratio>stretch</aspectratio>
									</control>
									<control type="image">
										<bottom>0</bottom>
										<left>0</left>
										<width>176</width>
										<height>75</height>
										<texture border="0">guide_diffuse.png</texture>
										<aspectratio>stretch</aspectratio>
									</control>
									<control type="image">
										<bottom>0</bottom>
										<left>0</left>
										<width>176</width>
										<height>75</height>
										<texture border="0">guide_diffuse.png</texture>
										<aspectratio>stretch</aspectratio>
									</control>
									<control type="textbox">
										<bottom>0</bottom>
										<left>10</left>
										<width>156</width>
										<height>75</height>
										<align>center</align>
										<aligny>justify</aligny>
										<autoscroll>false</autoscroll>
										<font>Reg20</font>
										<label>$INFO[ListItem.Label] ($INFO[ListItem.Year])</label>
									</control>
                                </control>
                            </itemlayout>
                            <focusedlayout height="260" width="201">
                               <control type="group">
									<width>176</width>
									<height>252</height>
									<posy>10</posy>
									<posx>10</posx>
                                    <control type="image">
										<width>176</width>
										<height>252</height>
										<include>PosterThumbFO</include>
									  </control>
									  <control type="image">
										<width>176</width>
										<height>252</height>
										<texture border="0" background="true" diffuse="poster_matte.png" fallback="DefaultActorPoster.png">$INFO[ListItem.Thumb]</texture>
										<aspectratio scalediffuse="false" aligny="center" align="center">stretch</aspectratio>
									  </control>
									<control type="image">
										<bottom>0</bottom>
										<left>0</left>
										<width>176</width>
										<height>75</height>
										<texture border="0">guide_diffuse.png</texture>
										<aspectratio>stretch</aspectratio>
									</control>
									<control type="image">
										<bottom>0</bottom>
										<left>0</left>
										<width>176</width>
										<height>75</height>
										<texture border="0">guide_diffuse.png</texture>
										<aspectratio>stretch</aspectratio>
									</control>
									<control type="image">
										<bottom>0</bottom>
										<left>0</left>
										<width>176</width>
										<height>75</height>
										<texture border="0">guide_diffuse.png</texture>
										<aspectratio>stretch</aspectratio>
									</control>
									<control type="textbox">
										<bottom>0</bottom>
										<left>10</left>
										<width>156</width>
										<height>75</height>
										<align>center</align>
										<aligny>justify</aligny>
										<autoscroll>false</autoscroll>
										<font>Reg20</font>
										<label>$INFO[ListItem.Label] ($INFO[ListItem.Year])</label>
									</control>
                                </control>
                            </focusedlayout>
						
						</control>
                    </control>
                    
					<!-- movie sets or seasons-->
					<control type="group" id="50113">
                        <height>350</height>
                        <visible>IntegerGreaterThan(Container(250).NumItems,0)</visible>
                        <control type="label">
                            <posx>5</posx>
                            <posy>0</posy>
                            <width>1540</width>
                            <height>25</height>
                            <aligny>center</aligny>
                            <font>Bold32</font>
                            <label>$INFO[Window.Property(movie.set.label)]$INFO[Container(250).NumItems, (,)]</label>
							<visible>!IntegerGreaterThan(Container(250).NumItems,0)</visible>
                        </control>
						 <control type="label">
                            <posx>5</posx>
                            <posy>0</posy>
                            <width>1540</width>
                            <height>25</height>
                            <aligny>center</aligny>
                            <font>Bold32</font>
                            <label>$LOCALIZE[33054] $INFO[Container(250).NumItems, (,)]</label>
							<visible>IntegerGreaterThan(Container(250).NumItems,0)</visible>
                        </control>
                        <control type="image">
                            <posx>1810</posx>
                            <posy>95</posy>
                            <width>35</width>
                            <height>150</height>
                            <texture>arrowright.png</texture>
                            <visible>Container(250).HasNext</visible>
                        </control>
                        <control type="panel" id="250">
                            <posx>0</posx>
                            <posy>40</posy>
                            <width>1800</width>
                            <height>280</height>
                            <onleft>back</onleft>
                            <onright>250</onright>
                            <onup>150</onup>
                            <ondown>1150</ondown>
                            <scrolltime>200</scrolltime>
                            <orientation>horizontal</orientation>
							<itemlayout height="270" width="201">
                                <control type="group">
									<width>176</width>
									<height>252</height>
									<posy>10</posy>
									<posx>10</posx>
									<animation effect="fade" reversible="false" end="60" time="0" condition="true">Conditional</animation>
                                    <control type="image">
										<width>176</width>
										<height>252</height>
										<include>PosterThumbBG</include>
									  </control>
									  <control type="image">
										<width>176</width>
										<height>252</height>
										<texture border="0" background="true" diffuse="poster_matte.png" fallback="DefaultActorPoster.png">$INFO[ListItem.Thumb]</texture>
										<aspectratio scalediffuse="false" aligny="center" align="center">stretch</aspectratio>
									  </control>
									<control type="image">
										<bottom>0</bottom>
										<left>0</left>
										<width>176</width>
										<height>75</height>
										<texture border="0">guide_diffuse.png</texture>
										<aspectratio>stretch</aspectratio>
									</control>
									<control type="image">
										<bottom>0</bottom>
										<left>0</left>
										<width>176</width>
										<height>75</height>
										<texture border="0">guide_diffuse.png</texture>
										<aspectratio>stretch</aspectratio>
									</control>
									<control type="image">
										<bottom>0</bottom>
										<left>0</left>
										<width>176</width>
										<height>75</height>
										<texture border="0">guide_diffuse.png</texture>
										<aspectratio>stretch</aspectratio>
									</control>
									<control type="textbox">
										<bottom>0</bottom>
										<left>10</left>
										<width>156</width>
										<height>75</height>
										<align>center</align>
										<aligny>justify</aligny>
										<autoscroll>false</autoscroll>
										<font>Reg20</font>
										<label>$INFO[ListItem.Label] ($INFO[ListItem.Year])</label>
									</control>
                                </control>
                            </itemlayout>
                            <focusedlayout height="260" width="201">
                               <control type="group">
									<width>176</width>
									<height>252</height>
									<posy>10</posy>
									<posx>10</posx>
                                    <control type="image">
										<width>176</width>
										<height>252</height>
										<include>PosterThumbFO</include>
									  </control>
									  <control type="image">
										<width>176</width>
										<height>252</height>
										<texture border="0" background="true" diffuse="poster_matte.png" fallback="DefaultActorPoster.png">$INFO[ListItem.Thumb]</texture>
										<aspectratio scalediffuse="false" aligny="center" align="center">stretch</aspectratio>
									  </control>
									<control type="image">
										<bottom>0</bottom>
										<left>0</left>
										<width>176</width>
										<height>75</height>
										<texture border="0">guide_diffuse.png</texture>
										<aspectratio>stretch</aspectratio>
									</control>
									<control type="image">
										<bottom>0</bottom>
										<left>0</left>
										<width>176</width>
										<height>75</height>
										<texture border="0">guide_diffuse.png</texture>
										<aspectratio>stretch</aspectratio>
									</control>
									<control type="image">
										<bottom>0</bottom>
										<left>0</left>
										<width>176</width>
										<height>75</height>
										<texture border="0">guide_diffuse.png</texture>
										<aspectratio>stretch</aspectratio>
									</control>
									<control type="textbox">
										<bottom>0</bottom>
										<left>10</left>
										<width>156</width>
										<height>75</height>
										<align>center</align>
										<aligny>justify</aligny>
										<autoscroll>false</autoscroll>
										<font>Reg20</font>
										<label>$INFO[ListItem.Label] ($INFO[ListItem.Year])</label>
									</control>
                                </control>
                            </focusedlayout>
						</control>
                    </control>
                    
					<!-- official movies -->
					<control type="group">
                        <visible>IntegerGreaterThan(Container(1150).NumItems,0)</visible>
                        <height>270</height>
                        <control type="label">
                            <posx>5</posx>
                            <posy>0</posy>
                            <width>1540</width>
                            <height>25</height>
                            <aligny>center</aligny>
                            <font>Bold32</font>
                            <label>$ADDON[script.extendedinfo 32117]</label>
                        </control>
                         <control type="image">
                            <posx>1810</posx>
                            <posy>60</posy>
                            <width>35</width>
                            <height>150</height>
                            <texture>arrowright.png</texture>
                            <visible>Container(1150).HasNext</visible>
                        </control>
                        <control type="panel" id="1150">
                            <posx>0</posx>
                            <posy>40</posy>
                            <width>1800</width>
                            <height>210</height>
                            <onleft>back</onleft>
                            <onright>1150</onright>
                            <onup>250</onup>
                            <ondown>350</ondown>
                            <pagecontrol>60</pagecontrol>
                            <scrolltime>300</scrolltime>
                            <focusposition>0</focusposition>
                            <orientation>horizontal</orientation>
                            <preloaditems>2</preloaditems>
							<label>$INFO[ListItem.Property(Type),[B],: [/B]]$INFO[ListItem.Label]</label>
                            <itemlayout width="362" height="200">
								<control type="group">
									<posx>5</posx>
									<animation effect="fade" reversible="false" end="60" time="0" condition="true">Conditional</animation>
									<control type="image">
										<width>340</width>
										<height>200</height>
										<include>PosterThumbBG</include>
									  </control>
									<control type="image">
										<!--Panel Normal-->
										<posx>4</posx>
										<posy>8</posy>
										<width>332</width>
										<height>190</height>
										<texture background="true" diffuse="home/home_matte2.png" fallback="special://skin/extras/defaulticonswide/DefaultVideo.png">$INFO[ListItem.Thumb]</texture>
										<aspectratio scalediffuse="true" align="center" aligny="center">scale</aspectratio>
									</control>
									<control type="image">
										<bottom>3</bottom>
										<left>4</left>
										<width>332</width>
										<height>65</height>
										<texture border="0">guide_diffuse.png</texture>
										<aspectratio>stretch</aspectratio>
									</control>
									<control type="image">
										<bottom>3</bottom>
										<left>4</left>
										<width>332</width>
										<height>65</height>
										<texture border="0">guide_diffuse.png</texture>
										<aspectratio>stretch</aspectratio>
									</control>
									<control type="image">
										<bottom>3</bottom>
										<left>4</left>
										<width>332</width>
										<height>65</height>
										<texture border="0">guide_diffuse.png</texture>
										<aspectratio>stretch</aspectratio>
									</control>
									<control type="textbox">
										<bottom>2</bottom>
										<left>15</left>
										<width>305</width>
										<height>60</height>
										<align>center</align>
										<aligny>justify</aligny>
										<autoscroll>false</autoscroll>
										<font>Reg20</font>
										<label>$INFO[ListItem.Property(Type),[B],: [/B]]$INFO[ListItem.Label]</label>
									</control>
								</control>
							</itemlayout>
							<focusedlayout width="362" height="200">
								<control type="group">
									<posx>5</posx>
									<control type="image">
										<width>340</width>
										<height>200</height>
										<include>PosterThumbFO</include>
									  </control>
									<control type="image">
										<!--Panel Normal-->
										<posx>4</posx>
										<posy>8</posy>
										<width>332</width>
										<height>190</height>
										<texture background="true" diffuse="home/home_matte2.png" fallback="special://skin/extras/defaulticonswide/DefaultVideo.png">$INFO[ListItem.Thumb]</texture>
										<aspectratio scalediffuse="true" align="center" aligny="center">scale</aspectratio>
									</control>
									<control type="image">
										<bottom>3</bottom>
										<left>4</left>
										<width>332</width>
										<height>65</height>
										<texture border="0">guide_diffuse.png</texture>
										<aspectratio>stretch</aspectratio>
									</control>
									<control type="image">
										<bottom>3</bottom>
										<left>4</left>
										<width>332</width>
										<height>65</height>
										<texture border="0">guide_diffuse.png</texture>
										<aspectratio>stretch</aspectratio>
									</control>
									<control type="image">
										<bottom>3</bottom>
										<left>4</left>
										<width>332</width>
										<height>65</height>
										<texture border="0">guide_diffuse.png</texture>
										<aspectratio>stretch</aspectratio>
									</control>
									<control type="textbox">
										<bottom>2</bottom>
										<left>15</left>
										<width>305</width>
										<height>60</height>
										<align>center</align>
										<aligny>justify</aligny>
										<autoscroll>false</autoscroll>
										<font>Reg20</font>
										<label>$INFO[ListItem.Property(Type),[B],: [/B]]$INFO[ListItem.Label]</label>
									</control>
								</control>
							</focusedlayout>

						</control>
                    </control>
                    
					<!-- youtube movies -->
					<control type="group">
                        <visible>IntegerGreaterThan(Container(350).NumItems,0)</visible>
                        <height>270</height>
                        <control type="label">
                            <posx>5</posx>
                            <posy>0</posy>
                            <width>1540</width>
                            <height>25</height>
                            <aligny>center</aligny>
                            <font>Bold32</font>
                            <label>$ADDON[script.extendedinfo 32118]</label>
                        </control>
                        <control type="image">
                            <posx>1810</posx>
                            <posy>60</posy>
                            <width>35</width>
                            <height>150</height>
                            <texture>arrowright.png</texture>
                            <visible>Container(350).HasNext</visible>
                        </control>
                        <control type="panel" id="350">
                            <posx>0</posx>
                            <posy>40</posy>
                            <width>1800</width>
                            <height>210</height>
							<onleft>back</onleft>
                            <onright>350</onright>
                            <onup>1150</onup>
                            <ondown>550</ondown>
                            <pagecontrol>60</pagecontrol>
                            <scrolltime>300</scrolltime>
                            <focusposition>0</focusposition>
                            <orientation>horizontal</orientation>
                            <preloaditems>2</preloaditems>
                            <itemlayout width="362" height="200">
								<control type="group">
									<posx>5</posx>
									<animation effect="fade" reversible="false" end="60" time="0" condition="true">Conditional</animation>
									<control type="image">
										<width>340</width>
										<height>200</height>
										<include>PosterThumbBG</include>
									  </control>
									<control type="image">
										<!--Panel Normal-->
										<posx>4</posx>
										<posy>8</posy>
										<width>332</width>
										<height>190</height>
										<texture background="true" diffuse="home/home_matte2.png" fallback="special://skin/extras/defaulticonswide/DefaultVideo.png">$INFO[ListItem.Thumb]</texture>
										<aspectratio scalediffuse="true" align="center" aligny="center">scale</aspectratio>
									</control>
									<control type="image">
										<bottom>3</bottom>
										<left>4</left>
										<width>332</width>
										<height>65</height>
										<texture border="0">guide_diffuse.png</texture>
										<aspectratio>stretch</aspectratio>
									</control>
									<control type="image">
										<bottom>3</bottom>
										<left>4</left>
										<width>332</width>
										<height>65</height>
										<texture border="0">guide_diffuse.png</texture>
										<aspectratio>stretch</aspectratio>
									</control>
									<control type="image">
										<bottom>3</bottom>
										<left>4</left>
										<width>332</width>
										<height>65</height>
										<texture border="0">guide_diffuse.png</texture>
										<aspectratio>stretch</aspectratio>
									</control>
									<control type="textbox">
										<bottom>2</bottom>
										<left>15</left>
										<width>305</width>
										<height>60</height>
										<align>center</align>
										<aligny>justify</aligny>
										<autoscroll>false</autoscroll>
										<font>Reg20</font>
										<label>$INFO[ListItem.Label]</label>
									</control>
								</control>
							</itemlayout>
							<focusedlayout width="362" height="200">
								<control type="group">
									<posx>5</posx>
									<control type="image">
										<width>340</width>
										<height>200</height>
										<include>PosterThumbFO</include>
									  </control>
									<control type="image">
										<!--Panel Normal-->
										<posx>4</posx>
										<posy>8</posy>
										<width>332</width>
										<height>190</height>
										<texture background="true" diffuse="home/home_matte2.png" fallback="special://skin/extras/defaulticonswide/DefaultVideo.png">$INFO[ListItem.Thumb]</texture>
										<aspectratio scalediffuse="true" align="center" aligny="center">scale</aspectratio>
									</control>
									<control type="image">
										<bottom>3</bottom>
										<left>4</left>
										<width>332</width>
										<height>65</height>
										<texture border="0">guide_diffuse.png</texture>
										<aspectratio>stretch</aspectratio>
									</control>
									<control type="image">
										<bottom>3</bottom>
										<left>4</left>
										<width>332</width>
										<height>65</height>
										<texture border="0">guide_diffuse.png</texture>
										<aspectratio>stretch</aspectratio>
									</control>
									<control type="image">
										<bottom>3</bottom>
										<left>4</left>
										<width>332</width>
										<height>65</height>
										<texture border="0">guide_diffuse.png</texture>
										<aspectratio>stretch</aspectratio>
									</control>
									<control type="textbox">
										<bottom>2</bottom>
										<left>15</left>
										<width>305</width>
										<height>60</height>
										<align>center</align>
										<aligny>justify</aligny>
										<autoscroll>false</autoscroll>
										<font>Reg20</font>
										<label>$INFO[ListItem.Label]</label>
									</control>
								</control>
							</focusedlayout>

						</control>
                    </control>
                    
					<!-- studios -->
					<control type="group">
                        <visible>IntegerGreaterThan(Container(550).NumItems,0)</visible>
                        <height>290</height>
                        <control type="label">
                            <posx>5</posx>
                            <posy>0</posy>
                            <width>1540</width>
                            <height>25</height>
                            <aligny>center</aligny>
                            <font>Bold32</font>
                            <label>$LOCALIZE[20388]</label>
                        </control>
                       <control type="image">
                            <posx>1810</posx>
                            <posy>60</posy>
                            <width>35</width>
                            <height>150</height>
                            <texture>arrowright.png</texture>
                            <visible>Container(550).HasNext</visible>
                        </control>
                        <control type="panel" id="550">
                            <posx>0</posx>
                            <posy>40</posy>
                            <width>1800</width>
                            <height>210</height>
                            <onleft>back</onleft>
                            <onright>550</onright>
                            <onup>350</onup>
                            <ondown>1450</ondown>
                            <pagecontrol>60</pagecontrol>
                            <scrolltime>300</scrolltime>
                            <focusposition>0</focusposition>
                            <orientation>horizontal</orientation>
                            <preloaditems>2</preloaditems>
                            <itemlayout height="200" width="360">
                                <control type="group">
                                    <posx>5</posx>
                                    <control type="image">
                                        <posy>0</posy>
                                        <width>340</width>
                                        <height>200</height>
                                        <texture border="40" colordiffuse="black">colors/color_white.png</texture>
										<animation effect="fade" reversible="false" end="60" time="0" condition="true">Conditional</animation>
                                    </control>
                                    <control type="image">
                                        <posy>5</posy>
										<posx>5</posx>
                                        <width>330</width>
                                        <height>190</height>
                                        <texture border="40" colordiffuse="darkblue">colors/color_white.png</texture>
                                    </control>
                                    <control type="image">
                                        <posy>28</posy>
                                        <posx>0</posx>
                                        <width>352</width>
                                        <height>100</height>
                                        <texture fallback="special://skin/extras/flags/studios/default-studio.png">$INFO[ListItem.Label,special://skin/extras/flags/studios/,.png]</texture>
                                        <aspectratio aligny="center" align="center">keep</aspectratio>
                                    </control>
                                   <control type="textbox">
										<bottom>2</bottom>
										<left>10</left>
										<width>322</width>
										<height>60</height>
										<align>center</align>
										<aligny>justify</aligny>
										<autoscroll>false</autoscroll>
										<font>Reg20</font>
										<label>$INFO[ListItem.Label]</label>
									</control>
                                </control>
                            </itemlayout>
                            <focusedlayout height="200" width="360">
                                <control type="group">
                                    <posx>5</posx>
                                    <control type="image">
                                        <posy>0</posy>
                                        <width>340</width>
                                        <height>200</height>
                                        <texture border="40" colordiffuse="$INFO[Skin.String(ButtonFocusColor)]">colors/color_white.png</texture>
                                    </control>
                                    <control type="image">
                                        <posy>5</posy>
										<posx>5</posx>
                                        <width>330</width>
                                        <height>190</height>
                                        <texture border="40" colordiffuse="darkblue">colors/color_white.png</texture>
                                    </control>
                                    <control type="image">
                                        <posy>28</posy>
                                        <posx>0</posx>
                                        <width>352</width>
                                        <height>100</height>
                                        <texture fallback="special://skin/extras/flags/studios/default-studio.png">$INFO[ListItem.Label,special://skin/extras/flags/studios/,.png]</texture>
                                        <aspectratio aligny="center" align="center">keep</aspectratio>
                                    </control>
                                   <control type="textbox">
										<bottom>2</bottom>
										<left>10</left>
										<width>322</width>
										<height>60</height>
										<align>center</align>
										<aligny>justify</aligny>
										<autoscroll>false</autoscroll>
										<font>Reg20</font>
										<label>$INFO[ListItem.Label]</label>
									</control>
                                </control>
                            </focusedlayout>
                        
						</control>
                    </control>
                    
					<!-- networks -->
					<control type="group">
                        <visible>IntegerGreaterThan(Container(1450).NumItems,0)</visible>
                        <height>290</height>
                        <control type="label">
                            <posx>5</posx>
                            <posy>0</posy>
                            <width>1540</width>
                            <height>25</height>
                            <aligny>center</aligny>
                            <font>Bold32</font>
                            <label>$ADDON[script.extendedinfo 32152]</label>
                        </control>
                        <control type="image">
                            <posx>1810</posx>
                            <posy>60</posy>
                            <width>35</width>
                            <height>150</height>
                            <texture>arrowright.png</texture>
                            <visible>Container(1450).HasNext</visible>
                        </control>
                        <control type="panel" id="1450">
                            <posx>0</posx>
                            <posy>40</posy>
                            <width>1800</width>
                            <height>210</height>
                            <onleft>back</onleft>
                            <onright>1450</onright>
                            <onup>550</onup>
                            <ondown>650</ondown>
                            <pagecontrol>60</pagecontrol>
                            <scrolltime>300</scrolltime>
                            <focusposition>0</focusposition>
                            <orientation>horizontal</orientation>
                            <preloaditems>2</preloaditems>
                             <itemlayout height="200" width="360">
                                <control type="group">
                                    <posx>5</posx>
                                    <control type="image">
                                        <posy>0</posy>
                                        <width>340</width>
                                        <height>200</height>
                                        <texture border="40" colordiffuse="black">colors/color_white.png</texture>
										<animation effect="fade" reversible="false" end="60" time="0" condition="true">Conditional</animation>
                                    </control>
                                    <control type="image">
                                        <posy>5</posy>
										<posx>5</posx>
                                        <width>330</width>
                                        <height>190</height>
                                        <texture border="40" colordiffuse="darkblue">colors/color_white.png</texture>
                                    </control>
                                    <control type="image">
                                        <posy>28</posy>
                                        <posx>0</posx>
                                        <width>352</width>
                                        <height>100</height>
                                        <texture fallback="special://skin/extras/flags/studios/default-studio.png">$INFO[ListItem.Label,special://skin/extras/flags/studios/,.png]</texture>
                                        <aspectratio aligny="center" align="center">keep</aspectratio>
                                    </control>
                                   <control type="textbox">
										<bottom>2</bottom>
										<left>10</left>
										<width>322</width>
										<height>60</height>
										<align>center</align>
										<aligny>justify</aligny>
										<autoscroll>false</autoscroll>
										<font>Reg20</font>
										<label>$INFO[ListItem.Label]</label>
									</control>
                                </control>
                            </itemlayout>
                            <focusedlayout height="200" width="360">
                                <control type="group">
                                    <posx>5</posx>
                                    <control type="image">
                                        <posy>0</posy>
                                        <width>340</width>
                                        <height>200</height>
                                        <texture border="40" colordiffuse="$INFO[Skin.String(ButtonFocusColor)]">colors/color_white.png</texture>
                                    </control>
                                    <control type="image">
                                        <posy>5</posy>
										<posx>5</posx>
                                        <width>330</width>
                                        <height>190</height>
                                        <texture border="40" colordiffuse="darkblue">colors/color_white.png</texture>
                                    </control>
                                    <control type="image">
                                        <posy>28</posy>
                                        <posx>0</posx>
                                        <width>352</width>
                                        <height>100</height>
                                        <texture fallback="special://skin/extras/flags/studios/default-studio.png">$INFO[ListItem.Label,special://skin/extras/flags/studios/,.png]</texture>
                                        <aspectratio aligny="center" align="center">keep</aspectratio>
                                    </control>
                                   <control type="textbox">
										<bottom>2</bottom>
										<left>10</left>
										<width>322</width>
										<height>60</height>
										<align>center</align>
										<aligny>justify</aligny>
										<autoscroll>false</autoscroll>
										<font>Reg20</font>
										<label>$INFO[ListItem.Label]</label>
									</control>
                                </control>
                            </focusedlayout>
                        </control>
                    </control>
                    
					<!-- releases -->
					<control type="group">
                        <visible>IntegerGreaterThan(Container(650).NumItems,0)</visible>
                        <height>400</height>
						<control type="label">
                            <posx>5</posx>
                            <posy>0</posy>
                            <width>1540</width>
                            <height>25</height>
                            <aligny>center</aligny>
                            <font>Bold32</font>
                            <label>$ADDON[script.extendedinfo 32168]</label>
                        </control>
                        <control type="image">
                            <posx>1810</posx>
                            <posy>60</posy>
                            <width>35</width>
                            <height>150</height>
                            <texture>arrowright.png</texture>
                            <visible>Container(650).HasNext</visible>
                        </control>
                        <control type="textbox">
                            <posx>5</posx>
                            <posy>250</posy>
                            <width>1795</width>
                            <height>120</height>
                            <font>Reg20</font>
                            <label>$INFO[Container(650).ListItem.Property(meaning)]</label>
                        </control>
                        <control type="panel" id="650">
                            <posx>0</posx>
                            <posy>40</posy>
                            <width>1800</width>
                            <height>210</height>
                            <onleft>back</onleft>
                            <onright>650</onright>
                            <onup>1450</onup>
                            <ondown>850</ondown>
                            <pagecontrol>60</pagecontrol>
                            <scrolltime>300</scrolltime>
                            <focusposition>0</focusposition>
                            <orientation>horizontal</orientation>
                            <preloaditems>2</preloaditems>
							<itemlayout height="200" width="360">
                                <control type="group">
                                    <posx>5</posx>
                                    <control type="image">
                                        <posy>0</posy>
                                        <width>340</width>
                                        <height>200</height>
                                        <texture border="40" colordiffuse="black">colors/color_white.png</texture>
										<animation effect="fade" reversible="false" end="60" time="0" condition="true">Conditional</animation>
                                    </control>
                                    <control type="image">
                                        <posy>5</posy>
										<posx>5</posx>
                                        <width>330</width>
                                        <height>190</height>
                                        <texture border="40" colordiffuse="darkblue">colors/color_white.png</texture>
                                    </control>
                                    <control type="image">
                                        <posy>28</posy>
                                        <posx>0</posx>
                                        <width>352</width>
                                        <height>100</height>
                                        <texture>$INFO[ListItem.Property(iso_3166_1),special://skin/extras/flags/language/,.png]</texture>
                                        <aspectratio aligny="center" align="center">keep</aspectratio>
                                    </control>
                                   <control type="textbox">
										<bottom>2</bottom>
										<left>10</left>
										<width>322</width>
										<height>60</height>
										<align>center</align>
										<aligny>justify</aligny>
										<autoscroll>false</autoscroll>
										<font>Reg20</font>
										<label>$INFO[ListItem.Property(release_date)][CR]$INFO[ListItem.Property(certification)]</label>
									</control>
                                </control>
                            </itemlayout>
                            <focusedlayout height="200" width="360">
                                <control type="group">
                                    <posx>5</posx>
                                    <control type="image">
                                        <posy>0</posy>
                                        <width>340</width>
                                        <height>200</height>
                                        <texture border="40" colordiffuse="$INFO[Skin.String(ButtonFocusColor)]">colors/color_white.png</texture>
                                    </control>
                                    <control type="image">
                                        <posy>5</posy>
										<posx>5</posx>
                                        <width>330</width>
                                        <height>190</height>
                                        <texture border="40" colordiffuse="darkblue">colors/color_white.png</texture>
                                    </control>
                                    <control type="image">
                                        <posy>28</posy>
                                        <posx>0</posx>
                                        <width>352</width>
                                        <height>100</height>
                                        <texture>$INFO[ListItem.Property(iso_3166_1),special://skin/extras/flags/language/,.png]</texture>
                                        <aspectratio aligny="center" align="center">keep</aspectratio>
                                    </control>
                                   <control type="textbox">
										<bottom>2</bottom>
										<left>10</left>
										<width>322</width>
										<height>60</height>
										<align>center</align>
										<aligny>justify</aligny>
										<autoscroll>false</autoscroll>
										<font>Reg20</font>
										<label>$INFO[ListItem.Property(release_date)][CR]$INFO[ListItem.Property(certification)]</label>
									</control>
                                </control>
                            </focusedlayout>
                        </control>
                    </control>
					
					<!-- Genres -->
                    <control type="group">
                        <visible>IntegerGreaterThan(Container(850).NumItems,0)</visible>
                        <height>180</height>
                        <control type="label">
                           <posx>5</posx>
                            <posy>0</posy>
                            <width>1540</width>
                            <height>25</height>
                            <aligny>center</aligny>
                            <font>Bold32</font>
                            <label>Genres</label>
                        </control>
                        <control type="panel" id="850">
                            <posx>0</posx>
                            <posy>40</posy>
                            <width>1800</width>
                            <height>100</height>
                            <onleft>back</onleft>
                            <onright>850</onright>
                            <onup>650</onup>
                            <ondown>1050</ondown>
                            <pagecontrol>60</pagecontrol>
                            <scrolltime>300</scrolltime>
                            <focusposition>0</focusposition>
                            <orientation>horizontal</orientation>
                            <itemlayout height="100" width="360">
                                <control type="group">
                                    <posx>5</posx>
                                    <control type="image">
                                        <posy>0</posy>
                                        <width>340</width>
                                        <height>100</height>
                                        <texture border="40" colordiffuse="black">colors/color_white.png</texture>
										<animation effect="fade" reversible="false" end="60" time="0" condition="true">Conditional</animation>
                                    </control>
                                    <control type="image">
                                        <posy>5</posy>
										<posx>5</posx>
                                        <width>330</width>
                                        <height>90</height>
                                        <texture border="40" colordiffuse="darkblue">colors/color_white.png</texture>
                                    </control>
                                   <control type="label">
										<left>10</left>
										<width>322</width>
										<height>90</height>
										<align>center</align>
										<aligny>center</aligny>
										<autoscroll>false</autoscroll>
										<font>Reg28</font>
										<label>$INFO[ListItem.Label]</label>
									</control>
                                </control>
                            </itemlayout>
                            <focusedlayout height="100" width="360">
                                <control type="group">
                                    <posx>5</posx>
                                    <control type="image">
                                        <posy>0</posy>
                                        <width>340</width>
                                        <height>100</height>
                                        <texture border="40" colordiffuse="$INFO[Skin.String(ButtonFocusColor)]">colors/color_white.png</texture>
                                    </control>
                                    <control type="image">
                                        <posy>5</posy>
										<posx>5</posx>
                                        <width>330</width>
                                        <height>90</height>
                                        <texture border="40" colordiffuse="darkblue">colors/color_white.png</texture>
                                    </control>
                                   <control type="label">
										<left>10</left>
										<width>322</width>
										<height>90</height>
										<align>center</align>
										<aligny>center</aligny>
										<autoscroll>false</autoscroll>
										<font>Reg28</font>
										<label>$INFO[ListItem.Label]</label>
									</control>
                                </control>
                            </focusedlayout>
                        </control>
                    </control>
                    
					<!-- reviews -->
					<control type="group">
                        <visible>IntegerGreaterThan(Container(1050).NumItems,0)</visible>
                        <height>430</height>
                        <control type="label">
                            <posx>5</posx>
                            <posy>0</posy>
                            <width>500</width>
                            <height>25</height>
                            <aligny>center</aligny>
                            <font>Bold32</font>
                            <label>$ADDON[script.extendedinfo 32167]</label>
                        </control>
						<control type="image">
                            <posx>1810</posx>
                            <posy>0</posy>
                            <width>35</width>
                            <height>100</height>
                            <texture>arrowright.png</texture>
                            <visible>Container(1050).HasNext</visible>
                        </control>
                        <control type="panel" id="1050">
                            <posx>0</posx>
                            <posy>40</posy>
                            <width>1800</width>
                            <height>210</height>
                            <onleft>back</onleft>
                            <onright>1050</onright>
                            <onup>850</onup>
                            <ondown>950</ondown>
                            <pagecontrol>60</pagecontrol>
                            <scrolltime>300</scrolltime>
                            <focusposition>0</focusposition>
                            <orientation>horizontal</orientation>
                            <preloaditems>2</preloaditems>
							
							<itemlayout height="200" width="360">
                                <control type="group">
                                    <posx>5</posx>
                                    <control type="image">
                                        <posy>0</posy>
                                        <width>340</width>
                                        <height>200</height>
                                        <texture border="40" colordiffuse="black">colors/color_white.png</texture>
										<animation effect="fade" reversible="false" end="60" time="0" condition="true">Conditional</animation>
                                    </control>
                                    <control type="image">
                                        <posy>5</posy>
										<posx>5</posx>
                                        <width>330</width>
                                        <height>190</height>
                                        <texture border="40" colordiffuse="darkblue">colors/color_white.png</texture>
                                    </control>
                                   <control type="textbox">
										<top>10</top>
										<left>10</left>
										<width>322</width>
										<height>180</height>
										<align>center</align>
										<aligny>center</aligny>
										<autoscroll>false</autoscroll>
										<font>Reg20</font>
										<label>$INFO[ListItem.Property(Author),[B],[/B][CR]]$INFO[ListItem.Property(Content)]</label>
									</control>
                                </control>
                            </itemlayout>
                            <focusedlayout height="200" width="360">
                                <control type="group">
                                    <posx>5</posx>
                                    <control type="image">
                                        <posy>0</posy>
                                        <width>340</width>
                                        <height>200</height>
                                        <texture border="40" colordiffuse="$INFO[Skin.String(ButtonFocusColor)]">colors/color_white.png</texture>
                                    </control>
                                    <control type="image">
                                        <posy>5</posy>
										<posx>5</posx>
                                        <width>330</width>
                                        <height>190</height>
                                        <texture border="40" colordiffuse="darkblue">colors/color_white.png</texture>
                                    </control>
                                   <control type="textbox">
										<top>10</top>
										<left>10</left>
										<width>322</width>
										<height>180</height>
										<align>center</align>
										<aligny>center</aligny>
										<autoscroll>false</autoscroll>
										<font>Reg20</font>
										<label>$INFO[ListItem.Property(Author),[B],[/B][CR]]$INFO[ListItem.Property(Content)]</label>
									</control>
                                </control>
                            </focusedlayout>
						</control>
                    </control>
                    
					<!-- keywords -->
					<control type="group">
                        <visible>IntegerGreaterThan(Container(950).NumItems,0)</visible>
                        <height>310</height>
                        <control type="label">
                            <posx>5</posx>
                            <posy>0</posy>
                            <width>1540</width>
                            <height>25</height>
                            <aligny>center</aligny>
                            <font>Bold32</font>
                            <label>Keywords</label>
                        </control>
						<control type="image">
                            <posx>1810</posx>
                            <posy>60</posy>
                            <width>35</width>
                            <height>150</height>
                            <texture>arrowright.png</texture>
                            <visible>Container(950).HasNext</visible>
                        </control>
                        <control type="panel" id="950">
                            <posx>0</posx>
                            <posy>40</posy>
                            <width>1800</width>
                            <height>220</height>
                            <onleft>back</onleft>
                            <onright>950</onright>
                            <onup>1050</onup>
                            <ondown>1250</ondown>
                            <pagecontrol>60</pagecontrol>
                            <scrolltime>300</scrolltime>
                            <focusposition>0</focusposition>
                            <orientation>horizontal</orientation>
                            <preloaditems>2</preloaditems>
                            <itemlayout height="110" width="360">
                                <control type="group">
                                    <posx>5</posx>
                                    <control type="image">
                                        <posy>0</posy>
                                        <width>340</width>
                                        <height>100</height>
                                        <texture border="40" colordiffuse="black">colors/color_white.png</texture>
										<animation effect="fade" reversible="false" end="60" time="0" condition="true">Conditional</animation>
                                    </control>
                                    <control type="image">
                                        <posy>5</posy>
										<posx>5</posx>
                                        <width>330</width>
                                        <height>90</height>
                                        <texture border="40" colordiffuse="darkblue">colors/color_white.png</texture>
                                    </control>
                                   <control type="label">
										<left>10</left>
										<width>322</width>
										<height>90</height>
										<align>center</align>
										<aligny>center</aligny>
										<autoscroll>false</autoscroll>
										<font>Reg28</font>
										<label>$INFO[ListItem.Label]</label>
									</control>
                                </control>
                            </itemlayout>
                            <focusedlayout height="110" width="360">
                                <control type="group">
                                    <posx>5</posx>
                                    <control type="image">
                                        <posy>0</posy>
                                        <width>340</width>
                                        <height>100</height>
                                        <texture border="40" colordiffuse="$INFO[Skin.String(ButtonFocusColor)]">colors/color_white.png</texture>
                                    </control>
                                    <control type="image">
                                        <posy>5</posy>
										<posx>5</posx>
                                        <width>330</width>
                                        <height>90</height>
                                        <texture border="40" colordiffuse="darkblue">colors/color_white.png</texture>
                                    </control>
                                   <control type="label">
										<left>10</left>
										<width>322</width>
										<height>90</height>
										<align>center</align>
										<aligny>center</aligny>
										<autoscroll>false</autoscroll>
										<font>Reg28</font>
										<label>$INFO[ListItem.Label]</label>
									</control>
                                </control>
                            </focusedlayout>
                        </control>
                    </control>
                    
					<!-- artwork (posters) -->
					<control type="group">
                        <height>350</height>
                        <visible>IntegerGreaterThan(Container(1250).NumItems,0)</visible>
                        <control type="label">
                            <posx>5</posx>
                            <width>500</width>
                            <height>25</height>
                            <aligny>center</aligny>
                            <font>Bold32</font>
                            <label>$ADDON[script.extendedinfo 32119]</label>
                        </control>
						<control type="image">
                            <posx>1810</posx>
                            <posy>95</posy>
                            <width>35</width>
                            <height>150</height>
                            <texture>arrowright.png</texture>
                            <visible>Container(1250).HasNext</visible>
                        </control>
                        <control type="panel" id="1250">
                            <posx>0</posx>
                            <posy>40</posy>
                            <width>1800</width>
                            <height>280</height>
                            <onleft>back</onleft>
                            <onright>1250</onright>
                            <onup>950</onup>
                            <ondown>1350</ondown>
                            <scrolltime>200</scrolltime>
                            <orientation>horizontal</orientation>
                            <itemlayout height="270" width="201">
                                <control type="group">
									<width>176</width>
									<height>252</height>
									<posy>10</posy>
									<posx>10</posx>
									<animation effect="fade" reversible="false" end="60" time="0" condition="true">Conditional</animation>
                                    <control type="image">
										<width>176</width>
										<height>252</height>
										<include>PosterThumbBG</include>
									  </control>
									  <control type="image">
										<width>176</width>
										<height>252</height>
										<texture border="0" background="true" diffuse="poster_matte.png" fallback="DefaultActorPoster.png">$INFO[ListItem.Thumb]</texture>
										<aspectratio scalediffuse="false" aligny="center" align="center">stretch</aspectratio>
									  </control>
                                </control>
                            </itemlayout>
                            <focusedlayout height="260" width="201">
                               <control type="group">
									<width>176</width>
									<height>252</height>
									<posy>10</posy>
									<posx>10</posx>
                                    <control type="image">
										<width>176</width>
										<height>252</height>
										<include>PosterThumbFO</include>
									  </control>
									  <control type="image">
										<width>176</width>
										<height>252</height>
										<texture border="0" background="true" diffuse="poster_matte.png" fallback="DefaultActorPoster.png">$INFO[ListItem.Thumb]</texture>
										<aspectratio scalediffuse="false" aligny="center" align="center">stretch</aspectratio>
									  </control>
                                </control>
                            </focusedlayout>
						</control>
                    </control>
                    
					<!-- fanart -->
					<control type="group">
                        <height>270</height>
                        <visible>IntegerGreaterThan(Container(1350).NumItems,0)</visible>
                        <control type="label">
                            <posx>5</posx>
                            <width>500</width>
                            <height>25</height>
                            <aligny>center</aligny>
                            <font>Bold32</font>
                            <label>$LOCALIZE[20445]</label>
                        </control>
						<control type="image">
                            <posx>1810</posx>
                            <posy>60</posy>
                            <width>35</width>
                            <height>150</height>
                            <texture>arrowright.png</texture>
                            <visible>Container(1350).HasNext</visible>
                        </control>
                        <control type="panel" id="1350">
                            <posx>0</posx>
                            <posy>40</posy>
                            <width>1800</width>
                            <height>280</height>
                            <onleft>back</onleft>
                            <onright>1350</onright>
                            <onup>1250</onup>
                            <ondown>450</ondown>
                            <scrolltime>200</scrolltime>
                            <orientation>horizontal</orientation>
                            <itemlayout width="362" height="200">
								<control type="group">
									<posx>5</posx>
									<animation effect="fade" reversible="false" end="60" time="0" condition="true">Conditional</animation>
									<control type="image">
										<width>340</width>
										<height>200</height>
										<include>PosterThumbBG</include>
									  </control>
									<control type="image">
										<!--Panel Normal-->
										<posx>4</posx>
										<posy>8</posy>
										<width>332</width>
										<height>190</height>
										<texture background="true" diffuse="home/home_matte2.png" fallback="special://skin/extras/defaulticonswide/DefaultVideo.png">$INFO[ListItem.Thumb]</texture>
										<aspectratio scalediffuse="true" align="center" aligny="center">scale</aspectratio>
									</control>
								</control>
							</itemlayout>
							<focusedlayout width="362" height="200">
								<control type="group">
									<posx>5</posx>
									<control type="image">
										<width>340</width>
										<height>200</height>
										<include>PosterThumbFO</include>
									  </control>
									<control type="image">
										<!--Panel Normal-->
										<posx>4</posx>
										<posy>8</posy>
										<width>332</width>
										<height>190</height>
										<texture background="true" diffuse="home/home_matte2.png" fallback="special://skin/extras/defaulticonswide/DefaultVideo.png">$INFO[ListItem.Thumb]</texture>
										<aspectratio scalediffuse="true" align="center" aligny="center">scale</aspectratio>
									</control>
								</control>
							</focusedlayout>

						</control>
                    </control>
                    
					<!-- related tmdb lists -->
					<control type="group" id="50215">
                        <height>350</height>
                        <visible>IntegerGreaterThan(Container(450).NumItems,0)</visible>
                        <control type="label">
                            <posx>5</posx>
                            <posy>0</posy>
                            <width>500</width>
                            <height>25</height>
                            <aligny>center</aligny>
                            <font>Bold32</font>
                            <label>Related TMDB Lists$INFO[Container(450).NumItems, (,)]</label>
                        </control>
                        <control type="image">
                            <posx>1810</posx>
                            <posy>95</posy>
                            <width>35</width>
                            <height>150</height>
                            <texture>arrowright.png</texture>
                            <visible>Container(450).HasNext</visible>
                        </control>
                        <control type="panel" id="450">
                            <posx>0</posx>
                            <posy>40</posy>
                            <width>1800</width>
                            <height>280</height>
                            <onleft>back</onleft>
                            <onright>450</onright>
                            <onup>1350</onup>
                            <ondown>2000</ondown>
                            <scrolltime>200</scrolltime>
                            <orientation>horizontal</orientation>
							
							<itemlayout height="270" width="201">
                                <control type="group">
									<width>176</width>
									<height>252</height>
									<animation effect="fade" reversible="false" end="60" time="0" condition="true">Conditional</animation>
									<posy>10</posy>
									<posx>10</posx>
                                    <control type="image">
										<width>176</width>
										<height>252</height>
										<include>PosterThumbBG</include>
									  </control>
									  <control type="image">
										<width>176</width>
										<height>252</height>
										<texture border="0" background="true" diffuse="poster_matte.png" fallback="DefaultActorPoster.png">$INFO[ListItem.Thumb]</texture>
										<aspectratio scalediffuse="false" aligny="center" align="center">stretch</aspectratio>
									  </control>
									<control type="image">
										<bottom>0</bottom>
										<left>0</left>
										<width>176</width>
										<height>75</height>
										<texture border="0">guide_diffuse.png</texture>
										<aspectratio>stretch</aspectratio>
									</control>
									<control type="image">
										<bottom>0</bottom>
										<left>0</left>
										<width>176</width>
										<height>75</height>
										<texture border="0">guide_diffuse.png</texture>
										<aspectratio>stretch</aspectratio>
									</control>
									<control type="image">
										<bottom>0</bottom>
										<left>0</left>
										<width>176</width>
										<height>75</height>
										<texture border="0">guide_diffuse.png</texture>
										<aspectratio>stretch</aspectratio>
									</control>
									<control type="textbox">
										<bottom>0</bottom>
										<left>10</left>
										<width>156</width>
										<height>75</height>
										<align>center</align>
										<aligny>justify</aligny>
										<autoscroll>false</autoscroll>
										<font>Reg20</font>
										<label>$INFO[ListItem.Label]$INFO[ListItem.Property(Description),[CR]]</label>
									</control>
                                </control>
                            </itemlayout>
                            <focusedlayout height="260" width="201">
                               <control type="group">
									<width>176</width>
									<height>252</height>
									<posy>10</posy>
									<posx>10</posx>
                                    <control type="image">
										<width>176</width>
										<height>252</height>
										<include>PosterThumbFO</include>
									  </control>
									  <control type="image">
										<width>176</width>
										<height>252</height>
										<texture border="0" background="true" diffuse="poster_matte.png" fallback="DefaultActorPoster.png">$INFO[ListItem.Thumb]</texture>
										<aspectratio scalediffuse="false" aligny="center" align="center">stretch</aspectratio>
									  </control>
									<control type="image">
										<bottom>0</bottom>
										<left>0</left>
										<width>176</width>
										<height>75</height>
										<texture border="0">guide_diffuse.png</texture>
										<aspectratio>stretch</aspectratio>
									</control>
									<control type="image">
										<bottom>0</bottom>
										<left>0</left>
										<width>176</width>
										<height>75</height>
										<texture border="0">guide_diffuse.png</texture>
										<aspectratio>stretch</aspectratio>
									</control>
									<control type="image">
										<bottom>0</bottom>
										<left>0</left>
										<width>176</width>
										<height>75</height>
										<texture border="0">guide_diffuse.png</texture>
										<aspectratio>stretch</aspectratio>
									</control>
									<control type="textbox">
										<bottom>0</bottom>
										<left>10</left>
										<width>156</width>
										<height>75</height>
										<align>center</align>
										<aligny>justify</aligny>
										<autoscroll>false</autoscroll>
										<font>Reg20</font>
										<label>$INFO[ListItem.Label]$INFO[ListItem.Property(Description),[CR]]</label>
									</control>
                                </control>
                            </focusedlayout>
						</control>
                    </control>
                    
					<!-- episode index -->
					<control type="group">
                        <visible>IntegerGreaterThan(Container(2000).NumItems,0)</visible>
                        <height>270</height>
                        <control type="label">
                            <posx>5</posx>
                            <posy>0</posy>
                            <width>500</width>
                            <height>25</height>
                            <aligny>center</aligny>
                            <font>Bold32</font>
                            <label>Episode Index</label>
                        </control>
						 <control type="image">
                            <posx>1810</posx>
                            <posy>60</posy>
                            <width>35</width>
                            <height>150</height>
                            <texture>arrowright.png</texture>
                            <visible>Container(2000).HasNext</visible>
                        </control>
                        <control type="panel" id="2000">
                            <posx>0</posx>
                            <posy>40</posy>
                            <width>1800</width>
                            <height>210</height>
                            <onleft>back</onleft>
                            <onright>2000</onright>
                            <onup>450</onup>
                            <ondown>5000</ondown>
                            <pagecontrol>60</pagecontrol>
                            <scrolltime>300</scrolltime>
                            <focusposition>0</focusposition>
                            <orientation>horizontal</orientation>
                            <preloaditems>2</preloaditems>
							<itemlayout width="362" height="200">
								<control type="group">
									<posx>5</posx>
									<animation effect="fade" reversible="false" end="60" time="0" condition="true">Conditional</animation>
									<control type="image">
										<width>340</width>
										<height>200</height>
										<include>PosterThumbBG</include>
									  </control>
									<control type="image">
										<!--Panel Normal-->
										<posx>4</posx>
										<posy>8</posy>
										<width>332</width>
										<height>190</height>
										<texture background="true" diffuse="home/home_matte2.png" fallback="special://skin/extras/defaulticonswide/DefaultVideo.png">$INFO[ListItem.Thumb]</texture>
										<aspectratio scalediffuse="true" align="center" aligny="center">scale</aspectratio>
									</control>
									<control type="image">
										<bottom>3</bottom>
										<left>4</left>
										<width>332</width>
										<height>65</height>
										<texture border="0">guide_diffuse.png</texture>
										<aspectratio>stretch</aspectratio>
									</control>
									<control type="image">
										<bottom>3</bottom>
										<left>4</left>
										<width>332</width>
										<height>65</height>
										<texture border="0">guide_diffuse.png</texture>
										<aspectratio>stretch</aspectratio>
									</control>
									<control type="image">
										<bottom>3</bottom>
										<left>4</left>
										<width>332</width>
										<height>65</height>
										<texture border="0">guide_diffuse.png</texture>
										<aspectratio>stretch</aspectratio>
									</control>
									<control type="textbox">
										<bottom>2</bottom>
										<left>15</left>
										<width>305</width>
										<height>60</height>
										<align>center</align>
										<aligny>justify</aligny>
										<autoscroll>false</autoscroll>
										<font>Reg20</font>
										<label>$INFO[ListItem.Episode,[B],[/B]]$INFO[ListItem.Label,[B]:[/B] ]</label>
									</control>
								</control>
							</itemlayout>
							<focusedlayout width="362" height="200">
								<control type="group">
									<posx>5</posx>
									<control type="image">
										<width>340</width>
										<height>200</height>
										<include>PosterThumbFO</include>
									  </control>
									<control type="image">
										<!--Panel Normal-->
										<posx>4</posx>
										<posy>8</posy>
										<width>332</width>
										<height>190</height>
										<texture background="true" diffuse="home/home_matte2.png" fallback="special://skin/extras/defaulticonswide/DefaultVideo.png">$INFO[ListItem.Thumb]</texture>
										<aspectratio scalediffuse="true" align="center" aligny="center">scale</aspectratio>
									</control>
									<control type="image">
										<bottom>3</bottom>
										<left>4</left>
										<width>332</width>
										<height>65</height>
										<texture border="0">guide_diffuse.png</texture>
										<aspectratio>stretch</aspectratio>
									</control>
									<control type="image">
										<bottom>3</bottom>
										<left>4</left>
										<width>332</width>
										<height>65</height>
										<texture border="0">guide_diffuse.png</texture>
										<aspectratio>stretch</aspectratio>
									</control>
									<control type="image">
										<bottom>3</bottom>
										<left>4</left>
										<width>332</width>
										<height>65</height>
										<texture border="0">guide_diffuse.png</texture>
										<aspectratio>stretch</aspectratio>
									</control>
									<control type="textbox">
										<bottom>2</bottom>
										<left>15</left>
										<width>305</width>
										<height>60</height>
										<align>center</align>
										<aligny>justify</aligny>
										<autoscroll>false</autoscroll>
										<font>Reg20</font>
										<label>$INFO[ListItem.Episode,[B],[/B]]$INFO[ListItem.Label,[B]:[/B] ]</label>
									</control>
								</control>
							</focusedlayout>
						</control>
                    </control>
					
					<!-- buttons (hidden)-->
					<control type="grouplist" id="5000">
						<posx>60</posx>
						<posy>140</posy>
						<width>1090</width>
						<height>400</height>
						<onleft>back</onleft>
						<onright>5000</onright>
						<onup>2000</onup>
						<ondown>1000</ondown>
						<itemgap>-10</itemgap>
						<visible>false</visible>
						<orientation>horizontal</orientation>
						<scrolltime tween="quadratic">200</scrolltime>
						<control type="radiobutton" id="8">
							<visible>false</visible>
						</control>
						<control type="group" id="99">
							<width>280</width>
							<visible>false</visible>
							<control type="button" id="9">
							</control>
						</control>
						<control type="group" id="20000">
							<posx>0</posx>
							<posy>0</posy>
							<visible>false</visible>
							<width>280</width>
							<height>400</height>
							<control type="radiobutton" id="6001">
								<visible>false</visible>
							</control>
							<control type="label">
								<visible>false</visible>
							</control>
						</control>
						<control type="radiobutton" id="6003">
							<visible>false</visible>
						</control>
						<control type="radiobutton" id="6005">
							<visible>false</visible>
						</control>
						<control type="radiobutton" id="6002">
							<visible>false</visible>
						</control>
						<control type="radiobutton" id="6006">
							<visible>false</visible>
						</control>
						<control type="radiobutton" id="445">
							<visible>false</visible>
						</control>
					</control>
                
				
				</control>
                
				
				
				<!--Movie info-->
                <control type="group" id="33000">
                    <posx>825</posx>
                    <posy>22</posy>
                    <visible>false</visible>
                    <animation effect="fade" time="250">VisibleChange</animation>
                </control>
				
				
				
				
			</control>
        </control>
    </controls>
</window>
