<?xml version="1.0" encoding="utf-8"?>
<window>
    <defaultcontrol always="true">4000</defaultcontrol>
	<zorder>8</zorder>
	<backgroundcolor>0</backgroundcolor>
    <controls>
	
	
	
        <control type="group">
		
		<include>animation_window_open_close</include>
			<control type="group">
				<control type="image">
					<include>DimensionsFullscreen</include>
					<include>backgroundfade</include>
					<texture background="true" fallback="special://skin/extras/backgrounds/global_blue.jpg">$INFO[Window.Property(actor.thumb)]</texture>
					<fadetime>800</fadetime>
					<aspectratio>scale</aspectratio>
				</control>
				<include>DialogOverlay</include>
			</control>
			
			<control type="label">
				<include>animation_fade_visible_hidden</include>
				<posx>61</posx>
				<posy>10</posy>
				<width min="80" max="1400">auto</width>
				<height>100</height>
				<font>Bold45</font>
				<align>left</align>
				<textcolor>$INFO[Skin.String(HeaderTextColor)]</textcolor>
				<label>$INFO[Window.Property(actor.Title)]</label>
				<shadowcolor>$INFO[Skin.String(HeaderTextShadowColor)]</shadowcolor>
			</control>
			 <control type="label">
				<posy>85</posy>
				<posx>61</posx>
				<width min="0" max="1100">auto</width>
				<height>50</height>
				<label>$INFO[Window.Property(actor.AlsoKnownAs)]</label>
				<font>Reg30</font>
				<textcolor>$INFO[Skin.String(HeaderTextColor)]</textcolor>
				<shadowcolor>$INFO[Skin.String(HeaderTextShadowColor)]</shadowcolor>
				<include>animation_fade_visible_hidden</include>
			</control>
			
			<include>TimeInfo</include>
			<include condition="!skin.hassetting(nofooterbar)">Footer</include>
			
			<!-- panel background -->
			<control type="image">
				<posy>140</posy>
				<posx>0</posx>
				<width>1920</width>
				<height>940</height>
				<texture>colors/color_white.png</texture>
				<colordiffuse>$VAR[panel_color]</colordiffuse>
				<aspectratio>stretch</aspectratio>
				<animation effect="fade" reversible="false" end="80" time="0" condition="StringCompare(Skin.String(ViewDetailsPanelOpacity),80)">Conditional</animation>
				<animation effect="fade" reversible="false" end="60" time="0" condition="StringCompare(Skin.String(ViewDetailsPanelOpacity),60)">Conditional</animation>
				<animation effect="fade" reversible="false" end="40" time="0" condition="StringCompare(Skin.String(ViewDetailsPanelOpacity),40)">Conditional</animation>
				<animation effect="fade" reversible="false" end="20" time="0" condition="StringCompare(Skin.String(ViewDetailsPanelOpacity),20)">Conditional</animation>
				<animation effect="fade" reversible="false" end="0" time="0" condition="StringCompare(Skin.String(ViewDetailsPanelOpacity),0)">Conditional</animation>
			</control>
					
			<include condition="Skin.HasSetting(EnableTouchSupport)">TouchControlsFooter</include>
			
			
			
			
				<control type="group" id="33000">
					<posx>825</posx>
					<posy>15</posy>
					<visible>false</visible>
				</control>
				<control type="group">
					<control type="grouplist" id="4000">
						<posx>60</posx>
						<posy>150</posy>
						<itemgap>0</itemgap>
						<width>2100</width>
						<height>830</height>
						<onleft>back</onleft>
						<scrolltime tween="sine">400</scrolltime>
						<orientation>vertical</orientation>
						<usecontrolcoords>true</usecontrolcoords>
						
						<control type="group" id="140">
							<height>170</height>
							<control type="radiobutton" id="132">
								<visible>false</visible>
							</control>
							<control type="textbox"  id="800">
								<posy>0</posy>
								<posx>0</posx>
								<width>1800</width>
								<height>140</height>
								<label>$INFO[Window.Property(actor.AlsoKnownAs),$ADDON[script.extendedinfo 32016]: [COLOR=white],[/COLOR] • ]$INFO[Window.Property(actor.Birthday),$ADDON[script.extendedinfo 32012]: [COLOR=white],[/COLOR] • ]$INFO[Window.Property(actor.PlaceOfBirth),$ADDON[script.extendedinfo 32014]: [COLOR=white],[/COLOR] • ]$INFO[Window.Property(actor.TotalMovies),$ADDON[script.extendedinfo 32011]: [COLOR=white],[/COLOR] • ]$INFO[Window.Property(actor.DBMovies),$ADDON[script.extendedinfo 32021]: [COLOR=white],[/COLOR] • ]$INFO[Window.Property(actor.Homepage),$ADDON[script.extendedinfo 32017]: [COLOR=white],[/COLOR] • ]$INFO[Window.Property(actor.Deathday),$ADDON[script.extendedinfo 32013]: [COLOR=white],[/COLOR]][CR]$INFO[Window.Property(actor.Biography),[COLOR=white],[/COLOR]]</label>
								<font>Reg24</font>
								<autoscroll delay="10000" time="1400" repeat="10000">true</autoscroll>
								<textcolor>$INFO[Skin.String(ViewDetailsFocusColor)]</textcolor>
							</control>
						</control>
					
					<!-- movie actor roles -->
                    <control type="group" id="1500">
                        <visible>IntegerGreaterThan(Container(150).NumItems,0)</visible>
                        <height>350</height>
                        <control type="label">
                            <posx>5</posx>
                            <posy>0</posy>
                            <width>540</width>
                            <height>25</height>
                            <aligny>center</aligny>
                            <font>Bold32</font>
                            <label>$ADDON[script.extendedinfo 32120]$INFO[Container(150).NumItems, (,)]</label>
                        </control>
                       <control type="image">
                            <posx>1810</posx>
                            <posy>95</posy>
                            <width>35</width>
                            <height>150</height>
                            <texture>arrowright.png</texture>
                            <visible>Container(150).HasNext</visible>
                        </control>
                        <control type="panel" id="150">
                            <posx>0</posx>
                            <posy>40</posy>
                            <width>1800</width>
                            <height>280</height>
                            <onright>150</onright>
                            <onup>132</onup>
							<onleft>back</onleft>
                            <ondown>250</ondown>
                            <scrolltime>200</scrolltime>
                            <orientation>horizontal</orientation>
							<itemlayout height="270" width="201">
                                <control type="group">
									<width>176</width>
									<height>252</height>
									<animation effect="fade" reversible="false" end="60" time="0" condition="true">Conditional</animation>
									<posy>10</posy>
									<posx>10</posx>
                                    <control type="image">
										<width>176</width>
										<height>252</height>
										<include>PosterThumbBG</include>
									  </control>
									  <control type="image">
										<width>176</width>
										<height>252</height>
										<texture border="0" background="true" diffuse="poster_matte.png" fallback="DefaultActorPoster.png">$INFO[ListItem.Thumb]</texture>
										<aspectratio scalediffuse="false" aligny="center" align="center">stretch</aspectratio>
									  </control>
									<control type="image">
										<bottom>0</bottom>
										<left>0</left>
										<width>176</width>
										<height>75</height>
										<texture border="0">guide_diffuse.png</texture>
										<aspectratio>stretch</aspectratio>
									</control>
									<control type="image">
										<bottom>0</bottom>
										<left>0</left>
										<width>176</width>
										<height>75</height>
										<texture border="0">guide_diffuse.png</texture>
										<aspectratio>stretch</aspectratio>
									</control>
									<control type="image">
										<bottom>0</bottom>
										<left>0</left>
										<width>176</width>
										<height>75</height>
										<texture border="0">guide_diffuse.png</texture>
										<aspectratio>stretch</aspectratio>
									</control>
									<control type="textbox">
										<bottom>0</bottom>
										<left>10</left>
										<width>156</width>
										<height>75</height>
										<align>center</align>
										<aligny>justify</aligny>
										<autoscroll>false</autoscroll>
										<font>Reg20</font>
										<label>$INFO[ListItem.Label]$INFO[ListItem.Property(character),[COLOR grey][CR] $LOCALIZE[20347] ,[/COLOR]]</label>
									</control>
                                </control>
                            </itemlayout>
                            <focusedlayout height="260" width="201">
                               <control type="group">
									<width>176</width>
									<height>252</height>
									<posy>10</posy>
									<posx>10</posx>
                                    <control type="image">
										<width>176</width>
										<height>252</height>
										<include>PosterThumbFO</include>
									  </control>
									  <control type="image">
										<width>176</width>
										<height>252</height>
										<texture border="0" background="true" diffuse="poster_matte.png" fallback="DefaultActorPoster.png">$INFO[ListItem.Thumb]</texture>
										<aspectratio scalediffuse="false" aligny="center" align="center">stretch</aspectratio>
									  </control>
									<control type="image">
										<bottom>0</bottom>
										<left>0</left>
										<width>176</width>
										<height>75</height>
										<texture border="0">guide_diffuse.png</texture>
										<aspectratio>stretch</aspectratio>
									</control>
									<control type="image">
										<bottom>0</bottom>
										<left>0</left>
										<width>176</width>
										<height>75</height>
										<texture border="0">guide_diffuse.png</texture>
										<aspectratio>stretch</aspectratio>
									</control>
									<control type="image">
										<bottom>0</bottom>
										<left>0</left>
										<width>176</width>
										<height>75</height>
										<texture border="0">guide_diffuse.png</texture>
										<aspectratio>stretch</aspectratio>
									</control>
									<control type="textbox">
										<bottom>0</bottom>
										<left>10</left>
										<width>156</width>
										<height>75</height>
										<align>center</align>
										<aligny>justify</aligny>
										<autoscroll>false</autoscroll>
										<font>Reg20</font>
										<label>$INFO[ListItem.Label]$INFO[ListItem.Property(character),[COLOR grey][CR] $LOCALIZE[20347] ,[/COLOR]]</label>
									</control>
                                </control>
                            </focusedlayout>
						</control>
                    </control>
                    
					<!-- tv show actor roles -->
					<control type="group" id="2500">
                        <height>350</height>
                        <visible>IntegerGreaterThan(Container(250).NumItems,0)</visible>
                        <control type="label">
                            <posx>5</posx>
                            <posy>0</posy>
                            <width>540</width>
                            <height>25</height>
                            <aligny>center</aligny>
                            <font>Bold32</font>
                            <label>$ADDON[script.extendedinfo 32121]$INFO[Container(250).NumItems, (,)]</label>
                        </control>
                        <control type="image">
                            <posx>1810</posx>
                            <posy>95</posy>
                            <width>35</width>
                            <height>150</height>
                            <texture>arrowright.png</texture>
                            <visible>Container(250).HasNext</visible>
                        </control>
                        <control type="panel" id="250">
                            <posx>0</posx>
                            <posy>40</posy>
                            <width>1800</width>
                            <height>280</height>
                            <onright>250</onright>
							<onleft>back</onleft>
                            <onup>150</onup>
                            <ondown>550</ondown>
                            <scrolltime>200</scrolltime>
                            <orientation>horizontal</orientation>
                            <itemlayout height="270" width="201">
                                <control type="group">
									<width>176</width>
									<height>252</height>
									<animation effect="fade" reversible="false" end="60" time="0" condition="true">Conditional</animation>
									<posy>10</posy>
									<posx>10</posx>
                                    <control type="image">
										<width>176</width>
										<height>252</height>
										<include>PosterThumbBG</include>
									  </control>
									  <control type="image">
										<width>176</width>
										<height>252</height>
										<texture border="0" background="true" diffuse="poster_matte.png" fallback="DefaultActorPoster.png">$INFO[ListItem.Thumb]</texture>
										<aspectratio scalediffuse="false" aligny="center" align="center">stretch</aspectratio>
									  </control>
									<control type="image">
										<bottom>0</bottom>
										<left>0</left>
										<width>176</width>
										<height>75</height>
										<texture border="0">guide_diffuse.png</texture>
										<aspectratio>stretch</aspectratio>
									</control>
									<control type="image">
										<bottom>0</bottom>
										<left>0</left>
										<width>176</width>
										<height>75</height>
										<texture border="0">guide_diffuse.png</texture>
										<aspectratio>stretch</aspectratio>
									</control>
									<control type="image">
										<bottom>0</bottom>
										<left>0</left>
										<width>176</width>
										<height>75</height>
										<texture border="0">guide_diffuse.png</texture>
										<aspectratio>stretch</aspectratio>
									</control>
									<control type="textbox">
										<bottom>0</bottom>
										<left>10</left>
										<width>156</width>
										<height>75</height>
										<align>center</align>
										<aligny>justify</aligny>
										<autoscroll>false</autoscroll>
										<font>Reg20</font>
										<label>$INFO[ListItem.Label]$INFO[ListItem.Property(character),[COLOR grey][CR] $LOCALIZE[20347] ,[/COLOR]]</label>
									</control>
                                </control>
                            </itemlayout>
                            <focusedlayout height="260" width="201">
                               <control type="group">
									<width>176</width>
									<height>252</height>
									<posy>10</posy>
									<posx>10</posx>
                                    <control type="image">
										<width>176</width>
										<height>252</height>
										<include>PosterThumbFO</include>
									  </control>
									  <control type="image">
										<width>176</width>
										<height>252</height>
										<texture border="0" background="true" diffuse="poster_matte.png" fallback="DefaultActorPoster.png">$INFO[ListItem.Thumb]</texture>
										<aspectratio scalediffuse="false" aligny="center" align="center">stretch</aspectratio>
									  </control>
									<control type="image">
										<bottom>0</bottom>
										<left>0</left>
										<width>176</width>
										<height>75</height>
										<texture border="0">guide_diffuse.png</texture>
										<aspectratio>stretch</aspectratio>
									</control>
									<control type="image">
										<bottom>0</bottom>
										<left>0</left>
										<width>176</width>
										<height>75</height>
										<texture border="0">guide_diffuse.png</texture>
										<aspectratio>stretch</aspectratio>
									</control>
									<control type="image">
										<bottom>0</bottom>
										<left>0</left>
										<width>176</width>
										<height>75</height>
										<texture border="0">guide_diffuse.png</texture>
										<aspectratio>stretch</aspectratio>
									</control>
									<control type="textbox">
										<bottom>0</bottom>
										<left>10</left>
										<width>156</width>
										<height>75</height>
										<align>center</align>
										<aligny>justify</aligny>
										<autoscroll>false</autoscroll>
										<font>Reg20</font>
										<label>$INFO[ListItem.Label]$INFO[ListItem.Property(character),[COLOR grey][CR] $LOCALIZE[20347] ,[/COLOR]]</label>
									</control>
                                </control>
                            </focusedlayout>
                        
						</control>
                    </control>
                    
					<!-- movie crew member -->
					<control type="group" id="5500">
                        <visible>IntegerGreaterThan(Container(550).NumItems,0)</visible>
                        <height>350</height>
                        <control type="label">
                            <posx>5</posx>
                            <posy>0</posy>
                            <width>540</width>
                            <height>25</height>
                            <aligny>center</aligny>
                            <font>Bold32</font>
                            <label>$ADDON[script.extendedinfo 32122]$INFO[Container(550).NumItems, (,)]</label>
                        </control>
                        <control type="image">
                            <posx>1810</posx>
                            <posy>95</posy>
                            <width>35</width>
                            <height>150</height>
                            <texture>arrowright.png</texture>
                            <visible>Container(550).HasNext</visible>
                        </control>
                        <control type="panel" id="550">
                            <posx>0</posx>
                            <posy>40</posy>
                            <width>1800</width>
                            <height>280</height>
                            <onright>550</onright>
							<onleft>back</onleft>
                            <onup>250</onup>
                            <ondown>650</ondown>
                            <scrolltime>200</scrolltime>
                            <orientation>horizontal</orientation>
                            <itemlayout height="270" width="201">
                                <control type="group">
									<width>176</width>
									<height>252</height>
									<posy>10</posy>
									<posx>10</posx>
									<animation effect="fade" reversible="false" end="60" time="0" condition="true">Conditional</animation>
                                    <control type="image">
										<width>176</width>
										<height>252</height>
										<include>PosterThumbBG</include>
									  </control>
									  <control type="image">
										<width>176</width>
										<height>252</height>
										<texture border="0" background="true" diffuse="poster_matte.png" fallback="DefaultActorPoster.png">$INFO[ListItem.Thumb]</texture>
										<aspectratio scalediffuse="false" aligny="center" align="center">stretch</aspectratio>
									  </control>
									<control type="image">
										<bottom>0</bottom>
										<left>0</left>
										<width>176</width>
										<height>75</height>
										<texture border="0">guide_diffuse.png</texture>
										<aspectratio>stretch</aspectratio>
									</control>
									<control type="image">
										<bottom>0</bottom>
										<left>0</left>
										<width>176</width>
										<height>75</height>
										<texture border="0">guide_diffuse.png</texture>
										<aspectratio>stretch</aspectratio>
									</control>
									<control type="image">
										<bottom>0</bottom>
										<left>0</left>
										<width>176</width>
										<height>75</height>
										<texture border="0">guide_diffuse.png</texture>
										<aspectratio>stretch</aspectratio>
									</control>
									<control type="textbox">
										<bottom>0</bottom>
										<left>10</left>
										<width>156</width>
										<height>75</height>
										<align>center</align>
										<aligny>justify</aligny>
										<autoscroll>false</autoscroll>
										<font>Reg20</font>
										<label>$INFO[ListItem.Label]$INFO[ListItem.Property(job),[COLOR grey][CR] $LOCALIZE[20347] ,[/COLOR]]</label>
									</control>
                                </control>
                            </itemlayout>
                            <focusedlayout height="260" width="201">
                               <control type="group">
									<width>176</width>
									<height>252</height>
									<posy>10</posy>
									<posx>10</posx>
                                    <control type="image">
										<width>176</width>
										<height>252</height>
										<include>PosterThumbFO</include>
									  </control>
									  <control type="image">
										<width>176</width>
										<height>252</height>
										<texture border="0" background="true" diffuse="poster_matte.png" fallback="DefaultActorPoster.png">$INFO[ListItem.Thumb]</texture>
										<aspectratio scalediffuse="false" aligny="center" align="center">stretch</aspectratio>
									  </control>
									<control type="image">
										<bottom>0</bottom>
										<left>0</left>
										<width>176</width>
										<height>75</height>
										<texture border="0">guide_diffuse.png</texture>
										<aspectratio>stretch</aspectratio>
									</control>
									<control type="image">
										<bottom>0</bottom>
										<left>0</left>
										<width>176</width>
										<height>75</height>
										<texture border="0">guide_diffuse.png</texture>
										<aspectratio>stretch</aspectratio>
									</control>
									<control type="image">
										<bottom>0</bottom>
										<left>0</left>
										<width>176</width>
										<height>75</height>
										<texture border="0">guide_diffuse.png</texture>
										<aspectratio>stretch</aspectratio>
									</control>
									<control type="textbox">
										<bottom>0</bottom>
										<left>10</left>
										<width>156</width>
										<height>75</height>
										<align>center</align>
										<aligny>justify</aligny>
										<autoscroll>false</autoscroll>
										<font>Reg20</font>
										<label>$INFO[ListItem.Label]$INFO[ListItem.Property(job),[COLOR grey][CR] $LOCALIZE[20347] ,[/COLOR]]</label>
									</control>
                                </control>
                            </focusedlayout>
						</control>
                    </control>
                    
					<!-- tv show crew member -->
					<control type="group" id="6500">
                        <height>350</height>
                        <visible>IntegerGreaterThan(Container(650).NumItems,0)</visible>
                        <control type="label">
                            <posx>5</posx>
                            <posy>0</posy>
                            <width>540</width>
                            <height>25</height>
                            <aligny>center</aligny>
                            <font>Bold32</font>
                            <label>$ADDON[script.extendedinfo 32123]$INFO[Container(650).NumItems, (,)]</label>
                        </control>
                       <control type="image">
                            <posx>1810</posx>
                            <posy>95</posy>
                            <width>35</width>
                            <height>150</height>
                            <texture>arrowright.png</texture>
                            <visible>Container(650).HasNext</visible>
                        </control>
                        <control type="panel" id="650">
                            <posx>0</posx>
                            <posy>40</posy>
                            <width>1800</width>
                            <height>280</height>
                            <onright>650</onright>
							<onleft>back</onleft>
                            <onup>550</onup>
                            <ondown>350</ondown>
                            <scrolltime>200</scrolltime>
                            <orientation>horizontal</orientation>
                            <itemlayout height="270" width="201">
                                <control type="group">
									<width>176</width>
									<height>252</height>
									<posy>10</posy>
									<posx>10</posx>
									<animation effect="fade" reversible="false" end="60" time="0" condition="true">Conditional</animation>
                                    <control type="image">
										<width>176</width>
										<height>252</height>
										<include>PosterThumbBG</include>
									  </control>
									  <control type="image">
										<width>176</width>
										<height>252</height>
										<texture border="0" background="true" diffuse="poster_matte.png" fallback="DefaultActorPoster.png">$INFO[ListItem.Thumb]</texture>
										<aspectratio scalediffuse="false" aligny="center" align="center">stretch</aspectratio>
									  </control>
									<control type="image">
										<bottom>0</bottom>
										<left>0</left>
										<width>176</width>
										<height>75</height>
										<texture border="0">guide_diffuse.png</texture>
										<aspectratio>stretch</aspectratio>
									</control>
									<control type="image">
										<bottom>0</bottom>
										<left>0</left>
										<width>176</width>
										<height>75</height>
										<texture border="0">guide_diffuse.png</texture>
										<aspectratio>stretch</aspectratio>
									</control>
									<control type="image">
										<bottom>0</bottom>
										<left>0</left>
										<width>176</width>
										<height>75</height>
										<texture border="0">guide_diffuse.png</texture>
										<aspectratio>stretch</aspectratio>
									</control>
									<control type="textbox">
										<bottom>0</bottom>
										<left>10</left>
										<width>156</width>
										<height>75</height>
										<align>center</align>
										<aligny>justify</aligny>
										<autoscroll>false</autoscroll>
										<font>Reg20</font>
										<label>$INFO[ListItem.Label]$INFO[ListItem.Property(job),[COLOR grey][CR] $LOCALIZE[20347] ,[/COLOR]]</label>
									</control>
                                </control>
                            </itemlayout>
                            <focusedlayout height="260" width="201">
                               <control type="group">
									<width>176</width>
									<height>252</height>
									<posy>10</posy>
									<posx>10</posx>
                                    <control type="image">
										<width>176</width>
										<height>252</height>
										<include>PosterThumbFO</include>
									  </control>
									  <control type="image">
										<width>176</width>
										<height>252</height>
										<texture border="0" background="true" diffuse="poster_matte.png" fallback="DefaultActorPoster.png">$INFO[ListItem.Thumb]</texture>
										<aspectratio scalediffuse="false" aligny="center" align="center">stretch</aspectratio>
									  </control>
									<control type="image">
										<bottom>0</bottom>
										<left>0</left>
										<width>176</width>
										<height>75</height>
										<texture border="0">guide_diffuse.png</texture>
										<aspectratio>stretch</aspectratio>
									</control>
									<control type="image">
										<bottom>0</bottom>
										<left>0</left>
										<width>176</width>
										<height>75</height>
										<texture border="0">guide_diffuse.png</texture>
										<aspectratio>stretch</aspectratio>
									</control>
									<control type="image">
										<bottom>0</bottom>
										<left>0</left>
										<width>176</width>
										<height>75</height>
										<texture border="0">guide_diffuse.png</texture>
										<aspectratio>stretch</aspectratio>
									</control>
									<control type="textbox">
										<bottom>0</bottom>
										<left>10</left>
										<width>156</width>
										<height>75</height>
										<align>center</align>
										<aligny>justify</aligny>
										<autoscroll>false</autoscroll>
										<font>Reg20</font>
										<label>$INFO[ListItem.Label]$INFO[ListItem.Property(job),[COLOR grey][CR] $LOCALIZE[20347] ,[/COLOR]]</label>
									</control>
                                </control>
                            </focusedlayout>
						</control>
                    </control>
                    
					<!-- youtube movies -->
					<control type="group">
                        <visible>IntegerGreaterThan(Container(350).NumItems,0)</visible>
                        <height>270</height>
                        <control type="label">
                            <posx>5</posx>
                            <posy>0</posy>
                            <width>540</width>
                            <height>25</height>
                            <aligny>center</aligny>
                            <font>Bold32</font>
                            <label>$ADDON[script.extendedinfo 32118]</label>
                        </control>
                        <control type="image">
                            <posx>1810</posx>
                            <posy>60</posy>
                            <width>35</width>
                            <height>150</height>
                            <texture>arrowright.png</texture>
                            <visible>Container(350).HasNext</visible>
                        </control>
                        <control type="panel" id="350">
                            <posx>0</posx>
                            <posy>40</posy>
                            <width>1800</width>
                            <height>210</height>
							<onleft>back</onleft>
                            <onright>350</onright>
                            <onup>650</onup>
                            <ondown>450</ondown>
                            <pagecontrol>60</pagecontrol>
                            <scrolltime>300</scrolltime>
                            <focusposition>0</focusposition>
                            <orientation>horizontal</orientation>
                            <preloaditems>2</preloaditems>
                            <itemlayout width="362" height="200">
								<control type="group">
									<posx>5</posx>
									<animation effect="fade" reversible="false" end="60" time="0" condition="true">Conditional</animation>
									<control type="image">
										<width>340</width>
										<height>200</height>
										<include>PosterThumbBG</include>
									  </control>
									<control type="image">
										<!--Panel Normal-->
										<posx>4</posx>
										<posy>8</posy>
										<width>332</width>
										<height>190</height>
										<texture background="true" diffuse="home/home_matte2.png" fallback="special://skin/extras/defaulticonswide/DefaultVideo.png">$INFO[ListItem.Thumb]</texture>
										<aspectratio scalediffuse="true" align="center" aligny="center">scale</aspectratio>
									</control>
									<control type="image">
										<bottom>3</bottom>
										<left>4</left>
										<width>332</width>
										<height>65</height>
										<texture border="0">guide_diffuse.png</texture>
										<aspectratio>stretch</aspectratio>
									</control>
									<control type="image">
										<bottom>3</bottom>
										<left>4</left>
										<width>332</width>
										<height>65</height>
										<texture border="0">guide_diffuse.png</texture>
										<aspectratio>stretch</aspectratio>
									</control>
									<control type="image">
										<bottom>3</bottom>
										<left>4</left>
										<width>332</width>
										<height>65</height>
										<texture border="0">guide_diffuse.png</texture>
										<aspectratio>stretch</aspectratio>
									</control>
									<control type="textbox">
										<bottom>2</bottom>
										<left>15</left>
										<width>305</width>
										<height>60</height>
										<align>center</align>
										<aligny>justify</aligny>
										<autoscroll>false</autoscroll>
										<font>Reg20</font>
										<label>$INFO[ListItem.Label]</label>
									</control>
								</control>
							</itemlayout>
							<focusedlayout width="362" height="200">
								<control type="group">
									<posx>5</posx>
									<control type="image">
										<width>340</width>
										<height>200</height>
										<include>PosterThumbFO</include>
									  </control>
									<control type="image">
										<!--Panel Normal-->
										<posx>4</posx>
										<posy>8</posy>
										<width>332</width>
										<height>190</height>
										<texture background="true" diffuse="home/home_matte2.png" fallback="special://skin/extras/defaulticonswide/DefaultVideo.png">$INFO[ListItem.Thumb]</texture>
										<aspectratio scalediffuse="true" align="center" aligny="center">scale</aspectratio>
									</control>
									<control type="image">
										<bottom>3</bottom>
										<left>4</left>
										<width>332</width>
										<height>65</height>
										<texture border="0">guide_diffuse.png</texture>
										<aspectratio>stretch</aspectratio>
									</control>
									<control type="image">
										<bottom>3</bottom>
										<left>4</left>
										<width>332</width>
										<height>65</height>
										<texture border="0">guide_diffuse.png</texture>
										<aspectratio>stretch</aspectratio>
									</control>
									<control type="image">
										<bottom>3</bottom>
										<left>4</left>
										<width>332</width>
										<height>65</height>
										<texture border="0">guide_diffuse.png</texture>
										<aspectratio>stretch</aspectratio>
									</control>
									<control type="textbox">
										<bottom>2</bottom>
										<left>15</left>
										<width>305</width>
										<height>60</height>
										<align>center</align>
										<aligny>justify</aligny>
										<autoscroll>false</autoscroll>
										<font>Reg20</font>
										<label>$INFO[ListItem.Label]</label>
									</control>
								</control>
							</focusedlayout>

						</control>
                    </control>
                    
					<!-- artwork (posters) -->
					<control type="group" id="4500">
                        <height>350</height>
                        <visible>IntegerGreaterThan(Container(450).NumItems,0)</visible>
                        <control type="label">
                            <posx>5</posx>
                            <width>500</width>
                            <height>25</height>
                            <aligny>center</aligny>
                            <font>Bold32</font>
                            <label>$ADDON[script.extendedinfo 32119]</label>
                        </control>
						<control type="image">
                            <posx>1810</posx>
                            <posy>95</posy>
                            <width>35</width>
                            <height>150</height>
                            <texture>arrowright.png</texture>
                            <visible>Container(450).HasNext</visible>
                        </control>
                        <control type="panel" id="450">
                            <posx>0</posx>
                            <posy>40</posy>
                            <width>1800</width>
                            <height>280</height>
                            <onright>450</onright>
                            <onup>350</onup>
							<onleft>back</onleft>
                            <ondown>750</ondown>
                            <scrolltime>200</scrolltime>
                            <orientation>horizontal</orientation>
                            <animation type="WindowOpen" reversible="false">
                                <effect type="slide" start="0,1080" end="0,0" delay="0" tween="sine" time="1300" />
                            </animation>
                            <itemlayout height="270" width="201">
                                <control type="group">
									<width>176</width>
									<height>252</height>
									<posy>10</posy>
									<posx>10</posx>
									<animation effect="fade" reversible="false" end="60" time="0" condition="true">Conditional</animation>
                                    <control type="image">
										<width>176</width>
										<height>252</height>
										<include>PosterThumbBG</include>
									  </control>
									  <control type="image">
										<width>176</width>
										<height>252</height>
										<texture border="0" background="true" diffuse="poster_matte.png" fallback="DefaultActorPoster.png">$INFO[ListItem.Thumb]</texture>
										<aspectratio scalediffuse="false" aligny="center" align="center">stretch</aspectratio>
									  </control>
                                </control>
                            </itemlayout>
                            <focusedlayout height="260" width="201">
                               <control type="group">
									<width>176</width>
									<height>252</height>
									<posy>10</posy>
									<posx>10</posx>
                                    <control type="image">
										<width>176</width>
										<height>252</height>
										<include>PosterThumbFO</include>
									  </control>
									  <control type="image">
										<width>176</width>
										<height>252</height>
										<texture border="0" background="true" diffuse="poster_matte.png" fallback="DefaultActorPoster.png">$INFO[ListItem.Thumb]</texture>
										<aspectratio scalediffuse="false" aligny="center" align="center">stretch</aspectratio>
									  </control>
                                </control>
                            </focusedlayout>
						</control>
                    </control>
                    
					<!-- fanart -->
					<control type="group" id="7500">
                        <height>270</height>
                        <visible>IntegerGreaterThan(Container(750).NumItems,0)</visible>
                        <control type="label">
                            <posx>5</posx>
                            <width>500</width>
                            <height>25</height>
                            <aligny>center</aligny>
                            <font>Bold32</font>
                            <label>$LOCALIZE[20445]</label>
                        </control>
						<control type="image">
                            <posx>1810</posx>
                            <posy>60</posy>
                            <width>35</width>
                            <height>150</height>
                            <texture>arrowright.png</texture>
                            <visible>Container(750).HasNext</visible>
                        </control>
                        <control type="panel" id="750">
                            <posx>0</posx>
                            <posy>40</posy>
                            <width>1800</width>
                            <height>280</height>
                            <onright>750</onright>
                            <onup>450</onup>
                            <ondown>132</ondown>
							<onleft>back</onleft>
                            <scrolltime>200</scrolltime>
                            <orientation>horizontal</orientation>
                            <animation type="WindowOpen" reversible="false">
                                <effect type="slide" start="0,1080" end="0,0" delay="0" tween="sine" time="1300" />
                            </animation>
                            <itemlayout width="362" height="200">
								<control type="group">
									<posx>5</posx>
									<animation effect="fade" reversible="false" end="60" time="0" condition="true">Conditional</animation>
									<control type="image">
										<width>340</width>
										<height>200</height>
										<include>PosterThumbBG</include>
									  </control>
									<control type="image">
										<!--Panel Normal-->
										<posx>4</posx>
										<posy>8</posy>
										<width>332</width>
										<height>190</height>
										<texture background="true" diffuse="home/home_matte2.png" fallback="special://skin/extras/defaulticonswide/DefaultVideo.png">$INFO[ListItem.Thumb]</texture>
										<aspectratio scalediffuse="true" align="center" aligny="center">scale</aspectratio>
									</control>
								</control>
							</itemlayout>
							<focusedlayout width="362" height="200">
								<control type="group">
									<posx>5</posx>
									<control type="image">
										<width>340</width>
										<height>200</height>
										<include>PosterThumbFO</include>
									  </control>
									<control type="image">
										<!--Panel Normal-->
										<posx>4</posx>
										<posy>8</posy>
										<width>332</width>
										<height>190</height>
										<texture background="true" diffuse="home/home_matte2.png" fallback="special://skin/extras/defaulticonswide/DefaultVideo.png">$INFO[ListItem.Thumb]</texture>
										<aspectratio scalediffuse="true" align="center" aligny="center">scale</aspectratio>
									</control>
								</control>
							</focusedlayout>
						</control>
                    </control>
                </control>
            </control>
        </control>
    </controls>
</window>
