<?xml version="1.0" encoding="utf-8"?>
<!--Titan-->
<window>
    <defaultcontrol always="true">100</defaultcontrol>
	<backgroundcolor>0</backgroundcolor>
	<onunload>SetProperty(powermenu, notactive, Home)</onunload>
	<onload condition="IsEmpty(Window(Home).Property(mediabrowser.std.movies.0.path))">Skin.Reset(HomeMenuUseMBforMovies)</onload>
	<onload condition="IsEmpty(Window(Home).Property(mediabrowser.std.tvshows.0.path))">Skin.Reset(HomeMenuUseMBforTVseries)</onload>
	<onload condition="IsEmpty(Window(Home).Property(mediabrowser.std.tvshows.0.path))">Skin.Reset(HomeMenuUseMBforMusic)</onload>
	<onload condition="IsEmpty(Window(Home).Property(mediabrowser.std.tvshows.0.path))">Skin.Reset(HomeMenuUseMBforPictures)</onload>
	<onload condition="IsEmpty(Window(Home).Property(mediabrowser.std.tvshows.0.path))">Skin.Reset(HomeMenuUseMBforMusicVideos)</onload>
	<onload condition="IsEmpty(Window(Home).Property(mediabrowser.std.tvshows.0.path))">Skin.Reset(MB3ModeDetectDone)</onload>
		
    <allowoverlay>yes</allowoverlay>
    <include>defaultskinsettings</include>
	
    <controls>
        <!--Global Background-->
        <include>GlobalBackground</include>
        <!--Time & Weather-->
        <include>TimeInfo</include>
		<!-- Now playing -->
		<include condition="!Skin.HasTheme(classic)">NowPlayingModern</include>
		
        <!--Header-->
        <include>Header</include>
		<control type="group">
		
        <!--Panel-->
        <control type="image">
            <posx>5</posx>
            <posy>90</posy>
            <width>1911</width>
            <height>940</height>
            <texture>views/settings_panel.png</texture>
			<visible>skin.hastheme(classic)</visible>
        </control>
		
		
		<control type="image">
			<posx>60</posx>
			<posy>150</posy>
			<width>1800</width>
			<height>800</height>
			<texture>colors/color_white.png</texture>
			<animation effect="fade" reversible="false" end="80" time="0" condition="StringCompare(Skin.String(ViewDetailsPanelOpacity),80)">Conditional</animation>
			<animation effect="fade" reversible="false" end="60" time="0" condition="StringCompare(Skin.String(ViewDetailsPanelOpacity),60)">Conditional</animation>
			<animation effect="fade" reversible="false" end="40" time="0" condition="StringCompare(Skin.String(ViewDetailsPanelOpacity),40)">Conditional</animation>
			<animation effect="fade" reversible="false" end="20" time="0" condition="StringCompare(Skin.String(ViewDetailsPanelOpacity),20)">Conditional</animation>
			<animation effect="fade" reversible="false" end="0" time="0" condition="StringCompare(Skin.String(ViewDetailsPanelOpacity),0)">Conditional</animation>
			<colordiffuse>$VAR[panel_color]</colordiffuse>
			<visible>!skin.hastheme(classic)</visible>
		</control>
		
		<control type="image">
			<posx>60</posx>
			<posy>150</posy>
			<width>500</width>
			<height>800</height>
			<texture>colors/color_white.png</texture>
			<animation effect="fade" reversible="false" end="80" time="0" condition="StringCompare(Skin.String(ViewDetailsPanelOpacity),80)">Conditional</animation>
			<animation effect="fade" reversible="false" end="60" time="0" condition="StringCompare(Skin.String(ViewDetailsPanelOpacity),60)">Conditional</animation>
			<animation effect="fade" reversible="false" end="40" time="0" condition="StringCompare(Skin.String(ViewDetailsPanelOpacity),40)">Conditional</animation>
			<animation effect="fade" reversible="false" end="20" time="0" condition="StringCompare(Skin.String(ViewDetailsPanelOpacity),20)">Conditional</animation>
			<animation effect="fade" reversible="false" end="0" time="0" condition="StringCompare(Skin.String(ViewDetailsPanelOpacity),0)">Conditional</animation>
			<colordiffuse>$VAR[panel_color]</colordiffuse>
			<visible>!skin.hastheme(classic)</visible>
		</control>
		
        <!--List 100 Left Area-->
        <control type="list" id="100">
            <description>List</description>
            <posx>90</posx>
            <posy>170</posy>
            <width>440</width>
            <height>720</height>
            <onup>100</onup>
            <ondown>100</ondown>
            <onleft>noop</onleft>
            <onright>1000</onright>
            <scrolltime>0</scrolltime>
            <orientation>vertical</orientation>
            <pagecontrol>-</pagecontrol>
            <itemlayout height="50" width="440">
                <control type="image">
                    <width>440</width>
                    <height>50</height>
                    <texture>common/button-nf.png</texture>
                </control>
                <control type="label">
                    <posx>50</posx>
                    <width>390</width>
                    <height>50</height>
                    <font>Reg28</font>
                    <textcolor>white</textcolor>
                    <label>$INFO[ListItem.Label]</label>
                </control>
            </itemlayout>
            <focusedlayout height="50" width="440">
                <control type="image">
                    <width>440</width>
                    <height>50</height>
					<texture colordiffuse="$INFO[Skin.String(ButtonFocusColor)]">colors/color_white.png</texture>
                    <animation effect="fade" start="100" end="50" condition="!Control.HasFocus(100)">Conditional</animation>
                </control>
                <control type="label">
                    <posx>50</posx>
                    <width>390</width>
                    <height>50</height>
                    <font>Reg28</font>
                    <textcolor>black</textcolor>
                    <label>$INFO[ListItem.Label]</label>
                </control>
            </focusedlayout>
            <content>
				<!--home menu layout-->
                <item id="12">
                    <label>31115</label>
                    <onclick>noop</onclick>
                </item>
                <!--tile settings-->
                <item id="9">
                    <label>31013</label>
                    <onclick>RunScript(script.skinshortcuts,type=manage&amp;group=mainmenu)</onclick>
                </item>
				<!--background settings-->
                <item id="8">
                    <label>31022</label>
                    <onclick>noop</onclick>
                </item>
				<item id="13">
                    <!--appearance settings-->
                    <label>$LOCALIZE[480]</label>
                    <onclick>noop</onclick>
                </item>
				<item id="6">
                    <!--skin settings ID=5000-->
                    <label>31005</label>
                    <onclick>noop</onclick>
                </item>
                <item id="5">
                    <!--skin mode ID=7000-->
                    <label>31004</label>
                    <onclick>noop</onclick>
                </item>
				
            </content>
        </control>
        <!--Group 1000 Right Area-->
        <control type="group" id="1000">
            <posx>600</posx>
            <posy>170</posy>
           

			<!-- appearance -->
			<control type="grouplist" id="14000">
                <description>Control Area</description>
                <width>1230</width>
                <height>720</height>
                <itemgap>3</itemgap>
                <onup>8000</onup>
                <ondown>8000</ondown>
                <onleft>100</onleft>
                <onright>noop</onright>
                <orientation>vertical</orientation>
                <visible>Container(100).Hasfocus(13)</visible>
                
				<!-- background overlay -->
                <control type="label" id="14007">
                    <width>1230</width>
                    <height>50</height>
                    <font>Bold32</font>
                    <label>$LOCALIZE[480] - $LOCALIZE[31151]</label>
                    <textcolor>white</textcolor>
                    <shadowcolor>black</shadowcolor>
                    <align>left</align>
                    <aligny>center</aligny>
                </control>

				<control type="button" id="14008">
					<!-- select overlay-->
					<description>Radio</description>
					<width>1230</width>
					<align>left</align>
					<label>$LOCALIZE[31151]: $INFO[Skin.String(ColorTheme)]</label>
					<height>50</height>
					<focusedcolor>black</focusedcolor>
					<font>Reg28</font>
					<onclick>$VAR[ColorOverlayClick]</onclick>
				</control>

				<control type="button" id="14009">
                    <!--custom overlay-->
                    <description>Radio</description>
                    <width>1230</width>
                    <align>left</align>
                    <label>$LOCALIZE[1030]...</label>
                    <height>50</height>
                    <focusedcolor>black</focusedcolor>
                    <font>Reg28</font>
                    <onclick>Skin.SetImage(CustomColorTheme)</onclick>
					<visible>Skin.String(ColorTheme, custom)</visible>
                </control>
				
				<!--overlay on media views only-->
				<control type="radiobutton" id="14010">
                    <description></description>
                    <width>1230</width>
                    <align>left</align>
                    <label>31234</label>
                    <height>50</height>
                    <focusedcolor>black</focusedcolor>
                    <font>Reg28</font>
                    <onclick>Skin.ToggleSetting(BackgroundOverlayMediaViewOnly)</onclick>
					<onclick condition="Skin.HasSetting(BackgroundOverlayHomeOnly)">Skin.Reset(BackgroundOverlayHomeOnly)</onclick>
                    <selected>Skin.HasSetting(BackgroundOverlayMediaViewOnly)</selected>
                </control>
				
				<!--overlay on home only-->
				<control type="radiobutton" id="14011">
                    <description></description>
                    <width>1230</width>
                    <align>left</align>
                    <label>31241</label>
                    <height>50</height>
                    <focusedcolor>black</focusedcolor>
                    <font>Reg28</font>
                    <onclick>Skin.ToggleSetting(BackgroundOverlayHomeOnly)</onclick>
					<onclick condition="Skin.HasSetting(BackgroundOverlayMediaViewOnly)">Skin.Reset(BackgroundOverlayMediaViewOnly)</onclick>
                    <selected>Skin.HasSetting(BackgroundOverlayHomeOnly)</selected>
                </control>

				<control type="label" id="13001">
                    <width>1230</width>
                    <height>50</height>
                    <font>Bold32</font>
                    <label>$LOCALIZE[480] - $LOCALIZE[10000]</label>
                    <textcolor>white</textcolor>
                    <shadowcolor>black</shadowcolor>
                    <align>left</align>
                    <aligny>center</aligny>
                </control>
				
				<!--home tiles focus color-->
				<control type="button" id="13002">
					<width>1230</width>
					<align>left</align>
					<onup>13000</onup>
					<ondown>13000</ondown>
					<label>$LOCALIZE[31174] [COLOR=$INFO[Skin.String(HomeViewDetailsFocusColor)]]$INFO[Skin.String(HomeViewDetailsFocusColor)][/COLOR]</label>
					<shadowcolor>black</shadowcolor>
					<height>50</height>
					<focusedcolor>black</focusedcolor>
					<font>Reg28</font>
					<onclick condition="skin.string(HomeViewDetailsFocusColor, blue)">Skin.SetString(HomeViewDetailsFocusColor, white)</onclick>
					<onclick condition="skin.string(HomeViewDetailsFocusColor, white)">Skin.SetString(HomeViewDetailsFocusColor, mainblue)</onclick>
					<onclick condition="skin.string(HomeViewDetailsFocusColor, mainblue)">Skin.SetString(HomeViewDetailsFocusColor, green)</onclick>
					<onclick condition="skin.string(HomeViewDetailsFocusColor, green)">Skin.SetString(HomeViewDetailsFocusColor, orange)</onclick>
					<onclick condition="skin.string(HomeViewDetailsFocusColor, orange)">Skin.SetString(HomeViewDetailsFocusColor, bluegrey)</onclick>
					<onclick condition="skin.string(HomeViewDetailsFocusColor, bluegrey)">Skin.SetString(HomeViewDetailsFocusColor, darkblue)</onclick>
					<onclick condition="skin.string(HomeViewDetailsFocusColor, darkblue)">Skin.SetString(HomeViewDetailsFocusColor, pink)</onclick>
					<onclick condition="skin.string(HomeViewDetailsFocusColor, pink)">Skin.SetString(HomeViewDetailsFocusColor, purple)</onclick>
					<onclick condition="skin.string(HomeViewDetailsFocusColor, purple)">Skin.SetString(HomeViewDetailsFocusColor, lime)</onclick>
					<onclick condition="skin.string(HomeViewDetailsFocusColor, lime)">Skin.SetString(HomeViewDetailsFocusColor, yellow)</onclick>
					<onclick condition="skin.string(HomeViewDetailsFocusColor, yellow)">Skin.SetString(HomeViewDetailsFocusColor, cyan)</onclick>
					<onclick condition="skin.string(HomeViewDetailsFocusColor, cyan)">Skin.SetString(HomeViewDetailsFocusColor, magenta)</onclick>
					<onclick condition="skin.string(HomeViewDetailsFocusColor, magenta)">Skin.SetString(HomeViewDetailsFocusColor, lightgrey)</onclick>
					<onclick condition="skin.string(HomeViewDetailsFocusColor, lightgrey)">Skin.SetString(HomeViewDetailsFocusColor, aawhite)</onclick>
					<onclick condition="skin.string(HomeViewDetailsFocusColor, aawhite)">Skin.SetString(HomeViewDetailsFocusColor, ddwhite)</onclick>
					<onclick condition="skin.string(HomeViewDetailsFocusColor, ddwhite)">Skin.SetString(HomeViewDetailsFocusColor, black)</onclick>
					<onclick condition="skin.string(HomeViewDetailsFocusColor, yellow)">Skin.SetString(HomeViewDetailsFocusColor, lightgrey)</onclick>
					<onclick condition="skin.string(HomeViewDetailsFocusColor, lightgrey)">Skin.SetString(HomeViewDetailsFocusColor, darkgrey)</onclick>
					<onclick condition="skin.string(HomeViewDetailsFocusColor, darkgrey)">Skin.SetString(HomeViewDetailsFocusColor, blue)</onclick>
				</control>
				
				<!--home tiles shadow-->
				<control type="radiobutton" id="13003">
                    <description></description>
                    <width>1230</width>
                    <align>left</align>
                    <label>31208</label>
                    <height>50</height>
                    <focusedcolor>black</focusedcolor>
                    <font>Reg28</font>
                    <onclick>Skin.ToggleSetting(NoShadowOnHomeMenuTiles)</onclick>
                    <selected>Skin.HasSetting(NoShadowOnHomeMenuTiles)</selected>
                </control>
				
				<!--no titles on home tiles-->
                <control type="radiobutton" id="13014">
                    <description></description>
                    
                    <width>1230</width>
                    <align>left</align>
                    <label>31086</label>
                    <height>50</height>
                    <focusedcolor>black</focusedcolor>
                    <font>Reg28</font>
                    <onclick>Skin.ToggleSetting(NoTitleOnHomeMenuTiles)</onclick>
                    <selected>Skin.HasSetting(NoTitleOnHomeMenuTiles)</selected>
                </control>
				
				<!--hide widget panel-->
				<control type="radiobutton" id="13004">
                    <description></description>
                    <width>1230</width>
                    <align>left</align>
                    <label>31206</label>
                    <height>50</height>
                    <focusedcolor>black</focusedcolor>
                    <font>Reg28</font>
                    <onclick>Skin.ToggleSetting(HideWidgetPanelBackground)</onclick>
                    <selected>Skin.HasSetting(HideWidgetPanelBackground)</selected>
                </control>
							
				<control type="label" id="13010">
                    <width>1230</width>
                    <height>50</height>
                    <font>Bold32</font>
                    <label>$LOCALIZE[480] - $LOCALIZE[16000]</label>
                    <textcolor>white</textcolor>
                    <shadowcolor>black</shadowcolor>
                    <align>left</align>
                    <aligny>center</aligny>
                </control>
				
				<!--header text color-->
				<control type="button" id="13011">
                    <width>1230</width>
                    <align>left</align>
                    <label>$LOCALIZE[31219] [COLOR=$INFO[Skin.String(HeaderTextColor)]]$INFO[Skin.String(HeaderTextColor)][/COLOR]</label>
                    <height>50</height>
                    <focusedcolor>black</focusedcolor>
					<shadowcolor>black</shadowcolor>
                    <font>Reg28</font>
					<onclick condition="skin.string(HeaderTextColor, blue)">Skin.SetString(HeaderTextColor, white)</onclick>
					<onclick condition="skin.string(HeaderTextColor, white)">Skin.SetString(HeaderTextColor, mainblue)</onclick>
					<onclick condition="skin.string(HeaderTextColor, mainblue)">Skin.SetString(HeaderTextColor, green)</onclick>
					<onclick condition="skin.string(HeaderTextColor, green)">Skin.SetString(HeaderTextColor, orange)</onclick>
					<onclick condition="skin.string(HeaderTextColor, orange)">Skin.SetString(HeaderTextColor, bluegrey)</onclick>
					<onclick condition="skin.string(HeaderTextColor, bluegrey)">Skin.SetString(HeaderTextColor, darkblue)</onclick>
					<onclick condition="skin.string(HeaderTextColor, darkblue)">Skin.SetString(HeaderTextColor, pink)</onclick>
					<onclick condition="skin.string(HeaderTextColor, pink)">Skin.SetString(HeaderTextColor, purple)</onclick>
					<onclick condition="skin.string(HeaderTextColor, purple)">Skin.SetString(HeaderTextColor, lime)</onclick>
					<onclick condition="skin.string(HeaderTextColor, lime)">Skin.SetString(HeaderTextColor, yellow)</onclick>
					<onclick condition="skin.string(HeaderTextColor, yellow)">Skin.SetString(HeaderTextColor, cyan)</onclick>
					<onclick condition="skin.string(HeaderTextColor, cyan)">Skin.SetString(HeaderTextColor, magenta)</onclick>
					<onclick condition="skin.string(HeaderTextColor, magenta)">Skin.SetString(HeaderTextColor, lightgrey)</onclick>
					<onclick condition="skin.string(HeaderTextColor, lightgrey)">Skin.SetString(HeaderTextColor, aawhite)</onclick>
					<onclick condition="skin.string(HeaderTextColor, aawhite)">Skin.SetString(HeaderTextColor, ddwhite)</onclick>
					<onclick condition="skin.string(HeaderTextColor, ddwhite)">Skin.SetString(HeaderTextColor, black)</onclick>
					<onclick condition="skin.string(HeaderTextColor, black)">Skin.SetString(HeaderTextColor, darkgrey)</onclick>
					<onclick condition="skin.string(HeaderTextColor, darkgrey)">Skin.SetString(HeaderTextColor, blue)</onclick>
                </control>
				
				<!--header shadow color-->
				<control type="button" id="13012">
                    <width>1230</width>
                    <align>left</align>
                    <label>$LOCALIZE[31220] [COLOR=$INFO[Skin.String(HeaderTextShadowColor)]]$INFO[Skin.String(HeaderTextShadowColor)][/COLOR]</label>
                    <height>50</height>
                    <focusedcolor>black</focusedcolor>
					<shadowcolor>black</shadowcolor>
                    <font>Reg28</font>
					<onclick condition="skin.string(HeaderTextShadowColor, blue)">Skin.SetString(HeaderTextShadowColor, white)</onclick>
					<onclick condition="skin.string(HeaderTextShadowColor, white)">Skin.SetString(HeaderTextShadowColor, mainblue)</onclick>
					<onclick condition="skin.string(HeaderTextShadowColor, mainblue)">Skin.SetString(HeaderTextShadowColor, green)</onclick>
					<onclick condition="skin.string(HeaderTextShadowColor, green)">Skin.SetString(HeaderTextShadowColor, orange)</onclick>
					<onclick condition="skin.string(HeaderTextShadowColor, orange)">Skin.SetString(HeaderTextShadowColor, bluegrey)</onclick>
					<onclick condition="skin.string(HeaderTextShadowColor, bluegrey)">Skin.SetString(HeaderTextShadowColor, darkblue)</onclick>
					<onclick condition="skin.string(HeaderTextShadowColor, darkblue)">Skin.SetString(HeaderTextShadowColor, pink)</onclick>
					<onclick condition="skin.string(HeaderTextShadowColor, pink)">Skin.SetString(HeaderTextShadowColor, purple)</onclick>
					<onclick condition="skin.string(HeaderTextShadowColor, purple)">Skin.SetString(HeaderTextShadowColor, lime)</onclick>
					<onclick condition="skin.string(HeaderTextShadowColor, lime)">Skin.SetString(HeaderTextShadowColor, yellow)</onclick>
					<onclick condition="skin.string(HeaderTextShadowColor, yellow)">Skin.SetString(HeaderTextShadowColor, cyan)</onclick>
					<onclick condition="skin.string(HeaderTextShadowColor, cyan)">Skin.SetString(HeaderTextShadowColor, magenta)</onclick>
					<onclick condition="skin.string(HeaderTextShadowColor, magenta)">Skin.SetString(HeaderTextShadowColor, lightgrey)</onclick>
					<onclick condition="skin.string(HeaderTextShadowColor, lightgrey)">Skin.SetString(HeaderTextShadowColor, aawhite)</onclick>
					<onclick condition="skin.string(HeaderTextShadowColor, aawhite)">Skin.SetString(HeaderTextShadowColor, ddwhite)</onclick>
					<onclick condition="skin.string(HeaderTextShadowColor, ddwhite)">Skin.SetString(HeaderTextShadowColor, black)</onclick>
					<onclick condition="skin.string(HeaderTextShadowColor, black)">Skin.SetString(HeaderTextShadowColor, darkgrey)</onclick>
					<onclick condition="skin.string(HeaderTextShadowColor, darkgrey)">Skin.SetString(HeaderTextShadowColor, none)</onclick>
					<onclick condition="skin.string(HeaderTextShadowColor, none)">Skin.SetString(HeaderTextShadowColor, blue)</onclick>
                </control>
				
				<!--buttons focus color-->
				<control type="button" id="13013">
                    <width>1230</width>
                    <align>left</align>
                    <label>$LOCALIZE[31233]: $INFO[Skin.String(ButtonFocusColor)]</label>
                    <height>50</height>
                    <focusedcolor>black</focusedcolor>
					<shadowcolor>black</shadowcolor>
                    <font>Reg28</font>
					<onclick condition="skin.string(ButtonFocusColor, blue)">Skin.SetString(ButtonFocusColor, white)</onclick>
					<onclick condition="skin.string(ButtonFocusColor, white)">Skin.SetString(ButtonFocusColor, mainblue)</onclick>
					<onclick condition="skin.string(ButtonFocusColor, mainblue)">Skin.SetString(ButtonFocusColor, green)</onclick>
					<onclick condition="skin.string(ButtonFocusColor, green)">Skin.SetString(ButtonFocusColor, orange)</onclick>
					<onclick condition="skin.string(ButtonFocusColor, orange)">Skin.SetString(ButtonFocusColor, bluegrey)</onclick>
					<onclick condition="skin.string(ButtonFocusColor, bluegrey)">Skin.SetString(ButtonFocusColor, darkblue)</onclick>
					<onclick condition="skin.string(ButtonFocusColor, darkblue)">Skin.SetString(ButtonFocusColor, pink)</onclick>
					<onclick condition="skin.string(ButtonFocusColor, pink)">Skin.SetString(ButtonFocusColor, purple)</onclick>
					<onclick condition="skin.string(ButtonFocusColor, purple)">Skin.SetString(ButtonFocusColor, lime)</onclick>
					<onclick condition="skin.string(ButtonFocusColor, lime)">Skin.SetString(ButtonFocusColor, yellow)</onclick>
					<onclick condition="skin.string(ButtonFocusColor, yellow)">Skin.SetString(ButtonFocusColor, cyan)</onclick>
					<onclick condition="skin.string(ButtonFocusColor, cyan)">Skin.SetString(ButtonFocusColor, magenta)</onclick>
					<onclick condition="skin.string(ButtonFocusColor, magenta)">Skin.SetString(ButtonFocusColor, lightgrey)</onclick>
					<onclick condition="skin.string(ButtonFocusColor, lightgrey)">Skin.SetString(ButtonFocusColor, aawhite)</onclick>
					<onclick condition="skin.string(ButtonFocusColor, aawhite)">Skin.SetString(ButtonFocusColor, ddwhite)</onclick>
					<onclick condition="skin.string(ButtonFocusColor, ddwhite)">Skin.SetString(ButtonFocusColor, black)</onclick>
					<onclick condition="skin.string(ButtonFocusColor, black)">Skin.SetString(ButtonFocusColor, darkgrey)</onclick>
					<onclick condition="skin.string(ButtonFocusColor, darkgrey)">Skin.SetString(ButtonFocusColor, blue)</onclick>
					<onclick condition="!skin.string(ButtonFocusColor)">Skin.SetString(ButtonFocusColor, blue)</onclick>
                </control>
				
				<!--no footer-->
				<control type="radiobutton" id="13015">
                    <description></description>
                    <width>1230</width>
                    <align>left</align>
                    <label>31029</label>
                    <height>50</height>
                    <focusedcolor>black</focusedcolor>
                    <font>Reg28</font>
                    <onclick>Skin.ToggleSetting(NoFooterBar)</onclick>
                    <selected>Skin.HasSetting(NoFooterBar)</selected>
                </control>
				
				<!--Footer bar opacity opacity-->
				<control type="button" id="13016">
                    <width>1230</width>
                    <align>left</align>
                    <label>$LOCALIZE[31249]: $INFO[Skin.String(FooterOpacity)]</label>
                    <height>50</height>
                    <focusedcolor>black</focusedcolor>
					<shadowcolor>black</shadowcolor>
                    <font>Reg28</font>
					<onclick condition="skin.string(FooterOpacity, 100)">Skin.SetString(FooterOpacity, 80)</onclick>
					<onclick condition="skin.string(FooterOpacity, 80)">Skin.SetString(FooterOpacity, 60)</onclick>
					<onclick condition="skin.string(FooterOpacity, 60)">Skin.SetString(FooterOpacity, 40)</onclick>
					<onclick condition="skin.string(FooterOpacity, 40)">Skin.SetString(FooterOpacity, 20)</onclick>
					<onclick condition="skin.string(FooterOpacity, 20)">Skin.SetString(FooterOpacity, 0)</onclick>
					<onclick condition="skin.string(FooterOpacity, 0)">Skin.SetString(FooterOpacity, 100)</onclick>
					<visible>!skin.hastheme(classic) + !skin.hassetting(nofooterbar)</visible>
                </control>
				
				<!--panel color-->
				<control type="button" id="13017">
					<width>1230</width>
					<align>left</align>
					<onup>13000</onup>
					<ondown>13000</ondown>
					<label>$LOCALIZE[31260]: [COLOR=$VAR[panel_color]]$VAR[panel_color][/COLOR]</label>
					<shadowcolor>black</shadowcolor>
					<height>50</height>
					<focusedcolor>black</focusedcolor>
					<font>Reg28</font>
					<onclick condition="!skin.string(PanelColor)">Skin.SetString(PanelColor, black)</onclick>
					<onclick condition="skin.string(PanelColor, black)">Skin.SetString(PanelColor, darkgrey)</onclick>
					<onclick condition="skin.string(PanelColor, darkgrey)">Skin.SetString(PanelColor, mainblue)</onclick>
					<onclick condition="skin.string(PanelColor, mainblue)">Skin.SetString(PanelColor, grey)</onclick>
					<onclick condition="skin.string(PanelColor, grey)">Skin.SetString(PanelColor, purple)</onclick>
					<onclick condition="skin.string(PanelColor, purple)">Skin.SetString(PanelColor, lime)</onclick>
					<onclick condition="skin.string(PanelColor, lime)">Skin.SetString(PanelColor, cyan)</onclick>
					<onclick condition="skin.string(PanelColor, cyan)">Skin.SetString(PanelColor, bluegrey)</onclick>
					<onclick condition="skin.string(PanelColor, bluegrey)">Skin.Reset(PanelColor)</onclick>
					<visible>!skin.hastheme(classic)</visible>
				</control>
				
				<!--background animation-->
				<control type="radiobutton" id="13018">
                    <description></description>
                    <width>1230</width>
                    <align>left</align>
                    <label>31266</label>
                    <height>50</height>
                    <focusedcolor>black</focusedcolor>
                    <font>Reg28</font>
                    <onclick>Skin.ToggleSetting(BackgroundAnimation)</onclick>
                    <selected>Skin.HasSetting(BackgroundAnimation)</selected>
                </control>
				
				<!-- media library views -->
				<control type="label" id="13020">
                    <width>1230</width>
                    <height>50</height>
                    <font>Bold32</font>
                    <label>$LOCALIZE[480] - $LOCALIZE[31221]</label>
                    <textcolor>white</textcolor>
                    <shadowcolor>black</shadowcolor>
                    <align>left</align>
                    <aligny>center</aligny>
                </control>
				
				<control type="radiobutton" id="320">
                    <!--Show Fanart Background-->
                    <width>1230</width>
                    <align>left</align>
					<height>50</height>
                    <label>31141</label>
					<focusedcolor>black</focusedcolor>
                    <font>Reg28</font>
                    <onclick>Skin.ToggleSetting(ShowFanartBackground)</onclick>
                    <selected>Skin.HasSetting(ShowFanartBackground)</selected>
                </control>
				<control type="radiobutton" id="338">
                    <!--Show extra Fanart Background-->
                     <width>1230</width>
                    <align>left</align>
					<height>50</height>
                    <label>31207</label>
					<focusedcolor>black</focusedcolor>
                    <font>Reg28</font>
                    <onclick>Skin.ToggleSetting(EnableExtraFanart)</onclick>
                    <selected>Skin.HasSetting(EnableExtraFanart)</selected>
					<visible>Skin.HasSetting(ShowFanartBackground)</visible>
                </control>
				
				<!--viewdetails text color-->
				<control type="button" id="13021">
                    <width>1230</width>
                    <align>left</align>
                    <label>$LOCALIZE[31222] [COLOR=$INFO[Skin.String(ViewDetailsTextColor)]]$INFO[Skin.String(ViewDetailsTextColor)][/COLOR]</label>
                    <height>50</height>
                    <focusedcolor>black</focusedcolor>
					<shadowcolor>black</shadowcolor>
                    <font>Reg28</font>
					<onclick condition="skin.string(ViewDetailsTextColor, blue)">Skin.SetString(ViewDetailsTextColor, white)</onclick>
					<onclick condition="skin.string(ViewDetailsTextColor, white)">Skin.SetString(ViewDetailsTextColor, mainblue)</onclick>
					<onclick condition="skin.string(ViewDetailsTextColor, mainblue)">Skin.SetString(ViewDetailsTextColor, green)</onclick>
					<onclick condition="skin.string(ViewDetailsTextColor, green)">Skin.SetString(ViewDetailsTextColor, orange)</onclick>
					<onclick condition="skin.string(ViewDetailsTextColor, orange)">Skin.SetString(ViewDetailsTextColor, bluegrey)</onclick>
					<onclick condition="skin.string(ViewDetailsTextColor, bluegrey)">Skin.SetString(ViewDetailsTextColor, darkblue)</onclick>
					<onclick condition="skin.string(ViewDetailsTextColor, darkblue)">Skin.SetString(ViewDetailsTextColor, pink)</onclick>
					<onclick condition="skin.string(ViewDetailsTextColor, pink)">Skin.SetString(ViewDetailsTextColor, purple)</onclick>
					<onclick condition="skin.string(ViewDetailsTextColor, purple)">Skin.SetString(ViewDetailsTextColor, lime)</onclick>
					<onclick condition="skin.string(ViewDetailsTextColor, lime)">Skin.SetString(ViewDetailsTextColor, yellow)</onclick>
					<onclick condition="skin.string(ViewDetailsTextColor, yellow)">Skin.SetString(ViewDetailsTextColor, cyan)</onclick>
					<onclick condition="skin.string(ViewDetailsTextColor, cyan)">Skin.SetString(ViewDetailsTextColor, magenta)</onclick>
					<onclick condition="skin.string(ViewDetailsTextColor, magenta)">Skin.SetString(ViewDetailsTextColor, lightgrey)</onclick>
					<onclick condition="skin.string(ViewDetailsTextColor, lightgrey)">Skin.SetString(ViewDetailsTextColor, aawhite)</onclick>
					<onclick condition="skin.string(ViewDetailsTextColor, aawhite)">Skin.SetString(ViewDetailsTextColor, ddwhite)</onclick>
					<onclick condition="skin.string(ViewDetailsTextColor, ddwhite)">Skin.SetString(ViewDetailsTextColor, black)</onclick>
					<onclick condition="skin.string(ViewDetailsTextColor, black)">Skin.SetString(ViewDetailsTextColor, darkgrey)</onclick>
					<onclick condition="skin.string(ViewDetailsTextColor, darkgrey)">Skin.SetString(ViewDetailsTextColor, blue)</onclick>
                </control>
				
				<!--view details shadow color-->
				<control type="button" id="13022">
                    <width>1230</width>
                    <align>left</align>
                    <label>$LOCALIZE[31223] [COLOR=$INFO[Skin.String(ViewDetailsTextShadowColor)]]$INFO[Skin.String(ViewDetailsTextShadowColor)][/COLOR]</label>
                    <height>50</height>
                    <focusedcolor>black</focusedcolor>
					<shadowcolor>black</shadowcolor>
                    <font>Reg28</font>
					<onclick condition="skin.string(ViewDetailsTextShadowColor, blue)">Skin.SetString(ViewDetailsTextShadowColor, white)</onclick>
					<onclick condition="skin.string(ViewDetailsTextShadowColor, white)">Skin.SetString(ViewDetailsTextShadowColor, mainblue)</onclick>
					<onclick condition="skin.string(ViewDetailsTextShadowColor, mainblue)">Skin.SetString(ViewDetailsTextShadowColor, green)</onclick>
					<onclick condition="skin.string(ViewDetailsTextShadowColor, green)">Skin.SetString(ViewDetailsTextShadowColor, orange)</onclick>
					<onclick condition="skin.string(ViewDetailsTextShadowColor, orange)">Skin.SetString(ViewDetailsTextShadowColor, bluegrey)</onclick>
					<onclick condition="skin.string(ViewDetailsTextShadowColor, bluegrey)">Skin.SetString(ViewDetailsTextShadowColor, darkblue)</onclick>
					<onclick condition="skin.string(ViewDetailsTextShadowColor, darkblue)">Skin.SetString(ViewDetailsTextShadowColor, pink)</onclick>
					<onclick condition="skin.string(ViewDetailsTextShadowColor, pink)">Skin.SetString(ViewDetailsTextShadowColor, purple)</onclick>
					<onclick condition="skin.string(ViewDetailsTextShadowColor, purple)">Skin.SetString(ViewDetailsTextShadowColor, lime)</onclick>
					<onclick condition="skin.string(ViewDetailsTextShadowColor, lime)">Skin.SetString(ViewDetailsTextShadowColor, yellow)</onclick>
					<onclick condition="skin.string(ViewDetailsTextShadowColor, yellow)">Skin.SetString(ViewDetailsTextShadowColor, cyan)</onclick>
					<onclick condition="skin.string(ViewDetailsTextShadowColor, cyan)">Skin.SetString(ViewDetailsTextShadowColor, magenta)</onclick>
					<onclick condition="skin.string(ViewDetailsTextShadowColor, magenta)">Skin.SetString(ViewDetailsTextShadowColor, lightgrey)</onclick>
					<onclick condition="skin.string(ViewDetailsTextShadowColor, lightgrey)">Skin.SetString(ViewDetailsTextShadowColor, aawhite)</onclick>
					<onclick condition="skin.string(ViewDetailsTextShadowColor, aawhite)">Skin.SetString(ViewDetailsTextShadowColor, ddwhite)</onclick>
					<onclick condition="skin.string(ViewDetailsTextShadowColor, ddwhite)">Skin.SetString(ViewDetailsTextShadowColor, black)</onclick>
					<onclick condition="skin.string(ViewDetailsTextShadowColor, black)">Skin.SetString(ViewDetailsTextShadowColor, darkgrey)</onclick>
					<onclick condition="skin.string(ViewDetailsTextShadowColor, darkgrey)">Skin.SetString(ViewDetailsTextShadowColor, none)</onclick>
					<onclick condition="skin.string(ViewDetailsTextShadowColor, none)">Skin.SetString(ViewDetailsTextShadowColor, blue)</onclick>
                </control>
				
				<control type="button" id="13023">
                    <!--focus color-->
                    <width>1230</width>
                    <align>left</align>
                    <label>$LOCALIZE[31226] [COLOR=$INFO[Skin.String(ViewDetailsFocusColor)]]$INFO[Skin.String(ViewDetailsFocusColor)][/COLOR]</label>
                    <height>50</height>
                    <focusedcolor>black</focusedcolor>
					<shadowcolor>black</shadowcolor>
                    <font>Reg28</font>
                    <onclick condition="skin.string(ViewDetailsFocusColor, blue)">Skin.SetString(ViewDetailsFocusColor, white)</onclick>
					<onclick condition="skin.string(ViewDetailsFocusColor, white)">Skin.SetString(ViewDetailsFocusColor, mainblue)</onclick>
					<onclick condition="skin.string(ViewDetailsFocusColor, mainblue)">Skin.SetString(ViewDetailsFocusColor, green)</onclick>
					<onclick condition="skin.string(ViewDetailsFocusColor, green)">Skin.SetString(ViewDetailsFocusColor, orange)</onclick>
					<onclick condition="skin.string(ViewDetailsFocusColor, orange)">Skin.SetString(ViewDetailsFocusColor, bluegrey)</onclick>
					<onclick condition="skin.string(ViewDetailsFocusColor, bluegrey)">Skin.SetString(ViewDetailsFocusColor, darkblue)</onclick>
					<onclick condition="skin.string(ViewDetailsFocusColor, darkblue)">Skin.SetString(ViewDetailsFocusColor, pink)</onclick>
					<onclick condition="skin.string(ViewDetailsFocusColor, pink)">Skin.SetString(ViewDetailsFocusColor, purple)</onclick>
					<onclick condition="skin.string(ViewDetailsFocusColor, purple)">Skin.SetString(ViewDetailsFocusColor, lime)</onclick>
					<onclick condition="skin.string(ViewDetailsFocusColor, lime)">Skin.SetString(ViewDetailsFocusColor, yellow)</onclick>
					<onclick condition="skin.string(ViewDetailsFocusColor, yellow)">Skin.SetString(ViewDetailsFocusColor, cyan)</onclick>
					<onclick condition="skin.string(ViewDetailsFocusColor, cyan)">Skin.SetString(ViewDetailsFocusColor, magenta)</onclick>
					<onclick condition="skin.string(ViewDetailsFocusColor, magenta)">Skin.SetString(ViewDetailsFocusColor, lightgrey)</onclick>
					<onclick condition="skin.string(ViewDetailsFocusColor, lightgrey)">Skin.SetString(ViewDetailsFocusColor, aawhite)</onclick>
					<onclick condition="skin.string(ViewDetailsFocusColor, aawhite)">Skin.SetString(ViewDetailsFocusColor, ddwhite)</onclick>
					<onclick condition="skin.string(ViewDetailsFocusColor, ddwhite)">Skin.SetString(ViewDetailsFocusColor, black)</onclick>
					<onclick condition="skin.string(ViewDetailsFocusColor, black)">Skin.SetString(ViewDetailsFocusColor, darkgrey)</onclick>
					<onclick condition="skin.string(ViewDetailsFocusColor, darkgrey)">Skin.SetString(ViewDetailsFocusColor, blue)</onclick>
                </control>
				
				<control type="button" id="13024">
                    <!--focus color shadow-->
                     <width>1230</width>
                    <align>left</align>
                    <label>$LOCALIZE[31227] [COLOR=$INFO[Skin.String(ViewDetailsFocusShadowColor)]]$INFO[Skin.String(ViewDetailsFocusShadowColor)][/COLOR]</label>
                    <height>50</height>
                    <focusedcolor>black</focusedcolor>
					<shadowcolor>black</shadowcolor>
                    <font>Reg28</font>
					<onclick condition="skin.string(ViewDetailsFocusShadowColor, blue)">Skin.SetString(ViewDetailsFocusShadowColor, white)</onclick>
					<onclick condition="skin.string(ViewDetailsFocusShadowColor, white)">Skin.SetString(ViewDetailsFocusShadowColor, mainblue)</onclick>
					<onclick condition="skin.string(ViewDetailsFocusShadowColor, mainblue)">Skin.SetString(ViewDetailsFocusShadowColor, green)</onclick>
					<onclick condition="skin.string(ViewDetailsFocusShadowColor, green)">Skin.SetString(ViewDetailsFocusShadowColor, orange)</onclick>
					<onclick condition="skin.string(ViewDetailsFocusShadowColor, orange)">Skin.SetString(ViewDetailsFocusShadowColor, bluegrey)</onclick>
					<onclick condition="skin.string(ViewDetailsFocusShadowColor, bluegrey)">Skin.SetString(ViewDetailsFocusShadowColor, darkblue)</onclick>
					<onclick condition="skin.string(ViewDetailsFocusShadowColor, darkblue)">Skin.SetString(ViewDetailsFocusShadowColor, pink)</onclick>
					<onclick condition="skin.string(ViewDetailsFocusShadowColor, pink)">Skin.SetString(ViewDetailsFocusShadowColor, purple)</onclick>
					<onclick condition="skin.string(ViewDetailsFocusShadowColor, purple)">Skin.SetString(ViewDetailsFocusShadowColor, lime)</onclick>
					<onclick condition="skin.string(ViewDetailsFocusShadowColor, lime)">Skin.SetString(ViewDetailsFocusShadowColor, yellow)</onclick>
					<onclick condition="skin.string(ViewDetailsFocusShadowColor, yellow)">Skin.SetString(ViewDetailsFocusShadowColor, cyan)</onclick>
					<onclick condition="skin.string(ViewDetailsFocusShadowColor, cyan)">Skin.SetString(ViewDetailsFocusShadowColor, magenta)</onclick>
					<onclick condition="skin.string(ViewDetailsFocusShadowColor, magenta)">Skin.SetString(ViewDetailsFocusShadowColor, lightgrey)</onclick>
					<onclick condition="skin.string(ViewDetailsFocusShadowColor, lightgrey)">Skin.SetString(ViewDetailsFocusShadowColor, aawhite)</onclick>
					<onclick condition="skin.string(ViewDetailsFocusShadowColor, aawhite)">Skin.SetString(ViewDetailsFocusShadowColor, ddwhite)</onclick>
					<onclick condition="skin.string(ViewDetailsFocusShadowColor, ddwhite)">Skin.SetString(ViewDetailsFocusShadowColor, black)</onclick>
					<onclick condition="skin.string(ViewDetailsFocusShadowColor, black)">Skin.SetString(ViewDetailsFocusShadowColor, darkgrey)</onclick>
					<onclick condition="skin.string(ViewDetailsFocusShadowColor, darkgrey)">Skin.SetString(ViewDetailsFocusShadowColor, none)</onclick>
					<onclick condition="skin.string(ViewDetailsFocusShadowColor, none)">Skin.SetString(ViewDetailsFocusShadowColor, blue)</onclick>
                </control>
				
				<!--view details panel opacity-->
				<control type="button" id="13025">
                    <width>1230</width>
                    <align>left</align>
                    <label>$LOCALIZE[31224] $INFO[Skin.String(ViewDetailsPanelOpacity)]</label>
                    <height>50</height>
                    <focusedcolor>black</focusedcolor>
					<shadowcolor>black</shadowcolor>
                    <font>Reg28</font>
					<onclick condition="skin.string(ViewDetailsPanelOpacity, 100)">Skin.SetString(ViewDetailsPanelOpacity, 80)</onclick>
					<onclick condition="skin.string(ViewDetailsPanelOpacity, 80)">Skin.SetString(ViewDetailsPanelOpacity, 60)</onclick>
					<onclick condition="skin.string(ViewDetailsPanelOpacity, 60)">Skin.SetString(ViewDetailsPanelOpacity, 40)</onclick>
					<onclick condition="skin.string(ViewDetailsPanelOpacity, 40)">Skin.SetString(ViewDetailsPanelOpacity, 20)</onclick>
					<onclick condition="skin.string(ViewDetailsPanelOpacity, 20)">Skin.SetString(ViewDetailsPanelOpacity, 0)</onclick>
					<onclick condition="skin.string(ViewDetailsPanelOpacity, 0)">Skin.SetString(ViewDetailsPanelOpacity, 100)</onclick>
                </control>
				
				
				
				<!-- prefer fanart in landscaped views -->
				<control type="radiobutton" id="13026">
                    <description></description>
                    <width>1230</width>
                    <align>left</align>
                    <label>31210</label>
                    <height>50</height>
                    <focusedcolor>black</focusedcolor>
                    <font>Reg28</font>
                    <onclick>Skin.ToggleSetting(DisableLandscapeThumbs)</onclick>
                    <selected>Skin.HasSetting(DisableLandscapeThumbs)</selected>
                </control>
				
				<!-- alternative logo location -->
				<control type="radiobutton" id="13027">
                    <description></description>
                    <width>1230</width>
                    <align>left</align>
                    <label>31225</label>
                    <height>50</height>
                    <focusedcolor>black</focusedcolor>
                    <font>Reg28</font>
                    <onclick>Skin.ToggleSetting(ShowLogoAltLocation)</onclick>
                    <selected>Skin.HasSetting(ShowLogoAltLocation)</selected>
                </control>
				
				<!-- show movie title -->
				<control type="radiobutton" id="13028">
                    <description></description>
                    <width>1230</width>
                    <align>left</align>
                    <label>31235</label>
                    <height>50</height>
                    <focusedcolor>black</focusedcolor>
                    <font>Reg28</font>
                    <onclick>Skin.ToggleSetting(ShowMovieTitleHeader)</onclick>
                    <selected>Skin.HasSetting(ShowMovieTitleHeader)</selected>
                </control>
				
				<control type="radiobutton" id="13029">
                    <description></description>
                    <width>1230</width>
                    <align>left</align>
                    <label>31218</label>
                    <height>50</height>
                    <focusedcolor>black</focusedcolor>
                    <font>Reg28</font>
                    <onclick>Skin.ToggleSetting(HideWatchedCounts)</onclick>
                    <selected>Skin.HasSetting(HideWatchedCounts)</selected>
                </control>
				
				<control type="radiobutton" id="13030">
                    <description></description>
                    <width>1230</width>
                    <align>left</align>
                    <label>31247</label>
                    <height>50</height>
                    <focusedcolor>black</focusedcolor>
                    <font>Reg28</font>
                    <onclick>Skin.ToggleSetting(ListViewShowBanners)</onclick>
                    <selected>Skin.HasSetting(ListViewShowBanners)</selected>
                </control>
				
				<!-- PVR appearance settings -->
				<control type="label" id="13040">
                    <width>1230</width>
                    <height>50</height>
                    <font>Bold32</font>
                    <label>$LOCALIZE[480] - $LOCALIZE[31088]</label>
                    <textcolor>white</textcolor>
                    <shadowcolor>black</shadowcolor>
                    <align>left</align>
                    <aligny>center</aligny>
					<visible>System.GetBool(pvrmanager.enabled)</visible>
                </control>
				
				<control type="radiobutton" id="13041">
                    <description></description>
                    <width>1230</width>
                    <align>left</align>
                    <label>31237</label>
                    <height>50</height>
                    <focusedcolor>black</focusedcolor>
                    <font>Reg28</font>
                    <onclick>Skin.ToggleSetting(ShowEpgGenreColors)</onclick>
                    <selected>Skin.HasSetting(ShowEpgGenreColors)</selected>
					<visible>System.GetBool(pvrmanager.enabled)</visible>
                </control>
				
				<!-- number of rows guide -->
				<control type="button" id="13043">
                    <width>1230</width>
                    <align>left</align>
                    <label>$LOCALIZE[31245]: $INFO[Skin.String(GuideRows)]</label>
                    <height>50</height>
                    <focusedcolor>black</focusedcolor>
					<shadowcolor>black</shadowcolor>
                    <font>Reg28</font>
					<onclick condition="skin.string(GuideRows, 7)">Skin.SetString(GuideRows, 9)</onclick>
					<onclick condition="skin.string(GuideRows, 9)">Skin.SetString(GuideRows, 10)</onclick>
					<onclick condition="skin.string(GuideRows, 10)">Skin.SetString(GuideRows, 7)</onclick>
					<visible>System.GetBool(pvrmanager.enabled)</visible>
                </control>
				
				<control type="radiobutton" id="13045">
                    <description></description>
                    <width>1230</width>
                    <align>left</align>
                    <label>31239</label>
                    <height>50</height>
                    <focusedcolor>black</focusedcolor>
                    <font>Reg28</font>
                    <onclick>Skin.ToggleSetting(UseAltEpgProgress)</onclick>
                    <selected>Skin.HasSetting(UseAltEpgProgress)</selected>
					<visible>System.GetBool(pvrmanager.enabled)</visible>
                </control>
				
				<!-- OSD -->
                <control type="label" id="13050">
                    <width>1230</width>
                    <height>50</height>
                    <font>Bold32</font>
                    <label>$LOCALIZE[480] - $LOCALIZE[478]</label>
                    <textcolor>white</textcolor>
                    <shadowcolor>black</shadowcolor>
                    <align>left</align>
                    <aligny>center</aligny>
                </control>
				
				<!--osd panel opacity-->
				<control type="button" id="13051">
                    <width>1230</width>
                    <align>left</align>
                    <label>$LOCALIZE[31242] $INFO[Skin.String(OSDPanelOpacity)]</label>
                    <height>50</height>
                    <focusedcolor>black</focusedcolor>
					<shadowcolor>black</shadowcolor>
                    <font>Reg28</font>
					<onclick condition="skin.string(OSDPanelOpacity, 100)">Skin.SetString(OSDPanelOpacity, 80)</onclick>
					<onclick condition="skin.string(OSDPanelOpacity, 80)">Skin.SetString(OSDPanelOpacity, 60)</onclick>
					<onclick condition="skin.string(OSDPanelOpacity, 60)">Skin.SetString(OSDPanelOpacity, 40)</onclick>
					<onclick condition="skin.string(OSDPanelOpacity, 40)">Skin.SetString(OSDPanelOpacity, 20)</onclick>
					<onclick condition="skin.string(OSDPanelOpacity, 20)">Skin.SetString(OSDPanelOpacity, 0)</onclick>
					<onclick condition="skin.string(OSDPanelOpacity, 0)">Skin.SetString(OSDPanelOpacity, 100)</onclick>
					<visible>!skin.hastheme(classic)</visible>
                </control>
				
				<control type="radiobutton" id="13052">
                    <description></description>
                    <!--enable info on osd-->
                    <width>1230</width>
                    <align>left</align>
                    <label>31133</label>
                    <height>50</height>
                    <focusedcolor>black</focusedcolor>
                    <font>Reg28</font>
                    <onclick>Skin.ToggleSetting(EnableOSDInfo)</onclick>
                    <selected>Skin.HasSetting(EnableOSDInfo)</selected>
                </control>
				
				<control type="radiobutton" id="13053">
                    <description></description>
                    <width>1230</width>
                    <align>left</align>
                    <label>31243</label>
                    <height>50</height>
                    <focusedcolor>black</focusedcolor>
                    <font>Reg28</font>
                    <onclick>Skin.ToggleSetting(ShowCacheLevelOSD)</onclick>
                    <selected>Skin.HasSetting(ShowCacheLevelOSD)</selected>
					<visible>!skin.hastheme(classic)</visible>
                </control>
				
				<control type="button" id="13054">
                    <width>1230</width>
                    <align>left</align>
                    <label>$LOCALIZE[31230]: $INFO[skin.string(ShowInfoAtPlaybackStart)] $LOCALIZE[31231]</label>
                    <height>50</height>
                    <focusedcolor>black</focusedcolor>
                    <font>Reg28</font>			
					<onclick condition="skin.string(ShowInfoAtPlaybackStart, 0)">Skin.SetString(ShowInfoAtPlaybackStart, 2)</onclick>
					<onclick condition="skin.string(ShowInfoAtPlaybackStart, 2)">Skin.SetString(ShowInfoAtPlaybackStart, 4)</onclick>
					<onclick condition="skin.string(ShowInfoAtPlaybackStart, 4)">Skin.SetString(ShowInfoAtPlaybackStart, 6)</onclick>
					<onclick condition="skin.string(ShowInfoAtPlaybackStart, 6)">Skin.SetString(ShowInfoAtPlaybackStart, 8)</onclick>
					<onclick condition="skin.string(ShowInfoAtPlaybackStart, 8)">Skin.SetString(ShowInfoAtPlaybackStart, 10)</onclick>
					<onclick condition="skin.string(ShowInfoAtPlaybackStart, 10)">Skin.SetString(ShowInfoAtPlaybackStart, 0)</onclick>
                </control>
				
				<control type="radiobutton" id="13058">
                    <description></description>
                    <width>1230</width>
                    <align>left</align>
                    <label>31259</label>
                    <height>50</height>
                    <focusedcolor>black</focusedcolor>
                    <font>Reg28</font>
                    <onclick>Skin.ToggleSetting(OSDShowInfoOnPause)</onclick>
                    <selected>Skin.HasSetting(OSDShowInfoOnPause)</selected>
                </control>
				
				<control type="radiobutton" id="13055">
                    <width>1230</width>
                    <align>left</align>
                    <label>$LOCALIZE[31232]</label>
                    <height>50</height>
                    <focusedcolor>black</focusedcolor>
                    <font>Reg28</font>
                    <onclick>Skin.ToggleSetting(AlwaysShowMusicInfo)</onclick>
					<selected>Skin.HasSetting(AlwaysShowMusicInfo)</selected>
                </control>
				
				<control type="radiobutton" id="13056">
                    <description></description>
                    <width>1230</width>
                    <align>left</align>
                    <label>31217</label>
                    <height>50</height>
                    <focusedcolor>black</focusedcolor>
                    <font>Reg28</font>
                    <onclick>Skin.ToggleSetting(OSDSubtitleButtonFocus)</onclick>
                    <selected>Skin.HasSetting(OSDSubtitleButtonFocus)</selected>
                </control>
				
				<control type="radiobutton" id="13057">
                    <description></description>
                    <width>1230</width>
                    <align>left</align>
                    <label>31256</label>
                    <height>50</height>
                    <focusedcolor>black</focusedcolor>
                    <font>Reg28</font>
                    <onclick>Skin.ToggleSetting(OSDLargeSeekingLabel)</onclick>
                    <selected>Skin.HasSetting(OSDLargeSeekingLabel)</selected>
                </control>
				
				<!-- skin theme -->
				<control type="label" id="13060">
                    <width>1230</width>
                    <height>50</height>
                    <font>Bold32</font>
                    <label>$LOCALIZE[480] - $LOCALIZE[15111]</label>
                    <textcolor>white</textcolor>
                    <shadowcolor>black</shadowcolor>
                    <align>left</align>
                    <aligny>center</aligny>
                </control>

				<control type="button" id="13061">
                    <width>1230</width>
                    <align>left</align>
                    <height>50</height>
                    <focusedcolor>black</focusedcolor>
					<shadowcolor>black</shadowcolor>
                    <font>Reg28</font>
					<label>$LOCALIZE[15111]: [LOWERCASE]$INFO[Skin.CurrentTheme][/LOWERCASE]</label>
                    <onclick>Skin.Theme(-1)</onclick>
                </control>
				
				
			</control>
			
			<!-- configure menu -->
			<control type="grouplist" id="6000">
                <description>Control Area</description>
                <width>1230</width>
                <height>720</height>
                <itemgap>3</itemgap>
                <onup>8000</onup>
                <ondown>8000</ondown>
                <onleft>100</onleft>
                <onright>noop</onright>
                <orientation>vertical</orientation>
                <visible>Container(100).Hasfocus(9)</visible>
                
				<control type="label" id="6001">
                    <width>1230</width>
                    <height>50</height>
                    <font>Bold38</font>
                    <label>31167</label>
                    <textcolor>white</textcolor>
                    <shadowcolor>black</shadowcolor>
                    <align>left</align>
                    <aligny>center</aligny>
                </control>
				
				<control type="textbox" id="6002">
                    <width>1100</width>
                    <height min="160">auto</height>
                    <font>Reg25</font>
                    <posy>60</posy>
                    <label>31168</label>
                    <textcolor>white</textcolor>
                    <shadowcolor>black</shadowcolor>
                    <align>left</align>
                    <aligny>top</aligny>
                </control>
				
				<control type="button" id="6003">
					<width>1100</width>
					<top>50</top>
					<align>center</align>
					<onclick>RunScript(script.skinshortcuts,type=manage&amp;group=mainmenu)</onclick>
					<focusedcolor>black</focusedcolor>
					<font>Reg28</font>
					<label>31014</label>
				</control>
				<!-- empty label -->
				<control type="label" id="6004">
                    <width>1230</width>
                    <height>50</height>
                    <font>Bold38</font>
                    <label></label>
                    <textcolor>white</textcolor>
                    <shadowcolor>black</shadowcolor>
                    <align>left</align>
                    <aligny>center</aligny>
                </control>
				<control type="label" id="6005">
                    <width>1230</width>
                    <height>50</height>
                    <font>Bold38</font>
                    <label>31170</label>
                    <textcolor>white</textcolor>
                    <shadowcolor>black</shadowcolor>
                    <align>left</align>
                    <aligny>center</aligny>
                </control>
				<control type="textbox" id="6006">
                    <width>1100</width>
                    <height min="220">auto</height>
                    <font>Reg25</font>
                    <posy>60</posy>
                    <label>31171</label>
                    <textcolor>white</textcolor>
                    <shadowcolor>black</shadowcolor>
                    <align>left</align>
                    <aligny>top</aligny>
                </control>
				<control type="button" id="6007">
					<width>1100</width>
					<top>50</top>
					<align>center</align>
					<onclick>RunScript(script.skinshortcuts,type=resetall)</onclick>
					<onclick>Skin.Reset(WidgetDefaults)</onclick>
					<label>$ADDON[script.skinshortcuts 32028]</label>
					<focusedcolor>black</focusedcolor>
					<font>Reg28</font>
				</control>
			</control>
			
			<!--home menu layout-->
			<control type="grouplist" id="23000">
                <description>Control Area</description>
                <width>1230</width>
                <height>780</height>
                <itemgap>3</itemgap>
                <onup>8000</onup>
                <ondown>8000</ondown>
                <onleft>100</onleft>
                <onright>noop</onright>
                <orientation>vertical</orientation>
                <visible>Container(100).Hasfocus(12)</visible>
                
				<control type="label" id="23001">
                    <width>1230</width>
                    <height>50</height>
                    <font>Bold38</font>
                    <label>31121</label>
                    <textcolor>white</textcolor>
                    <shadowcolor>black</shadowcolor>
                    <align>left</align>
                    <aligny>center</aligny>
                </control>
				
				<control type="textbox" id="23002">
                    <width>1230</width>
                    <height min="50">auto</height>
                    <font>Reg25</font>
                    <posy>60</posy>
                    <label>31124</label>
                    <textcolor>white</textcolor>
                    <shadowcolor>black</shadowcolor>
                    <align>left</align>
                    <aligny>top</aligny>
                </control>

				<control type="radiobutton" id="23003">
                    <description></description>
                    <!-- 1 rows-->
                    <width>1230</width>
                    <align>left</align>
                    <label>31033</label>
                    <height>50</height>
                    <focusedcolor>black</focusedcolor>
                    <font>Reg28</font>
                    <onclick>Skin.SetString(GadgetRows, 1)</onclick>
                    <selected>Skin.String(GadgetRows, 1)</selected>
                </control>
				<control type="radiobutton" id="23004">
                    <description></description>
                    <!--gadget rows-->
                    <width>1230</width>
                    <align>left</align>
                    <label>31031</label>
                    <height>50</height>
                    <focusedcolor>black</focusedcolor>
                    <font>Reg28</font>
                    <onclick>Skin.SetString(GadgetRows, 2)</onclick>
                    <selected>Skin.String(GadgetRows, 2) | !Skin.String(GadgetRows)</selected>
                </control>
				<control type="radiobutton" id="23005">
                    <description></description>
                    <!--enhanced home-->
                    <width>1230</width>
                    <align>left</align>
                    <label>31183</label>
                    <height>50</height>
                    <focusedcolor>black</focusedcolor>
                    <font>Reg28</font>
                    <onclick>Skin.SetString(GadgetRows, enhanced)</onclick>
					<onclick>Skin.Reset(AutoShowSubmenu)</onclick>
					<onclick>Skin.Reset(AutoShowWidgets)</onclick>
					<onclick>Skin.Reset(DisableAllSubmenus)</onclick>
					<onclick>Skin.Reset(DisableAllWidgets)</onclick>
                    <selected>Skin.String(GadgetRows, enhanced)</selected>
					<visible>!Skin.HasTheme(classic)</visible>
                </control>
				<control type="radiobutton" id="23007">
                    <description></description>
                    <!--simple home-->
                    <width>1230</width>
                    <align>left</align>
                    <label>31261</label>
                    <height>50</height>
                    <focusedcolor>black</focusedcolor>
                    <font>Reg28</font>
                    <onclick>Skin.SetString(GadgetRows, simplehor)</onclick>
					<onclick>Skin.Reset(AutoShowSubmenu)</onclick>
                    <selected>Skin.String(GadgetRows, simplehor)</selected>
                </control>
				<control type="radiobutton" id="23008">
                    <description></description>
                    <!--simple home-->
                    <width>1230</width>
                    <align>left</align>
                    <label>31262</label>
                    <height>50</height>
                    <focusedcolor>black</focusedcolor>
                    <font>Reg28</font>
                    <onclick>Skin.SetString(GadgetRows, simplever)</onclick>
					<onclick>Skin.Reset(AutoShowSubmenu)</onclick>
                    <selected>Skin.String(GadgetRows, simplever)</selected>
                </control>
				
                <control type="label" id="23011">
                    <width>1230</width>
                    <height>60</height>
                    <font>Bold38</font>
                    <label>31122</label>
                    <textcolor>white</textcolor>
                    <shadowcolor>black</shadowcolor>
                    <align>left</align>
                    <aligny>center</aligny>
                </control>
				
				<!--use small home tiles-->
				<control type="radiobutton" id="23006">
                    <description></description>
                    <width>1230</width>
                    <align>left</align>
                    <label>31263</label>
                    <height>50</height>
                    <focusedcolor>black</focusedcolor>
                    <font>Reg28</font>
                    <onclick>Skin.ToggleSetting(UseSmallHomeTiles)</onclick>
                    <selected>Skin.HasSetting(UseSmallHomeTiles)</selected>
					<visible>[Skin.String(GadgetRows, 1) | Skin.String(GadgetRows, 2)] + !skin.hastheme(classic)</visible>
                </control>
				
				<!-- auto show widgets-->
				<control type="radiobutton" id="23013">
                    <description></description>
                    <width>1230</width>
                    <align>left</align>
                    <label>31111</label>
                    <height>50</height>
                    <focusedcolor>black</focusedcolor>
                    <font>Reg28</font>
                    <onclick>Skin.ToggleSetting(AutoShowWidgets)</onclick>
                    <selected>Skin.HasSetting(AutoShowWidgets)</selected>
					<visible>[Skin.String(GadgetRows, 1) | Skin.String(GadgetRows, 2)]</visible>
                </control>

				<!--enable auto show submenus-->
				<control type="radiobutton" id="23014">
                    <description></description>
                    <width>1230</width>
                    <align>left</align>
                    <label>31113</label>
                    <height>50</height>
                    <focusedcolor>black</focusedcolor>
                    <font>Reg28</font>
                    <onclick>Skin.ToggleSetting(AutoShowSubmenu)</onclick>
                    <selected>Skin.HasSetting(AutoShowSubmenu)</selected>
					<visible>[Skin.String(GadgetRows, 1) | Skin.String(GadgetRows, 2)]</visible>
                </control>
				
				<!--enable tiles for submenus-->
				<control type="radiobutton" id="23015">
                    <description></description>
                    <width>1230</width>
                    <align>left</align>
                    <label>31197</label>
                    <height>50</height>
                    <focusedcolor>black</focusedcolor>
                    <font>Reg28</font>
                    <onclick>Skin.ToggleSetting(UseSubmenuImages)</onclick>
                    <selected>Skin.HasSetting(UseSubmenuImages)</selected>
					<visible>[Skin.String(GadgetRows, 1) | Skin.String(GadgetRows, 2)] + !skin.hastheme(classic)</visible>
                </control>
				<!--fixed focus home panel-->
				<control type="radiobutton" id="23018">
                    <description></description>
                    <width>1230</width>
                    <align>left</align>
                    <label>31240</label>
                    <height>50</height>
                    <focusedcolor>black</focusedcolor>
                    <font>Reg28</font>
                    <onclick>Skin.ToggleSetting(UseFixedHomeFocus)</onclick>
                    <selected>Skin.HasSetting(UseFixedHomeFocus)</selected>
					<visible>Skin.String(GadgetRows, 1)</visible>
                </control>
				
				<!--disable all widgets-->
				<control type="radiobutton" id="23016">
                    <description></description>
                    <width>1230</width>
                    <align>left</align>
                    <label>31264</label>
                    <height>50</height>
                    <focusedcolor>black</focusedcolor>
                    <font>Reg28</font>
                    <onclick>Skin.ToggleSetting(DisableAllWidgets)</onclick>
                    <selected>Skin.HasSetting(DisableAllWidgets)</selected>
					<visible>!Skin.String(GadgetRows, enhanced)</visible>
                </control>
				
				<!--disable all submenus-->
				<control type="radiobutton" id="23017">
                    <description></description>
                    <width>1230</width>
                    <align>left</align>
                    <label>31265</label>
                    <height>50</height>
                    <focusedcolor>black</focusedcolor>
                    <font>Reg28</font>
                    <onclick>Skin.ToggleSetting(DisableAllSubmenus)</onclick>
                    <selected>Skin.HasSetting(DisableAllSubmenus)</selected>
					<visible>!Skin.String(GadgetRows, enhanced)</visible>
                </control>
				
				<!--widget settins-->
				<control type="button" id="23019">
                    <description></description>
                    <width>1230</width>
                    <align>left</align>
                    <label>31267</label>
                    <height>50</height>
                    <focusedcolor>black</focusedcolor>
                    <font>Reg28</font>
                    <onclick>Addon.OpenSettings(service.library.data.provider)</onclick>
					<visible>!Skin.HasSetting(DisableAllWidgets)</visible>
                </control>
				
				<!-- other home settings -->
				<control type="label" id="23020">
                    <width>1230</width>
                    <height>50</height>
                    <font>Bold38</font>
                    <label>31125</label>
                    <textcolor>white</textcolor>
                    <shadowcolor>black</shadowcolor>
                    <align>left</align>
                    <aligny>center</aligny>
                </control>
									
				 <!--weather on home-->
				<control type="radiobutton" id="23021">
                    <description></description>
                    <width>1230</width>
                    <align>left</align>
                    <label>31030</label>
                    <height>50</height>
                    <focusedcolor>black</focusedcolor>
                    <font>Reg28</font>
                    <onclick>Skin.ToggleSetting(WeatherOnHome)</onclick>
					<onclick>Skin.Reset(ShowProfile)</onclick>
                    <selected>Skin.HasSetting(WeatherOnHome)</selected>
                </control>
				<control type="radiobutton" id="23022">
                    <description></description>
                    <!--show profile-->
                    <width>1230</width>
                    <align>left</align>
                    <label>31134</label>
                    <height>50</height>
                    <focusedcolor>black</focusedcolor>
                    <font>Reg28</font>
                    <onclick>Skin.ToggleSetting(ShowProfile)</onclick>
					<onclick>Skin.Reset(WeatherOnHome)</onclick>
                    <selected>Skin.HasSetting(ShowProfile)</selected>
                </control>
				
				<control type="label" id="23023">
                    <description></description>
                    <!--hide power warning-->
                    <width>1230</width>
                    <align>left</align>
                    <label>    $LOCALIZE[31199]</label>
                    <height>40</height>
                    <textcolor>white</textcolor>
                    <shadowcolor>black</shadowcolor>
                    <font>Reg22</font>
					<visible>Skin.HasSetting(DisablePowerMenu)</visible>
                </control>
				
				<control type="radiobutton" id="23024">
                    <description></description>
                    <!--hide power-->
                    <width>1230</width>
                    <align>left</align>
                    <label>31198</label>
                    <height>50</height>
                    <focusedcolor>black</focusedcolor>
                    <font>Reg28</font>
                    <onclick>Skin.ToggleSetting(DisablePowerMenu)</onclick>
                    <selected>Skin.HasSetting(DisablePowerMenu)</selected>
                </control>
				
				<control type="button" id="23025">
                    <description></description>
                    <!--change power-->
                    <width>1230</width>
                    <align>left</align>
                    <label>31204</label>
                    <height>50</height>
                    <focusedcolor>black</focusedcolor>
                    <font>Reg28</font>
                    <onclick>RunScript(script.skinshortcuts,type=manage&amp;group=powermenu)</onclick>
					<onclick>SetProperty(powermenu, active, Home)</onclick>
					<onunfocus>SetProperty(powermenu, notactive, Home)</onunfocus>
                </control>
				
				
				
            </control>
			
			<!--background settings-->
			<control type="grouplist" id="14000">
                <description>Control Area</description>
                <width>1230</width>
                <height>780</height>
                <itemgap>3</itemgap>
                <onup>8000</onup>
                <ondown>8000</ondown>
                <onleft>100</onleft>
                <onright>noop</onright>
                <orientation>vertical</orientation>
                <visible>Container(100).Hasfocus(8)</visible>
                
				<!-- skin background -->
                <control type="label" id="14001">
                    <width>1230</width>
                    <height>50</height>
                    <font>Bold38</font>
                    <label>31142</label>
                    <textcolor>white</textcolor>
                    <shadowcolor>black</shadowcolor>
                    <align>left</align>
                    <aligny>center</aligny>
                </control>
						
                <control type="radiobutton" id="14002">
                    <description></description>
                    <!--default-->
                    <width>1230</width>
                    <align>left</align>
                    <label>31023</label>
                    <height>50</height>
                    <focusedcolor>black</focusedcolor>
                    <font>Reg28</font>
                    <onclick>Skin.SetString(CustomBackgroundSetting, default)</onclick>
                    <selected>Skin.String(CustomBackgroundSetting, default)</selected>
                </control>
                <control type="radiobutton" id="14003">
                    <description></description>
                    <!--weather bg-->
                    <width>1230</width>
                    <align>left</align>
                    <label>31025</label>
                    <height>50</height>
                    <focusedcolor>black</focusedcolor>
                    <font>Reg28</font>
                    <onclick>Skin.SetString(CustomBackgroundSetting, weather)</onclick>
                    <selected>Skin.String(CustomBackgroundSetting, weather)</selected>
                </control>
                <control type="radiobutton" id="14004">
                    <description></description>
                    <!--fanart bg-->
                    <width>1230</width>
                    <align>left</align>
                    <label>31026</label>
                    <height>50</height>
                    <focusedcolor>black</focusedcolor>
                    <font>Reg28</font>
                    <onclick>Skin.SetString(CustomBackgroundSetting, fanart)</onclick>
                    <selected>Skin.String(CustomBackgroundSetting, fanart)</selected>
                </control>
                <control type="radiobutton" id="14005">
                    <description></description>
                    <!--own image-->
                    <width>1230</width>
                    <align>left</align>
                    <label>$LOCALIZE[31039]</label>
                    <height>50</height>
                    <focusedcolor>black</focusedcolor>
                    <font>Reg28</font>
                    <onclick>Skin.SetImage(CustomBackgroundSetting)</onclick>
                    <selected>!Skin.String(CustomBackgroundSetting, default) + !Skin.String(CustomBackgroundSetting, blue) + !Skin.String(CustomBackgroundSetting, weather) + !Skin.String(CustomBackgroundSetting, fanart) + !Skin.String(CustomBackgroundSetting, gadget)</selected>
                </control>
				<control type="image" id="14006">
                    <!--Seperator-->
                    <width>1200</width>
					<posx>-60</posx>
                    <height>20</height>
                    <align>left</align>
                    <texture>blankspace.png</texture>
                </control>
				<!--section background-->
                <control type="label" id="14020">
                    <width>1230</width>
                    <height>50</height>
                    <font>Bold38</font>
                    <label>31144</label>
                    <textcolor>white</textcolor>
                    <shadowcolor>black</shadowcolor>
                    <align>left</align>
                    <aligny>center</aligny>
                </control>
				<control type="textbox" id="14021">
                    <width>1220</width>
					<textoffsetx>50</textoffsetx>
                    <height>auto</height>
                    <font>Reg22</font>
                    <posy>60</posy>
                    <label>31143</label>
                    <textcolor>white</textcolor>
                    <shadowcolor>black</shadowcolor>
                    <align>left</align>
                    <aligny>top</aligny>
                </control>
				<control type="image" id="14022">
                    <!--Seperator-->
                    <width>1200</width>
					<posx>-60</posx>
                    <height>15</height>
                    <align>left</align>
                    <texture>blankspace.png</texture>
                </control>
				<control type="radiobutton" id="14023">
                    <description></description>
                    <width>1230</width>
                    <align>left</align>
                    <label>31144</label>
                    <height>50</height>
                    <focusedcolor>black</focusedcolor>
                    <onclick>Skin.ToggleSetting(UseSectionBackground)</onclick>
                    <selected>Skin.HasSetting(UseSectionBackground)</selected>
					<font>Reg28</font>
                </control>
            </control>
			<!-- skin mode-->
			<control type="grouplist" id="7000">
                <description>Control Area</description>
                <width>1230</width>
                <height>720</height>
                <itemgap>3</itemgap>
                <onup>7000</onup>
                <ondown>7000</ondown>
                <onleft>100</onleft>
                <onright>noop</onright>
                <orientation>vertical</orientation>
                <visible>Container(100).Hasfocus(5)</visible>
                <control type="label" id="2311">
                    <width>1230</width>
                    <height>50</height>
                    <font>Bold38</font>
                    <label>31078</label>
                    <textcolor>white</textcolor>
                    <shadowcolor>black</shadowcolor>
                    <align>left</align>
                    <aligny>center</aligny>
                </control>
                <control type="textbox" id="2310">
                    <width>1230</width>
                    <height>auto</height>
                    <font>Reg25</font>
                    <posy>60</posy>
                    <label>31079</label>
                    <textcolor>white</textcolor>
                    <shadowcolor>black</shadowcolor>
                    <align>left</align>
                    <aligny>top</aligny>
                </control>
                <control type="label" id="7101">
                    <width>1230</width>
                    <height>80</height>
                    <font>Bold38</font>
                    <label>31012</label>
                    <textcolor>white</textcolor>
                    <shadowcolor>black</shadowcolor>
                    <align>left</align>
                    <aligny>center</aligny>
                </control>
                <control type="radiobutton" id="7001">
                    <!--Music-->
                    <description>Music</description>
                    <width>1230</width>
                    <align>left</align>
                    <label>$LOCALIZE[31008] $LOCALIZE[2]</label>
                    <height>50</height>
                    <focusedcolor>black</focusedcolor>
                    <font>Reg28</font>
                    <onclick>Skin.ToggleSetting(HomeMenuUseMBforMusic)</onclick>
					<onclick>Skin.Reset(HomeMenuUsePlexforMusic)</onclick>
                    <selected>Skin.HasSetting(HomeMenuUseMBforMusic)</selected>
                    <visible>!IsEmpty(Window(Home).Property(mediabrowser.std.tvshows.0.path))</visible>
                </control>
                <control type="radiobutton" id="7003">
                    <!--Movies-->
                    <description>Movies</description>
                    <width>1230</width>
                    <align>left</align>
                    <label>$LOCALIZE[31008] $LOCALIZE[342]</label>
                    <height>50</height>
                    <focusedcolor>black</focusedcolor>
                    <font>Reg28</font>
                    <onclick>Skin.ToggleSetting(HomeMenuUseMBforMovies)</onclick>
                    <onclick>Skin.Reset(HomeMenuUseNetflixforMovies)</onclick>
					<onclick>Skin.Reset(HomeMenuUsePlexforMovies)</onclick>
                    <selected>Skin.HasSetting(HomeMenuUseMBforMovies)</selected>
                    <visible>!IsEmpty(Window(Home).Property(mediabrowser.std.tvshows.0.path))</visible>
                </control>
                <control type="radiobutton" id="7005">
                    <!--TV Series-->
                    <description>Tv Series</description>
                    <width>1230</width>
                    <align>left</align>
                    <label>$LOCALIZE[31008] $LOCALIZE[20343]</label>
                    <height>50</height>
                    <focusedcolor>black</focusedcolor>
                    <font>Reg28</font>
                    <onclick>Skin.ToggleSetting(HomeMenuUseMBforTVseries)</onclick>
                    <onclick>Skin.Reset(HomeMenuUseNetflixforTVseries)</onclick>
					<onclick>Skin.Reset(HomeMenuUsePlexforTVseries)</onclick>
                    <selected>Skin.HasSetting(HomeMenuUseMBforTVseries)</selected>
                    <visible>!IsEmpty(Window(Home).Property(mediabrowser.std.tvshows.0.path))</visible>
                </control>
                <control type="radiobutton" id="7007">
                    <!--Pictures-->
                    <description>Pictures</description>
                    <width>1230</width>
                    <align>left</align>
                    <label>$LOCALIZE[31008] $LOCALIZE[1]</label>
                    <height>50</height>
                    <focusedcolor>black</focusedcolor>
                    <font>Reg28</font>
                    <onclick>Skin.ToggleSetting(HomeMenuUseMBforPictures)</onclick>
                    <selected>Skin.HasSetting(HomeMenuUseMBforPictures)</selected>
					<onclick>Skin.Reset(HomeMenuUsePlexforPictures)</onclick>
                    <visible>!IsEmpty(Window(Home).Property(mediabrowser.std.tvshows.0.path))</visible>
                </control>
                <control type="radiobutton" id="71008">
                    <!--MusicVideos-->
                    <description>MusicVideos</description>
                    <width>1230</width>
                    <align>left</align>
                    <label>$LOCALIZE[31008] $LOCALIZE[31045]</label>
                    <height>50</height>
                    <focusedcolor>black</focusedcolor>
                    <font>Reg28</font>
                    <onclick>Skin.ToggleSetting(HomeMenuUseMBforMusicVideos)</onclick>
                    <selected>Skin.HasSetting(HomeMenuUseMBforMusicVideos)</selected>
                    <visible>!IsEmpty(Window(Home).Property(mediabrowser.std.tvshows.0.path))</visible>
                </control>
				<control type="label" id="5601">
                    <width>1230</width>
                    <height>30</height>
                    <font>Light20</font>
                    <label>31205</label>
                    <textcolor>white</textcolor>
                    <shadowcolor>black</shadowcolor>
                    <align>left</align>
                    <aligny>center</aligny>
					<visible>IsEmpty(Window(Home).Property(mediabrowser.std.tvshows.0.path))</visible>
                </control>
				
				<!-- netflix mode -->
                <control type="label" id="2301">
                    <width>1230</width>
                    <height>50</height>
                    <font>Bold38</font>
                    <label>31080</label>
                    <textcolor>white</textcolor>
                    <shadowcolor>black</shadowcolor>
                    <align>left</align>
                    <aligny>center</aligny>
                </control>

                <control type="radiobutton" id="2303">
                    <!--Movies-->
                    <description>Movies</description>
                    <width>1230</width>
                    <align>left</align>
                    <label>$LOCALIZE[31082] $LOCALIZE[342]</label>
                    <height>50</height>
                    <focusedcolor>black</focusedcolor>
                    <font>Reg28</font>
                    <onclick>Skin.ToggleSetting(HomeMenuUseNetflixforMovies)</onclick>
                    <onclick>Skin.Reset(HomeMenuUseMBforMovies)</onclick>
					<onclick>Skin.Reset(HomeMenuUsePlexforMovies)</onclick>
                    <selected>Skin.HasSetting(HomeMenuUseNetflixforMovies) + !Skin.HasSetting(HomeMenuUseMBforMovies)</selected>
                    <visible>System.HasAddon(plugin.video.netflixbmc)</visible>
                </control>
                <control type="radiobutton" id="2304">
                    <!--TV Series-->
                    <description>Tv Series</description>
                    <width>1230</width>
                    <align>left</align>
                    <label>$LOCALIZE[31082] $LOCALIZE[20343]</label>
                    <height>50</height>
                    <focusedcolor>black</focusedcolor>
                    <font>Reg28</font>
                    <onclick>Skin.ToggleSetting(HomeMenuUseNetflixforTVseries)</onclick>
                    <onclick>Skin.Reset(HomeMenuUseMBforTVseries)</onclick>
					<onclick>Skin.Reset(HomeMenuUsePlexforTVseries)</onclick>
                    <selected>Skin.HasSetting(HomeMenuUseNetflixforTVseries)</selected>
                   <visible>System.HasAddon(plugin.video.netflixbmc)</visible>
                </control>
				<control type="label" id="5602">
                    <width>1230</width>
                    <height>30</height>
                    <font>Light20</font>
                    <label>31205</label>
                    <textcolor>white</textcolor>
                    <shadowcolor>black</shadowcolor>
                    <align>left</align>
                    <aligny>center</aligny>
					<visible>!System.HasAddon(plugin.video.netflixbmc)</visible>
                </control>
				
				<control type="label" id="2400">
                    <width>1230</width>
                    <height>50</height>
                    <font>Bold38</font>
                    <label>31181</label>
                    <textcolor>white</textcolor>
                    <shadowcolor>black</shadowcolor>
                    <align>left</align>
                    <aligny>center</aligny>
                </control>
                <control type="radiobutton" id="2402">
                    <!--Movies-->
                    <description>Movies</description>
                    <width>1230</width>
                    <align>left</align>
                    <label>$LOCALIZE[31182] $LOCALIZE[342]</label>
                    <height>50</height>
                    <focusedcolor>black</focusedcolor>
                    <font>Reg28</font>
                    <onclick>Skin.ToggleSetting(HomeMenuUsePlexforMovies)</onclick>
                    <onclick>Skin.Reset(HomeMenuUseMBforMovies)</onclick>
					<onclick>Skin.Reset(HomeMenuUseNetflixforMovies)</onclick>
                    <selected>Skin.HasSetting(HomeMenuUsePlexforMovies)</selected>
                    <visible>System.HasAddon(plugin.video.plexbmc)</visible>
                </control>
                <control type="radiobutton" id="2403">
                    <!--TV Series-->
                    <description>Tv Series</description>
                    <width>1230</width>
                    <align>left</align>
                    <label>$LOCALIZE[31182] $LOCALIZE[20343]</label>
                    <height>50</height>
                    <focusedcolor>black</focusedcolor>
                    <font>Reg28</font>
                    <onclick>Skin.ToggleSetting(HomeMenuUsePlexforTVseries)</onclick>
                    <onclick>Skin.Reset(HomeMenuUseMBforTVseries)</onclick>
					<onclick>Skin.Reset(HomeMenuUseNetflixforTVseries)</onclick>
                    <selected>Skin.HasSetting(HomeMenuUsePlexforTVseries)</selected>
                   <visible>System.HasAddon(plugin.video.plexbmc)</visible>
                </control>
				<control type="radiobutton" id="2404">
                    <!--Pictures-->
                    <description>Pictures</description>
                    <width>1230</width>
                    <align>left</align>
                    <label>$LOCALIZE[31182] $LOCALIZE[1]</label>
                    <height>50</height>
                    <focusedcolor>black</focusedcolor>
                    <font>Reg28</font>
                    <onclick>Skin.ToggleSetting(HomeMenuUsePlexforPictures)</onclick>
                    <selected>Skin.HasSetting(HomeMenuUsePlexforPictures)</selected>
					<onclick>Skin.Reset(HomeMenuUseMBforPictures)</onclick>
                    <visible>System.HasAddon(plugin.video.plexbmc)</visible>
                </control>
				<control type="radiobutton" id="2405">
                    <!--Music-->
                    <description>Music</description>
                    <width>1230</width>
                    <align>left</align>
                    <label>$LOCALIZE[31182] $LOCALIZE[2]</label>
                    <height>50</height>
                    <focusedcolor>black</focusedcolor>
                    <font>Reg28</font>
                    <onclick>Skin.ToggleSetting(HomeMenuUsePlexforMusic)</onclick>
					<onclick>Skin.Reset(HomeMenuUseMBforMusic)</onclick>
                    <selected>Skin.HasSetting(HomeMenuUsePlexforMusic)</selected>
                    <visible>System.HasAddon(plugin.video.plexbmc)</visible>
                </control>
				<control type="label" id="5603">
                    <width>1230</width>
                    <height>30</height>
                    <font>Light20</font>
                    <label>31205</label>
                    <textcolor>white</textcolor>
                    <shadowcolor>black</shadowcolor>
                    <align>left</align>
                    <aligny>center</aligny>
					<visible>!System.HasAddon(plugin.video.plexbmc)</visible>
                </control>
            </control>
            <!--advanced settings-->
			<control type="grouplist" id="5000">
                <description>Control Area</description>
                <width>1230</width>
                <height>720</height>
                <itemgap>3</itemgap>
                <onup>500</onup>
                <ondown>500</ondown>
                <onleft>100</onleft>
                <onright>noop</onright>
                <orientation>vertical</orientation>
                <visible>Container(100).Hasfocus(6)</visible>

                <!-- skin tweaks -->
                <control type="label" id="5136">
                    <width>1230</width>
                    <height>50</height>
                    <font>Bold38</font>
                    <label>31028</label>
                    <textcolor>white</textcolor>
                    <shadowcolor>black</shadowcolor>
                    <align>left</align>
                    <aligny>center</aligny>
                </control>
                
				<control type="radiobutton" id="5147">
                    <width>1230</width>
                    <align>left</align>
                    <label>$LOCALIZE[31209]</label>
                    <height>50</height>
                    <focusedcolor>black</focusedcolor>
                    <font>Reg28</font>
                    <onclick>Skin.ToggleSetting(EnableTouchSupport)</onclick>
					<selected>Skin.HasSetting(EnableTouchSupport)</selected>
                </control>
				<control type="radiobutton" id="5149">
                    <width>1230</width>
                    <align>left</align>
                    <label>$LOCALIZE[31215]</label>
                    <height>50</height>
                    <focusedcolor>black</focusedcolor>
                    <font>Reg28</font>
                    <onclick>Skin.ToggleSetting(HideMouseCursor)</onclick>
					<selected>Skin.HasSetting(HideMouseCursor)</selected>
					<visible>System.Platform.Windows + Skin.HasSetting(EnableTouchSupport)</visible>
                </control>
				<control type="radiobutton" id="5139">
                    <description></description>
                    <!--disable artwork downloader-->
                    <width>1230</width>
                    <align>left</align>
                    <label>31099</label>
                    <height>50</height>
                    <focusedcolor>black</focusedcolor>
                    <font>Reg28</font>
                    <onclick>Skin.ToggleSetting(EnableArtworkDownloader)</onclick>
                    <selected>Skin.HasSetting(EnableArtworkDownloader)</selected>
                </control>
				
				<control type="radiobutton" id="5141">
                    <description></description>
                    <!--disable now playing background-->
                    <width>1230</width>
                    <align>left</align>
                    <label>31140</label>
                    <height>50</height>
                    <focusedcolor>black</focusedcolor>
                    <font>Reg28</font>
                    <onclick>Skin.ToggleSetting(DisableNowPlayingBackground)</onclick>
                    <selected>Skin.HasSetting(DisableNowPlayingBackground)</selected>
					<visible>!skin.hastheme(classic)</visible>
                </control>
				<control type="radiobutton" id="5142">
                    <!--Radio use path-->
                    <description>Radio</description>
                    <width>1230</width>
                    <align>left</align>
                    <label>$LOCALIZE[31020]</label>
                    <height>50</height>
                    <focusedcolor>black</focusedcolor>
                    <font>Reg28</font>
                    <onclick condition="!Skin.String(HomeMenuUseRadioCollection)">Skin.SetPath(HomeMenuUseRadioCollection)</onclick>
                    <onclick condition="Skin.String(HomeMenuUseRadioCollection)">Skin.Reset(HomeMenuUseRadioCollection)</onclick>
                    <selected>Skin.String(HomeMenuUseRadioCollection)</selected>
                </control>
				<control type="radiobutton" id="5143">
                    <width>1230</width>
                    <align>left</align>
                    <label>$LOCALIZE[31179]</label>
                    <height>50</height>
                    <focusedcolor>black</focusedcolor>
                    <font>Reg28</font>
                    <onclick>Skin.ToggleSetting(FullscreenMusic)</onclick>
                    <selected>Skin.HasSetting(FullscreenMusic)</selected>
                </control>
				<control type="radiobutton" id="5144">
                    <width>1230</width>
                    <align>left</align>
                    <label>$LOCALIZE[21398]</label>
                    <height>50</height>
                    <focusedcolor>black</focusedcolor>
                    <font>Reg28</font>
                    <onclick condition="!Skin.String(AutoStartPlayList)">RunScript(script.skinshortcuts,type=shortcuts&amp;skinAction=AutoStartPlayList)</onclick>
					<onclick condition="Skin.String(AutoStartPlayList)">Skin.Reset(AutoStartPlayList)</onclick>
                    <selected>Skin.String(AutoStartPlayList)</selected>
                </control>
				
				
				<control type="radiobutton" id="5151">
                    <width>1230</width>
                    <align>left</align>
                    <label>$LOCALIZE[31187]</label>
                    <height>50</height>
                    <focusedcolor>black</focusedcolor>
                    <font>Reg28</font>
                    <onclick>Skin.ToggleSetting(EnableTVTunes)</onclick>
					<selected>Skin.HasSetting(EnableTVTunes)</selected>
					<enable>System.HasAddon(script.tvtunes)</enable>
                </control>
                
				<control type="radiobutton" id="5152">
                    <description></description>
                    <width>1230</width>
                    <align>left</align>
                    <label>31211</label>
                    <height>50</height>
                    <focusedcolor>black</focusedcolor>
                    <font>Reg28</font>
                    <onclick>Skin.ToggleSetting(DisableSplashScreen)</onclick>
                    <selected>Skin.HasSetting(DisableSplashScreen)</selected>
                </control>
				<control type="radiobutton" id="5153">
                    <description></description>
                    <width>1230</width>
                    <align>left</align>
                    <label>31087</label>
                    <height>50</height>
                    <focusedcolor>black</focusedcolor>
                    <font>Reg28</font>
                    <onclick>Skin.ToggleSetting(showlyrics)</onclick>
					<onclick>Notification($LOCALIZE[24074],$LOCALIZE[24074])</onclick>
                    <selected>Skin.HasSetting(showlyrics)</selected>
					<enable>System.HasAddon(script.cu.lrclyrics)</enable>
                </control>
				<control type="radiobutton" id="5154">
                    <description></description>
                    <width>1230</width>
                    <align>left</align>
                    <label>31216</label>
                    <height>50</height>
                    <focusedcolor>black</focusedcolor>
                    <font>Reg28</font>
                    <onclick condition="!Skin.String(CustomWeatherFanArtPath)">Skin.SetPath(CustomWeatherFanArtPath)</onclick>
					<onclick condition="Skin.String(CustomWeatherFanArtPath)">Skin.Reset(CustomWeatherFanArtPath)</onclick>
                    <selected>Skin.String(CustomWeatherFanArtPath)</selected>
                </control>
				
				<control type="radiobutton" id="5157">
                    <description></description>
                    <width>1230</width>
                    <align>left</align>
                    <label>31244</label>
                    <height>50</height>
                    <focusedcolor>black</focusedcolor>
                    <font>Reg28</font>
                    <onclick>Skin.ToggleSetting(DisableSubtitles)</onclick>
                    <selected>Skin.HasSetting(DisableSubtitles)</selected>
                </control>
				
				<control type="radiobutton" id="5158">
                    <description></description>
                    <width>1230</width>
                    <align>left</align>
                    <label>31258</label>
                    <height>50</height>
                    <focusedcolor>black</focusedcolor>
                    <font>Reg28</font>
                    <onclick>Skin.ToggleSetting(HideWatchedRecentlyAdded)</onclick>
                    <selected>Skin.HasSetting(HideWatchedRecentlyAdded)</selected>
					<visible>!Skin.HasSetting(HomeMenuUseMBforMovies) + !Skin.HasSetting(HomeMenuUseNetflixforMovies)</visible>
                </control>
            </control>
        	
		</control>
		</control>
    
		<!--Footer-->
        <include condition="!skin.hassetting(nofooterbar)">Footer</include>
		<!--Titan Version-->
        <include>TitanVersion</include>
	</controls>
</window>