<?xml version="1.0" encoding="utf-8"?>
<!--Titan-->
<window id="2901">
    <defaultcontrol always="true">203</defaultcontrol>
    <allowoverlay>yes</allowoverlay>
	<onload condition="StringCompare(Window.Property(subtitlemenu), show)">ClearProperty(subtitlemenu)</onload>
	<onload condition="skin.hassetting(OSDSubtitleButtonFocus)">SetFocus(104)</onload>
	<onunload condition="StringCompare(Window.Property(subtitlemenu), show)">ClearProperty(subtitlemenu)</onunload>
    <controls>
		
        <!--OSD Panel-->
        <control type="group">
            <visible>!Window.IsActive(filebrowser)</visible>
            <visible>!Window.IsActive(sliderdialog)</visible>
			<visible>!Window.IsActive(VideoOSDBookmarks.xml)</visible>
			<visible>!Window.IsActive(DialogPVRChannelsOSD.xml)</visible>
			
			<animation effect="slide" start="0,400" end="0,0" tween="cubic" easing="out" delay="300" time="250" reversible="false" condition="!Window.IsActive(DialogSeekBar.xml) + !Window.Isactive(DialogFullScreenInfo.xml) + !System.Platform.Linux.RaspberryPi">WindowOpen</animation>
			<animation effect="slide" start="0,0" end="0,400" tween="cubic" easing="out" delay="300" time="250" reversible="false" condition="!Window.IsActive(DialogSeekBar.xml) + !Window.Isactive(DialogFullScreenInfo.xml) + !System.Platform.Linux.RaspberryPi">WindowClose</animation>
			<!--Buttons-->
			<control type="group" id="1001">
				<visible>!Window.IsActive(DialogFullScreenInfo.xml)</visible>
				<include condition="Skin.HasTheme(classic)">OSDPanelClassic</include>
				<include condition="!Skin.HasTheme(classic)">OSDPanelModern</include>
			</control>
			<!--Buttons-->
			<control type="group" id="1000">
				<include condition="Skin.HasTheme(classic)">OSDButtonsClassic</include>
				<include condition="!Skin.HasTheme(classic)">OSDButtonsModern</include>
			</control>
			
		
		</control>
		
		
		
		

    </controls>
</window>