<?xml version="1.0" encoding="utf-8"?>
<!--Titan-->
<includes>
    <!--Default-->
    <include name="View_500_Showcase">

        <control type="group">
            <!-- Warplist ID="500"-->
            <visible>Control.IsVisible(500)</visible>
			<include>animation_view_change</include>
            <visible>IntegerGreaterThan(Container(500).NumItems,0)</visible>
            
			<!-- movie details -->
			<control type="group">
				<visible>Skin.HasSetting(ShowCaseViewShowInfo)</visible>
				<include>MovieDetails</include>
			</control>
			
			<!--Showcase-->
            <control type="wraplist" id="500">
                <!--Wraplist ID 500-->
                <posx>-52</posx>
                <width>1960</width>
                <height>800</height>
                <onleft>500</onleft>
                <onright>500</onright>
                <onup>9000</onup>
                <ondown>60</ondown>
                <viewtype label="Showcase">bigwrap</viewtype>
                <pagecontrol>60</pagecontrol>
                <orientation>horizontal</orientation>
				<visible>!container.content(episodes)</visible>
                <scrolltime tween="cubic" easing="inout">450</scrolltime>
                <focusposition>3</focusposition>
                <itemlayout width="270" height="800">
                </itemlayout>
                <focusedlayout width="270" height="800">
                </focusedlayout>
            </control>
            <include>ShowcaseMovies</include>
            
			<!--horizontal Scrollbar-->
			<control type="group">
				<visible>Control.IsVisible(500)</visible>
				<visible>!Window.IsActive(DialogVideoInfo.xml)</visible>
				<visible>IntegerGreaterThan(Container.NumItems,8)</visible>
				<control type="scrollbar" id="60">
					<visible>Control.IsVisible(500)</visible>
					<left>60</left>
					<posy>920</posy>
					<width>1800</width>
					<height>60</height>
					<onup>500</onup>
					<onleft>60</onleft>
					<onright>60</onright>
					<texturesliderbackground border="14,0,14,0">scrollbar/ScrollBarH.png</texturesliderbackground>
					<texturesliderbar border="14,0,14,0">scrollbar/ScrollBarH_bar.png</texturesliderbar>
					<texturesliderbarfocus border="14,0,14,0" colordiffuse="mainblue">scrollbar/ScrollBarH_bar_focus.png</texturesliderbarfocus>
					<textureslidernib>scrollbar/ScrollBarNib.png</textureslidernib>
					<textureslidernibfocus>scrollbar/ScrollBarNib.png</textureslidernibfocus>
					<showonepage>false</showonepage>
					<orientation>horizontal</orientation>
					<animation effect="fade" start="0" end="100" time="400" condition="Control.HasFocus(60) | Skin.HasSetting(EnableTouchSupport)">Conditional</animation>
					<animation effect="fade" start="100" end="0" time="400" condition="![Control.HasFocus(60) | Skin.HasSetting(EnableTouchSupport)]">Conditional</animation>
				</control>
								
			</control>
		
        
		
		</control>

    
		
	
	</include>
</includes>