<?xml version="1.0" encoding="utf-8"?>
<includes>
    <include name="View_54_PanelWall">
	
		<!-- panel no info -->
        <control type="group">
            <visible>Control.IsVisible(54)</visible>
            <include>animation_view_change</include>
			
			<control type="panel" id="54">
                <posx>60</posx>
                <posy>200</posy>
                <width>1840</width>
                <height>730</height>
                <onup>52</onup>
                <ondown>52</ondown>
                <onleft>9000</onleft>
                <onright>60</onright>
                <pagecontrol>60</pagecontrol>
                <viewtype label="Panel Wall">wide</viewtype>
                <scrolltime tween="Cubic" easing="inout">500</scrolltime>
                <focusposition>0</focusposition>
                <orientation>vertical</orientation>
                <preloaditems>2</preloaditems>
				<visible>!container.content(episodes)</visible>
                <!-- itemlayout movies -->
                <itemlayout height="245" width="182">
                    <control type="group">
						<posx>7</posx>
						<posy>7</posy>
						<control type="image">
							<include>SmallPanelPosterDimensions</include>
							<include>PosterThumbBG</include>
						  </control>
						  <control type="image">
							<include>SmallPanelPosterDimensions</include>
							<include>PosterThumb</include>
						  </control>
						  <include>SmallPosterViewWatchedImage</include>
					  </control>
                </itemlayout>
                <!-- focussed layout movies -->
                <focusedlayout height="245" width="182">
                    <control type="group">
						<posx>7</posx>
						<posy>7</posy>
						<!--Poster-->
						<animation type="focus">
							<effect type="zoom" start="100" end="130" center="auto" time="150" />
						</animation>
						<animation type="unfocus">
							<effect type="zoom" start="130" end="100" center="auto" time="150" />
						</animation>
					
						<control type="image">
						<include>SmallPanelPosterDimensions</include>
						<include>PosterThumbFO</include>
					  </control>
					  <control type="image">
						<include>SmallPanelPosterDimensions</include>
						<include>PosterThumb</include>
					  </control>
					  <include>SmallPosterViewWatchedImage</include>
				  </control>
                </focusedlayout>
			</control>
		
			<!--vertical Scollbar-->
			<control type="group">
				<visible>Control.IsVisible(54)</visible>
				<visible>!Window.IsActive(DialogVideoInfo.xml)</visible>
				<visible>IntegerGreaterThan(Container.NumItems,8)</visible>
				<control type="scrollbar" id="60">
					<visible>Control.IsVisible(54)</visible>
					<right>0</right>
					<posy>195</posy>
					<width>60</width>
					<height>735</height>
					<onup>60</onup>
					<ondown>60</ondown>
					<onleft>54</onleft>
					<texturesliderbackground border="0,14,0,14">scrollbar/ScrollBarV.png</texturesliderbackground>
					<texturesliderbar border="0,14,0,14">scrollbar/ScrollBarV_bar.png</texturesliderbar>
					<texturesliderbarfocus border="0,14,0,14" colordiffuse="mainblue">scrollbar/ScrollBarV_bar_focus.png</texturesliderbarfocus>
					<textureslidernib>scrollbar/ScrollBarNib.png</textureslidernib>
					<textureslidernibfocus>scrollbar/ScrollBarNib.png</textureslidernibfocus>
					<showonepage>false</showonepage>
					<orientation>vertical</orientation>
					<animation effect="fade" start="0" end="100" time="400" condition="Control.HasFocus(60) | Skin.HasSetting(EnableTouchSupport)">Conditional</animation>
					<animation effect="fade" start="100" end="0" time="400" condition="![Control.HasFocus(60) | Skin.HasSetting(EnableTouchSupport)]">Conditional</animation>
				</control>
			</control>
    
		</control>

    </include>
</includes>