<?xml version="1.0" encoding="UTF-8"?>

<includes>

	<include name="FontColorWhite">
	<textcolor>aawhite</textcolor>
	</include>
	<include name="FontColorGray">
	<textcolor>black</textcolor>
	</include>
	

	<include name="ViewExtendedList">
	
	
		<control type="group">
		
			<posx>30</posx>
			<posy>140</posy>
			<defaultcontrol always="true">506</defaultcontrol>
			<visible>Control.IsVisible(506)</visible>
            <visible>!Window.IsActive(DialogVideoInfo.xml)</visible>
			<include>animation_view_change</include>
			

			<control type="panel" id="506">
					
				<posx>20</posx>
				<posy>-20</posy>
				<width>1820</width>
				<height>840</height>
				<onup>9000</onup>
				<ondown>60</ondown>
				<onleft>506</onleft>
				<onright>506</onright>
				<viewtype label="Extended">wrap</viewtype>
				<orientation>horizontal</orientation>
				<pagecontrol>60</pagecontrol>
				<scrolltime tween="cubic" easing="out">600</scrolltime>
				<preloaditems>2</preloaditems>


				<itemlayout width="454" height="900" condition="skin.hastheme(classic)">
				
					<control type="group">
						<posx>0</posx>
						<posy>40</posy>
						<width>460</width>
						<height>900</height>
						
						<control type="image">
							<posx>0</posx>
							<posy>0</posy>
							<width>460</width>
							<height>780</height>
							<texture border="39">dialogs/default/bg.png</texture>
							<visible>skin.hastheme(classic)</visible>
						</control>
						
						
						<control type="image">
							<!--Panel icon image-->
							<posx>18</posx>
							<posy>18</posy>
							<width>423</width>
							<height>250</height>
							<texture background="true" diffuse="home/home_matte.png" border="5" fallback="special://skin/extras/defaulticonswide/DefaultVideo.png">$VAR[BannerLandscapeImage]</texture>
							<aspectratio scalediffuse="false" align="center" aligny="center">stretch</aspectratio>
						</control>
						<control type="image">
							<!--season image legacy-->
							<posx>18</posx>
							<posy>18</posy>
							<width>423</width>
							<height>250</height>
							<texture background="true" diffuse="home/home_matte.png">$VAR[BannerLandscapeImageSeason]</texture>
							<aspectratio scalediffuse="true" align="center" aligny="center">stretch</aspectratio>
							<visible>Container.Content(Seasons) + !substring(Container.FolderPath,plugin://plugin.video)</visible>
						</control>
						
						<control type="image">
							<!--Watched Overlay-->
							<posx>367</posx>
							<posy>35</posy>
							<width>60</width>
							<height>60</height>
							<colordiffuse>ccFFFFFF</colordiffuse>
							<texture>$VAR[WatchedImage]</texture>
							<visible>!Skin.HasSetting(HideWatchedOverlayExtended)</visible>
						</control>
						<control type="label">
							<!--watched label-->
							<centerright>63</centerright>
							<top>32</top>
							<posy>30</posy>
							<width>60</width>
							<height>60</height>
							<font>Light26</font>
							<align>center</align>
							<label>$VAR[WatchedLabel]</label>
							<textcolor>white</textcolor>
							<visible>!Skin.HasSetting(HideWatchedOverlayExtended)</visible>
						</control>
					
						<control type="textbox">
							<posx>30</posx>
							<posy>280</posy>
							<width>400</width>
							<height>80</height>
							<label>$VAR[View_Item_Header]</label>
							<font>Bold32</font>
							<include condition="!skin.hastheme(classic)">FontColorWhite</include>
							<include condition="skin.hastheme(classic)">FontColorGray</include>
							<aligny>top</aligny>
						</control>
						
						<control type="label">
							<posx>30</posx>
							<posy>360</posy>
							<width>400</width>
							<height>80</height>
							<label>[COLOR=mainblue]$INFO[ListItem.Genre,,[CR]][/COLOR]$VAR[Details]</label>
							<font>Reg24</font>
							<include condition="!skin.hastheme(classic)">FontColorWhite</include>
							<include condition="skin.hastheme(classic)">FontColorGray</include>
						</control>
						
						<control type="textbox">
							<posx>30</posx>
							<posy>440</posy>
							<width>410</width>
							<height>305</height>
							<label>$VAR[Plots]</label>
							<font>Reg24</font>
							<include condition="!skin.hastheme(classic)">FontColorWhite</include>
							<include condition="skin.hastheme(classic)">FontColorGray</include>
							<aligny>top</aligny>
							<autoscroll>false</autoscroll>
						</control>
						
						
					</control>
				</itemlayout>
				<focusedlayout width="454" height="900" condition="skin.hastheme(classic)">
				
					<control type="group">
						<posx>0</posx>
						<posy>40</posy>
						<width>460</width>
						<height>900</height>
						
						<control type="image">
							<posx>0</posx>
							<posy>0</posy>
							<width>460</width>
							<height>780</height>
							<bordersize>8</bordersize>
							<texture border="4">cover_panel_matte_fo.png</texture>
							<colordiffuse>$INFO[Skin.String(ViewDetailsFocusColor)]</colordiffuse>
							<animation effect="fade" reversible="false" end="80" time="0" condition="StringCompare(Skin.String(ViewDetailsPanelOpacity),80)">Conditional</animation>
							<animation effect="fade" reversible="false" end="60" time="0" condition="StringCompare(Skin.String(ViewDetailsPanelOpacity),60)">Conditional</animation>
							<animation effect="fade" reversible="false" end="40" time="0" condition="StringCompare(Skin.String(ViewDetailsPanelOpacity),40)">Conditional</animation>
							<animation effect="fade" reversible="false" end="20" time="0" condition="StringCompare(Skin.String(ViewDetailsPanelOpacity),20)">Conditional</animation>
							<animation effect="fade" reversible="false" end="0" time="0" condition="StringCompare(Skin.String(ViewDetailsPanelOpacity),0)">Conditional</animation>
						</control>
						
						<control type="image">
							<posx>0</posx>
							<posy>0</posy>
							<width>460</width>
							<height>780</height>
							<texture border="39">dialogs/default/bg.png</texture>
							<animation effect="fade" reversible="false" end="80" time="0" condition="StringCompare(Skin.String(ViewDetailsPanelOpacity),80)">Conditional</animation>
							<animation effect="fade" reversible="false" end="60" time="0" condition="StringCompare(Skin.String(ViewDetailsPanelOpacity),60)">Conditional</animation>
							<animation effect="fade" reversible="false" end="40" time="0" condition="StringCompare(Skin.String(ViewDetailsPanelOpacity),40)">Conditional</animation>
							<animation effect="fade" reversible="false" end="20" time="0" condition="StringCompare(Skin.String(ViewDetailsPanelOpacity),20)">Conditional</animation>
							<animation effect="fade" reversible="false" end="0" time="0" condition="StringCompare(Skin.String(ViewDetailsPanelOpacity),0)">Conditional</animation>
						</control>
						
						<control type="image">
							<!--Panel icon image-->
							<posx>18</posx>
							<posy>18</posy>
							<width>423</width>
							<height>250</height>
							<texture background="true" diffuse="home/home_matte.png" border="5" fallback="special://skin/extras/defaulticonswide/DefaultVideo.png">$VAR[BannerLandscapeImage]</texture>
							<aspectratio scalediffuse="false" align="center" aligny="center">stretch</aspectratio>
						</control>
						<control type="image">
							<!--season image legacy-->
							<posx>18</posx>
							<posy>18</posy>
							<width>423</width>
							<height>250</height>
							<texture background="true" diffuse="home/home_matte.png">$VAR[BannerLandscapeImageSeason]</texture>
							<aspectratio scalediffuse="true" align="center" aligny="center">stretch</aspectratio>
							<visible>Container.Content(Seasons) + !substring(Container.FolderPath,plugin://plugin.video)</visible>
						</control>
						
						
						<control type="image">
							<!--Watched Overlay-->
							<posx>367</posx>
							<posy>35</posy>
							<width>60</width>
							<height>60</height>
							<colordiffuse>ccFFFFFF</colordiffuse>
							<texture>$VAR[WatchedImage]</texture>
							<visible>!Skin.HasSetting(HideWatchedOverlayExtended)</visible>
						</control>
						<control type="label">
							<!--watched label-->
							<centerright>63</centerright>
							<top>32</top>
							<width>60</width>
							<height>60</height>
							<font>Light26</font>
							<align>center</align>
							<label>$VAR[WatchedLabel]</label>
							<textcolor>white</textcolor>
							<visible>!Skin.HasSetting(HideWatchedOverlayExtended)</visible>
						</control>
					
						<control type="textbox">
							<posx>30</posx>
							<posy>280</posy>
							<width>400</width>
							<height>80</height>
							<label>$VAR[View_Item_Header]</label>
							<font>Bold32</font>
							<textcolor>white</textcolor>
							<aligny>top</aligny>
							<visible>!skin.hastheme(classic)</visible>
						</control>
						<control type="textbox">
							<posx>30</posx>
							<posy>280</posy>
							<width>400</width>
							<height>140</height>
							<label>$VAR[View_Item_Header]</label>
							<font>Bold32</font>
							<textcolor>black</textcolor>
							<aligny>top</aligny>
							<visible>skin.hastheme(classic)</visible>
						</control>
						
						<control type="label">
							<posx>30</posx>
							<posy>360</posy>
							<width>400</width>
							<height>80</height>
							<label>[COLOR=$VAR[ViewDetailsFocusColor]]$INFO[ListItem.Genre,,[CR]][/COLOR]$VAR[Details]</label>
							<font>Reg24</font>
							<include condition="!skin.hastheme(classic)">FontColorWhite</include>
							<include condition="skin.hastheme(classic)">FontColorGray</include>
						</control>
						
						<control type="textbox">
							<posx>30</posx>
							<posy>440</posy>
							<width>410</width>
							<height>305</height>
							<label>$VAR[Plots]</label>
							<font>Reg24</font>
							<textcolor>white</textcolor>
							<aligny>top</aligny>
							<visible>!skin.hastheme(classic)</visible>
						</control>
						
						<control type="textbox">
							<posx>30</posx>
							<posy>440</posy>
							<width>410</width>
							<height>305</height>
							<label>$VAR[Plots]</label>
							<font>Reg24</font>
							<textcolor>black</textcolor>
							<aligny>top</aligny>
							<visible>skin.hastheme(classic)</visible>
						</control>
						
 
					
					</control>	
					
				</focusedlayout>
				
				<itemlayout width="454" height="900" condition="!skin.hastheme(classic)">
				
					<control type="group">
						<posx>0</posx>
						<posy>40</posy>
						<width>460</width>
						<height>900</height>

						<control type="image">
							<posx>8</posx>
							<posy>7</posy>
							<width>443</width>
							<height>765</height>
							<texture>colors/color_white.png</texture>
							<colordiffuse>$VAR[panel_color]</colordiffuse>
							<animation effect="fade" reversible="false" end="80" time="0" condition="StringCompare(Skin.String(ViewDetailsPanelOpacity),80)">Conditional</animation>
							<animation effect="fade" reversible="false" end="60" time="0" condition="StringCompare(Skin.String(ViewDetailsPanelOpacity),60)">Conditional</animation>
							<animation effect="fade" reversible="false" end="40" time="0" condition="StringCompare(Skin.String(ViewDetailsPanelOpacity),40)">Conditional</animation>
							<animation effect="fade" reversible="false" end="20" time="0" condition="StringCompare(Skin.String(ViewDetailsPanelOpacity),20)">Conditional</animation>
							<animation effect="fade" reversible="false" end="0" time="0" condition="StringCompare(Skin.String(ViewDetailsPanelOpacity),0)">Conditional</animation>
						</control>
						
						<control type="image">
							<!--Panel icon image-->
							<posx>18</posx>
							<posy>18</posy>
							<width>423</width>
							<height>250</height>
							<texture background="true" diffuse="home/home_matte2.png" fallback="special://skin/extras/defaulticonswide/DefaultVideo.png">$VAR[BannerLandscapeImage]</texture>
							<aspectratio scalediffuse="true" align="center" aligny="center">stretch</aspectratio>
						</control>
						<control type="image">
							<!--season image legacy-->
							<posx>18</posx>
							<posy>18</posy>
							<width>423</width>
							<height>250</height>
							<texture background="true" diffuse="home/home_matte2.png">$VAR[BannerLandscapeImageSeason]</texture>
							<aspectratio scalediffuse="true" align="center" aligny="center">stretch</aspectratio>
							<visible>Container.Content(Seasons) + !substring(Container.FolderPath,plugin://plugin.video)</visible>
						</control>
						
						<control type="image">
							<!--Watched Overlay-->
							<posx>351</posx>
							<posy>18</posy>
							<width>90</width>
							<height>90</height>
							<colordiffuse>ccFFFFFF</colordiffuse>
							<texture>$VAR[WatchedImage]</texture>
							<visible>!Skin.HasSetting(HideWatchedOverlayExtended)</visible>
						</control>
						<control type="label">
							<!--watched label-->
							<centerright>50</centerright>
							<posy>5</posy>
							<width>60</width>
							<height>60</height>
							<font>Light26</font>
							<align>center</align>
							<label>$VAR[WatchedLabel]</label>
							<textcolor>white</textcolor>
							<visible>!Skin.HasSetting(HideWatchedOverlayExtended)</visible>
						</control>
					
						<control type="textbox">
							<posx>30</posx>
							<posy>280</posy>
							<width>400</width>
							<height>80</height>
							<label>$VAR[View_Item_Header]</label>
							<font>Bold32</font>
							<textcolor>aawhite</textcolor>
							<aligny>top</aligny>
						</control>
						
						<control type="label">
							<posx>30</posx>
							<posy>360</posy>
							<width>400</width>
							<height>80</height>
							<label>[COLOR=mainblue]$INFO[ListItem.Genre,,[CR]][/COLOR]$VAR[Details]</label>
							<font>Reg24</font>
							<textcolor>aawhite</textcolor>
						</control>
						
						<control type="textbox">
							<posx>30</posx>
							<posy>440</posy>
							<width>410</width>
							<height>305</height>
							<label>$VAR[Plots]</label>
							<font>Reg24</font>
							<textcolor>aawhite</textcolor>
							<aligny>top</aligny>
							<autoscroll>false</autoscroll>
						</control>
						
						
					</control>
				</itemlayout>
				<focusedlayout width="454" height="900" condition="!skin.hastheme(classic)">
				
					<control type="group">
						<posx>0</posx>
						<posy>40</posy>
						<width>460</width>
						<height>900</height>
						
						<control type="image">
							<posx>8</posx>
							<posy>7</posy>
							<width>443</width>
							<height>765</height>
							
							<texture>colors/color_white.png</texture>
							<colordiffuse>$INFO[Skin.String(ViewDetailsFocusColor)]</colordiffuse>
							<animation effect="fade" reversible="false" end="80" time="0" condition="StringCompare(Skin.String(ViewDetailsPanelOpacity),80)">Conditional</animation>
							<animation effect="fade" reversible="false" end="60" time="0" condition="StringCompare(Skin.String(ViewDetailsPanelOpacity),60)">Conditional</animation>
							<animation effect="fade" reversible="false" end="40" time="0" condition="StringCompare(Skin.String(ViewDetailsPanelOpacity),40)">Conditional</animation>
							<animation effect="fade" reversible="false" end="20" time="0" condition="StringCompare(Skin.String(ViewDetailsPanelOpacity),20)">Conditional</animation>
							<animation effect="fade" reversible="false" end="0" time="0" condition="StringCompare(Skin.String(ViewDetailsPanelOpacity),0)">Conditional</animation>
						</control>
						
						<control type="image">
							<posx>8</posx>
							<posy>7</posy>
							<width>443</width>
							<height>765</height>
							<bordersize>8</bordersize>
							<texture>colors/color_white.png</texture>
							<colordiffuse>$VAR[panel_color]</colordiffuse>
							<animation effect="fade" reversible="false" end="80" time="0" condition="StringCompare(Skin.String(ViewDetailsPanelOpacity),80)">Conditional</animation>
							<animation effect="fade" reversible="false" end="60" time="0" condition="StringCompare(Skin.String(ViewDetailsPanelOpacity),60)">Conditional</animation>
							<animation effect="fade" reversible="false" end="40" time="0" condition="StringCompare(Skin.String(ViewDetailsPanelOpacity),40)">Conditional</animation>
							<animation effect="fade" reversible="false" end="20" time="0" condition="StringCompare(Skin.String(ViewDetailsPanelOpacity),20)">Conditional</animation>
							<animation effect="fade" reversible="false" end="0" time="0" condition="StringCompare(Skin.String(ViewDetailsPanelOpacity),0)">Conditional</animation>
						</control>
						
						<control type="image">
							<!--Panel icon image-->
							<posx>18</posx>
							<posy>18</posy>
							<width>423</width>
							<height>250</height>
							<texture background="true" diffuse="home/home_matte2.png" fallback="special://skin/extras/defaulticonswide/DefaultVideo.png">$VAR[BannerLandscapeImage]</texture>
							<aspectratio scalediffuse="true" align="center" aligny="center">stretch</aspectratio>
						</control>
						<control type="image">
							<!--season image legacy-->
							<posx>18</posx>
							<posy>18</posy>
							<width>423</width>
							<height>250</height>
							<texture background="true" diffuse="home/home_matte2.png">$VAR[BannerLandscapeImageSeason]</texture>
							<aspectratio scalediffuse="true" align="center" aligny="center">stretch</aspectratio>
							<visible>Container.Content(Seasons) + !substring(Container.FolderPath,plugin://plugin.video)</visible>
						</control>
						
						
						<control type="image">
							<!--Watched Overlay-->
							<posx>351</posx>
							<posy>18</posy>
							<width>90</width>
							<height>90</height>
							<colordiffuse>ccFFFFFF</colordiffuse>
							<texture>$VAR[WatchedImage]</texture>
							<visible>!Skin.HasSetting(HideWatchedOverlayExtended)</visible>
						</control>
						<control type="label">
							<!--watched label-->
							<centerright>50</centerright>
							<posy>5</posy>
							<width>60</width>
							<height>60</height>
							<font>Light26</font>
							<align>center</align>
							<label>$VAR[WatchedLabel]</label>
							<textcolor>white</textcolor>
							<visible>!Skin.HasSetting(HideWatchedOverlayExtended)</visible>
						</control>
					
						<control type="textbox">
							<posx>30</posx>
							<posy>280</posy>
							<width>400</width>
							<height>80</height>
							<label>$VAR[View_Item_Header]</label>
							<font>Bold32</font>
							<textcolor>white</textcolor>
							<aligny>top</aligny>
						</control>
						
						<control type="label">
							<posx>30</posx>
							<posy>360</posy>
							<width>400</width>
							<height>80</height>
							<label>[COLOR=$VAR[ViewDetailsFocusColor]]$INFO[ListItem.Genre,,[CR]][/COLOR]$VAR[Details]</label>
							<font>Reg24</font>
							<textcolor>aawhite</textcolor>
						</control>
						
						<control type="textbox">
							<posx>30</posx>
							<posy>440</posy>
							<width>410</width>
							<height>305</height>
							<label>$VAR[Plots]</label>
							<font>Reg24</font>
							<textcolor>white</textcolor>
							<aligny>top</aligny>
						</control>
					
					</control>	
					
				</focusedlayout>

			
			</control>
		
			<!--horizontal Scrollbar-->
			<control type="group">
				<visible>Control.IsVisible(506)</visible>
				<visible>!Window.IsActive(DialogVideoInfo.xml)</visible>
				<visible>IntegerGreaterThan(Container.NumItems,8)</visible>
				<control type="scrollbar" id="60">
					<visible>Control.IsVisible(506)</visible>
					<left>60</left>
					<posy>920</posy>
					<width>1800</width>
					<height>60</height>
					<onup>506</onup>
					<onleft>60</onleft>
					<onright>60</onright>
					<texturesliderbackground border="14,0,14,0">scrollbar/ScrollBarH.png</texturesliderbackground>
					<texturesliderbar border="14,0,14,0">scrollbar/ScrollBarH_bar.png</texturesliderbar>
					<texturesliderbarfocus border="14,0,14,0" colordiffuse="mainblue">scrollbar/ScrollBarH_bar_focus.png</texturesliderbarfocus>
					<textureslidernib>scrollbar/ScrollBarNib.png</textureslidernib>
					<textureslidernibfocus>scrollbar/ScrollBarNib.png</textureslidernibfocus>
					<showonepage>false</showonepage>
					<orientation>horizontal</orientation>
					<animation effect="fade" start="0" end="100" time="400" condition="Control.HasFocus(60) | Skin.HasSetting(EnableTouchSupport)">Conditional</animation>
					<animation effect="fade" start="100" end="0" time="400" condition="![Control.HasFocus(60) | Skin.HasSetting(EnableTouchSupport)]">Conditional</animation>
				</control>
				
					
				</control>
			
		
		</control>
		
	</include>

</includes>
