<?xml version="1.0" encoding="UTF-8"?>
<includes>
  
  
  <include name="View_509_PanelSquare">
    <control type="group">
      <visible>Control.IsVisible(509)</visible>
      <include>animation_view_change</include>
      <control type="panel" id="509">
        <viewtype label="Panel Square">Panel Square</viewtype>
        <posx>45</posx>
        <posy>175</posy>
        <width>1836</width>
        <height>780</height>
        <orientation>vertical</orientation>
        <onleft>9000</onleft>
        <onright>60</onright>
        <onup>509</onup>
        <ondown>509</ondown>
        <preloaditems>4</preloaditems>
        <pagecontrol>60</pagecontrol>
        <itemlayout height="261" width="260">
          <control type="image">
            <include>BigPanelSquareDimensions</include>
            <include>SquareThumbBG</include>
          </control>
          <control type="image">
            <include>BigPanelSquareDimensions</include>
            <include>SquareThumb</include>
          </control>
		  <control type="image">
				<posx>18</posx>
				<posy>51</posy>
				<width>236</width>
				<height>190</height>
				<colordiffuse>ccFFFFFF</colordiffuse>
				<texture diffuse="home/home_matte2.png">home/home_overlay.png</texture>
				<visible>Skin.HasSetting(ShowLabelsSquare)</visible>
				<visible>!StringCompare(ListItem.Label,..)</visible>
			</control>
			<control type="label">
				<posx>25</posx>
				<posy>182</posy>
				<width>220</width>
				<height>60</height>
				<font>Reg22</font>
				<align>left</align>
				<info>ListItem.Label</info>
				<textcolor>$INFO[Skin.String(ViewDetailsTextColor)]</textcolor>
				<visible>Skin.HasSetting(ShowLabelsSquare)</visible>
				<visible>!StringCompare(ListItem.Label,..)</visible>
			</control>
		  <control type="image">
				<!--Watched Overlay-->
				<right>5</right>
				<posy>5</posy>
				<width>60</width>
				<height>60</height>
				<texture>$VAR[WatchedImage]</texture>
				<visible>!skin.hastheme(classic) + !Skin.HasSetting(HideWatchedOverlayBigPanel)</visible>
			</control>
			<control type="label">
				<!--watched label Helix-->
				<width>260</width>
				<right>6</right>
				<posy>-10</posy>
				<align>right</align>
				<label>$VAR[WatchedLabel]</label>
				<font>Light20</font>
				<textcolor>white</textcolor>
				<visible>!Skin.HasSetting(HideWatchedOverlayBigPanel)</visible>
				<visible>SubString(System.BuildVersion,14,left) | SubString(System.BuildVersion,15,left)</visible>
			</control>
			<control type="label">
				<!--watched label Gotham-->
				<right>-43</right>
				<width>50</width>
				<posy>-13</posy>
				<align>right</align>
				<label>$VAR[WatchedLabel]</label>
				<font>Light20</font>
				<textcolor>white</textcolor>
				<visible>!Skin.HasSetting(HideWatchedOverlayBigPanel)</visible>
				<visible>SubString(System.BuildVersion,13,left)</visible>
			</control>
        </itemlayout>
        <focusedlayout height="261" width="260">
		  <control type="image">
            <include>BigPanelSquareDimensions</include>
            <include>SquareThumbFO</include>
          </control>
          <control type="image">
            <include>BigPanelSquareDimensions</include>
            <include>SquareThumb</include>
          </control>
		  <control type="image">
				<posx>18</posx>
				<posy>51</posy>
				<width>236</width>
				<height>190</height>
				<colordiffuse>ccFFFFFF</colordiffuse>
				<texture diffuse="home/home_matte2.png">home/home_overlay.png</texture>
				<visible>Skin.HasSetting(ShowLabelsSquare)</visible>
				<visible>!StringCompare(ListItem.Label,..)</visible>
			</control>
			<control type="label">
				<posx>25</posx>
				<posy>182</posy>
				<width>220</width>
				<height>60</height>
				<font>Reg22</font>
				<align>left</align>
				<info>ListItem.Label</info>
				<textcolor>$INFO[Skin.String(ViewDetailsFocusColor)]</textcolor>
				<visible>Skin.HasSetting(ShowLabelsSquare)</visible>
				<visible>!StringCompare(ListItem.Label,..)</visible>
			</control>
		  <control type="image">
				<!--Watched Overlay-->
				<right>5</right>
				<posy>5</posy>
				<width>60</width>
				<height>60</height>
				<texture>$VAR[WatchedImage]</texture>
				<visible>!skin.hastheme(classic) + !Skin.HasSetting(HideWatchedOverlayBigPanel)</visible>
			</control>
			<control type="label">
				<!--watched label Helix-->
				<width>260</width>
				<right>6</right>
				<posy>-10</posy>
				<align>right</align>
				<label>$VAR[WatchedLabel]</label>
				<font>Light20</font>
				<textcolor>white</textcolor>
				<visible>!Skin.HasSetting(HideWatchedOverlayBigPanel)</visible>
				<visible>SubString(System.BuildVersion,14,left) | SubString(System.BuildVersion,15,left)</visible>
			</control>
			<control type="label">
				<!--watched label Gotham-->
				<right>-43</right>
				<width>50</width>
				<posy>-13</posy>
				<align>right</align>
				<label>$VAR[WatchedLabel]</label>
				<font>Light20</font>
				<textcolor>white</textcolor>
				<visible>!Skin.HasSetting(HideWatchedOverlayBigPanel)</visible>
				<visible>SubString(System.BuildVersion,13,left)</visible>
			</control>
        </focusedlayout>
      
	  </control>
      
	  <!--vertical Scollbar-->
		<control type="group">
			<visible>IntegerGreaterThan(Container.NumItems,8)</visible>
			<control type="scrollbar" id="60">
				<right>0</right>
				<posy>175</posy>
				<width>60</width>
				<height>770</height>
				<onup>60</onup>
				<ondown>60</ondown>
				<onleft>509</onleft>
				<texturesliderbackground border="0,14,0,14">scrollbar/ScrollBarV.png</texturesliderbackground>
				<texturesliderbar border="0,14,0,14">scrollbar/ScrollBarV_bar.png</texturesliderbar>
				<texturesliderbarfocus border="0,14,0,14" colordiffuse="mainblue">scrollbar/ScrollBarV_bar_focus.png</texturesliderbarfocus>
				<textureslidernib>scrollbar/ScrollBarNib.png</textureslidernib>
				<textureslidernibfocus>scrollbar/ScrollBarNib.png</textureslidernibfocus>
				<showonepage>false</showonepage>
				<orientation>vertical</orientation>
				<animation effect="fade" start="0" end="100" time="400" condition="Control.HasFocus(60) | Skin.HasSetting(EnableTouchSupport)">Conditional</animation>
				<animation effect="fade" start="100" end="0" time="400" condition="![Control.HasFocus(60) | Skin.HasSetting(EnableTouchSupport)]">Conditional</animation>
			</control>
			
		</control>
		
    </control>
	
	
  </include>
</includes>
