<?xml version="1.0" encoding="UTF-8"?>
<includes>
  
  
  <include name="View_57_BigPanel">
    <control type="group">
      <visible>Control.IsVisible(57)</visible>
      <include>animation_view_change</include>
      
	  <control type="panel" id="57">
        <viewtype label="Big Panel">icons</viewtype>
        <posx>45</posx>
        <posy>175</posy>
        <width>1836</width>
        <height>761</height>
        <orientation>vertical</orientation>
        <onleft>9000</onleft>
        <onright>60</onright>
        <onup>57</onup>
        <ondown>57</ondown>
        <preloaditems>4</preloaditems>
        <pagecontrol>60</pagecontrol>
        <itemlayout height="380" width="259">
          <control type="image">
            <include>BigPanelPosterDimensions</include>
            <include>PosterThumbBG</include>
          </control>
          <control type="image">
            <include>BigPanelPosterDimensions</include>
            <include>PosterThumb</include>
          </control>
          <include condition="!skin.hastheme(classic)">BigPanelWatchedImageModern</include>
		  <include condition="skin.hastheme(classic)">BigPanelWatchedImageClassic</include>
        </itemlayout>
        <focusedlayout height="380" width="259">
          <control type="image">
            <include>BigPanelPosterDimensions</include>
            <include>PosterThumbFO</include>
          </control>
          <control type="image">
            <include>BigPanelPosterDimensions</include>
            <include>PosterThumb</include>
          </control>
          <include condition="!skin.hastheme(classic)">BigPanelWatchedImageModern</include>
		  <include condition="skin.hastheme(classic)">BigPanelWatchedImageClassic</include>
        </focusedlayout>
        </control>
      
		<!--vertical Scollbar-->
		<control type="group">
			<visible>Control.IsVisible(57)</visible>
			<visible>!Window.IsActive(DialogVideoInfo.xml)</visible>
			<visible>IntegerGreaterThan(Container.NumItems,8)</visible>
			<control type="scrollbar" id="60">
				<visible>Control.IsVisible(57)</visible>
				<right>0</right>
				<posy>170</posy>
				<width>60</width>
				<height>735</height>
				<onup>60</onup>
				<ondown>60</ondown>
				<onleft>57</onleft>
				<texturesliderbackground border="0,14,0,14">scrollbar/ScrollBarV.png</texturesliderbackground>
				<texturesliderbar border="0,14,0,14">scrollbar/ScrollBarV_bar.png</texturesliderbar>
				<texturesliderbarfocus border="0,14,0,14" colordiffuse="mainblue">scrollbar/ScrollBarV_bar_focus.png</texturesliderbarfocus>
				<textureslidernib>scrollbar/ScrollBarNib.png</textureslidernib>
				<textureslidernibfocus>scrollbar/ScrollBarNib.png</textureslidernibfocus>
				<showonepage>false</showonepage>
				<orientation>vertical</orientation>
				<animation effect="fade" start="0" end="100" time="400" condition="Control.HasFocus(60) | Skin.HasSetting(EnableTouchSupport)">Conditional</animation>
				<animation effect="fade" start="100" end="0" time="400" condition="![Control.HasFocus(60) | Skin.HasSetting(EnableTouchSupport)]">Conditional</animation>
			</control>
			
		</control>
		
    </control>
	
	
	
  </include>

  </includes>
