<?xml version="1.0" encoding="utf-8"?>
<!--Titan-->
<includes>
    <include name="View_505_LandscapeDetails">
         <control type="group">
		<include>animation_view_change</include>
		<visible>Control.IsVisible(505)</visible>
		
		<control type="group">
			<visible>IntegerGreaterThan(Container(505).NumItems,0)</visible>
			<include>MovieDetailsLeft</include>
		  </control>
		
		<control type="panel" id="505">
			<posx>700</posx>
			<posy>165</posy>
			<width>1400</width>
			<height>740</height>
			<orientation>vertical</orientation>
			<onleft>9000</onleft>
			<onright>60</onright>
			<onup>505</onup>
			<ondown>505</ondown>
			<preloaditems>4</preloaditems>
			<pagecontrol>60</pagecontrol>
			<viewtype label="Landscape details">bigwrap</viewtype>

			<scrolltime tween="cubic" easing="inout">500</scrolltime>
			<itemlayout width="600" height="370">
				<control type="image">
					<!--Panel Shadow-->
					<include>BannerViewImageSizeNormalShadow</include>
					<texture>home/home_shadow.png</texture>
				</control>
				<include>BannerViewImagesNormal</include>
			</itemlayout>
			<focusedlayout width="600" height="370">
				<control type="group">
					<include>BannerViewOverlayFocusNormal</include>
				</control>
			</focusedlayout>
		</control>
		  
		  
		  
		  <!--vertical Scollbar-->
			<control type="group">
				<visible>IntegerGreaterThan(Container.NumItems,8)</visible>
				<control type="scrollbar" id="60">
					<right>0</right>
					<posy>175</posy>
					<width>60</width>
					<height>735</height>
					<onup>60</onup>
					<ondown>60</ondown>
					<onleft>505</onleft>
					<texturesliderbackground border="0,14,0,14">scrollbar/ScrollBarV.png</texturesliderbackground>
					<texturesliderbar border="0,14,0,14">scrollbar/ScrollBarV_bar.png</texturesliderbar>
					<texturesliderbarfocus border="0,14,0,14" colordiffuse="mainblue">scrollbar/ScrollBarV_bar_focus.png</texturesliderbarfocus>
					<textureslidernib>scrollbar/ScrollBarNib.png</textureslidernib>
					<textureslidernibfocus>scrollbar/ScrollBarNib.png</textureslidernibfocus>
					<showonepage>false</showonepage>
					<orientation>vertical</orientation>
					<animation effect="fade" start="0" end="100" time="400" condition="Control.HasFocus(60) | Skin.HasSetting(EnableTouchSupport)">Conditional</animation>
					<animation effect="fade" start="100" end="0" time="400" condition="![Control.HasFocus(60) | Skin.HasSetting(EnableTouchSupport)]">Conditional</animation>
				</control>
				
			</control>
			
	  
    </control>

  </include>
</includes>
