<?xml version="1.0" encoding="utf-8"?>
<includes>
    <include name="View_52_HorizontalPanel">
	
		
	
	
		<!-- panel no info -->
        <control type="group">
            <visible>Control.IsVisible(52)</visible>
            <include>animation_view_change</include>
			
			<!-- movie details -->
			<control type="group">
				<visible>Skin.HasSetting(PanelViewShowInfo)</visible>
				<include>MovieDetails</include>
			</control>
			
			<control type="panel" id="52">
                <posx>55</posx>
                <posy>580</posy>
                <width>1810</width>
                <height>400</height>
                <onup>9000</onup>
                <ondown>60</ondown>
                <onleft>52</onleft>
                <onright>52</onright>
                <pagecontrol>60</pagecontrol>
                <viewtype label="Horizontal Panel">biglist</viewtype>
                <scrolltime tween="Cubic" easing="inout">500</scrolltime>
                <focusposition>6</focusposition>
                <preloaditems>2</preloaditems>
				<orientation>horizontal</orientation>
                <preloaditems>2</preloaditems>
				<visible>!container.content(episodes)</visible>
                <itemlayout height="380" width="258" condition="skin.hastheme(classic)">
			   <control type="group">
				   <posx>-5</posx>
				  <control type="image">
					<include>BigPanelPosterDimensions</include>
					<include>PosterThumbBG</include>
				  </control>
				  <control type="image">
					<include>BigPanelPosterDimensions</include>
					<include>PosterThumb</include>
				  </control>
				  <include condition="!skin.hastheme(classic)">BigPanelWatchedImageModern</include>
				  <include condition="skin.hastheme(classic)">BigPanelWatchedImageClassic</include>
				</control>
			</itemlayout>
				<focusedlayout height="380" width="258"  condition="skin.hastheme(classic)">
				<control type="group">
				   <posx>-5</posx>
				   
				   <control type="image">
						<!--cdart image-->
						<width>240</width>
						<height>240</height>
						<posy>50</posy>
						<posx>15</posx>
						<texture background="true">$INFO[ListItem.Art(discart)]</texture>
						<aspectratio scalediffuse="false" align="center" aligny="center">keep</aspectratio>
						<animation effect="slide" start="0" end="0,-160" tween="cubic" easing="inout" time="1200" delay="800">Focus</animation>
						<animation effect="fade" start="0" end="100" delay="800" time="800" pulse="false">Focus</animation>
						<animation effect="rotate" end="-360" center="auto" time="20000" loop="true" reversible="false" condition="Skin.HasSetting(AnimateDiscArt)">Conditional</animation>
						<visible>Skin.HasSetting(View52_ShowCDart)</visible>
					</control>
				  <control type="image">
					<include>BigPanelPosterDimensions</include>
					<include>PosterThumbFO</include>
				  </control>
				  <control type="image">
					<include>BigPanelPosterDimensions</include>
					<include>PosterThumb</include>
				  </control>
				  <include condition="!skin.hastheme(classic)">BigPanelWatchedImageModern</include>
				  <include condition="skin.hastheme(classic)">BigPanelWatchedImageClassic</include>
			  </control>
			</focusedlayout>
				<itemlayout height="380" width="258" condition="!skin.hastheme(classic)">
			   <control type="group">
				   <posx>-5</posx>
				  <control type="image">
					<include>BigPanelPosterDimensions</include>
					<include>PosterThumbBG</include>
				  </control>
				  <control type="image">
					<include>BigPanelPosterDimensions</include>
					<include>PosterThumb</include>
				  </control>
				  <include condition="!skin.hastheme(classic)">BigPanelWatchedImageModern</include>
				  <include condition="skin.hastheme(classic)">BigPanelWatchedImageClassic</include>
				</control>
			</itemlayout>
				<focusedlayout height="380" width="258"  condition="!skin.hastheme(classic)">
				<control type="group">
				   <posx>-5</posx>
				   
				   <control type="image">
						<!--cdart image-->
						<width>240</width>
						<height>240</height>
						<posy>50</posy>
						<posx>15</posx>
						<texture background="true">$INFO[ListItem.Art(discart)]</texture>
						<aspectratio scalediffuse="false" align="center" aligny="center">keep</aspectratio>
						<animation effect="slide" start="0" end="0,-160" tween="cubic" easing="inout" time="1200" delay="800">Focus</animation>
						<animation effect="fade" start="0" end="100" delay="800" time="800" pulse="false">Focus</animation>
						<animation effect="rotate" end="-360" center="auto" time="20000" loop="true" reversible="false" condition="Skin.HasSetting(AnimateDiscArt)">Conditional</animation>
						<visible>Skin.HasSetting(View52_ShowCDart)</visible>
					</control>
				  <control type="image">
					<include>BigPanelPosterDimensions</include>
					<include>PosterThumbFO</include>
				  </control>
				  <control type="image">
					<include>BigPanelPosterDimensions</include>
					<include>PosterThumb</include>
				  </control>
				  <include condition="!skin.hastheme(classic)">BigPanelWatchedImageModern</include>
				  <include condition="skin.hastheme(classic)">BigPanelWatchedImageClassic</include>
			  </control>
			</focusedlayout>
			</control>

			<!--horizontal Scrollbar-->
			<control type="group">
				<visible>IntegerGreaterThan(Container.NumItems,8)</visible>
				<control type="scrollbar" id="60">
					<visible>Control.IsVisible(52)</visible>
					<left>60</left>
					<posy>920</posy>
					<width>1800</width>
					<height>60</height>
					<onup>52</onup>
					<onleft>60</onleft>
					<onright>60</onright>
					<texturesliderbackground border="14,0,14,0">scrollbar/ScrollBarH.png</texturesliderbackground>
					<texturesliderbar border="14,0,14,0">scrollbar/ScrollBarH_bar.png</texturesliderbar>
					<texturesliderbarfocus border="14,0,14,0" colordiffuse="mainblue">scrollbar/ScrollBarH_bar_focus.png</texturesliderbarfocus>
					<textureslidernib>scrollbar/ScrollBarNib.png</textureslidernib>
					<textureslidernibfocus>scrollbar/ScrollBarNib.png</textureslidernibfocus>
					<showonepage>false</showonepage>
					<orientation>horizontal</orientation>
					<animation effect="fade" start="0" end="100" time="400" condition="Control.HasFocus(60) | Skin.HasSetting(EnableTouchSupport)">Conditional</animation>
					<animation effect="fade" start="100" end="0" time="400" condition="![Control.HasFocus(60) | Skin.HasSetting(EnableTouchSupport)]">Conditional</animation>
				</control>
			</control>
    
		</control>
		
		

    </include>
</includes>