<?xml version="1.0" encoding="UTF-8"?>
<includes>
  
  <include name="View_59_BigPanelDetails">
	
    <control type="group">
      <visible>Control.IsVisible(59)</visible>
      <include>animation_view_change</include>
	 
	  <!-- details -->
	  <control type="group">
        <visible>IntegerGreaterThan(Container(59).NumItems,0)</visible>
        <include>MovieDetailsLeft</include>
      </control>
	 
      <control type="panel" id="59">
        <viewtype label="Big Panel details">Big Panel details</viewtype>
        <posx>778</posx>
        <posy>179</posy>
        <width>1136</width>
        <height>800</height>
        <orientation>vertical</orientation>
        <onleft>9000</onleft>
        <onright>60</onright>
        <onup>59</onup>
        <ondown>59</ondown>
        <preloaditems>4</preloaditems>
        <pagecontrol>60</pagecontrol>
		<visible>!container.content(episodes)</visible>
        <itemlayout height="400" width="275">
          <control type="image">
            <include>BigPanelPosterDimensions</include>
            <include>PosterThumbBG</include>
          </control>
          <control type="image">
            <include>BigPanelPosterDimensions</include>
            <include>PosterThumb</include>
          </control>
          <include condition="!skin.hastheme(classic)">BigPanelWatchedImageModern</include>
		  <include condition="skin.hastheme(classic)">BigPanelWatchedImageClassic</include>
        </itemlayout>
        <focusedlayout height="400" width="275">
          <control type="image">
            <include>BigPanelPosterDimensions</include>
            <include>PosterThumbFO</include>
          </control>
          <control type="image">
            <include>BigPanelPosterDimensions</include>
            <include>PosterThumb</include>
          </control>
          <include condition="!skin.hastheme(classic)">BigPanelWatchedImageModern</include>
		  <include condition="skin.hastheme(classic)">BigPanelWatchedImageClassic</include>
        </focusedlayout>
      </control>
      
	 
	  
		<!--vertical Scollbar-->
		<control type="group">
			<visible>Control.IsVisible(59)</visible>
			<visible>!Window.IsActive(DialogVideoInfo.xml)</visible>
			<visible>IntegerGreaterThan(Container.NumItems,8)</visible>
			<control type="scrollbar" id="60">
				<visible>Control.IsVisible(59)</visible>
				<right>0</right>
				<posy>175</posy>
				<width>60</width>
				<height>750</height>
				<onup>60</onup>
				<ondown>60</ondown>
				<onleft>59</onleft>
				<texturesliderbackground border="0,14,0,14">scrollbar/ScrollBarV.png</texturesliderbackground>
				<texturesliderbar border="0,14,0,14">scrollbar/ScrollBarV_bar.png</texturesliderbar>
				<texturesliderbarfocus border="0,14,0,14" colordiffuse="mainblue">scrollbar/ScrollBarV_bar_focus.png</texturesliderbarfocus>
				<textureslidernib>scrollbar/ScrollBarNib.png</textureslidernib>
				<textureslidernibfocus>scrollbar/ScrollBarNib.png</textureslidernibfocus>
				<showonepage>false</showonepage>
				<orientation>vertical</orientation>
				<animation effect="fade" start="0" end="100" time="400" condition="Control.HasFocus(60) | Skin.HasSetting(EnableTouchSupport)">Conditional</animation>
				<animation effect="fade" start="100" end="0" time="400" condition="![Control.HasFocus(60) | Skin.HasSetting(EnableTouchSupport)]">Conditional</animation>
			</control>
			
		</control>
	  
    </control>

  </include>
</includes>
