<?xml version="1.0" encoding="utf-8"?>
<!--Titan-->
<includes>

    <include name="View_507_FanArt">
	
	 <!--View 507-->
        <control type="group">
            <visible>Control.IsVisible(507)</visible>
			<visible>IntegerGreaterThan(Container(507).NumItems,0)</visible>
            <include>animation_view_change</include>
            
            <!-- ID="52" -->
            <control type="panel" id="507">
                <posx>0</posx>
                <posy>0</posy>
                <width>1920</width>
                <height>1080</height>
                <onup>9000</onup>
                <ondown>9000</ondown>
                <onleft>507</onleft>
                <onright>507</onright>
                <viewtype label="FanArt">biglist</viewtype>
                <scrolltime tween="Cubic" easing="inout">500</scrolltime>
                <focusposition>0</focusposition>
                <orientation>horizontal</orientation>
                <preloaditems>2</preloaditems>
				<visible>!container.content(episodes)</visible>
                <itemlayout height="1920" width="1080">
                </itemlayout>
                <focusedlayout height="1920" width="1080">
                </focusedlayout>
            </control>

			
			<control type="image">
                <visible>Control.IsVisible(507) + !IsEmpty(ListItem.Label)</visible>
                <posx>0</posx>
                <posy>750</posy>
                <width>1920</width>
                <height>232</height>
                <texture>colors/color_white.png</texture>
				<animation effect="fade" reversible="false" end="80" time="0" condition="true">Conditional</animation>
				<colordiffuse>$VAR[panel_color]</colordiffuse>
				<visible>Skin.HasSetting(FanArtViewShowInfo)</visible>
				<visible>!skin.hastheme(classic)</visible>
            </control>
			
			<include condition="skin.hastheme(classic)">ClassicDetailsPanel1</include>
			
			<!--Info-->
			<control type="grouplist">
				<!--Regie, Duration... Movies, TV-Shows, Sesaons, Music-Videos-->
				<visible>Control.IsVisible(507)</visible>
				<visible>!Window.IsActive(DialogVideoInfo.xml)</visible>
				<visible>Skin.HasSetting(FanArtViewShowInfo)</visible>
				<include>animation_view_change</include>
				<animation effect="slide" end="-40,0" time="0" condition="!skin.hastheme(classic)">Conditional</animation>
				<itemgap>0</itemgap>
				<onup>500</onup>
				<ondown>500</ondown>
				<onleft>100</onleft>
				<onright>noop</onright>
				<orientation>vertical</orientation>
				<posx>100</posx>
				<posy>770</posy>
				<control type="label">
					<height>33</height>
					<width>1100</width>
					<font>Bold30</font>
					<textcolor>$INFO[Skin.String(ViewDetailsFocusColor)]</textcolor>
					<shadowcolor>$INFO[Skin.String(ViewDetailsFocusShadowColor)]</shadowcolor>
					<label>[UPPERCASE]$VAR[mediatitle][/UPPERCASE]</label>
				</control>
					<control type="label">
					  <height>40</height>
					  <width>1100</width>
					  <font>Reg31</font>
					  <textcolor>$INFO[Skin.String(ViewDetailsTextColor)]</textcolor>
					  <shadowcolor>$INFO[Skin.String(ViewDetailsTextShadowColor)]</shadowcolor>
					  <label>$VAR[Details]</label>
				</control>
				<control type="textbox">
					<posx>0</posx>
					<posy>0</posy>
					<width>1720</width>
					<height>125</height>
					<label>$VAR[Plots]</label>
					<textcolor>$INFO[Skin.String(ViewDetailsTextColor)]</textcolor>
					<shadowcolor>$INFO[Skin.String(ViewDetailsTextShadowColor)]</shadowcolor>
					<align>justify</align>
					<font>Light32</font>
					<visible>skin.hastheme(classic)</visible>
				</control>
				<control type="textbox">
					<posx>0</posx>
					<posy>0</posy>
					<width>1800</width>
					<height>125</height>
					<label>$VAR[Plots]</label>
					<textcolor>$INFO[Skin.String(ViewDetailsTextColor)]</textcolor>
					<shadowcolor>$INFO[Skin.String(ViewDetailsTextShadowColor)]</shadowcolor>
					<align>justify</align>
					<font>Light32</font>
					<visible>!skin.hastheme(classic)</visible>
				</control>
				<control type="label">
					<posx>0</posx>
					<posy>0</posy>
					<width>1100</width>
					<height>20</height>
					<label></label>
				</control>
			</control>
			
		
		</control>
        
       
    </include>
</includes>