<?xml version="1.0" encoding="utf-8"?>
<!--Titan-->
<window id="20">
    <defaultcontrol always="true">50</defaultcontrol>
    <allowoverlay>yes</allowoverlay>
	<views>50,509,510,511,512</views>
	<onunload>ClearProperty(ShowViewSubMenu, Home)</onunload>
	<include>defaultskinsettings</include>
    <controls>
        <!--Global Background-->
        <include>GlobalBackground</include>
		<!--Time & Weather-->
        <include>TimeInfo</include>
		<include condition="!Skin.HasTheme(classic)">NowPlayingModern</include>
        <!-- Header -->
        <include>Header</include>
		
		<!-- footer bar -->
		<control type="group">
			<visible>![Control.IsVisible(514) + StringCompare(Window(Home).Property(showinfopanel),show)]</visible>
			<include condition="!skin.hassetting(nofooterbar)">Footer</include>
		</control>
		
		<!-- Now playing -->
        <!--Hidden Button-->
        <control type="radiobutton" id="19">
            <description>Filter (hidden)</description>
            <include>HiddenButton</include>
        </control>
        <!--Views-->
		<control type="group">
			<include>animation_window_open_close</include>
			<include>View_50_List</include>
			<include>View_509_PanelSquare</include>
			<include>View_510_PanelSquareDetails</include>
			<include>View_511_Thumbs</include>
			<include>View_512_ThumbsDetails</include>
		</control>
        <!--Sub Menu Tab Left-->
        <include>SubMenuTabLeft</include>
        <!--Sub Menu Tab Top-->
        <include>SubMenuTabTop</include>
        <!--Sub Menu-->
        <control type="group">
            <include condition="skin.hastheme(classic)">SideBladeClassic</include>
			<include condition="!skin.hastheme(classic)">SideBladeModern</include>
            <!--Grouplist 9000-->
            <control type="grouplist" id="9000">
                <posx>21</posx>
                <posy>190</posy>
                <width>458</width>
                <height>750</height>
                <itemgap>3</itemgap>
                <onleft>50</onleft>
                <onright>50</onright>
				<onright>ClearProperty(ShowViewSubMenu, Home)</onright>
				<onleft>ClearProperty(ShowViewSubMenu, Home)</onleft>
				<onback>ClearProperty(ShowViewSubMenu, Home)</onback>
                <onup>9000</onup>
                <ondown>9000</ondown>
                <orientation>vertical</orientation>
                <!--Buttons-->
                <control type="label" id="200">
                    <!--Label Menu-->
                    <width>458</width>
                    <align>left</align>
                    <textoffsetx>50</textoffsetx>
                    <font>Bold40</font>
                    <textcolor>$VAR[ThemeFontColorBlack]</textcolor>
                    <label>$LOCALIZE[33061]:</label>
					<visible>skin.hastheme(classic)</visible>
                </control>
                <control type="image" id="201">
                    <!--Seperator-->
                    <width>458</width>
                    <height>10</height>
                    <align>left</align>
                    <texture>common/menu-separator.png</texture>
					<visible>skin.hastheme(classic)</visible>
                </control>
				
                <control type="button" id="3">
                    <!--Sort-->
					<label>103</label>
                    <include>SubMenuButton</include>
                </control>
                <control type="togglebutton" id="4">
                    <!--Ascending-->
                    <include>SubMenuButton</include>
                    <label>584</label>
                    <altlabel>585</altlabel>
                </control>
				<control type="button" id="5">
					<description>addon-updates</description>
					<include>SubMenuButton</include>
					<label>24063</label>
				</control>
				<control type="radiobutton" id="6">
					<description>No notifications</description>
					<include>SubMenuButton</include>
					<label>25000</label>
				</control>
				<control type="radiobutton" id="7">
					<description>Hide foreign</description>
					<include>SubMenuButton</include>
					<label>25001</label>
				</control>
				<control type="radiobutton" id="8">
					<description>Hide broken</description>
					<include>SubMenuButton</include>
					<label>24999</label>
				</control>
                <control type="button" id="2">
					<description>View As button</description>
					<include>SubMenuButton</include>
					<label>-</label>
				</control>
				<include>SideBladeViewCommands</include>
            </control>
        </control>
    </controls>
</window>