<?xml version="1.0" encoding="utf-8"?>
<!--Titan-->
<includes>
    <default type="label">
        <posx>0</posx>
        <posy>0</posy>
        <label>-</label>
        <height>60</height>
        <align>left</align>
        <aligny>center</aligny>
        <font>Light28</font>
        <textcolor>$INFO[Skin.String(GeneralTextColor)]</textcolor>
        <focusedcolor>$INFO[Skin.String(GeneralTextColor)]</focusedcolor>
        <selectedcolor>$INFO[Skin.String(GeneralTextColor)]</selectedcolor>
        <disabledcolor>midgrey</disabledcolor>
        <scroll>false</scroll>
        <scrollspeed>30</scrollspeed>
    </default>
    <default type="fadelabel">
        <posx>0</posx>
        <posy>0</posy>
        <label>-</label>
        <height>60</height>
        <align>left</align>
        <aligny>center</aligny>
        <font>Light28</font>
        <textcolor>$INFO[Skin.String(GeneralTextColor)]</textcolor>
        <focusedcolor>$INFO[Skin.String(GeneralTextColor)]</focusedcolor>
        <selectedcolor>$INFO[Skin.String(GeneralTextColor)]</selectedcolor>
        <disabledcolor>midgrey</disabledcolor>
        <scrollspeed>30</scrollspeed>
        <pauseatend>2000</pauseatend>
        <scrollout>false</scrollout>
    </default>
    <default type="image">
        <posx>0</posx>
        <posy>0</posy>
        <width>-</width>
        <height>-</height>
        <align>center</align>
        <aligny>center</aligny>
        <texture>-</texture>
        <aspectratio>stretch</aspectratio>
    </default>
    <default type="button">
        <posx>0</posx>
        <posy>0</posy>
        <width>600</width>
        <height>60</height>
        <align>center</align>
        <aligny>center</aligny>
        <font>Light28</font>
        <label></label>
        <textcolor fallback="white">$INFO[Skin.String(ButtonTextColor)]</textcolor>
        <focusedcolor>$INFO[Skin.String(ButtonFocusTextColor)]</focusedcolor>
        <disabledcolor>lightgrey</disabledcolor>
        <pulseonselect>false</pulseonselect>
        <texturefocus colordiffuse="$INFO[Skin.String(ButtonFocusColor)]" border="5">diffuse/panel.png</texturefocus>
        <texturenofocus colordiffuse="$INFO[Skin.String(ButtonColor)]" border="5">diffuse/panel_trans.png</texturenofocus>
        <textoffsetx>50</textoffsetx>
    </default>
	
	<default type="edit">
        <posx>0</posx>
        <posy>0</posy>
        <width>600</width>
        <height>60</height>
        <align>center</align>
        <aligny>center</aligny>
        <font>Light28</font>
        <label>-</label>
        <textcolor>$INFO[Skin.String(ButtonTextColor)]</textcolor>
        <focusedcolor>$INFO[Skin.String(ButtonFocusTextColor)]</focusedcolor>
        <disabledcolor>lightgrey</disabledcolor>
        <pulseonselect>false</pulseonselect>
		<texturenofocus colordiffuse="$INFO[Skin.String(ButtonColor)]" border="5">diffuse/panel_trans.png</texturenofocus>
        <texturefocus colordiffuse="$INFO[Skin.String(ButtonFocusColor)]" border="5">diffuse/panel.png</texturefocus>
        <textoffsetx>50</textoffsetx>
		<textoffsety>8</textoffsety>
    </default>
    <default type="togglebutton">
        <posx>0</posx>
        <posy>0</posy>
        <width>600</width>
        <height>60</height>
        <label>-</label>
        <font>Light28</font>
        <textcolor>$INFO[Skin.String(ButtonTextColor)]</textcolor>
        <focusedcolor>$INFO[Skin.String(ButtonFocusTextColor)]</focusedcolor>
        <disabledcolor>lightgrey</disabledcolor>
        <align>center</align>
        <aligny>center</aligny>
        <pulseonselect>false</pulseonselect>
        <texturefocus colordiffuse="$INFO[Skin.String(ButtonFocusColor)]" border="5">diffuse/panel.png</texturefocus>
        <texturenofocus colordiffuse="$INFO[Skin.String(ButtonColor)]" border="5">diffuse/panel_trans.png</texturenofocus>
        <textoffsetx>50</textoffsetx>
    </default>
    <default type="radiobutton">
        <posx>0</posx>
        <posy>0</posy>
        <width>600</width>
        <height>60</height>
        <radiowidth>120</radiowidth>
        <radioheight>75</radioheight>
        <align>center</align>
        <aligny>center</aligny>
        <font>Light28</font>
        <label>-</label>
        <textcolor>$INFO[Skin.String(ButtonTextColor)]</textcolor>
        <focusedcolor>$INFO[Skin.String(ButtonFocusTextColor)]</focusedcolor>
        <disabledcolor>lightgrey</disabledcolor>
        <textureradiofocus>common/radio/radio-button-fo.png</textureradiofocus>
        <textureradionofocus>common/radio/radio-button-nf.png</textureradionofocus>
        <textoffsetx>50</textoffsetx>
        <radioposx>-</radioposx>
        <pulseonselect>false</pulseonselect>
        <texturefocus colordiffuse="$INFO[Skin.String(ButtonFocusColor)]" border="5">diffuse/panel.png</texturefocus>
        <texturenofocus colordiffuse="$INFO[Skin.String(ButtonColor)]" border="5">diffuse/panel_trans.png</texturenofocus>
    </default>
    <default type="spincontrolex">
        <posx>0</posx>
        <posy>0</posy>
        <width>600</width>
        <height>60</height>
        <label>-</label>
        <font>Light28</font>
        <textureup>common/spinctrl/arrow-up-nf.png</textureup>
        <texturedown>common/spinctrl/arrow-down-nf.png</texturedown>
        <textureupfocus>common/spinctrl/arrow-up-fo.png</textureupfocus>
        <texturedownfocus>common/spinctrl/arrow-down-fo.png</texturedownfocus>
        <spinwidth>40</spinwidth>
        <spinheight>60</spinheight>
        <textcolor>$INFO[Skin.String(ButtonTextColor)]</textcolor>
        <focusedcolor>$INFO[Skin.String(ButtonFocusTextColor)]</focusedcolor>
        <disabledcolor>lightgrey</disabledcolor>
        <textoffsetx>50</textoffsetx>
        <align>center</align>
        <aligny>center</aligny>
        <reverse>no</reverse>
        <pulseonselect>false</pulseonselect>
        <texturefocus colordiffuse="$INFO[Skin.String(ButtonFocusColor)]" border="5">diffuse/panel.png</texturefocus>
        <texturenofocus colordiffuse="$INFO[Skin.String(ButtonColor)]" border="5">diffuse/panel_trans.png</texturenofocus>
    </default>
    <default type="spincontrol">
        <posx>0</posx>
        <posy>0</posy>
        <width>23</width>
        <height>23</height>
        <textureup colordiffuse="$INFO[Skin.String(ButtonTextColor)]">common/spinctrl/arrow-up-nf.png</textureup>
        <texturedown colordiffuse="$INFO[Skin.String(ButtonTextColor)]">common/spinctrl/arrow-down-nf.png</texturedown>
        <textureupfocus colordiffuse="$INFO[Skin.String(ButtonFocusTextColor)]">common/spinctrl/arrow-up-nf.png</textureupfocus>
        <texturedownfocus colordiffuse="$INFO[Skin.String(ButtonFocusTextColor)]">common/spinctrl/arrow-down-nf.png</texturedownfocus>
        <spinwidth>40</spinwidth>
        <spinheight>60</spinheight>
        <font>Light28</font>
        <textcolor>$INFO[Skin.String(ButtonTextColor)]</textcolor>
        <focusedcolor>$INFO[Skin.String(ButtonFocusTextColor)]</focusedcolor>
        <disabledcolor>lightgrey</disabledcolor>
        <textoffsetx>50</textoffsetx>
        <align>center</align>
        <aligny>center</aligny>
        <reverse>no</reverse>
        <pulseonselect>false</pulseonselect>
        <texturefocus colordiffuse="$INFO[Skin.String(ButtonFocusColor)]" border="5">diffuse/panel.png</texturefocus>
        <texturenofocus colordiffuse="$INFO[Skin.String(ButtonColor)]" border="5">diffuse/panel_trans.png</texturenofocus>
    </default>
    <default type="sliderex">
        <posx>0</posx>
        <posy>0</posy>
        <height>60</height>
        <width>450</width>
        <sliderwidth>250</sliderwidth>
        <sliderheight>25</sliderheight>
        <texturefocus colordiffuse="$INFO[Skin.String(ButtonFocusColor)]" border="5">diffuse/panel.png</texturefocus>
        <texturenofocus colordiffuse="$INFO[Skin.String(ButtonColor)]" border="5">diffuse/panel_trans.png</texturenofocus>
        <texturesliderbar>common/slider/slider_back.png</texturesliderbar>
        <textureslidernib border="3">common/slider/slider_button_nofocus.png</textureslidernib>
        <textureslidernibfocus border="3">common/slider/slider_button_focus.png</textureslidernibfocus>
        <aligny>center</aligny>
        <font>Light28</font>
        <textcolor>white</textcolor>
        <focusedcolor>$INFO[Skin.String(ButtonFocusTextColor)]</focusedcolor>
        <disabledcolor>lightgrey</disabledcolor>
        <textoffsetx>50</textoffsetx>
        <textoffsety>0</textoffsety>
        <pulseonselect>false</pulseonselect>
    </default>
    <default type="progress">
        <posx>0</posx>
        <posy>0</posy>
        <width>280</width>
        <height>20</height>
        <info>-</info>
        <texturebg border="5" colordiffuse="$INFO[Skin.String(OSDPanelColor)]">diffuse/panel.png</texturebg>
		<lefttexture>-</lefttexture>
		<midtexture border="5" colordiffuse="$INFO[Skin.String(ViewDetailsFocusColor)]">diffuse/panel.png</midtexture>
        <righttexture>-</righttexture>
        <overlaytexture>-</overlaytexture>
    </default>
    <default type="slider">
        <posx>0</posx>
        <posy>0</posy>
        <width>300</width>
        <height>20</height>
        <texturefocus>-</texturefocus>
        <texturenofocus>-</texturenofocus>
        <texturesliderbar border="5" colordiffuse="$INFO[Skin.String(OSDPanelColor)]">diffuse/panel_trans.png</texturesliderbar>
        <textureslidernib border="5" colordiffuse="$INFO[Skin.String(ButtonColor)]">diffuse/panel.png</textureslidernib>
        <textureslidernibfocus border="5" colordiffuse="$INFO[Skin.String(ButtonFocusColor)]">diffuse/panel.png</textureslidernibfocus>
    </default>
    <default type="scrollbar">
        <width>15</width>
        <texturesliderbackground border="5" colordiffuse="$INFO[Skin.String(ScrollbarBackgroundColor)]">diffuse/panel.png</texturesliderbackground>
		<texturesliderbar colordiffuse="$INFO[Skin.String(ScrollbarUnfocusedColor)]" border="5">diffuse/panel.png</texturesliderbar>
		<texturesliderbarfocus colordiffuse="$INFO[Skin.String(ScrollbarFocusedColor)]" border="2">diffuse/panel.png</texturesliderbarfocus>
		<textureslidernib>-</textureslidernib>
		<textureslidernibfocus>-</textureslidernibfocus>
		<showonepage>false</showonepage>
        <orientation>vertical</orientation>
    </default>
    <default type="textbox">
        <label>-</label>
        <font>Light28</font>
        <textcolor fallback="white">$INFO[Skin.String(GeneralTextColor)]</textcolor>
        <shadowcolor>-</shadowcolor>
        <pagecontrol>61</pagecontrol>
		<align>justify</align>
        <autoscroll delay="8000" time="3000" repeat="10000" />
    </default>
</includes>