<?xml version="1.0" encoding="utf-8"?>
<!--Titan-->
<includes>
    <default type="label">
        <posx>0</posx>
        <posy>0</posy>
        <label>-</label>
        <height>60</height>
        <align>left</align>
        <aligny>center</aligny>
        <font>Light32</font>
        <textcolor>white</textcolor>
        <focusedcolor>white</focusedcolor>
        <selectedcolor>white</selectedcolor>
        <disabledcolor>midgrey</disabledcolor>
        <scroll>false</scroll>
        <scrollspeed>30</scrollspeed>
    </default>
    <default type="fadelabel">
        <posx>0</posx>
        <posy>0</posy>
        <label>-</label>
        <height>60</height>
        <align>left</align>
        <aligny>center</aligny>
        <font>Light32</font>
        <textcolor>white</textcolor>
        <focusedcolor>white</focusedcolor>
        <selectedcolor>white</selectedcolor>
        <disabledcolor>midgrey</disabledcolor>
        <scrollspeed>30</scrollspeed>
        <pauseatend>2000</pauseatend>
        <scrollout>false</scrollout>
    </default>
    <default type="image">
        <posx>0</posx>
        <posy>0</posy>
        <width>-</width>
        <height>-</height>
        <align>center</align>
        <aligny>center</aligny>
        <texture>-</texture>
        <aspectratio>stretch</aspectratio>
    </default>
    <default type="button">
        <posx>0</posx>
        <posy>0</posy>
        <width>600</width>
        <height>60</height>
        <align>center</align>
        <aligny>center</aligny>
        <font>Light32</font>
        <label>-</label>
        <textcolor>white</textcolor>
        <focusedcolor>black</focusedcolor>
        <disabledcolor>lightgrey</disabledcolor>
        <pulseonselect>false</pulseonselect>
        <texturefocus colordiffuse="$INFO[Skin.String(ButtonFocusColor)]">colors/color_white.png</texturefocus>
        <texturenofocus colordiffuse="$INFO[Skin.String(ButtonFocusColor)]">colors/color_90%trans_white.png</texturenofocus>
        <textoffsetx>50</textoffsetx>
    </default>
	
	<default type="edit">
        <posx>0</posx>
        <posy>0</posy>
        <width>600</width>
        <height>60</height>
        <align>center</align>
        <aligny>center</aligny>
        <font>Light32</font>
        <label>-</label>
        <textcolor>white</textcolor>
        <focusedcolor>black</focusedcolor>
        <disabledcolor>lightgrey</disabledcolor>
        <pulseonselect>false</pulseonselect>
        <texturefocus colordiffuse="$INFO[Skin.String(ButtonFocusColor)]">colors/color_white.png</texturefocus>
        <textoffsetx>50</textoffsetx>
		<textoffsety>8</textoffsety>
    </default>
    <default type="togglebutton">
        <posx>0</posx>
        <posy>0</posy>
        <width>600</width>
        <height>60</height>
        <label>-</label>
        <font>Light32</font>
        <textcolor>white</textcolor>
        <focusedcolor>black</focusedcolor>
        <disabledcolor>lightgrey</disabledcolor>
        <align>center</align>
        <aligny>center</aligny>
        <pulseonselect>false</pulseonselect>
        <texturefocus colordiffuse="$INFO[Skin.String(ButtonFocusColor)]">colors/color_white.png</texturefocus>
        <texturenofocus colordiffuse="$INFO[Skin.String(ButtonFocusColor)]">colors/color_90%trans_white.png</texturenofocus>
        <textoffsetx>50</textoffsetx>
    </default>
    <default type="radiobutton">
        <posx>0</posx>
        <posy>0</posy>
        <width>600</width>
        <height>60</height>
        <radiowidth>120</radiowidth>
        <radioheight>70</radioheight>
        <align>center</align>
        <aligny>center</aligny>
        <font>Light32</font>
        <label>-</label>
        <textcolor>white</textcolor>
        <focusedcolor>black</focusedcolor>
        <disabledcolor>darkgrey</disabledcolor>
        <textureradiofocus colordiffuse="$INFO[Skin.String(ButtonFocusColor)]" flipx="true">common/radio/radio-button-nf.png</textureradiofocus>
        <textureradionofocus>common/radio/radio-button-nf.png</textureradionofocus>
        <textoffsetx>50</textoffsetx>
        <radioposx>-</radioposx>
        <pulseonselect>false</pulseonselect>
        <texturefocus colordiffuse="$INFO[Skin.String(ButtonFocusColor)]">colors/color_white.png</texturefocus>
        <texturenofocus colordiffuse="$INFO[Skin.String(ButtonFocusColor)]">colors/color_90%trans_white.png</texturenofocus>
    </default>
    <default type="spincontrolex">
        <posx>0</posx>
        <posy>0</posy>
        <width>600</width>
        <height>60</height>
        <label>-</label>
        <font>Light32</font>
        <textureup>common/spinctrl/arrow-up-nf.png</textureup>
        <texturedown>common/spinctrl/arrow-down-nf.png</texturedown>
        <textureupfocus colordiffuse="$INFO[Skin.String(ButtonFocusColor)]">common/spinctrl/arrow-up-nf.png</textureupfocus>
        <texturedownfocus colordiffuse="$INFO[Skin.String(ButtonFocusColor)]">common/spinctrl/arrow-down-nf.png</texturedownfocus>
        <spinwidth>43</spinwidth>
        <spinheight>60</spinheight>
        <textcolor>white</textcolor>
        <focusedcolor>black</focusedcolor>
        <disabledcolor>darkgrey</disabledcolor>
        <textoffsetx>50</textoffsetx>
        <align>center</align>
        <aligny>center</aligny>
        <reverse>no</reverse>
        <pulseonselect>false</pulseonselect>
        <texturefocus colordiffuse="$INFO[Skin.String(ButtonFocusColor)]">colors/color_white.png</texturefocus>
        <texturenofocus colordiffuse="$INFO[Skin.String(ButtonFocusColor)]">colors/color_90%trans_white.png</texturenofocus>
    </default>
    <default type="spincontrol">
        <posx>0</posx>
        <posy>0</posy>
        <width>23</width>
        <height>23</height>
        <textureup>common/spinctrl/arrow-up-nf.png</textureup>
        <texturedown>common/spinctrl/arrow-down-nf.png</texturedown>
        <textureupfocus colordiffuse="$INFO[Skin.String(ButtonFocusColor)]">common/spinctrl/arrow-up-nf.png</textureupfocus>
        <texturedownfocus colordiffuse="$INFO[Skin.String(ButtonFocusColor)]">common/spinctrl/arrow-down-nf.png</texturedownfocus>
        <spinwidth>39</spinwidth>
        <spinheight>39</spinheight>
        <font>Light32</font>
        <textcolor>white</textcolor>
        <focusedcolor>black</focusedcolor>
        <disabledcolor>darkgrey</disabledcolor>
        <textoffsetx>50</textoffsetx>
        <align>center</align>
        <aligny>center</aligny>
        <reverse>no</reverse>
        <pulseonselect>false</pulseonselect>
        <texturefocus colordiffuse="$INFO[Skin.String(ButtonFocusColor)]">colors/color_white.png</texturefocus>
        <texturenofocus colordiffuse="$INFO[Skin.String(ButtonFocusColor)]">colors/color_90%trans_white.png</texturenofocus>
    </default>
    <default type="sliderex">
        <posx>0</posx>
        <posy>0</posy>
        <height>60</height>
        <width>450</width>
        <sliderwidth>250</sliderwidth>
        <sliderheight>25</sliderheight>
        <texturefocus colordiffuse="$INFO[Skin.String(ButtonFocusColor)]">colors/color_white.png</texturefocus>
        <texturenofocus colordiffuse="$INFO[Skin.String(ButtonFocusColor)]">colors/color_90%trans_white.png</texturenofocus>
        <texturesliderbar>osd/osd_slider_back.png</texturesliderbar>
        <textureslidernib border="3">osd/osd_slider_button_nofocus.png</textureslidernib>
        <textureslidernibfocus border="3">osd/osd_slider_button_focus.png</textureslidernibfocus>
        <aligny>center</aligny>
        <font>Light32</font>
        <textcolor>white</textcolor>
        <focusedcolor>black</focusedcolor>
        <disabledcolor>darkgrey</disabledcolor>
        <textoffsetx>50</textoffsetx>
        <textoffsety>0</textoffsety>
        <pulseonselect>false</pulseonselect>
    </default>
    <default type="progress">
        <posx>0</posx>
        <posy>0</posy>
        <width>280</width>
        <height>15</height>
        <info>-</info>
        <texturebg border="6">osd/ProgressBack.png</texturebg>
        <lefttexture>-</lefttexture>
        <midtexture border="6">osd/ProgressMid.png</midtexture>
        <righttexture>-</righttexture>
        <overlaytexture>-</overlaytexture>
    </default>
    <default type="slider">
        <posx>0</posx>
        <posy>0</posy>
        <width>300</width>
        <height>15</height>
        <texturefocus>-</texturefocus>
        <texturenofocus>-</texturenofocus>
        <texturesliderbar>osd/ProgressBack.png</texturesliderbar>
        <textureslidernib aligny="bottom" border="0" colordiffuse="$INFO[Skin.String(ButtonFocusColor)]">osd_slider_button_new.png</textureslidernib>
        <textureslidernibfocus aligny="bottom" border="0">osd_slider_button_new.png</textureslidernibfocus>
    </default>
    <default type="scrollbar">
        <width>25</width>
        <texturesliderbackground border="6" colordiffuse="grey">scrollbar/texturesliderbar2.png</texturesliderbackground>
		<texturesliderbar colordiffuse="darkblue">colors/color_white.png</texturesliderbar>
		<texturesliderbarfocus colordiffuse="$INFO[Skin.String(ButtonFocusColor)]">colors/color_white.png</texturesliderbarfocus>
		<textureslidernib>-</textureslidernib>
		<textureslidernibfocus>-</textureslidernibfocus>
		<showonepage>false</showonepage>
        <orientation>vertical</orientation>
    </default>
    <default type="textbox">
        <label>-</label>
        <font>Light32</font>
        <textcolor>white</textcolor>
        <shadowcolor>-</shadowcolor>
        <pagecontrol>61</pagecontrol>
        <autoscroll delay="8000" time="3000" repeat="10000" />
    </default>
</includes>