<?xml version="1.0" encoding="utf-8"?>
<!--Titan-->
<window id="104">
    <defaultcontrol always="true">-</defaultcontrol>
    <allowoverlay>yes</allowoverlay>
    <controls>
        <control type="group">
		
            <include>animation_window_open_close</include>
			
			
			<control type="image">
				<posx>800</posx>
				<posy>410</posy>
				<width>320</width>
				<height>300</height>
				<texture>colors/color_white.png</texture>
				<colordiffuse>$VAR[panel_color]</colordiffuse>
				<animation effect="fade" reversible="false" end="60" time="0" condition="true">Conditional</animation>
			</control>
			
			<control type="image">
				<posx>810</posx>
				<posy>420</posy>
				<width>300</width>
				<height>280</height>
				<texture>colors/color_white.png</texture>
				<colordiffuse>$VAR[panel_color]</colordiffuse>
				<animation effect="fade" reversible="false" end="60" time="0" condition="true">Conditional</animation>
			</control>
			
			<control type="image">
                <visible>player.passthrough</visible>
                <posx>770</posx>
                <posy>380</posy>
                <width>380</width>
                <height>380</height>
                <texture colordiffuse="$INFO[Skin.String(ButtonFocusColor)]">dialogs/volume/passthrough.png</texture>
            </control>
			
			
			<control type="image">
                <visible>substring(Player.Volume,-60.0) + !player.passthrough</visible>
                <posx>770</posx>
                <posy>380</posy>
                <width>380</width>
                <height>380</height>
                <texture colordiffuse="EEFF0000">dialogs/volume/mute.png</texture>
            </control>
			
            <control type="group">
                <visible>!substring(Player.Volume,-60.0) + !player.passthrough</visible>
                <control type="image">
                    <posx>770</posx>
                    <posy>380</posy>
                    <width>380</width>
                    <height>380</height>
                    <texture>dialogs/volume/volume.png</texture>
                </control>
				
				<control type="image">
                    <posx>770</posx>
                    <posy>380</posy>
                    <width>380</width>
                    <height>380</height>
                    <texture colordiffuse="$INFO[Skin.String(ButtonFocusColor)]">dialogs/volume/segments/p1.png</texture>
					<visible>IntegerGreaterThan(player.volume,0)</visible>
                </control>
				
				<control type="image">
                    <posx>770</posx>
                    <posy>380</posy>
                    <width>380</width>
                    <height>380</height>
                    <texture colordiffuse="$INFO[Skin.String(ButtonFocusColor)]">dialogs/volume/segments/p2.png</texture>
					<visible>IntegerGreaterThan(player.volume,3)</visible>
                </control>
				
				<control type="image">
                    <posx>770</posx>
                    <posy>380</posy>
                    <width>380</width>
                    <height>380</height>
                    <texture colordiffuse="$INFO[Skin.String(ButtonFocusColor)]">dialogs/volume/segments/p3.png</texture>
					<visible>IntegerGreaterThan(player.volume,6)</visible>
                </control>
				
				<control type="image">
                    <posx>770</posx>
                    <posy>380</posy>
                    <width>380</width>
                    <height>380</height>
                    <texture colordiffuse="$INFO[Skin.String(ButtonFocusColor)]">dialogs/volume/segments/p4.png</texture>
					<visible>IntegerGreaterThan(player.volume,9)</visible>
                </control>
				
				<control type="image">
                    <posx>770</posx>
                    <posy>380</posy>
                    <width>380</width>
                    <height>380</height>
                    <texture colordiffuse="$INFO[Skin.String(ButtonFocusColor)]">dialogs/volume/segments/p5.png</texture>
					<visible>IntegerGreaterThan(player.volume,12)</visible>
                </control>
				
				<control type="image">
                    <posx>770</posx>
                    <posy>380</posy>
                    <width>380</width>
                    <height>380</height>
                    <texture colordiffuse="$INFO[Skin.String(ButtonFocusColor)]">dialogs/volume/segments/p6.png</texture>
					<visible>IntegerGreaterThan(player.volume,16)</visible>
                </control>
				
				<control type="image">
                    <posx>770</posx>
                    <posy>380</posy>
                    <width>380</width>
                    <height>380</height>
                    <texture colordiffuse="$INFO[Skin.String(ButtonFocusColor)]">dialogs/volume/segments/p7.png</texture>
					<visible>IntegerGreaterThan(player.volume,19)</visible>
                </control>
				
				<control type="image">
                    <posx>770</posx>
                    <posy>380</posy>
                    <width>380</width>
                    <height>380</height>
                    <texture colordiffuse="$INFO[Skin.String(ButtonFocusColor)]">dialogs/volume/segments/p8.png</texture>
					<visible>IntegerGreaterThan(player.volume,22)</visible>
                </control>
				
				<control type="image">
                    <posx>770</posx>
                    <posy>380</posy>
                    <width>380</width>
                    <height>380</height>
                    <texture colordiffuse="$INFO[Skin.String(ButtonFocusColor)]">dialogs/volume/segments/p9.png</texture>
					<visible>IntegerGreaterThan(player.volume,25)</visible>
                </control>
				
				<control type="image">
                    <posx>770</posx>
                    <posy>380</posy>
                    <width>380</width>
                    <height>380</height>
                    <texture colordiffuse="$INFO[Skin.String(ButtonFocusColor)]">dialogs/volume/segments/p10.png</texture>
					<visible>IntegerGreaterThan(player.volume,28)</visible>
                </control>
				
				<control type="image">
                    <posx>770</posx>
                    <posy>380</posy>
                    <width>380</width>
                    <height>380</height>
                    <texture colordiffuse="$INFO[Skin.String(ButtonFocusColor)]">dialogs/volume/segments/p11.png</texture>
					<visible>IntegerGreaterThan(player.volume,32)</visible>
                </control>
				
				<control type="image">
                    <posx>770</posx>
                    <posy>380</posy>
                    <width>380</width>
                    <height>380</height>
                    <texture colordiffuse="$INFO[Skin.String(ButtonFocusColor)]">dialogs/volume/segments/p12.png</texture>
					<visible>IntegerGreaterThan(player.volume,35)</visible>
                </control>
				
				<control type="image">
                    <posx>770</posx>
                    <posy>380</posy>
                    <width>380</width>
                    <height>380</height>
                    <texture colordiffuse="$INFO[Skin.String(ButtonFocusColor)]">dialogs/volume/segments/p13.png</texture>
					<visible>IntegerGreaterThan(player.volume,38)</visible>
                </control>
				
				<control type="image">
                    <posx>770</posx>
                    <posy>380</posy>
                    <width>380</width>
                    <height>380</height>
                    <texture colordiffuse="$INFO[Skin.String(ButtonFocusColor)]">dialogs/volume/segments/p14.png</texture>
					<visible>IntegerGreaterThan(player.volume,41)</visible>
                </control>
				
				<control type="image">
                    <posx>770</posx>
                    <posy>380</posy>
                    <width>380</width>
                    <height>380</height>
                    <texture colordiffuse="$INFO[Skin.String(ButtonFocusColor)]">dialogs/volume/segments/p15.png</texture>
					<visible>IntegerGreaterThan(player.volume,44)</visible>
                </control>
				
				<control type="image">
                    <posx>770</posx>
                    <posy>380</posy>
                    <width>380</width>
                    <height>380</height>
                    <texture colordiffuse="$INFO[Skin.String(ButtonFocusColor)]">dialogs/volume/segments/p16.png</texture>
					<visible>IntegerGreaterThan(player.volume,48)</visible>
                </control>
				
				<control type="image">
                    <posx>770</posx>
                    <posy>380</posy>
                    <width>380</width>
                    <height>380</height>
                    <texture colordiffuse="$INFO[Skin.String(ButtonFocusColor)]">dialogs/volume/segments/p17.png</texture>
					<visible>IntegerGreaterThan(player.volume,51)</visible>
                </control>
				
				<control type="image">
                    <posx>770</posx>
                    <posy>380</posy>
                    <width>380</width>
                    <height>380</height>
                    <texture colordiffuse="$INFO[Skin.String(ButtonFocusColor)]">dialogs/volume/segments/p18.png</texture>
					<visible>IntegerGreaterThan(player.volume,54)</visible>
                </control>
				
				<control type="image">
                    <posx>770</posx>
                    <posy>380</posy>
                    <width>380</width>
                    <height>380</height>
                    <texture colordiffuse="$INFO[Skin.String(ButtonFocusColor)]">dialogs/volume/segments/p19.png</texture>
					<visible>IntegerGreaterThan(player.volume,57)</visible>
                </control>
				
				<control type="image">
                    <posx>770</posx>
                    <posy>380</posy>
                    <width>380</width>
                    <height>380</height>
                    <texture colordiffuse="$INFO[Skin.String(ButtonFocusColor)]">dialogs/volume/segments/p20.png</texture>
					<visible>IntegerGreaterThan(player.volume,60)</visible>
                </control>
				
				<control type="image">
                    <posx>770</posx>
                    <posy>380</posy>
                    <width>380</width>
                    <height>380</height>
                    <texture colordiffuse="$INFO[Skin.String(ButtonFocusColor)]">dialogs/volume/segments/p21.png</texture>
					<visible>IntegerGreaterThan(player.volume,64)</visible>
                </control>
				
				<control type="image">
                    <posx>770</posx>
                    <posy>380</posy>
                    <width>380</width>
                    <height>380</height>
                    <texture colordiffuse="$INFO[Skin.String(ButtonFocusColor)]">dialogs/volume/segments/p22.png</texture>
					<visible>IntegerGreaterThan(player.volume,67)</visible>
                </control>
				
				<control type="image">
                    <posx>770</posx>
                    <posy>380</posy>
                    <width>380</width>
                    <height>380</height>
                    <texture colordiffuse="$INFO[Skin.String(ButtonFocusColor)]">dialogs/volume/segments/p23.png</texture>
					<visible>IntegerGreaterThan(player.volume,70)</visible>
                </control>
				
				<control type="image">
                    <posx>770</posx>
                    <posy>380</posy>
                    <width>380</width>
                    <height>380</height>
                    <texture colordiffuse="$INFO[Skin.String(ButtonFocusColor)]">dialogs/volume/segments/p24.png</texture>
					<visible>IntegerGreaterThan(player.volume,73)</visible>
                </control>
				
				<control type="image">
                    <posx>770</posx>
                    <posy>380</posy>
                    <width>380</width>
                    <height>380</height>
                    <texture colordiffuse="$INFO[Skin.String(ButtonFocusColor)]">dialogs/volume/segments/p25.png</texture>
					<visible>IntegerGreaterThan(player.volume,76)</visible>
                </control>
				
				<control type="image">
                    <posx>770</posx>
                    <posy>380</posy>
                    <width>380</width>
                    <height>380</height>
                    <texture colordiffuse="$INFO[Skin.String(ButtonFocusColor)]">dialogs/volume/segments/p26.png</texture>
					<visible>IntegerGreaterThan(player.volume,80)</visible>
                </control>
				
				<control type="image">
                    <posx>770</posx>
                    <posy>380</posy>
                    <width>380</width>
                    <height>380</height>
                    <texture colordiffuse="$INFO[Skin.String(ButtonFocusColor)]">dialogs/volume/segments/p27.png</texture>
					<visible>IntegerGreaterThan(player.volume,83)</visible>
                </control>
				
				<control type="image">
                    <posx>770</posx>
                    <posy>380</posy>
                    <width>380</width>
                    <height>380</height>
                    <texture colordiffuse="$INFO[Skin.String(ButtonFocusColor)]">dialogs/volume/segments/p28.png</texture>
					<visible>IntegerGreaterThan(player.volume,86)</visible>
                </control>
				
				<control type="image">
                    <posx>770</posx>
                    <posy>380</posy>
                    <width>380</width>
                    <height>380</height>
                    <texture colordiffuse="$INFO[Skin.String(ButtonFocusColor)]">dialogs/volume/segments/p29.png</texture>
					<visible>IntegerGreaterThan(player.volume,89)</visible>
                </control>
				
				<control type="image">
                    <posx>770</posx>
                    <posy>380</posy>
                    <width>380</width>
                    <height>380</height>
                    <texture colordiffuse="$INFO[Skin.String(ButtonFocusColor)]">dialogs/volume/segments/p30.png</texture>
					<visible>IntegerGreaterThan(player.volume,92)</visible>
                </control>
				
				<control type="image">
                    <posx>770</posx>
                    <posy>380</posy>
                    <width>380</width>
                    <height>380</height>
                    <texture colordiffuse="$INFO[Skin.String(ButtonFocusColor)]">dialogs/volume/segments/p31.png</texture>
					<visible>IntegerGreaterThan(player.volume,96)</visible>
                </control>
				
				<control type="image">
                    <posx>770</posx>
                    <posy>380</posy>
                    <width>380</width>
                    <height>380</height>
                    <texture colordiffuse="$INFO[Skin.String(ButtonFocusColor)]">dialogs/volume/segments/p32.png</texture>
					<visible>IntegerGreaterThan(player.volume,99)</visible>
                </control>
				
            </control>
        </control>
    </controls>
</window>