<?xml version="1.0" encoding="utf-8"?>
<!--Titan-->
<window>
    <defaultcontrol always="true">300</defaultcontrol>
    <controls>
        <!--Dialog Overlay-->
		<control type="group">
			<visible>!Window.IsActive(MyVideoNav.xml)</visible>
			<include>DialogOverlayExtra</include>
			<animation effect="fade" time="250" start="0" end="100" reversible="false">WindowOpen</animation>
        </control>
		<include condition="Skin.HasSetting(EnableTouchSupport)">Footer</include>
		
        <!--Keybord-->
		<control type="group">
			<animation effect="slide" start="0,800" end="0,0" tween="cubic" easing="out" delay="0" time="250" reversible="false">WindowOpen</animation>
			<animation effect="slide" start="0,0" end="0,800" tween="cubic" easing="out" delay="0" time="250" reversible="false">WindowClose</animation>
			
			<animation effect="slide" end="0,97" time="0" condition="!Skin.HasSetting(EnableTouchSupport)">Conditional</animation>
			
			<control type="group">
			    <posx>0</posx>
			    <posy>430</posy>
				<visible>!Window.IsVisible(numericinput)</visible>
           
				<control type="image">
					<posx>0</posx>
					<posy>-150</posy>
					<width>100%</width>
					<height>800</height>
					<texture border="5">diffuse/panel.png</texture>
					<animation effect="fade" end="70" time="0" condition="true">Conditional</animation>
					<colordiffuse>$INFO[Skin.String(GeneralPanelsColor)]</colordiffuse>
					<aspectratio>stretch</aspectratio>
				</control>
				<control type="image">
					<posx>0</posx>
					<posy>-140</posy>
					<width>100%</width>
					<height>790</height>
					<texture border="5">diffuse/panel.png</texture>
					<animation effect="fade" end="50" time="0" condition="true">Conditional</animation>
					<colordiffuse>$INFO[Skin.String(GeneralPanelsColor)]</colordiffuse>
					<aspectratio>stretch</aspectratio>
				</control>
				<control type="label" id="311">
					<posx>0</posx>
					<posy>-100</posy>
					<width>100%</width>
					<height>22</height>
					<align>center</align>
					<font>Bold38</font>
					<textcolor>$INFO[Skin.String(GeneralTextColor)]</textcolor>
				</control>
				<control type="edit" id="312">
					<posx>0</posx>
					<posy>-60</posy>
					<width>100%</width>
					<align>center</align>
					<textoffsetx>0</textoffsetx>
					<texturenofocus>-</texturenofocus>
					<include>EditTextKeyboard</include>
				</control>
				
				<control type="group">
					<posx>200</posx>
					<posy>20</posy>
					<control type="grouplist" id="541">
						<itemgap>-9</itemgap>
						<orientation>horizontal</orientation>
						<control type="radiobutton" id="304">
							<description>Symbols button</description>
							<label>$LOCALIZE[20180]</label>
							<onup>546</onup>
							<ondown>542</ondown>
							<include>BigKey</include>
							<radioposx>15</radioposx>
							<radioposy>15</radioposy>
							<radiowidth>28</radiowidth>
							<radioheight>28</radioheight>
							<textureradioonfocus>dialogs/keyboard/radio-on.png</textureradioonfocus>
							<textureradiooffnofocus>dialogs/keyboard/radio-off.png</textureradiooffnofocus>
							<textureradioofffocus>dialogs/keyboard/radio-off.png</textureradioofffocus>
							<textureradioonnofocus>dialogs/keyboard/radio-on.png</textureradioonnofocus>
						</control>
						<control type="button" id="100">
							<description>(0,0) key button</description>
							<onup>32</onup>
							<ondown>120</ondown>
							<include>SmallKey</include>
						</control>
						<control type="button" id="101">
							<description>(0,1) key button</description>
							<onup>32</onup>
							<ondown>121</ondown>
							<include>SmallKey</include>
						</control>
						<control type="button" id="102">
							<description>(0,2) key button</description>
							<onup>32</onup>
							<ondown>122</ondown>
							<include>SmallKey</include>
						</control>
						<control type="button" id="103">
							<description>(0,3) key button</description>
							<onup>32</onup>
							<ondown>123</ondown>
							<include>SmallKey</include>
						</control>
						<control type="button" id="104">
							<description>(0,4) key button</description>
							<onup>8</onup>
							<ondown>124</ondown>
							<include>SmallKey</include>
						</control>
						<control type="button" id="105">
							<description>(0,5) key button</description>
							<onup>8</onup>
							<ondown>125</ondown>
							<include>SmallKey</include>
						</control>
						<control type="button" id="106">
							<description>(0,6) key button</description>
							<onup>8</onup>
							<ondown>126</ondown>
							<include>SmallKey</include>
						</control>
						<control type="button" id="107">
							<description>(0,7) key button</description>
							<onup>8</onup>
							<ondown>127</ondown>
							<include>SmallKey</include>
						</control>
						<control type="button" id="108">
							<description>(0,8) key button</description>
							<onup>305</onup>
							<ondown>128</ondown>
							<include>SmallKey</include>
						</control>
						<control type="button" id="109">
							<description>(0,9) key button</description>
							<onup>305</onup>
							<ondown>129</ondown>
							<include>SmallKey</include>
						</control>
						<control type="button" id="110">
							<description>(0,10) key button</description>
							<onup>306</onup>
							<ondown>130</ondown>
							<include>SmallKey</include>
						</control>
						<control type="button" id="111">
							<description>(0,11) key button</description>
							<onup>306</onup>
							<ondown>131</ondown>
							<include>SmallKey</include>
						</control>
					</control>
						<!-- 2nd row -->
					<control type="grouplist" id="542">
						<orientation>horizontal</orientation>
						<top>100</top>
						<itemgap>-9</itemgap>
						<control type="radiobutton" id="302">
							<description>SHIFT button</description>
							<label>20178</label>
							<onup>304</onup>
							<ondown>303</ondown>
							<include>BigKey</include>
							<radioposx>15</radioposx>
							<radioposy>15</radioposy>
							<radiowidth>28</radiowidth>
							<radioheight>28</radioheight>
							<textureradioonfocus>dialogs/keyboard/radio-on.png</textureradioonfocus>
							<textureradiooffnofocus>dialogs/keyboard/radio-off.png</textureradiooffnofocus>
							<textureradioofffocus>dialogs/keyboard/radio-off.png</textureradioofffocus>
							<textureradioonnofocus>dialogs/keyboard/radio-on.png</textureradioonnofocus>
						</control>
						<control type="button" id="120">
							<description>(1,0) key button</description>
							<onup>100</onup>
							<ondown>140</ondown>
							<include>SmallKey</include>
						</control>
						<control type="button" id="121">
							<description>(1,1) key button</description>
							<onup>101</onup>
							<ondown>141</ondown>
							<include>SmallKey</include>
						</control>
						<control type="button" id="122">
							<description>(1,2) key button</description>
							<onup>102</onup>
							<ondown>142</ondown>
							<include>SmallKey</include>
						</control>
						<control type="button" id="123">
							<description>(1,3) key button</description>
							<onup>103</onup>
							<ondown>143</ondown>
							<include>SmallKey</include>
						</control>
						<control type="button" id="124">
							<description>(1,4) key button</description>
							<onup>104</onup>
							<ondown>144</ondown>
							<include>SmallKey</include>
						</control>
						<control type="button" id="125">
							<description>(1,5) key button</description>
							<onup>105</onup>
							<ondown>145</ondown>
							<include>SmallKey</include>
						</control>
						<control type="button" id="126">
							<description>(1,6) key button</description>
							<onup>106</onup>
							<ondown>146</ondown>
							<include>SmallKey</include>
						</control>
						<control type="button" id="127">
							<description>(1,7) key button</description>
							<onup>107</onup>
							<ondown>147</ondown>
							<include>SmallKey</include>
						</control>
						<control type="button" id="128">
							<description>(1,8) key button</description>
							<onup>108</onup>
							<ondown>148</ondown>
							<include>SmallKey</include>
						</control>
						<control type="button" id="129">
							<description>(1,9) key button</description>
							<onup>109</onup>
							<ondown>149</ondown>
							<include>SmallKey</include>
						</control>
						<control type="button" id="130">
							<description>(1,10) key button</description>
							<onup>110</onup>
							<ondown>150</ondown>
							<include>SmallKey</include>
						</control>
						<control type="button" id="131">
							<description>(1,11) key button</description>
							<onup>111</onup>
							<ondown>151</ondown>
							<include>SmallKey</include>
						</control>
					</control>
						<!-- 3rd row -->
					<control type="grouplist" id="543">
						<top>200</top>
						<orientation>horizontal</orientation>
						<itemgap>-9</itemgap>
						<control type="radiobutton" id="303">
							<description>CAPS LOCK button</description>
							<label>20179</label>
							<onup>302</onup>
							<ondown>307</ondown>
							<include>BigKey</include>
							<radioposx>15</radioposx>
							<radioposy>15</radioposy>
							<radiowidth>28</radiowidth>
							<radioheight>28</radioheight>
							<textureradioonfocus>dialogs/keyboard/radio-on.png</textureradioonfocus>
							<textureradiooffnofocus>dialogs/keyboard/radio-off.png</textureradiooffnofocus>
							<textureradioofffocus>dialogs/keyboard/radio-off.png</textureradioofffocus>
							<textureradioonnofocus>dialogs/keyboard/radio-on.png</textureradioonnofocus>
						</control>
						<control type="button" id="140">
							<description>(2,0) key button</description>
							<onup>120</onup>
							<ondown>160</ondown>
							<include>SmallKey</include>
						</control>
						<control type="button" id="141">
							<description>(2,1) key button</description>
							<onup>121</onup>
							<ondown>161</ondown>
							<include>SmallKey</include>
						</control>
						<control type="button" id="142">
							<description>(2,2) key button</description>
							<onup>122</onup>
							<ondown>162</ondown>
							<include>SmallKey</include>
						</control>
						<control type="button" id="143">
							<description>(2,3) key button</description>
							<onup>123</onup>
							<ondown>163</ondown>
							<include>SmallKey</include>
						</control>
						<control type="button" id="144">
							<description>(2,4) key button</description>
							<onup>124</onup>
							<ondown>164</ondown>
							<include>SmallKey</include>
						</control>
						<control type="button" id="145">
							<description>(2,5) key button</description>
							<onup>125</onup>
							<ondown>165</ondown>
							<include>SmallKey</include>
						</control>
						<control type="button" id="146">
							<description>(2,6) key button</description>
							<onup>126</onup>
							<ondown>166</ondown>
							<include>SmallKey</include>
						</control>
						<control type="button" id="147">
							<description>(2,7) key button</description>
							<onup>127</onup>
							<ondown>167</ondown>
							<include>SmallKey</include>
						</control>
						<control type="button" id="148">
							<description>(2,8) key button</description>
							<onup>128</onup>
							<ondown>168</ondown>
							<include>SmallKey</include>
						</control>
						<control type="button" id="149">
							<description>(2,9) key button</description>
							<onup>129</onup>
							<ondown>169</ondown>
							<include>SmallKey</include>
						</control>
						<control type="button" id="150">
							<description>(2,10) key button</description>
							<onup>130</onup>
							<ondown>170</ondown>
							<include>SmallKey</include>
						</control>
						<control type="button" id="151">
							<description>(2,11) key button</description>
							<onup>131</onup>
							<ondown>171</ondown>
							<include>SmallKey</include>
						</control>
					</control>
						<!-- 4th row -->
					<control type="grouplist" id="544">
						<top>300</top>
						<itemgap>-9</itemgap>
						<orientation>horizontal</orientation>
						<control type="button" id="307">
							<description>IP Input button</description>
							<onup>543</onup>
							<ondown>545</ondown>
							<label>$LOCALIZE[150]</label>
							<include>BigKey</include>
						</control>
						
						<control type="button" id="160">
							<description>(3,0) key button</description>
							<onup>140</onup>
							<ondown>32</ondown>
							<include>SmallKey</include>
						</control>
						<control type="button" id="161">
							<description>(3,1) key button</description>
							<onup>141</onup>
							<ondown>32</ondown>
							<include>SmallKey</include>
						</control>
						<control type="button" id="162">
							<description>(3,2) key button</description>
							<onup>142</onup>
							<ondown>32</ondown>
							<include>SmallKey</include>
						</control>
						<control type="button" id="163">
							<description>(3,3) key button</description>
							<onup>143</onup>
							<ondown>32</ondown>
							<include>SmallKey</include>
						</control>
						<control type="button" id="164">
							<description>(3,4) key button</description>
							<onup>144</onup>
							<ondown>8</ondown>
							<include>SmallKey</include>
						</control>
						<control type="button" id="165">
							<description>(3,5) key button</description>
							<onup>145</onup>
							<ondown>545</ondown>
							<include>SmallKey</include>
						</control>
						<control type="button" id="166">
							<description>(3,6) key button</description>
							<onup>146</onup>
							<ondown>545</ondown>
							<include>SmallKey</include>
						</control>
						<control type="button" id="167">
							<description>(3,7) key button</description>
							<onup>147</onup>
							<ondown>545</ondown>
							<include>SmallKey</include>
						</control>
						<control type="button" id="168">
							<description>(3,8) key button</description>
							<onup>148</onup>
							<ondown>545</ondown>
							<include>SmallKey</include>
						</control>
						<control type="button" id="169">
							<description>(3,9) key button</description>
							<onup>149</onup>
							<ondown>545</ondown>
							<include>SmallKey</include>
						</control>
						<control type="button" id="170">
							<description>(3,10) key button</description>
							<onup>150</onup>
							<ondown>545</ondown>
							<include>SmallKey</include>
						</control>
						<control type="button" id="171">
							<description>(3,11) key button</description>
							<onup>151</onup>
							<ondown>545</ondown>
							<include>SmallKey</include>
						</control>
						<control type="button" id="8">
							<description>BACKSPACE button</description>
							<label>20181</label>
							<onup>543</onup>
							<ondown>306</ondown>
							<width>250</width>
							<include>BackSpace</include>
						</control>
						<control type="button" id="305">
							<description>previous button</description>
							<texturefocus>dialogs/keyboard/mediumkeylarrfocus.png</texturefocus>
							<texturenofocus>dialogs/keyboard/mediumkeylarrnofocus.png</texturenofocus>
							<include>SmallKey</include>
							<onup>151</onup>
							<ondown>545</ondown>
						</control>
						<control type="button" id="306">
							<description>next button</description>
							<texturefocus>dialogs/keyboard/mediumkeyrarrfocus.png</texturefocus>
							<texturenofocus>dialogs/keyboard/mediumkeyrarrnofocus.png</texturenofocus>
							<include>SmallKey</include>
							<onup>151</onup>
							<ondown>545</ondown>
						</control>
					</control>
						<!-- 5th row -->
					<control type="grouplist" id="545">
						<top>400</top>
						<itemgap>-9</itemgap>
						<orientation>horizontal</orientation>
						<control type="button" id="309">
							<description>Layout button</description>
							<label>20177</label>
							<onup>307</onup>
							<ondown>300</ondown>
							<include>BigKey</include>
							
						</control>
						<control type="button" id="32">
							<description>SPACE button</description>
							<label>20182</label>
							<include>SpaceBar</include>
							<onup>161</onup>
							<ondown>300</ondown>
						</control>
						<control type="button" id="300">
							<description>DONE button</description>
							<textoffsetx>0</textoffsetx>
							<label>$LOCALIZE[20177]</label>
							<height>110</height>
							<include>DoubleKeyDone</include>
							<onclick>SetProperty(Clear,1)</onclick>
							<onclick condition="!IsEmpty(Window(Home).Property(actor.search))">RunScript(script.metadata.actors,$INFO[Control.GetLabel(310)])</onclick>
							<onup>8</onup>
							<ondown>541</ondown>
						</control>
						<control type="button" id="301">
							<description>Cancel button</description>
							<onup>8</onup>
							<ondown>541</ondown>
							<textoffsetx>0</textoffsetx>
							<label>$LOCALIZE[222]</label>
							<height>110</height>
							<include>DoubleKeyCancel</include>
						</control>
						
					</control>
				</control>

			</control>
			
		</control>
		
    </controls>
</window>