<?xml version="1.0" encoding="utf-8"?>
<!--Titan-->
<window type="dialog" id="142">
    <defaultcontrol always="true">102</defaultcontrol>
    <controls>
        <!--OSD Panel-->
        <control type="group">
            <visible>!Window.IsActive(filebrowser)</visible>
			<visible>!Window.IsActive(VideoOSDBookmarks.xml)</visible>
			<visible>!Window.IsActive(DialogPVRChannelsOSD.xml)</visible>
			<animation effect="slide" start="0,400" end="0,0" tween="cubic" easing="out" delay="300" time="250" reversible="false" condition="!Window.IsActive(VideoOSD.xml) + !Window.Isactive(DialogSeekBar.xml) + !System.Platform.Linux.RaspberryPi">WindowOpen</animation>
			<animation effect="slide" start="0,0" end="0,400" tween="cubic" easing="out" delay="300" time="250" reversible="false" condition="!Window.IsActive(VideoOSD.xml) + !Window.Isactive(DialogSeekBar.xml) + !System.Platform.Linux.RaspberryPi">WindowClose</animation>
            <include condition="Skin.HasTheme(classic)">OSDPanelClassic</include>
			<include condition="!Skin.HasTheme(classic)">OSDPanelModern</include>
        </control>
       <!--Info Panel-->
        <control type="group">
            <visible>!Window.IsActive(filebrowser)</visible>
			<visible>!Window.IsActive(VideoOSDBookmarks.xml)</visible>
			<visible>!Window.IsActive(DialogPVRChannelsOSD.xml)</visible>
			<animation effect="slide" start="0,-400" end="0,0" tween="cubic" easing="out" delay="300" time="250" reversible="false" condition="!Window.IsActive(VideoOSD.xml) + !Window.Isactive(DialogSeekBar.xml) + !System.Platform.Linux.RaspberryPi">WindowOpen</animation>
			<animation effect="slide" start="0,0" end="0,-400" tween="cubic" easing="out" delay="300" time="250" reversible="false" condition="!Window.IsActive(VideoOSD.xml) + !Window.Isactive(DialogSeekBar.xml) + !System.Platform.Linux.RaspberryPi">WindowClose</animation>
			<include condition="Skin.HasSetting(EnableOSDInfo)">OSDInfoPanel</include>
        </control>
		
    </controls>
</window>