<?xml version="1.0" encoding="utf-8"?>
<!--Titan-->
<window type="dialog" id="142">
    <defaultcontrol always="true">636</defaultcontrol>
	<zorder>2</zorder>
    <controls>
		
		<!-- fake button for player controls while info is open -->
		<control type="button" id="636">
			<left>0</left>
			<top>0</top>
			<onup>Action(ChapterOrBigStepForward)</onup>
			<ondown>Action(ChapterOrBigStepBack)</ondown>
			<onright>Action(StepForward)</onright>
			<onleft>Action(StepBack)</onleft>
			<oninfo>Back</oninfo>
			<onclick>ActivateWindow(videoosd)</onclick>
			<onclick>Action(Info)</onclick>
			<visible allowhiddenfocus="true">false</visible>
		</control>
        <!--OSD Panel-->
        <control type="group">
            <visible>!Window.IsActive(filebrowser)</visible>
			<visible>!Window.IsActive(VideoOSDBookmarks.xml)</visible>
			<visible>!Window.IsActive(DialogPVRChannelsOSD.xml)</visible>
			<visible>!Window.IsActive(virtualkeyboard)</visible>
			<animation effect="slide" start="0,400" end="0,0" tween="cubic" easing="out" delay="300" time="250" reversible="false" condition="!Window.IsActive(VideoOSD.xml) + !Window.Isactive(DialogSeekBar.xml) + !Skin.HasSetting(LowPerformanceMode)">WindowOpen</animation>
			<animation effect="slide" start="0,0" end="0,400" tween="cubic" easing="out" delay="300" time="250" reversible="false" condition="!Window.IsActive(VideoOSD.xml) + !Window.Isactive(DialogSeekBar.xml) + !Skin.HasSetting(LowPerformanceMode)">WindowClose</animation>
            <include condition="Skin.HasTheme(classic)">OSDPanelClassic</include>
			<include condition="!Skin.HasTheme(classic) + !Skin.HasSetting(UseSlimOSDPanel)">OSDPanelModern</include>
			<include condition="!Skin.HasTheme(classic) + Skin.HasSetting(UseSlimOSDPanel)">OSDPanelModernSlim</include>
        </control>
       <!--Info Panel-->
        <control type="group">
            <visible>!Window.IsActive(filebrowser)</visible>
			<visible>!Window.IsActive(VideoOSDBookmarks.xml)</visible>
			<visible>!Window.IsActive(DialogPVRChannelsOSD.xml)</visible>
			<visible>Skin.HasSetting(EnableOSDInfo)</visible>
			<visible>!Window.IsActive(virtualkeyboard)</visible>
			<visible>!Window.IsActive(VideoOSDSettings.xml )</visible>
			<animation effect="slide" start="0,-400" end="0,0" tween="cubic" easing="out" delay="300" time="250" reversible="false" condition="!Window.IsActive(VideoOSD.xml) + !Window.Isactive(DialogSeekBar.xml) + !Skin.HasSetting(LowPerformanceMode)">WindowOpen</animation>
			<animation effect="slide" start="0,0" end="0,-400" tween="cubic" easing="out" delay="300" time="250" reversible="false" condition="!Window.IsActive(VideoOSD.xml) + !Window.Isactive(DialogSeekBar.xml) + !Skin.HasSetting(LowPerformanceMode)">WindowClose</animation>
			<include>OSDInfoPanel</include>
        </control>
			<!--Weather on Video Info and OSD-->
		<control type="group">
            <visible>!Window.IsActive(filebrowser)</visible>
			<visible>!Window.IsActive(VideoOSDBookmarks.xml)</visible>
			<visible>!Window.IsActive(DialogPVRChannelsOSD.xml)</visible>
			<visible>!Window.IsActive(sliderdialog)</visible>
			<visible>!Window.IsActive(virtualkeyboard)</visible>
			<visible>!Window.IsActive(VideoOSDSettings.xml )</visible>
			<animation effect="slide" start="0,-400" end="0,0" tween="cubic" easing="out" delay="300" time="250" reversible="false" condition="!Window.IsActive(VideoOSD.xml) + !Window.Isactive(DialogSeekBar.xml) + !Skin.HasSetting(LowPerformanceMode)">WindowOpen</animation>
			<animation effect="slide" start="0,0" end="0,-400" tween="cubic" easing="out" delay="300" time="250" reversible="false" condition="!Window.IsActive(VideoOSD.xml) + !Window.Isactive(DialogSeekBar.xml) + !Skin.HasSetting(LowPerformanceMode)">WindowClose</animation>
			<include condition="Skin.HasSetting(ShowWeatherVideoInfoOSD) + !Skin.HasSetting(UseSlimOSDPanel) + !Skin.HasTheme(classic)">WeatherInfoOSD</include>
        </control>	
		
    </controls>
</window>