<?xml version="1.0" encoding="utf-8"?>
<!--Titan-->
<window>
    <defaultcontrol always="true">21</defaultcontrol>
    <allowoverlay>no</allowoverlay>
	
    <controls>
        <!--Dialog Overlay-->
        <include>DialogOverlayExtra</include>
		<include condition="Skin.HasSetting(EnableTouchSupport)">Footer</include>
		
        <control type="button" id="21">
            <onfocus>SetFocus(20)</onfocus>
            <animation effect="fade" start="0" end="100" time="0" delay="50">Focus</animation>
            <texturefocus>-</texturefocus>
            <texturenofocus>-</texturenofocus>
        </control>
        <!--Peripheral Manager-->
        <control type="group">
            <include>animation_window_open_close</include>
            <visible>!Window.IsVisible(DialogPeripheralSettings.xml)</visible>
            <control type="image">
				<!--Panel-->
				<posx>445</posx>
				<posy>266</posy>
				<width>1030</width>
				<height>548</height>
				<texture border="5">diffuse/panel.png</texture>
				<animation effect="fade" end="70" time="0" condition="true">Conditional</animation>
				<colordiffuse>$INFO[Skin.String(GeneralPanelsColor)]</colordiffuse>
			</control>
            <control type="image">
                <posx>479</posx>
                <posy>390</posy>
                <width>474</width>
                <height>301</height>
                <texture border="5">dialogs/default/inner.png</texture>
            </control>
            <control type="image">
                <posx>967</posx>
                <posy>390</posy>
                <width>474</width>
                <height>301</height>
                <texture border="5">dialogs/default/inner.png</texture>
            </control>
            <control type="label">
                <description>Heading</description>
                <posx>473</posx>
                <posy>295</posy>
                <width>974</width>
                <font>Light34</font>
                <label>$LOCALIZE[35000]</label>
                <textcolor>ddwhite</textcolor>
                <align>center</align>
            </control>
            <control type="list" id="20">
                <posx>479</posx>
                <posy>390</posy>
                <width>474</width>
                <height>300</height>
                <onleft>8000</onleft>
                <onright>60</onright>
                <onup>20</onup>
                <ondown>20</ondown>
                <scrolltime tween="cubic" easing="out">500</scrolltime>
                <pagecontrol>60</pagecontrol>
                <itemlayout height="60">
                    <control type="image">
                        <posx>0</posx>
                        <posy>1</posy>
                        <width>474</width>
                        <height>60</height>
                        <texture>dialogs/default/separator.png</texture>
                    </control>
                    <control type="label">
                        <posx>20</posx>
                        <posy>0</posy>
                        <width>434</width>
                        <height>60</height>
                        <info>ListItem.Label</info>
                        <align>left</align>
                        <aligny>center</aligny>
                        <scroll>false</scroll>
                        <include>DialogListNF</include>
                    </control>
                </itemlayout>
                <focusedlayout height="60">
                    <control type="group">
                        <visible>!Control.HasFocus(20)</visible>
                        <animation effect="fade" start="0" end="100" time="300" tween="sine" easing="inout" condition="![Container(20).Scrolling | Container(20).OnScrollNext | Container(20).OnScrollPrevious]">Visible</animation>
                        <animation effect="fade" start="100" end="0" time="300" tween="sine" easing="inout" condition="![Container(20).Scrolling | Container(20).OnScrollNext | Container(20).OnScrollPrevious]">Hidden</animation>
                        <control type="image">
                            <posx>0</posx>
                            <posy>1</posy>
                            <width>474</width>
                            <height>60</height>
                            <texture>dialogs/default/separator.png</texture>
                        </control>
                        <control type="label">
                            <posx>20</posx>
                            <posy>0</posy>
                            <width>354</width>
                            <height>60</height>
                            <info>ListItem.Label</info>
                            <align>left</align>
                            <aligny>center</aligny>
                            <scroll>false</scroll>
                            <include>DialogListNF</include>
                        </control>
                        <control type="image">
                            <posx>424</posx>
                            <posy>10</posy>
                            <width>40</width>
                            <height>40</height>
                            <texture>common/checkbox.png</texture>
							<colordiffuse>$INFO[Skin.String(ViewDetailsTextColor)]</colordiffuse>
                        </control>
                    </control>
                    <control type="group">
                        <visible>Control.HasFocus(20)</visible>
                        <animation effect="fade" start="0" end="100" time="300" tween="sine" easing="inout" condition="![Container(20).Scrolling | Container(20).OnScrollNext | Container(20).OnScrollPrevious]">Visible</animation>
                        <animation effect="fade" start="100" end="0" time="300" tween="sine" easing="inout" condition="![Container(20).Scrolling | Container(20).OnScrollNext | Container(20).OnScrollPrevious]">Hidden</animation>
                        <control type="image">
                            <width>474</width>
                            <height>60</height>
                            <texture border="5">diffuse/panel.png</texture><colordiffuse>$INFO[Skin.String(ButtonFocusColor)]</colordiffuse>
                        </control>
                        <control type="label">
                            <posx>20</posx>
                            <posy>0</posy>
                            <width>434</width>
                            <height>60</height>
                            <info>ListItem.Label</info>
                            <align>left</align>
                            <aligny>center</aligny>
                            <include>DialogListFO</include>
                        </control>
                    </control>
                </focusedlayout>
            </control>
            <control type="image" id="62">
                <animation effect="fade" start="100" end="0" time="0" delay="1500">WindowOpen</animation>
            </control>
            <control type="image" id="61">
                <animation effect="fade" start="0" end="100" time="0">Visible</animation>
                <animation effect="fade" start="100" end="0" time="0">Hidden</animation>
                <visible>Control.HasFocus(60) | !Control.IsVisible(62)</visible>
            </control>
            <control type="image" id="61">
                <animation effect="fade" start="0" end="100" time="0">Visible</animation>
                <animation effect="fade" start="100" end="0" time="0" delay="1500">Hidden</animation>
                <visible>!Control.HasFocus(60) + [Container(20).Scrolling | Container(20).OnScrollNext | Container(20).OnScrollPrevious]</visible>
            </control>
            <control type="scrollbar" id="60">
                <posx>939</posx>
                <posy>393</posy>
                <height>294</height>
                <onleft>20</onleft>
                <onright>8000</onright>
                <showonepage>false</showonepage>
                <orientation>vertical</orientation>
                <animation effect="fade" start="75" end="0" time="300" tween="sine" easing="inout" condition="!Control.IsVisible(61)">Conditional</animation>
            </control>
            <control type="group" id="8001">
                <posx>967</posx>
                <posy>390</posy>
                <control type="button">
                    <description>Name</description>
                    <posx>0</posx>
                    <posy>0</posy>
                    <width>474</width>
                    <height>60</height>
                    <textoffsetx>20</textoffsetx>
                    <include>DialogButton</include>
                    <label>$LOCALIZE[35502]</label>
                    <label2>$INFO[Container(20).ListItem.Label]</label2>
                    <align>left</align>
                    <aligny>center</aligny>
                    <texturenofocus>dialogs/default/separator-btn.png</texturenofocus>
                </control>
                <control type="button">
                    <description>Bus / Location</description>
                    <posx>0</posx>
                    <posy>60</posy>
                    <width>474</width>
                    <height>60</height>
                    <textoffsetx>20</textoffsetx>
                    <include>DialogButton</include>
                    <label>$LOCALIZE[35500]</label>
                    <label2>$INFO[Container(20).ListItem.Property(Bus),, • ]$INFO[Container(20).ListItem.Property(Location)]</label2>
                    <align>left</align>
                    <aligny>center</aligny>
                    <texturenofocus>dialogs/default/separator-btn.png</texturenofocus>
                </control>
                <control type="button">
                    <description>Class</description>
                    <posx>0</posx>
                    <posy>120</posy>
                    <width>474</width>
                    <height>60</height>
                    <textoffsetx>20</textoffsetx>
                    <include>DialogButton</include>
                    <label>$LOCALIZE[35501]</label>
                    <label2>$INFO[Container(20).ListItem.Property(Class)]</label2>
                    <align>left</align>
                    <aligny>center</aligny>
                    <texturenofocus>dialogs/default/separator-btn.png</texturenofocus>
                </control>
                <control type="button">
                    <description>Vendor</description>
                    <posx>0</posx>
                    <posy>180</posy>
                    <width>474</width>
                    <height>60</height>
                    <textoffsetx>20</textoffsetx>
                    <include>DialogButton</include>
                    <label>$LOCALIZE[35503]</label>
                    <label2>$INFO[Container(20).ListItem.Property(Vendor)]</label2>
                    <align>left</align>
                    <aligny>center</aligny>
                    <texturenofocus>dialogs/default/separator-btn.png</texturenofocus>
                </control>
                <control type="button">
                    <description>Product</description>
                    <posx>0</posx>
                    <posy>240</posy>
                    <width>474</width>
                    <height>60</height>
                    <textoffsetx>20</textoffsetx>
                    <include>DialogButton</include>
                    <label>$LOCALIZE[35504]</label>
                    <label2>$INFO[Container(20).ListItem.Property(Product)]</label2>
                    <align>left</align>
                    <aligny>center</aligny>
                    <texturenofocus>dialogs/default/separator-btn.png</texturenofocus>
                </control>
            </control>
            <control type="group" id="8000">
                <posx>466</posx>
                <posy>686</posy>
                <control type="button" id="10">
                    <description>Cancel</description>
                    <label>$LOCALIZE[222]</label>
                    <include>DialogButtonCancel</include>
                    <onleft>11</onleft>
                    <onright>11</onright>
                    <onup>20</onup>
                    <ondown>20</ondown>
                    <animation effect="fade" start="100" end="75" time="0" condition="!Control.IsEnabled(10)">Conditional</animation>
                </control>
                <control type="button" id="11">
                    <posx>720</posx>
                    <description>Settings</description>
                    <label>$LOCALIZE[5]</label>
                    <include>DialogButtonOK</include>
                    <onleft>10</onleft>
                    <onright>10</onright>
                    <onup>20</onup>
                    <ondown>20</ondown>
                    <animation effect="fade" start="100" end="75" time="0" condition="!Control.IsEnabled(11)">Conditional</animation>
                </control>
            </control>
        </control>
    </controls>
</window>