<?xml version="1.0" encoding="utf-8"?>
<!--Titan-->
<window type="dialog" id="134">
    <defaultcontrol always="true">450</defaultcontrol>
    <allowoverlay>yes</allowoverlay>
    <controls>
        <control type="group">
            <posx>550</posx>
            <posy>150</posy>
            <include>animation_window_open_close</include>

			<control type="image">
                <!--Panel-->
                <width>600</width>
                <height>600</height>
                <texture border="15">diffuse/bgpanel.png</texture>
				<animation effect="fade" end="70" time="0" condition="true">Conditional</animation>
				<colordiffuse>$INFO[Skin.String(GeneralPanelsColor)]</colordiffuse>
            </control>
			<control type="image">
                <!--Panel-->
                <width>600</width>
                <height>600</height>
				<bordersize>10</bordersize>
                <texture border="15">diffuse/bgpanel.png</texture>
				<animation effect="fade" end="70" time="0" condition="true">Conditional</animation>
				<colordiffuse>$INFO[Skin.String(GeneralPanelsColor)]</colordiffuse>
            </control>
            <control type="label" id="1">
                <description>header label</description>
                <posx>0</posx>
                <posy>50</posy>
                <width>600</width>
                <align>center</align>
                <textcolor>midgrey</textcolor>
                <font>Light40</font>
                <label>1036</label>
            </control>
            <control type="list" id="450">
                <posx>20</posx>
                <posy>150</posy>
                <width>560</width>
                <height>690</height>
                <onleft>450</onleft>
                <onright>450</onright>
                <onup>450</onup>
                <ondown>450</ondown>
                <itemlayout height="60">
                    <control type="image">
                        <posx>0</posx>
                        <posy>0</posy>
                        <height>60</height>
                        <width>600</width>
                        <texture colordiffuse="$INFO[Skin.String(ButtonColor)]" border="5">diffuse/panel_trans.png</texture>
                    </control>
                    <control type="label">
                        <posx>50</posx>
                        <width>600</width>
                        <height>60</height>
                        <textcolor>midgrey</textcolor>
                        <info>ListItem.Label</info>
                    </control>
                    <control type="label">
                        <posx>600</posx>
                        <width>600</width>
                        <height>60</height>
                        <align>right</align>
                        <textcolor>midgrey</textcolor>
                        <info>ListItem.Label2</info>
                    </control>
                </itemlayout>
                <focusedlayout height="60">
                    <control type="image">
                        <posx>0</posx>
                        <posy>0</posy>
                        <height>60</height>
                        <width>600</width>
                        <texture diffuse="diffuse/panel.png" border="5" colordiffuse="$INFO[Skin.String(ButtonFocusColor)]">colors/color_white.png</texture>
                    </control>
                    <control type="label">
                        <posx>50</posx>
                        <width>600</width>
                        <height>60</height>
                        <textcolor>$INFO[Skin.String(GeneralTextColor)]</textcolor>
                        <info>ListItem.Label</info>
                    </control>
                    <control type="label">
                        <posx>600</posx>
                        <width>600</width>
                        <height>60</height>
                        <align>right</align>
                        <textcolor>$INFO[Skin.String(GeneralTextColor)]</textcolor>
                        <info>ListItem.Label2</info>
                    </control>
                </focusedlayout>
            </control>
            <control type="image">
                <description>Large Icon Image</description>
                <posx>705</posx>
                <posy>327</posy>
                <width>300</width>
                <height>450</height>
                <texture>$INFO[Container(450).ListItem.Icon]</texture>
            </control>
        </control>
    </controls>
</window>