<?xml version="1.0" encoding="utf-8"?>
<!--Titan-->
<window>
    <defaultcontrol>5</defaultcontrol>
	
    <controls>
        <!--Dialog Overlay-->
		<include>DialogOverlayExtra</include>
		<include condition="Skin.HasSetting(EnableTouchSupport)">Footer</include>
		
        <!--Peripheral Manager Settings-->
        <control type="group">
           <include>animation_window_open_close</include>
            <control type="group">
                <visible>!Window.IsVisible(virtualkeyboard) + !Window.IsVisible(FileBrowser)</visible>
				
				<control type="image">
					<!--Panel-->
					<posx>445</posx>
                    <posy>266</posy>
                    <width>1030</width>
                    <height>548</height>
					<texture border="15">diffuse/bgpanel.png</texture>
					<animation effect="fade" end="70" time="0" condition="true">Conditional</animation>
					<colordiffuse>$INFO[Skin.String(GeneralPanelsColor)]</colordiffuse>
				</control>
				<control type="image">
					<!--Panel-->
					<posx>445</posx>
                    <posy>266</posy>
                    <width>1030</width>
                    <height>548</height>
					<bordersize>10</bordersize>
					<texture border="15">diffuse/bgpanel.png</texture>
					<animation effect="fade" end="70" time="0" condition="true">Conditional</animation>
					<colordiffuse>$INFO[Skin.String(GeneralPanelsColor)]</colordiffuse>
				</control>
				
                <control type="image">
                    <posx>479</posx>
                    <posy>300</posy>
                    <width>962</width>
                    <height>481</height>
                    <texture border="5">dialogs/default/inner.png</texture>
                </control>
                <control type="label">
                    <description>Heading</description>
                    <posx>473</posx>
                    <posy>205</posy>
                    <width>974</width>
                    <include>DialogHeader</include>
                    <label>$LOCALIZE[5]</label>
                    <align>center</align>
                </control>
                <control type="grouplist" id="5">
                    <description>control area</description>
                    <posx>479</posx>
                    <posy>300</posy>
                    <width>962</width>
                    <height>480</height>
                    <itemgap>0</itemgap>
                    <pagecontrol>60</pagecontrol>
                    <onleft>8000</onleft>
                    <onright>60</onright>
                    <onup>5</onup>
                    <ondown>5</ondown>
                    <scrolltime tween="cubic" easing="out">500</scrolltime>
                </control>
                <control type="image" id="62">
                    <animation effect="fade" start="100" end="0" time="0" delay="1500">WindowOpen</animation>
                </control>
                <control type="image" id="61">
                    <animation effect="fade" start="0" end="100" time="0">Visible</animation>
                    <animation effect="fade" start="100" end="0" time="0">Hidden</animation>
                    <visible>Control.HasFocus(60) | !Control.IsVisible(62)</visible>
                </control>
                <control type="scrollbar" id="60">
                    <posx>1427</posx>
                    <posy>393</posy>
                    <height>294</height>
                    <onleft>5</onleft>
                    <onright>8000</onright>
                    <showonepage>false</showonepage>
                    <orientation>vertical</orientation>
                    <animation effect="fade" start="75" end="0" time="300" tween="sine" easing="inout" condition="!Control.IsVisible(61)">Conditional</animation>
                </control>
                <control type="button" id="7">
                    <description>default</description>
                    <height>60</height>
                    <textoffsetx>20</textoffsetx>
                    <align>left</align>
                    <include>DialogButton</include>
                    <texturefocus colordiffuse="$INFO[Skin.String(ButtonFocusColor)]">colors/color_white.png</texturefocus>
                    <texturenofocus>dialogs/default/separator-btn.png</texturenofocus>
                </control>
                <control type="radiobutton" id="8">
                    <description>radioButton</description>
                    <height>60</height>
                    <align>left</align>
                    <textoffsetx>20</textoffsetx>
                    <radioposx>852</radioposx>
                    <include>DialogButton</include>
                </control>
                <control type="spincontrolex" id="9">
                    <description>Directory Content</description>
                    <include>DialogButton</include>
                    <textoffsetx>20</textoffsetx>
                    <spinposx>5</spinposx>
                </control>
				<control type="sliderex" id="13">
                    <description>Default Slider</description>
                    <posx>0</posx>
                    <posy>0</posy>
                    <height>60</height>
                    <include>DialogButton</include>
                    <textoffsetx>20</textoffsetx>
                    <pulseonselect>false</pulseonselect>
                </control>
                <control type="image" id="11">
                    <description>Separator image</description>
                    <height>0</height>
                    <texture>-</texture>
                </control>
                <control type="group" id="8000">
                    <posx>466</posx>
                    <posy>776</posy>
                    <control type="button" id="28">
                        <description>OK</description>
                        <label>186</label>
                        <include>DialogButtonOK</include>
                        <onleft>50</onleft>
                        <onright>29</onright>
                        <onup>5</onup>
                        <ondown>5</ondown>
                        <animation effect="fade" start="100" end="75" time="0" condition="!Control.IsEnabled(28)">Conditional</animation>
                    </control>
                    <control type="button" id="29">
                        <posx>200</posx>
                        <description>Cancel</description>
                        <label>$LOCALIZE[222]</label>
                        <include>DialogButtonCancel</include>
                        <onleft>28</onleft>
                        <onright>50</onright>
                        <onup>5</onup>
                        <ondown>5</ondown>
                        <animation effect="fade" start="100" end="75" time="0" condition="!Control.IsEnabled(29)">Conditional</animation>
                    </control>
                    <control type="button" id="50">
                        <posx>740</posx>
                        <description>Defaults</description>
                        <label>$LOCALIZE[409]</label>
                        <include>DialogButtonOther</include>
                        <align>left</align>
                        <textoffsetx>100</textoffsetx>
                        <pulseonselect>false</pulseonselect>
                        <width>350</width>
                        <height>100</height>
                        <onleft>29</onleft>
                        <onright>28</onright>
                        <onup>5</onup>
                        <ondown>5</ondown>
                        <animation effect="fade" start="100" end="75" time="0" condition="!Control.IsEnabled(50)">Conditional</animation>
                    </control>
                </control>
            </control>
        </control>
    </controls>
</window>