<?xml version="1.0" encoding="utf-8"?>
<!--Titan-->
<window type="buttonMenu" id="111">
    <defaultcontrol always="true">3110</defaultcontrol>
	<onload>SetProperty(shutdownmenuactive,true,Home)</onload>
	<onunload>ClearProperty(shutdownmenuactive,Home)</onunload>
    <allowoverlay>yes</allowoverlay>
    <controls>
	
	<include>DialogOverlayExtra</include>


	<!-- hidden button to exit dialog in touchscreen mode -->
	<control type="button">
		<posx>0</posx>
		<posy>0</posy>
		<width>1920</width>
		<height>1080</height>
		<align>center</align>
		<aligny>center</aligny>
		<font>Light32</font>
		<label>-</label>
		<textcolor>-</textcolor>
		<focusedcolor>-</focusedcolor>
		<disabledcolor>-</disabledcolor>
		<texturefocus>colors/color_transparent.png</texturefocus>
		<texturenofocus>-</texturenofocus>
		<onclick>back</onclick>
		<visible>Skin.HasSetting(EnableTouchSupport)</visible>
	</control>
	
	
	 <control type="group">
	 <include condition="skin.hastheme(classic)">animation_dialog_button</include>
	 <include condition="!skin.hastheme(classic)">animation_dialog_button_modern</include>
	 
        <!--Panel-->
        <control type="image">
            <posx>-5</posx>
            <posy>-100</posy>
            <width>1930</width>
            <height>260</height>
            <texture>dialogs/button/panel.png</texture>
			<visible>skin.hastheme(classic)</visible>
        </control>
		
		<control type="image">
			<posx>0</posx>
			<posy>-20</posy>
			<width>1920</width>
			<height>150</height>
			<texture>colors/color_white.png</texture>
			<animation effect="fade" end="99" time="0" condition="true">Conditional</animation>
			<colordiffuse>$VAR[panel_color]</colordiffuse>
			<visible>!skin.hastheme(classic)</visible>
		</control>
		
		
        <!--Menu-Label-->
        <control type="group">
            <posx>130</posx>
            <posy>0</posy>
            <control type="label">
                <label>$INFO[Container(3110).ListItem.Label]</label>
                <width>560</width>
                <height>55</height>
                <align>left</align>
                <aligny>center</aligny>
                <font>Reg42</font>
                <textcolor>white</textcolor>
                <animation effect="fade" time="250" delay="250">Visible</animation>
            </control>
        </control>
        <!--Button Grouplist-->
        <control type="list" id="3110">
            <posx>720</posx>
            <posy>0</posy>
            <width>1130</width>
            <height>75</height>
            <align>center</align>
			<onup>Dialog.Close(all,true)</onup>
			<ondown>Dialog.Close(all,true)</ondown>
			<onunfocus>Dialog.Close(all,true)</onunfocus>
			<onup>300</onup>
			<ondown>300</ondown>
			<onback>300</onback>
            <orientation>horizontal</orientation>
            <focusposition>-</focusposition>
            <scrolltime tween="cubic" easing="inout">500</scrolltime>
			<itemlayout width="170" height="64">
				<control type="image">
					<width>64</width>
					<height>64</height>
					<texture>$INFO[ListItem.Icon]</texture>
					<colordiffuse>darkgrey</colordiffuse>
				</control>
			</itemlayout>
			<focusedlayout width="170" height="64">
				<control type="image">
					<width>64</width>
					<height>64</height>
					<texture>$INFO[ListItem.Icon]</texture>
					<colordiffuse>white</colordiffuse>
				</control>
			</focusedlayout>
			<content>
				<include>skinshortcuts-group-powermenu</include>
            </content>
        </control>
	 </control>
    </controls>
</window>