<?xml version="1.0" encoding="utf-8"?>
<!--Titan-->
<window>
    <defaultcontrol always="true">300</defaultcontrol>
    <controls>
        <!--Dialog Overlay-->
		<control type="group">
			<visible>!Window.IsActive(MyVideoNav.xml)</visible>
			<include>DialogOverlayExtra</include>
			<animation effect="fade" time="250" start="0" end="100" reversible="false">WindowOpen</animation>
        </control>
		<include condition="Skin.HasSetting(EnableTouchSupport)">Footer</include>
		
        <!--Keybord-->
		<control type="group">
			<animation effect="slide" start="0,800" end="0,0" tween="cubic" easing="out" delay="0" time="250" reversible="false">WindowOpen</animation>
			<animation effect="slide" start="0,0" end="0,800" tween="cubic" easing="out" delay="0" time="250" reversible="false">WindowClose</animation>
			
			<animation effect="slide" end="0,97" time="0" condition="!Skin.HasSetting(EnableTouchSupport)">Conditional</animation>
			<include condition="!SubString(System.BuildVersion,14,left) + !SubString(System.BuildVersion,15,left)">DialogKeyboardGotham</include>
			<include condition="SubString(System.BuildVersion,14,left) | SubString(System.BuildVersion,15,left)">DialogKeyboardHelix</include>
		</control>
		
    </controls>
</window>