<?xml version="1.0" encoding="utf-8"?>
<!--Titan-->
<window id="106">
    <defaultcontrol always="true">1000</defaultcontrol>
    <allowoverlay>yes</allowoverlay>
    <controls>
		
		<!-- touchscreen support -->
		<!-- hidden button to exit dialog in touchscreen mode -->
		<control type="button">
			<posx>0</posx>
			<posy>0</posy>
			<width>1920</width>
			<height>1080</height>
			<align>center</align>
			<aligny>center</aligny>
			<font>Light32</font>
			<label>-</label>
			<textcolor>-</textcolor>
			<focusedcolor>-</focusedcolor>
			<disabledcolor>-</disabledcolor>
			<texturefocus>colors/color_transparent.png</texturefocus>
			<texturenofocus>-</texturenofocus>
			<onclick>back</onclick>
			<visible>Skin.HasSetting(EnableTouchSupport)</visible>
		</control>
		
		<include condition="skin.hastheme(classic)">DialogContextMenuClassic</include>
        <include condition="!skin.hastheme(classic)">DialogContextMenuModern</include>

		
	</controls>
</window>