<?xml version="1.0" encoding="utf-8"?>
<!--Titan-->
<window id="2000">
    <defaultcontrol always="true">3</defaultcontrol>
    <allowoverlay>yes</allowoverlay>
	
	<zorder>1</zorder>
    <!--Normal "1" over DialogVideoInfo.xml-->
    <controls>
		<include>DialogOverlayExtra</include>
		
        <!--Dialog Select-->
        <control type="group">
            <include>animation_window_open_close</include>
            <visible>!Window.IsVisible(yesnodialog) + !Window.IsVisible(virtualkeyboard) + !Window.IsVisible(numericinput) + ![Window.IsVisible(script-LibraryEditor-genre.xml) + IsEmpty(Window.Property(ShowDialog))] + !Window.IsVisible(script-LibraryEditor-dialogs.xml)</visible>
            
            <control type="group">
                <!--Container 3 Small-->
                <visible>Control.IsVisible(3)</visible>
				<control type="image">
                    <posx>590</posx>
                    <posy>170</posy>
                    <width>700</width>
                    <height>750</height>
                    <texture>colors/color_white.png</texture>
					<animation effect="fade" end="70" time="0" condition="true">Conditional</animation>
					<colordiffuse>$VAR[panel_color]</colordiffuse>
                </control>
				<control type="image">
                    <posx>590</posx>
                    <posy>170</posy>
                    <width>700</width>
                    <height>750</height>
					<bordersize>10</bordersize>
                    <texture>colors/color_white.png</texture>
					<animation effect="fade" end="70" time="0" condition="true">Conditional</animation>
					<colordiffuse>$VAR[panel_color]</colordiffuse>
                </control>
                <control type="image">
                    <posx>638</posx>
                    <posy>300</posy>
                    <width>610</width>
                    <height>481</height>
                    <texture border="5">dialogs/default/inner.png</texture>
                </control>
				<!--Header-->
				<control type="label" id="1">
					<description>Heading</description>
					<left>590</left>
					<posy>180</posy>
					<width>700</width>
					<height>100</height>
					<label></label>
					<include>DialogHeader_Alt</include>
					<align>center</align>
					<wrapmultiline>true</wrapmultiline>
				</control>
            </control>
            <control type="group">
                <!--Container 6 Big-->
                <visible>Control.IsVisible(6)</visible>
                <control type="image">
                    <posx>367</posx>
                    <posy>236</posy>
                    <width>1190</width>
                    <height>690</height>
                    <texture>colors/color_white.png</texture>
					<animation effect="fade" end="70" time="0" condition="true">Conditional</animation>
					<colordiffuse>$VAR[panel_color]</colordiffuse>
                </control>
				<control type="image">
                    <posx>367</posx>
                    <posy>236</posy>
                    <width>1190</width>
                    <height>690</height>
                    <texture>colors/color_white.png</texture>
					<bordersize>10</bordersize>
					<animation effect="fade" end="70" time="0" condition="true">Conditional</animation>
					<colordiffuse>$VAR[panel_color]</colordiffuse>
                </control>
                <control type="image">
                    <posx>421</posx>
                    <posy>300</posy>
                    <width>610</width>
                    <height>481</height>
                    <texture border="5">dialogs/default/inner.png</texture>
                </control>
                <control type="image">
                    <posx>1079</posx>
                    <posy>300</posy>
                    <width>420</width>
                    <height>421</height>
                    <texture border="5">dialogs/default/inner-dark.png</texture>
                </control>
                <control type="image">
                    <posx>1079</posx>
                    <posy>719</posy>
                    <width>420</width>
                    <height>62</height>
                    <texture border="5">dialogs/default/inner.png</texture>
                </control>
                <control type="image">
                    <posx>1089</posx>
                    <posy>310</posy>
                    <width>400</width>
                    <height>400</height>
                    <aspectratio>keep</aspectratio>
                    <texture background="true" fallback="dialogs/select/iconsbig/DefaultAddon.png">$INFO[Container(6).ListItem.Icon]</texture>
                </control>
            </control>
            <!--List-->
            <control type="list" id="3">
                <!--Container 3 Small-->
                <posx>638</posx>
                <posy>300</posy>
                <width>600</width>
                <height>480</height>
                <onleft>8000</onleft>
                <onright>60</onright>
                <onup>3</onup>
                <ondown>8000</ondown>
                <pagecontrol>60</pagecontrol>
                <scrolltime tween="cubic" easing="out">500</scrolltime>
                <itemlayout height="60">
                    <control type="image">
                        <posx>0</posx>
                        <posy>1</posy>
                        <width>610</width>
                        <height>60</height>
                        <texture>dialogs/default/separator.png</texture>
                    </control>
                    <control type="group">
                        <visible>!ListItem.IsSelected</visible>
                        <control type="label">
                            <posx>20</posx>
                            <posy>0</posy>
                            <width>604</width>
                            <height>60</height>
                            <label>$VAR[customLibraryLabel]</label>
                            <align>left</align>
                            <aligny>center</aligny>
                            <include>DialogListNF_Alt</include>
                            <scroll>false</scroll>
                        </control>
                        <control type="label">
                            <posx>624</posx>
                            <posy>0</posy>
                            <width>604</width>
                            <height>60</height>
                            <label>$INFO[ListItem.Label2, ,]</label>
                            <align>right</align>
                            <aligny>center</aligny>
                            <include>DialogListNF_Alt</include>
                            <scroll>false</scroll>
                            <visible>!IsEmpty(ListItem.Label2)</visible>
                        </control>
                    </control>
                    <control type="group">
                        <visible>ListItem.IsSelected</visible>
                        <control type="label">
                            <posx>20</posx>
                            <posy>0</posy>
                            <width>524</width>
                            <height>60</height>
                             <label>$VAR[customLibraryLabel]</label>
                            <align>left</align>
                            <aligny>center</aligny>
                            <include>DialogListNF_Alt</include>
                            <scroll>false</scroll>
                        </control>
                        <control type="label">
                            <posx>624</posx>
                            <posy>0</posy>
                            <width>524</width>
                            <height>60</height>
                            <label>$INFO[ListItem.Label2, ,]</label>
                            <align>right</align>
                            <aligny>center</aligny>
                            <include>DialogListNF_Alt</include>
                            <scroll>false</scroll>
                            <visible>!IsEmpty(ListItem.Label2)</visible>
                        </control>
                        <control type="image">
                            <posx>584</posx>
                            <posy>0</posy>
                            <width>60</width>
                            <height>60</height>
                            <texture>dialogs/select/selected.png</texture>
                            <visible>ListItem.IsSelected</visible>
                        </control>
                    </control>
                </itemlayout>
                <focusedlayout height="60">
                    <control type="group">
                        <visible>!Control.HasFocus(3)</visible>
                        <animation effect="fade" start="0" end="100" time="300" tween="sine" easing="inout" condition="![Container(3).Scrolling | Container(3).OnScrollNext | Container(3).OnScrollPrevious]">Visible</animation>
                        <animation effect="fade" start="100" end="0" time="300" tween="sine" easing="inout" condition="![Container(3).Scrolling | Container(3).OnScrollNext | Container(3).OnScrollPrevious]">Hidden</animation>
                        <control type="image">
                            <posx>0</posx>
                            <posy>1</posy>
                            <width>644</width>
                            <height>60</height>
                            <texture>dialogs/default/separator.png</texture>
                        </control>
                        <control type="group">
                            <visible>!ListItem.IsSelected</visible>
                            <control type="label">
                                <posx>20</posx>
                                <posy>0</posy>
                                <width>604</width>
                                <height>60</height>
                                <label>$VAR[customLibraryLabel]</label>
                                <align>left</align>
                                <aligny>center</aligny>
                                <include>DialogListNF_Alt</include>
                                <scroll>false</scroll>
                            </control>
                            <control type="label">
                                <posx>624</posx>
                                <posy>0</posy>
                                <width>604</width>
                                <height>60</height>
                                <label>$INFO[ListItem.Label2, ,]</label>
                                <align>right</align>
                                <aligny>center</aligny>
                                <include>DialogListNF_Alt</include>
                                <scroll>false</scroll>
                                <visible>!IsEmpty(ListItem.Label2)</visible>
                            </control>
                        </control>
                        <control type="group">
                            <visible>ListItem.IsSelected</visible>
                            <control type="label">
                                <posx>20</posx>
                                <posy>0</posy>
                                <width>524</width>
                                <height>60</height>
                                <label>$VAR[customLibraryLabel]</label>
                                <align>left</align>
                                <aligny>center</aligny>
                                <include>DialogListFO_Alt</include>
                                <scroll>false</scroll>
                            </control>
                            <control type="label">
                                <posx>624</posx>
                                <posy>0</posy>
                                <width>524</width>
                                <height>60</height>
                                <label>$INFO[ListItem.Label2, ,]</label>
                                <align>right</align>
                                <aligny>center</aligny>
                                <include>DialogListFO_Alt</include>
                                <scroll>false</scroll>
                                <visible>!IsEmpty(ListItem.Label2)</visible>
                            </control>
                            <control type="image">
                                <posx>584</posx>
                                <posy>0</posy>
                                <width>60</width>
                                <height>60</height>
                                <texture>dialogs/select/selected.png</texture>
                                <visible>ListItem.IsSelected</visible>
                            </control>
                        </control>
                    </control>
                    <control type="group">
                        <visible>Control.HasFocus(3)</visible>
                        <animation effect="fade" start="0" end="100" time="300" tween="sine" easing="inout" condition="![Container(3).Scrolling | Container(3).OnScrollNext | Container(3).OnScrollPrevious]">Visible</animation>
                        <animation effect="fade" start="100" end="0" time="300" tween="sine" easing="inout" condition="![Container(3).Scrolling | Container(3).OnScrollNext | Container(3).OnScrollPrevious]">Hidden</animation>
                        <control type="image">
                            <width>644</width>
                            <height>60</height>
                            <texture>colors/color_white.png</texture><colordiffuse>$INFO[Skin.String(ButtonFocusColor)]</colordiffuse>
                        </control>
                        <control type="group">
                            <visible>!ListItem.IsSelected</visible>
                            <control type="label">
                                <posx>20</posx>
                                <posy>0</posy>
                                <width>604</width>
                                <height>60</height>
                                 <label>$VAR[customLibraryLabel]</label>
                                <align>left</align>
                                <aligny>center</aligny>
                                <include>DialogListFO_Alt</include>
                            </control>
                            <control type="label">
                                <posx>624</posx>
                                <posy>0</posy>
                                <width>604</width>
                                <height>60</height>
                                <label>$INFO[ListItem.Label2, ,]</label>
                                <align>right</align>
                                <aligny>center</aligny>
                                <include>DialogListFO_Alt</include>
                                <visible>!IsEmpty(ListItem.Label2)</visible>
                            </control>
                        </control>
                        <control type="group">
                            <visible>ListItem.IsSelected</visible>
                            <control type="label">
                                <posx>20</posx>
                                <posy>0</posy>
                                <width>524</width>
                                <height>60</height>
                                 <label>$VAR[customLibraryLabel]</label>
                                <align>left</align>
                                <aligny>center</aligny>
                                <include>DialogListFO_Alt</include>
                            </control>
                            <control type="label">
                                <posx>624</posx>
                                <posy>0</posy>
                                <width>524</width>
                                <height>60</height>
                                <label>$INFO[ListItem.Label2, ,]</label>
                                <align>right</align>
                                <aligny>center</aligny>
                                <include>DialogListFO_Alt</include>
                                <visible>!IsEmpty(ListItem.Label2)</visible>
                            </control>
                            <control type="image">
                                <posx>584</posx>
                                <posy>0</posy>
                                <width>60</width>
                                <height>60</height>
                                <texture>dialogs/select/selected.png</texture>
                                <visible>ListItem.IsSelected</visible>
                            </control>
                        </control>
                    </control>
                </focusedlayout>
            </control>
			
            <control type="list" id="6">
                <!--Container 6 Big-->
                <posx>421</posx>
                <posy>300</posy>
                <width>600</width>
                <height>480</height>
                <onleft>8000</onleft>
                <onright>60</onright>
                <onup>6</onup>
                <ondown>8000</ondown>
                <pagecontrol>60</pagecontrol>
                <scrolltime tween="cubic" easing="out">500</scrolltime>
                <itemlayout height="60">
                    <control type="image">
                        <posx>0</posx>
                        <posy>1</posy>
                        <width>644</width>
                        <height>60</height>
                        <texture>dialogs/default/separator.png</texture>
                    </control>
                    <control type="image">
                        <posx>10</posx>
                        <posy>5</posy>
                        <width>50</width>
                        <height>50</height>
                        <aspectratio>keep</aspectratio>
                        <texture background="true" fallback="dialogs/select/icons/DefaultAddon.png">$INFO[ListItem.Icon]</texture>
                    </control>
                    <control type="label">
                        <posx>80</posx>
                        <posy>0</posy>
                        <width>544</width>
                        <height>60</height>
                        <label>$VAR[customLibraryLabel]</label>
                        <align>left</align>
                        <aligny>center</aligny>
                        <include>DialogListNF_Alt</include>
                        <scroll>false</scroll>
                    </control>
                    <control type="label">
                        <posx>624</posx>
                        <posy>0</posy>
                        <width>544</width>
                        <height>60</height>
                        <info>ListItem.Property(Addon.Version)</info>
                        <align>right</align>
                        <aligny>center</aligny>
                        <include>DialogListNF_Alt</include>
                        <scroll>false</scroll>
                    </control>
                </itemlayout>
                <focusedlayout height="60">
                    <control type="button">
                        <onfocus condition="!IsEmpty(Window(selectdialog).Property(Property))">SetProperty(Label,$INFO[Container(6).ListItem.Label])</onfocus>
                        <onfocus condition="!IsEmpty(Window(selectdialog).Property(Property))">SetProperty(Icon,$INFO[Container(6).ListItem.Icon])</onfocus>
                    </control>
                    <control type="group">
                        <visible>!Control.HasFocus(6)</visible>
                        <animation effect="fade" start="0" end="100" time="300" tween="sine" easing="inout" condition="![Container(6).Scrolling | Container(6).OnScrollNext | Container(6).OnScrollPrevious]">Visible</animation>
                        <animation effect="fade" start="100" end="0" time="300" tween="sine" easing="inout" condition="![Container(6).Scrolling | Container(6).OnScrollNext | Container(6).OnScrollPrevious]">Hidden</animation>
                        <control type="image">
                            <posx>0</posx>
                            <posy>1</posy>
                            <width>644</width>
                            <height>60</height>
                            <texture>dialogs/default/separator.png</texture>
                        </control>
                        <control type="label">
                            <posx>80</posx>
                            <posy>0</posy>
                            <width>544</width>
                            <height>60</height>
                            <info>ListItem.Label</info>
                            <align>left</align>
                            <aligny>center</aligny>
                            <include>DialogListNF_Alt</include>
                            <scroll>false</scroll>
                        </control>
                        <control type="label">
                            <posx>624</posx>
                            <posy>0</posy>
                            <width>544</width>
                            <height>60</height>
                            <info>ListItem.Property(Addon.Version)</info>
                            <align>right</align>
                            <aligny>center</aligny>
                            <include>DialogListNF_Alt</include>
                            <scroll>false</scroll>
                        </control>
                    </control>
                    <control type="group">
                        <visible>Control.HasFocus(6)</visible>
                        <animation effect="fade" start="0" end="100" time="300" tween="sine" easing="inout" condition="![Container(6).Scrolling | Container(6).OnScrollNext | Container(6).OnScrollPrevious]">Visible</animation>
                        <animation effect="fade" start="100" end="0" time="300" tween="sine" easing="inout" condition="![Container(6).Scrolling | Container(6).OnScrollNext | Container(6).OnScrollPrevious]">Hidden</animation>
                        <control type="image">
                            <width>644</width>
                            <height>60</height>
                            <texture>colors/color_white.png</texture><colordiffuse>$INFO[Skin.String(ButtonFocusColor)]</colordiffuse>
                        </control>
                        <control type="label">
                            <posx>80</posx>
                            <posy>0</posy>
                            <width>544</width>
                            <height>60</height>
                            <label>$VAR[customLibraryLabel]</label>
                            <align>left</align>
                            <aligny>center</aligny>
                            <include>DialogListFO_Alt</include>
                        </control>
                        <control type="label">
                            <posx>624</posx>
                            <posy>0</posy>
                            <width>544</width>
                            <height>60</height>
                            <info>ListItem.Property(Addon.Version)</info>
                            <align>right</align>
                            <aligny>center</aligny>
                            <include>DialogListFO_Alt</include>
                            <scroll>false</scroll>
                        </control>
                    </control>
                    <control type="image">
                        <posx>10</posx>
                        <posy>5</posy>
                        <width>50</width>
                        <height>50</height>
                        <aspectratio>keep</aspectratio>
                        <texture background="true" fallback="dialogs/select/icons/DefaultAddon.png">$INFO[ListItem.Icon]</texture>
                    </control>
                </focusedlayout>
            </control>
            		
			
			<!--Buttons-->
            <control type="grouplist" id="8000">
                <posx>638</posx>
                <posy>800</posy>
				<itemgap>20</itemgap>
				<orientation>horizontal</orientation>
				<onup condition="Control.IsVisible(3)">3</onup>
				<ondown condition="Control.IsVisible(3)">3</ondown>
				<onup condition="Control.IsVisible(6)">6</onup>
				<ondown condition="Control.IsVisible(6)">6</ondown>
				<animation effect="slide" end="-225" time="0" condition="Control.IsVisible(6)">Conditional</animation>
                <control type="button" id="5">
                    <description>OK</description>
                    <label>186</label>
                    <align>center</align>
                    <font>Reg26</font>
                    <texturefocus border="20">dialogs/keyboard/donefocus.png</texturefocus>
                    <texturenofocus border="20">dialogs/keyboard/key-nf.png</texturenofocus>
                    <textcolor>black</textcolor>
                    <focusedcolor>eewhite</focusedcolor>
                    <selectedcolor>eewhite</selectedcolor>
                    <width>300</width>
                    <height>80</height>
                    <onup condition="Control.IsVisible(3)">3</onup>
                    <ondown condition="Control.IsVisible(3)">3</ondown>
                    <onup condition="Control.IsVisible(6)">6</onup>
                    <ondown condition="Control.IsVisible(6)">6</ondown>
                </control>
                <control type="button" id="7">
                    <visible>!Window.IsVisible(Custom_MediaDialog.xml)</visible>
                    <posx>370</posx>
                    <description>Close</description>
                    <label>$LOCALIZE[222]</label>
                    <align>center</align>
                    <font>Reg26</font>
                    <texturefocus border="20">dialogs/keyboard/cancelfocus.png</texturefocus>
                    <texturenofocus border="20">dialogs/keyboard/key-nf.png</texturenofocus>
                    <textcolor>black</textcolor>
                    <focusedcolor>white</focusedcolor>
                    <selectedcolor>white</selectedcolor>
                    <width>300</width>
                    <height>80</height>
                    <onclick>Action(close)</onclick>
                    <onup condition="Control.IsVisible(3)">3</onup>
                    <ondown condition="Control.IsVisible(3)">3</ondown>
                    <onup condition="Control.IsVisible(6)">6</onup>
                    <ondown condition="Control.IsVisible(6)">6</ondown>
                </control>
            </control>
        </control>
    </controls>
</window>