<?xml version="1.0" encoding="utf-8"?>
<!--Titan-->
<window id="601">
    <defaultcontrol always="true">8000</defaultcontrol>
    <controls>
        <!--Dialog Overlay-->
		<control type="group">
			<visible>!Window.IsActive(VideoFullScreen.xml)</visible>
			<include>DialogOverlayExtra</include>
			<animation effect="fade" time="250" start="0" end="100" reversible="false">WindowOpen</animation>
        </control>
		
        <!--Dialog PVR Guid Info-->
        <control type="group">
            <visible>!Window.IsVisible(yesnodialog)</visible>
			<animation type="WindowOpen">
				<effect type="slide" start="1200" end="0" time="250" tween="cubic" easing="inout" />
			</animation>
			<animation type="WindowClose">
				<effect type="slide" start="0" end="1200" time="250" tween="cubic" easing="inout" />
			</animation>
            <!--Panel-->
            <control type="image">
                <posx>640</posx>
                <posy>0</posy>
                <width>1280</width>
                <height>1080</height>
                <texture>colors/color_white.png</texture>
				<animation effect="fade" end="90" time="0" condition="true">Conditional</animation>
				<colordiffuse>$VAR[panel_color]</colordiffuse>
				<visible>!skin.hastheme(classic)</visible>
            </control>
			<control type="image">
                <posx>600</posx>
                <posy>-60</posy>
                <width>1500</width>
                <height>1240</height>
                <texture border="39">dialogs/default/bg.png</texture>
				<colordiffuse>grey</colordiffuse>
				<visible>skin.hastheme(classic)</visible>
            </control>
			<!-- close dialog -->
			<control type="button">
				<label></label>
				<width>60</width>
				<height>60</height>
				<right>60</right>
                <posy>40</posy>
				<font>-</font>
				<texturefocus colordiffuse="white">touchcontrols/icon_close.png</texturefocus>
				<texturenofocus colordiffuse="bbwhite">touchcontrols/icon_close.png</texturenofocus>
				<aspectratio aligny="bottom">keep</aspectratio>
				<onclick>back</onclick>
				<visible>Skin.HasSetting(EnableTouchSupport)</visible>
			</control>
            <!--Header-->
            <control type="label">
                <description>Heading</description>
                <posx>700</posx>
                <posy>10</posy>
                <width>1200</width>
				<font>Bold45</font>
				<shadowcolor>black</shadowcolor>
                <label>19047</label>
                <align>left</align>
				<height>100</height>
            </control>
			<!-- program title -->
			<control type="label">
				<posx>700</posx>
				<posy>150</posy>
				<width>800</width>
				<font>Reg36</font>
				<align>left</align>
				<textcolor>aawhite</textcolor>
				<label>$INFO[ListItem.Title]</label>
			</control>
            <control type="group">
                <posx>680</posx>
                <posy>220</posy>
                <control type="image">
                    <posx>0</posx>
                    <posy>0</posy>
                    <width>1200</width>
                    <height>241</height>
                    <texture border="5">dialogs/default/inner.png</texture>
                </control>
                <control type="button">
                    <description>Time</description>
                    <posx>0</posx>
                    <posy>0</posy>
                    <width>1200</width>
                    <height>60</height>
                    <align>left</align>
                    <textoffsetx>20</textoffsetx>
                    <textwidth>540</textwidth>
                    <include condition="!Skin.HasTheme(classic)">DialogLabelAlt</include>
                    <include condition="Skin.HasTheme(classic)">DialogLabel</include>
                    <texturenofocus>dialogs/default/separator.png</texturenofocus>
                    <label>$LOCALIZE[142]</label>
                    <label2>$INFO[ListItem.StartTime]$INFO[ListItem.EndTime, - ] ($INFO[ListItem.StartDate])</label2>
                    <enable>false</enable>
                </control>
                <control type="button">
                    <description>Duration</description>
                    <posx>0</posx>
                    <posy>59</posy>
                    <width>1200</width>
                    <height>60</height>
                    <align>left</align>
                    <textoffsetx>20</textoffsetx>
                    <textwidth>540</textwidth>
                    <include condition="!Skin.HasTheme(classic)">DialogLabelAlt</include>
                    <include condition="Skin.HasTheme(classic)">DialogLabel</include>
                    <texturenofocus>dialogs/default/separator.png</texturenofocus>
                    <label>$LOCALIZE[180]:</label>
                    <label2>$INFO[ListItem.Duration]</label2>
                    <enable>false</enable>
                </control>
                <control type="button">
                    <description>Channel</description>
                    <posx>0</posx>
                    <posy>118</posy>
                    <width>1200</width>
                    <height>60</height>
                    <align>left</align>
                    <textoffsetx>20</textoffsetx>
                    <textwidth>540</textwidth>
                    <include condition="!Skin.HasTheme(classic)">DialogLabelAlt</include>
                    <include condition="Skin.HasTheme(classic)">DialogLabel</include>
                    <texturenofocus>dialogs/default/separator.png</texturenofocus>
                    <label>$LOCALIZE[19148]:</label>
                    <label2>$INFO[ListItem.ChannelName]</label2>
                    <enable>false</enable>
                </control>
                <control type="button">
                    <description>Genre</description>
                    <posx>0</posx>
                    <posy>177</posy>
                    <width>1200</width>
                    <height>60</height>
                    <align>left</align>
                    <textoffsetx>20</textoffsetx>
                    <textwidth>540</textwidth>
                    <include condition="!Skin.HasTheme(classic)">DialogLabelAlt</include>
                    <include condition="Skin.HasTheme(classic)">DialogLabel</include>
                    <texturenofocus>-</texturenofocus>
                    <label>$LOCALIZE[135]:</label>
                    <label2 fallback="161">$INFO[ListItem.Genre]</label2>
                    <enable>false</enable>
                </control>
            </control>
            <control type="image">
                <posx>680</posx>
                <posy>486</posy>
                <width>1200</width>
                <height>430</height>
                <texture border="5">dialogs/default/inner.png</texture>
            </control>
            <control type="textbox" id="400">
                <description>Plot value</description>
                <posx>700</posx>
                <posy>506</posy>
                <width>1160</width>
                <height>380</height>
                <align>justify</align>
                <include condition="!Skin.HasTheme(classic)">DialogLabelAlt</include>
                <include condition="Skin.HasTheme(classic)">DialogLabel</include>
                <pagecontrol>60</pagecontrol>
                <label fallback="161">$INFO[ListItem.Plot]</label>
            </control>
            <!--Button Group-->
            <control type="grouplist" id="8000">
                <posx>667</posx>
                <posy>940</posy>
				<orientation>horizontal</orientation>
				<itemgap>20</itemgap>
                <defaultcontrol>5</defaultcontrol>
                
                <control type="button" id="5">
                    <!--Switch-->
                    <width>290</width>
                    <include>DialogButtonOther</include>
                    <label>$LOCALIZE[19165]</label>
                    <onleft>7</onleft>
                    <onright>6</onright>
                    <onup>60</onup>
                    <ondown>60</ondown>
					<font>Reg26</font>
                </control>
                <control type="button" id="6">
                    <!--Record-->
                    <width>290</width>
                    <label>-</label>
                    <include>DialogButtonOther</include>
                    <onleft>5</onleft>
                    <onright>7</onright>
                    <onup>60</onup>
                    <ondown>60</ondown>
					<font>Reg26</font>
                </control>
				<control type="button" id="4">
					<width>290</width>
					<description>Find similar</description>
					<include>DialogButtonOther</include>
                    <onleft>5</onleft>
                    <onright>7</onright>
                    <onup>60</onup>
                    <ondown>60</ondown>
					<font>Reg26</font>
					<label>19003</label>
				</control>
				<control type="button" id="7">
                    <!--Cancel-->
                    <width>290</width>
                    <label>$LOCALIZE[222]</label>
                    <include>DialogButtonCancel</include>
                    <onleft>6</onleft>
                    <onright>5</onright>
                    <onup>60</onup>
                    <ondown>60</ondown>
					<font>Reg26</font>
                </control>
            </control>
        </control>
    </controls>
</window>