<?xml version="1.0" encoding="utf-8"?>
<!--Titan-->
<window id="133">
    <defaultcontrol always="true">401</defaultcontrol>
    <allowoverlay>yes</allowoverlay>
    <controls>
        <control type="group" id="99999">
            <animation type="WindowOpen" reversible="false">
				<effect type="slide" start="0,-400" end="0,0" tween="cubic" delay="500" easing="out" time="500" />
			</animation>
			<animation type="WindowClose" reversible="false">
				<effect type="slide" start="0,0" end="0,-400" tween="cubic" easing="out" time="500" />
			</animation>
			
            <visible>!Window.IsActive(DialogKayToast.xml) + !Window.IsActive(videofullscreen.xml)</visible>
			
			
			<control type="image">
				<posx>0</posx>
				<posy>0</posy>
				<width>100%</width>
				<height>145</height>
				<texture border="5">diffuse/panel.png</texture>
				<animation effect="fade" end="80" time="0" reversible="false" condition="StringCompare(Skin.String(GeneralPanelsOpacity),80)">Conditional</animation>
				<animation effect="fade" end="60" time="0" reversible="false" condition="StringCompare(Skin.String(GeneralPanelsOpacity),60)">Conditional</animation>
				<animation effect="fade" end="40" time="0" reversible="false" condition="StringCompare(Skin.String(GeneralPanelsOpacity),40)">Conditional</animation>
				<animation effect="fade" end="20" time="0" reversible="false" condition="StringCompare(Skin.String(GeneralPanelsOpacity),20)">Conditional</animation>
				<colordiffuse>$INFO[Skin.String(GeneralPanelsColor)]</colordiffuse>
				<visible>!skin.hastheme(classic)</visible>
				<visible>![Skin.String(GadgetRows, simplever) + window.isactive(home)]</visible>
			</control>
			
            <control type="group">
				<posx>60</posx>
				<posy>35</posy>
				<animation effect="slide" time="0" start="0" end="410" reversible="false" condition="Skin.String(GadgetRows, simplever) + window.isactive(home)">Conditional</animation>
				<control type="label" id="1">
					<posx>-5</posx>
					<posy>2</posy>
					<width>90</width>
					<height>80</height>
					<align>center</align>
					<aligny>center</aligny>
					<font>Reg24</font>
					<textcolor>$INFO[Skin.String(GeneralTextColor)]</textcolor>
					<shadowcolor>black</shadowcolor>
					<label>$INFO[Control.GetLabel(32),,%]</label>
				</control>
				<control type="progress" id="32">
					<posx>48</posx>
					<posy>10</posy>
					<width>555</width>
					<height>8</height>
					<texturebg>-</texturebg>
					<midtexture>-</midtexture>
					<righttexture>-</righttexture>
					<lefttexture>-</lefttexture>
				</control>
				<control type="multiimage">
					<!--Busy Image-->
					<description>Busy animation</description>
					<posx>-5</posx>
					<posy>0</posy>
					<width>95</width>
					<height>95</height>
					<colordiffuse>$INFO[Skin.String(ViewDetailsFocusColor)]</colordiffuse>
					<imagepath>dialogs/extended_progress_bar</imagepath>
					<timeperimage>100</timeperimage>
					<fadetime>0</fadetime>
				</control>
				<control type="label" id="30">
					<!--Header-->
					<posx>115</posx>
					<posy>0</posy>
					<width>1200</width>
					<height>50</height>
					<font>Bold38</font>
					<shadowcolor>$INFO[Skin.String(ViewDetailsFocusShadowColor)]</shadowcolor>
					<textcolor>$INFO[Skin.String(ViewDetailsFocusColor)]</textcolor>
					<label>-</label>
					<scroll>false</scroll>
				</control>
				<control type="label" id="31">
					<!--Current Directory Label-->
					<posx>115</posx>
					<posy>40</posy>
					<width>1200</width>
					<height>50</height>
					<font>Reg30</font>
					<textcolor>$INFO[Skin.String(GeneralTextColor)]</textcolor>
					<shadowcolor>black</shadowcolor>
					<label>-</label>
					<scroll>false</scroll>
				</control>
			</control>
			<!-- clock -->
			<control type="group">
			<visible>!skin.hastheme(classic)</visible>
			<visible>![Skin.String(GadgetRows, simplever) + window.isactive(home)]</visible>
            <animation type="Conditional" condition="Window.IsActive(DialogMuteBug.xml) | Window.IsActive(DialogVolumeBar.xml)">
                <effect type="slide" start="0,0" end="-120,0" time="400" tween="cubic" easing="inout" delay="0" />
            </animation>
            <control type="grouplist">
                <!--Time Grouplist Line 1-->
                <posx>1260</posx>
                <posy>10</posy>
                <width>600</width>
                <height>100</height>
                <align>right</align>
                <itemgap>4</itemgap>
                <orientation>horizontal</orientation>
                <usecontrolcoords>true</usecontrolcoords>
                <control type="label">
                    <!--Time-->
                    <width min="0" max="300">auto</width>
                    <height>100</height>
                    <info>System.Time(hh:mm)</info>
                    <font>Bold55</font>
                    <textcolor>$INFO[Skin.String(HeaderTextColor)]</textcolor>
					<shadowcolor>$INFO[Skin.String(HeaderTextShadowColor)]</shadowcolor>
                </control>
                <control type="label">
                    <!--AM-->
                    <visible>substring(system.time,AM,right)</visible>
                    <width min="0" max="150">auto</width>
                    <height>100</height>
                    <label>378</label>
                    <font>Bold55</font>
                    <textcolor>$INFO[Skin.String(HeaderTextColor)]</textcolor>
					<shadowcolor>$INFO[Skin.String(HeaderTextShadowColor)]</shadowcolor>
                </control>
                <control type="label">
                    <!--PM-->
                    <visible>substring(system.time,PM,right)</visible>
                    <width min="0" max="150">auto</width>
                    <height>100</height>
                    <label>379</label>
                    <font>Bold55</font>
                    <textcolor>$INFO[Skin.String(HeaderTextColor)]</textcolor>
					<shadowcolor>$INFO[Skin.String(HeaderTextShadowColor)]</shadowcolor>
                </control>
            </control>
            <control type="grouplist">
                <posx>1260</posx>
                <posy>85</posy>
                <width>600</width>
                <height>50</height>
                <align>right</align>
                <itemgap>4</itemgap>
                <orientation>horizontal</orientation>
                <usecontrolcoords>true</usecontrolcoords>
                <visible>!ControlGroup(400).HasFocus()</visible>
                <control type="label">
                    <!--Day-->
                    <width min="0" max="400">auto</width>
                    <height>50</height>
                    <info>System.Date(DDD)</info>
                    <font>Reg30</font>
                    <textcolor>$INFO[Skin.String(HeaderTextColor)]</textcolor>
					<shadowcolor>$INFO[Skin.String(HeaderTextShadowColor)]</shadowcolor>
                </control>
                <control type="label">
                    <width min="0" max="400">auto</width>
                    <height>50</height>
                    <label>, </label>
                    <font>Reg30</font>
                    <textcolor>$INFO[Skin.String(HeaderTextColor)]</textcolor>
					<shadowcolor>$INFO[Skin.String(HeaderTextShadowColor)]</shadowcolor>
                </control>
                <control type="label">
                    <!--Date-->
                    <width min="0" max="400">auto</width>
                    <height>50</height>
                    <info>System.Date(d)</info>
                    <font>Reg30</font>
                    <textcolor>$INFO[Skin.String(HeaderTextColor)]</textcolor>
					<shadowcolor>$INFO[Skin.String(HeaderTextShadowColor)]</shadowcolor>
                </control>
                <control type="label">
                    <visible>SubString(System.Language,German)</visible>
                    <width min="0" max="400">auto</width>
                    <height>50</height>
                    <label>. </label>
                    <font>Reg30</font>
                    <textcolor>$INFO[Skin.String(HeaderTextColor)]</textcolor>
					<shadowcolor>$INFO[Skin.String(HeaderTextShadowColor)]</shadowcolor>
                </control>
                <control type="label">
                    <label></label>
                    <visible>!SubString(System.Language,German)</visible>
                    <width min="0" max="400">auto</width>
                    <height>50</height>
                    <font>Reg30</font>
                    <textcolor>$INFO[Skin.String(HeaderTextColor)]</textcolor>
					<shadowcolor>$INFO[Skin.String(HeaderTextShadowColor)]</shadowcolor>
                </control>
                <control type="label">
                    <!--Month-->
                    <width min="0" max="400">auto</width>
                    <height>50</height>
                    <info>System.Date(MMM)</info>
                    <font>Reg30</font>
                    <textcolor>$INFO[Skin.String(HeaderTextColor)]</textcolor>
					<shadowcolor>$INFO[Skin.String(HeaderTextShadowColor)]</shadowcolor>
                </control>
            </control>
        </control>
    
			
        </control>
	
	</controls>
</window>