<?xml version="1.0" encoding="UTF-8"?>

<window id="101">
	<defaultcontrol always="true">10</defaultcontrol>
	<allowoverlay>yes</allowoverlay>
	<controls>
	<control type="group">
		<visible>!Window.IsActive(DialogOK.xml)</visible>
		<visible>!Window.IsActive(DialogYesNo.xml)</visible>
		<visible>!Window.IsActive(DialogButtonMenu.xml)</visible>
		<visible>!Window.IsActive(DialogKeyboard.xml)</visible>
		<visible>!Window.IsActive(DialogNumeric.xml)</visible>
		<!--Dialog Overlay-->
		<include>DialogOverlayExtra</include>
		
		<control type="group">
			
			<posx>400</posx>
			<posy>410</posy>
			<include>animation_window_open_close</include>
			<control type="image">
				<posx>-460</posx>
				<posy>-40</posy>
				<width>2000</width>
				<height>410</height>
				<texture border="5">diffuse/panel.png</texture>
				<animation effect="fade" end="95" time="0" condition="true">Conditional</animation>
				<colordiffuse>$INFO[Skin.String(GeneralPanelsColor)]</colordiffuse>
			</control>
			
			<control type="multiimage">
				<description>Busy animation</description>
				<posx>0</posx>
				<posy>0</posy>
				<width>200</width>
				<height>200</height>
				<colordiffuse>$INFO[Skin.String(ButtonFocusColor)]</colordiffuse>
				<imagepath>dialogs/extended_progress_bar</imagepath>
				<aspectratio>keep</aspectratio>
				<timeperimage>250</timeperimage>
			</control>
			
			<control type="label">
				<posx>-5</posx>
				<posy>-10</posy>
				<width>200</width>
				<height>200</height>
				<align>center</align>
				<aligny>center</aligny>
				<font>Reg36</font>
				<textcolor>$INFO[Skin.String(GeneralTextColor)]</textcolor>
				<label>$INFO[System.Progressbar,,%]</label>
			</control>

			<control type="group">
			<posx>250</posx>
			<width>880</width>
		
			<control type="label" id="1">
				<posx>15</posx>
				<description>Heading</description>
				<label>-</label>
				<width>1000</width>
				<font>Bold55</font>
			</control>

			<control type="textbox" id="9">
				
				<description>Line 1</description>
				<posx>15</posx>
				<posy>80</posy>
				<width>1000</width>
				<height>120</height>
				<label>-</label>
				<font>Reg30</font>
			
			</control>
			
		
			<control type="button" id ="10">
				<description>Cancel</description>
				<width>550</width>
				<posy>230</posy>
				<height>100</height>
				<align>center</align>
				<aligny>center</aligny>
				<font>Light28</font>
				<textcolor>$INFO[Skin.String(GeneralTextColor)]</textcolor>
				<focusedcolor>white</focusedcolor>
				<disabledcolor>lightgrey</disabledcolor>
				<pulseonselect>false</pulseonselect>
				<include>DialogButtonCancel</include>
				<texturefocus colordiffuse="$INFO[Skin.String(ButtonFocusColor)]">colors/color_white.png</texturefocus>
				<texturenofocus colordiffuse="$INFO[Skin.String(ButtonColor)]">diffuse/panel_trans.png</texturenofocus>
				<textoffsetx>50</textoffsetx>
			</control>
			

		</control>
		</control>	
	</control>
	</controls>

</window>