<?xml version="1.0" encoding="utf-8"?>
<window>
    <allowoverlay>no</allowoverlay>
    <onunload>Skin.Reset(subtitle))</onunload>
    <onload>Skin.SetBool(subtitle))</onload>
	
    <controls>
        <control type="group" id="250">
			<posy>50</posy>
			<include>animation_window_open_close</include>

			<control type="image">
                <!--Panel-->
                <posx>230</posx>
                <posy>90</posy>
                <width>1510</width>
                <height>650</height>
				<texture border="15">diffuse/bgpanel.png</texture>
				<colordiffuse>$INFO[Skin.String(GeneralPanelsColor)]</colordiffuse>
				<animation effect="fade" reversible="false" end="60" time="0" condition="true">Conditional</animation>
            </control>
			<control type="image">
                <!--Panel-->
                <posx>230</posx>
                <posy>90</posy>
                <width>1510</width>
                <height>650</height>
				<texture border="15">diffuse/bgpanel.png</texture>
				<bordersize>10</bordersize>
				<colordiffuse>$INFO[Skin.String(GeneralPanelsColor)]</colordiffuse>
				<animation effect="fade" reversible="false" end="90" time="0" condition="true">Conditional</animation>
            </control>

            <!--Top Label-->
            <control type="group">
                <control type="label" id="100">
                    <!--textarea-->
                    <posx>305</posx>
                    <posy>130</posy>
                    <width>780</width>
                    <height>50</height>
                    <font>Reg45</font>
                    <textcolor>$INFO[Skin.String(GeneralTextColor)]</textcolor>
                    <align>Left</align>
                    <wrapmultiline>false</wrapmultiline>
                </control>
				<control type="label" id="140">
					<description>textarea</description>
					<posx>305</posx>
                    <posy>180</posy>
                    <width>780</width>
                    <height>50</height>
                    <font>Reg25</font>
					<textcolor>$INFO[Skin.String(GeneralTextColor)]</textcolor>
					<align>Left</align>
                    <wrapmultiline>false</wrapmultiline>
				</control>
            </control>
			<!-- close dialog button -->
			<control type="button">
				<posx>1180</posx>
				<posy>130</posy>
				<width>50</width>
				<height>50</height>
				<texturefocus colordiffuse="white">touchcontrols/icon_close.png</texturefocus>
				<texturenofocus colordiffuse="aawhite">touchcontrols/icon_close.png</texturenofocus>
				<onclick>PreviousMenu</onclick>
				<visible>Skin.HasSetting(EnableTouchSupport)</visible>
			</control>
            <!--Left Menu-->
            <control type="group">
                <control type="image">
                    <!--Inner-->
                    <posx>275</posx>
                    <posy>120</posy>
                    <width>965</width>
                    <height>590</height>
                    <texture border="5">dialogs/default/inner.png</texture>
                </control>
                <control type="list" id="120">
                    <!--List 120-->
                    <posx>275</posx>
                    <posy>240</posy>
                    <width>950</width>
                    <height>400</height>
                    <!--onleft>121</onleft-->
                    <onleft>noop</onleft>
                    <onright>150</onright>
                    <onup>120</onup>
                    <ondown>120</ondown>
                    <viewtype label="535">list</viewtype>
                    <pagecontrol>121</pagecontrol>
                    <scrolltime>200</scrolltime>
                    <itemlayout width="950" height="50">
                        <control type="label">
                            <!--Language-->
                            <posx>30</posx>
                            <posy>0</posy>
                            <width>110</width>
                            <height>50</height>
                            <font>Light30</font>
                            <aligny>center</aligny>
                            <textcolor>$INFO[Skin.String(GeneralTextColor)]</textcolor>
                            <selectedcolor>$INFO[Skin.String(ButtonFocusColor)]</selectedcolor>
                            <align>left</align>
                            <info>ListItem.Label</info>
                        </control>
                        <control type="label">
                            <!--Label 2-->
                            <posx>200</posx>
                            <posy>0</posy>
                            <width>650</width>
                            <height>50</height>
                            <font>Light28</font>
                            <aligny>center</aligny>
                            <textcolor>$INFO[Skin.String(GeneralTextColor)]</textcolor>
                            <selectedcolor>$INFO[Skin.String(ButtonFocusColor)]</selectedcolor>
                            <align>left</align>
                            <info>ListItem.Label2</info>
                        </control>

						<!-- sync image -->
						<control type="image">
							<posx>830</posx>
							<posy>-4</posy>
							<width>121</width>
							<height>56</height>
							<texture>flags/subsync.png</texture>
							<visible>ListItem.property(sync)</visible>
							<colordiffuse>$INFO[Skin.String(GeneralTextColor)]</colordiffuse>
						</control>
                    </itemlayout>
                    <focusedlayout width="950" height="50">
                        <control type="image">
                            <!--Slider-->
                            <posx>0</posx>
                            <posy>0</posy>
                            <width>1065</width>
                            <height>50</height>
                            <texture border="5">diffuse/panel.png</texture><colordiffuse>$INFO[Skin.String(ButtonFocusColor)]</colordiffuse>
                            <visible>Control.HasFocus(120)</visible>
                        </control>
                        <control type="label">
                            <!--Language-->
                            <posx>30</posx>
                            <posy>0</posy>
                            <width>110</width>
                            <height>50</height>
                            <font>Light30</font>
                            <aligny>center</aligny>
                            <textcolor>black</textcolor>
                            <selectedcolor>white</selectedcolor>
                            <align>left</align>
                            <info>ListItem.Label</info>
							<visible>Control.HasFocus(120)</visible>
                        </control>
                        <control type="label">
                            <!--Label 2-->
                            <posx>200</posx>
                            <posy>0</posy>
                            <width>650</width>
                            <height>50</height>
                            <font>Light28</font>
                            <aligny>center</aligny>
                            <textcolor>black</textcolor>
                            <selectedcolor>white</selectedcolor>
                            <align>left</align>
                            <info>ListItem.Label2</info>
							<scroll>true</scroll>
							<visible>Control.HasFocus(120)</visible>
                        </control>
						<control type="label">
                            <!--Language-->
                            <posx>30</posx>
                            <posy>0</posy>
                            <width>110</width>
                            <height>50</height>
                            <font>Light30</font>
                            <aligny>center</aligny>
                            <textcolor>$INFO[Skin.String(GeneralTextColor)]</textcolor>
                            <selectedcolor>$INFO[Skin.String(ButtonFocusColor)]</selectedcolor>
                            <align>left</align>
                            <info>ListItem.Label</info>
							<visible>!Control.HasFocus(120)</visible>
                        </control>
                        <control type="label">
                            <!--Label 2-->
                            <posx>200</posx>
                            <posy>0</posy>
                            <width>650</width>
                            <height>50</height>
                            <font>Light28</font>
                            <aligny>center</aligny>
                            <textcolor>$INFO[Skin.String(GeneralTextColor)]</textcolor>
                            <selectedcolor>$INFO[Skin.String(ButtonFocusColor)]</selectedcolor>
                            <align>left</align>
                            <info>ListItem.Label2</info>
							<scroll>true</scroll>
							<visible>!Control.HasFocus(120)</visible>
                        </control>
                        <!-- sync image -->
						<control type="image">
							<posx>830</posx>
							<posy>-4</posy>
							<width>121</width>
							<height>56</height>
							<texture>flags/subsync.png</texture>
							<visible>ListItem.property(sync)</visible>
						</control>
                    </focusedlayout>
                </control>
				<control type="label">
                    <!--filename-->
                    <posx>305</posx>
                    <posy>655</posy>
                    <width>950</width>
                    <height>50</height>
                    <font>Light25</font>
                    <textcolor>$INFO[Skin.String(GeneralTextColor)]</textcolor>
                    <align>Left</align>
					<label>$INFO[Player.FileName]</label>
                    <wrapmultiline>false</wrapmultiline>
                </control>
            </control>

            <!--Right Menu-->
            <control type="group">
                <control type="image">
                    <!--Inner-->
                    <posx>1250</posx>
                    <posy>120</posy>
                    <width>450</width>
                    <height>590</height>
                    <texture border="5">dialogs/default/inner.png</texture>
                </control>
                <control type="group">
                    <!--Button no Focus-->
                    <posy>120</posy>
                    <control type="button" id="160">
                        <description>Manual search button</description>
                        <align>left</align>
                        <aligny>center</aligny>
                        <textoffsetx>50</textoffsetx>
                        <left>1250</left>
                        <top>520</top>
                        <width>450</width>
                        <height>60</height>
                        <onleft>120</onleft>
                        <onright>120</onright>
                        <onup>150</onup>
                        <ondown>150</ondown>
                        <label>$LOCALIZE[24120]</label>
                    </control>
                </control>
                <control type="list" id="150">
                    <!--List 150-->
                    <posx>1250</posx>
                    <posy>120</posy>
                    <width>450</width>
                    <height>434</height>
                    <onleft>120</onleft>
                    <onright>120</onright>
                    <onup>150</onup>
                    <ondown>160</ondown>
                    <viewtype label="535">list</viewtype>
                    <scrolltime>200</scrolltime>
                    <itemlayout width="450" height="60">
                        <control type="label">
                            <posx>40</posx>
                            <posy>0</posy>
                            <width>400</width>
                            <height>60</height>
                            <font>Light28</font>
                            <aligny>center</aligny>
                            <textcolor>$INFO[Skin.String(GeneralTextColor)]</textcolor>
                            <selectedcolor>$INFO[Skin.String(ButtonFocusColor)]</selectedcolor>
                            <align>left</align>
                            <info>ListItem.Label</info>
                            <visible>!ListItem.property(man)</visible>
                        </control>
                        <control type="label">
                            <posx>40</posx>
                            <posy>0</posy>
                            <width>400</width>
                            <height>60</height>
                            <font>Light28</font>
                            <aligny>center</aligny>
                            <textcolor>$INFO[Skin.String(GeneralTextColor)]</textcolor>
                            <selectedcolor>$INFO[Skin.String(ButtonFocusColor)]</selectedcolor>
                            <align>left</align>
                            <info>ListItem.Label</info>
                            <visible>ListItem.property(man)</visible>
                        </control>
						<control type="image">
							<posx>20</posx>
                            <posy>0</posy>
                            <width>420</width>
                            <height>60</height>
							<texture>dialogs/default/separator.png</texture>
						</control>
                    </itemlayout>
                    <focusedlayout width="450" height="60">
                        <control type="image">
                            <!--Button-->
                            <posx>0</posx>
                            <posy>0</posy>
                            <width>450</width>
                            <height>60</height>
                            <texture border="5">diffuse/panel.png</texture>
							<colordiffuse>$INFO[Skin.String(ButtonFocusColor)]</colordiffuse>
                            <visible>Control.HasFocus(150)</visible>
                        </control>
                        <control type="label">
                            <visible>Control.HasFocus(150)</visible>
                            <posx>40</posx>
                            <posy>0</posy>
                            <width>400</width>
                            <height>60</height>
                            <font>Light28</font>
                            <aligny>center</aligny>
                            <textcolor>black</textcolor>
							<selectedcolor>black</selectedcolor>
                            <align>left</align>
                            <info>ListItem.Label</info>
                            <visible>!ListItem.property(man)</visible>
							<scroll>true</scroll>
                        </control>
                        <control type="label">
                            <visible>Control.HasFocus(150)</visible>
                            <posx>40</posx>
                            <posy>0</posy>
                            <width>400</width>
                            <height>60</height>
                            <font>Light28</font>
                            <aligny>center</aligny>
                            <textcolor>black</textcolor>
                            <align>left</align>
                            <info>ListItem.Label</info>
                            <visible>ListItem.property(man)</visible>
							<scroll>true</scroll>
                        </control>
                        <control type="label">
                            <visible>!Control.HasFocus(150)</visible>
                            <posx>40</posx>
                            <posy>0</posy>
                            <width>400</width>
                            <height>60</height>
                            <font>Light28</font>
                            <aligny>center</aligny>
                            <textcolor>$INFO[Skin.String(GeneralTextColor)]</textcolor>
							<selectedcolor>$INFO[Skin.String(ButtonFocusColor)]</selectedcolor>
                            <align>left</align>
                            <info>ListItem.Label</info>
                            <visible>!ListItem.property(man)</visible>
							<scroll>true</scroll>
                        </control>
                        <control type="label">
                            <visible>!Control.HasFocus(150)</visible>
                            <posx>40</posx>
                            <posy>0</posy>
                            <width>400</width>
                            <height>60</height>
                            <font>Light28</font>
                            <aligny>center</aligny>
                            <textcolor>$INFO[Skin.String(GeneralTextColor)]</textcolor>
							<selectedcolor>$INFO[Skin.String(ButtonFocusColor)]</selectedcolor>
                            <align>left</align>
                            <info>ListItem.Label</info>
                            <visible>ListItem.property(man)</visible>
							<scroll>true</scroll>
                        </control>
						<control type="image">
							<posx>20</posx>
                            <posy>0</posy>
                            <width>420</width>
                            <height>60</height>
							<texture>dialogs/default/separator.png</texture>
							<visible>!Control.HasFocus(150)</visible>
						</control>
                    </focusedlayout>
                </control>
            </control>
        </control>
    </controls>
</window>