<?xml version="1.0" encoding="utf-8"?>
<!--Titan-->
<window>
    <defaultcontrol always="true">9000</defaultcontrol>
    <allowoverlay>no</allowoverlay>
	<onload condition="System.HasAddon(script.videoextras)">XBMC.RunScript(script.videoextras,check,"$INFO[ListItem.FilenameAndPath]")</onload>
	<onload condition="!IsEmpty(ListItem.Cast)">RunScript(script.metadata.actors,dialogbackend)</onload>
	
	<onload condition="System.HasAddon(script.extendedinfo) + Skin.HasSetting(UseExtendedInfoDialog) + IsEmpty(ListItem.TvShowTitle) + !Container.Content(tvshows)">RunScript(script.extendedinfo,info=extendedinfo,dbid=$INFO[ListItem.DBID],name=$INFO[ListItem.Title])</onload>
	<onload condition="System.HasAddon(script.extendedinfo) + Skin.HasSetting(UseExtendedInfoDialog) + Container.Content(tvshows)">RunScript(script.extendedinfo,info=extendedtvinfo,dbid=$INFO[ListItem.DBID],name=$INFO[ListItem.TvShowTitle])</onload>
	<onload condition="System.HasAddon(script.extendedinfo) + Skin.HasSetting(UseExtendedInfoDialog) + !IsEmpty(ListItem.TvShowTitle) + !IsEmpty(ListItem.Season)">RunScript(script.extendedinfo,info=seasoninfo,tvshow=$INFO[ListItem.TvShowTitle],season=$INFO[ListItem.Season],silent=True)</onload>
	<onload condition="System.HasAddon(script.extendedinfo) + Skin.HasSetting(UseExtendedInfoDialog)">close</onload>
	<onunload>ClearProperty(ShowCast)</onunload>
	
    <controls>
		<control type="group">
			<visible>![Skin.HasSetting(UseExtendedInfoDialog) + System.HasAddon(script.extendedinfo)]</visible>
	
			<control type="group">
				<visible>!Window.IsVisible(FileBrowser)</visible>
				<!--Dialog Overlay-->
				<visible>Window.IsActive(DialogVideoInfo.xml)</visible>
				<include>GlobalBackground</include>
			</control>
			
			<include>nowplayingbackground</include>
			
			<!-- Header -->
			<control type="group">
			<visible>!Window.IsActive(DialogKaiToast.xml) + !Window.IsActive(DialogExtendedProgressBar.xml) + !Control.IsVisible(88888)</visible>
				<control type="label">
					<posx>61</posx>
					<posy>10</posy>
					<width min="80" max="1400">auto</width>
					<height>100</height>
					<font>Bold45</font>
					<align>left</align>
					<textcolor>$INFO[Skin.String(HeaderTextColor)]</textcolor>
					<label>$VAR[value_header]</label>
					<shadowcolor>$INFO[Skin.String(HeaderTextShadowColor)]</shadowcolor>
				</control>
				 <control type="label">
					<posy>85</posy>
					<posx>61</posx>
					<width min="0" max="1100">auto</width>
					<height>50</height>
					<label>$VAR[value_subheader]</label>
					<font>Reg30</font>
					<textcolor>$INFO[Skin.String(HeaderTextColor)]</textcolor>
					<shadowcolor>$INFO[Skin.String(HeaderTextShadowColor)]</shadowcolor>
				</control>
			</control>
			
			<!--Time & Weather-->
			<include condition="!Skin.HasSetting(DisableHeader)">TimeInfo</include>
				
			<control type="group">
				<visible>!Window.IsVisible(FileBrowser)</visible>

				<include>animation_window_open_close</include>
				
				<!-- Background Panel-->
				<control type="image">
					<posx>50</posx>
					<posy>210</posy>
					<width>1820</width>
					<height>67%</height>
					<texture border="15">diffuse/bgpanel.png</texture>
					<animation effect="fade" reversible="false" end="80" time="0" condition="StringCompare(Skin.String(ViewDetailsPanelOpacity),80)">Conditional</animation>
					<animation effect="fade" reversible="false" end="60" time="0" condition="StringCompare(Skin.String(ViewDetailsPanelOpacity),60)">Conditional</animation>
					<animation effect="fade" reversible="false" end="40" time="0" condition="StringCompare(Skin.String(ViewDetailsPanelOpacity),40)">Conditional</animation>
					<animation effect="fade" reversible="false" end="20" time="0" condition="StringCompare(Skin.String(ViewDetailsPanelOpacity),20)">Conditional</animation>
					<animation effect="fade" reversible="false" end="0" time="0" condition="StringCompare(Skin.String(ViewDetailsPanelOpacity),0)">Conditional</animation>
					<colordiffuse>$INFO[Skin.String(GeneralPanelsColor)]</colordiffuse>
				</control>
				
				<control type="image">
					<right>50</right>
					<posy>210</posy>
					<width>510</width>
					<height>67%</height>
					<texture border="5">diffuse/panel.png</texture>
					<animation effect="fade" reversible="false" end="80" time="0" condition="StringCompare(Skin.String(ViewDetailsPanelOpacity),80)">Conditional</animation>
					<animation effect="fade" reversible="false" end="60" time="0" condition="StringCompare(Skin.String(ViewDetailsPanelOpacity),60)">Conditional</animation>
					<animation effect="fade" reversible="false" end="40" time="0" condition="StringCompare(Skin.String(ViewDetailsPanelOpacity),40)">Conditional</animation>
					<animation effect="fade" reversible="false" end="20" time="0" condition="StringCompare(Skin.String(ViewDetailsPanelOpacity),20)">Conditional</animation>
					<animation effect="fade" reversible="false" end="0" time="0" condition="StringCompare(Skin.String(ViewDetailsPanelOpacity),0)">Conditional</animation>
					<visible>!skin.hastheme(classic)</visible>
					<colordiffuse>$INFO[Skin.String(GeneralPanelsColor)]</colordiffuse>
				</control>
				
				
				
				<control type="group">
					<!--Start Dialog-->
					<visible>Container.Content(movies) | Container.Content(tvshows) | Container.Content(episodes)</visible>
					<!--Info Stuff-->
					<control type="image">
							<posx>0</posx>
							<bottom>0</bottom>
							<width>100%</width>
							<height>110</height>
							<texture border="5">diffuse/panel.png</texture>
							<colordiffuse>$INFO[Skin.String(GeneralPanelsColor)]</colordiffuse>
							<animation effect="fade" end="80" time="0" reversible="false" condition="StringCompare(Skin.String(GeneralPanelsOpacity),80)">Conditional</animation>
							<animation effect="fade" end="60" time="0" reversible="false" condition="StringCompare(Skin.String(GeneralPanelsOpacity),60)">Conditional</animation>
							<animation effect="fade" end="40" time="0" reversible="false" condition="StringCompare(Skin.String(GeneralPanelsOpacity),40)">Conditional</animation>
							<animation effect="fade" end="20" time="0" reversible="false" condition="StringCompare(Skin.String(GeneralPanelsOpacity),20)">Conditional</animation>
							<animation effect="fade" end="0" time="0" reversible="false" condition="StringCompare(Skin.String(GeneralPanelsOpacity),0)">Conditional</animation>
						</control>
					
					<control type="scrollbar" id="60">
						<left>0</left>
						<width>100%</width>
						<bottom>0</bottom>
						<height>80</height>
						<onup>502</onup>
						<onleft>60</onleft>
						<onright>60</onright>
						<orientation>horizontal</orientation>
						<animation effect="fade" start="100" end="0" time="10" condition="true">Conditional</animation>
					</control>
					<!--Butons 9000-->			
					<control type="grouplist" id="9000">
						<posx>60</posx>
						<bottom>15</bottom>
						<width>1800</width>
						<height>60</height>
						<itemgap>15</itemgap>
						<onup>50</onup>
						<ondown>noop</ondown>
						<onleft>9000</onleft>
						<onright>9000</onright>
						<pagecontrol>60</pagecontrol>
						<orientation>horizontal</orientation>
						
						
						<control type="button" id="208">
							<label></label>
							<width>60</width>
							<height>60</height>
							<font>-</font>
							<texturefocus colordiffuse="white">touchcontrols/icon_back.png</texturefocus>
							<texturenofocus colordiffuse="aawhite">touchcontrols/icon_back.png</texturenofocus>
							<onclick>Back</onclick>
							<visible>Skin.HasSetting(EnableTouchSupport)</visible>
						</control>
						<control type="button" id="209">
							<width>60</width>
							<height>60</height>
							<label>210</label>
							<font>-</font>
							<texturefocus colordiffuse="white">touchcontrols/icon_home.png</texturefocus>
							<texturenofocus colordiffuse="aawhite">touchcontrols/icon_home.png</texturenofocus>
							<onclick>Back</onclick>
							<onclick>ActivateWindow(Home)</onclick>
							<visible>Skin.HasSetting(EnableTouchSupport)</visible>
						</control>
						<control type="image" id="210">
							<width>135</width>
							<height>60</height>
							<texture>colors/color_transparent.png</texture>
							<visible>Skin.HasSetting(EnableTouchSupport)</visible>
						</control>
						
						<control type="button" id="8">
							<!--Play-->
							<label>208</label>
							<width>285</width>
							<height>60</height>
							<align>center</align>
							<textoffsetx>0</textoffsetx>
							<visible>!substring(Container.FolderPath,plugin://plugin.video.xbmb3c)</visible>
							<onclick>Dialog.Close(MovieInformation)</onclick>
						</control>
						
						<control type="button" id="1008">
							<!--Play-->
							<label>208</label>
							<width>285</width>
							<height>60</height>
							<align>center</align>
							<textoffsetx>0</textoffsetx>
							<onclick condition="!StringCompare(Window(home).Property(MB3.Action),None) + !IsEmpty(Window(home).Property(MB3.Action))">$INFO[Window(home).Property(MB3.Action)]</onclick>
							<onclick condition="StringCompare(Window(home).Property(MB3.Action),None) | IsEmpty(Window(home).Property(MB3.Action))">PlayMedia($ESCINFO[ListItem.FileNameAndPath])</onclick>
							<visible>substring(Container.FolderPath,plugin://plugin.video.xbmb3c)</visible>
							<onclick>Dialog.Close(MovieInformation)</onclick>
						</control>

						<control type="button" id="9">
							<!--Resume-->
							<label>13404</label>
							<width>285</width>
							<height>60</height>
							<align>center</align>
							<textoffsetx>0</textoffsetx>
							<visible>ListItem.IsResumable + !substring(Container.FolderPath,plugin://plugin.video.xbmb3c)</visible>
						</control>
						
						<control type="button" id="103">
							<!-- Local Trailer-->
							<width>285</width>
							<height>60</height>
							<align>center</align>
							<textoffsetx>0</textoffsetx>
							<label>20410</label>
							<onclick>PlayMedia($ESCINFO[ListItem.Trailer])</onclick>
							<visible>!IsEmpty(ListItem.Trailer) + Container.Content(movies)</visible>
						</control>
						<control type="button" id="100">
							<!--Search Trailer on Youtube-->
							<width>285</width>
							<height>60</height>
							<align>center</align>
							<textoffsetx>0</textoffsetx>
							<label>YouTube $LOCALIZE[20410]</label>
							<onclick condition="System.HasAddon(plugin.video.youtube)">XBMC.RunScript(script.titanskin.helpers,SEARCHTRAILER,$INFO[ListItem.Label])</onclick>
							<onclick condition="!System.HasAddon(plugin.video.youtube)">ActivateWindow(Videos,plugin://plugin.video.youtube)</onclick>
							<visible>Container.Content(movies) | Container.Content(tvshows) | stringcompare(ListItem.Property(ItemType),Movie)</visible>
						</control>
						<control type="button" id="114">
							<!--Cast Button-->
							<label>206</label>
							<width>285</width>
							<height>60</height>
							<align>center</align>
							<textoffsetx>0</textoffsetx>
							<onclick>SetProperty(ShowCast, show)</onclick>
							<onclick>SetFocus(9002)</onclick>
							<visible>!StringCompare(Window.Property(ShowCast),show)</visible>
						</control>
						<control type="button" id="116">
							<!--Info Button-->
							<label>19033</label>
							<width>285</width>
							<height>60</height>
							<align>center</align>
							<textoffsetx>0</textoffsetx>
							<onclick>ClearProperty(ShowCast)</onclick>
							<visible>StringCompare(Window.Property(ShowCast),show)</visible>
						</control>
						<control type="button" id="115">
							<!--Extended Info Button-->
							<label>31269</label>
							<width>285</width>
							<height>60</height>
							<align>center</align>
							<textoffsetx>0</textoffsetx>
							<onclick condition="!System.HasAddon(script.extendedinfo)">ActivateWindow(Videos,plugin://script.extendedinfo)</onclick>
							<onclick condition="IsEmpty(ListItem.TvShowTitle) + !Container.Content(tvshows)">RunScript(script.extendedinfo,info=extendedinfo,dbid=$INFO[ListItem.DBID],name=$INFO[ListItem.Title])</onclick>
							<onclick condition="Container.Content(tvshows)">RunScript(script.extendedinfo,info=extendedtvinfo,dbid=$INFO[ListItem.DBID],name=$INFO[ListItem.TvShowTitle])</onclick>
							<onclick condition="!IsEmpty(ListItem.TvShowTitle) + !IsEmpty(ListItem.Season)">RunScript(script.extendedinfo,info=seasoninfo,tvshow=$INFO[ListItem.TvShowTitle],season=$INFO[ListItem.Season],silent=True)</onclick>
						</control>
						<control type="button" id="113">
							<width>285</width>
							<description>Home Theatre</description>
							<label>$INFO[System.AddonTitle(script.cinema.experience)]</label>
							<onclick>Playlist.Clear</onclick>
							<onclick>Dialog.Close(MovieInformation)</onclick>
							<onclick>RunScript(script.cinema.experience,movieid=$INFO[ListItem.DBID])</onclick>
							<visible>System.HasAddon(script.cinema.experience) + Container.Content(movies) + !SubString(Container.FolderPath,plugin)</visible>
						</control>
						<control type="button" id="102">
							<!--Get video extras-->
							<width>285</width>
							<height>60</height>
							<align>center</align>
							<textoffsetx>0</textoffsetx>
							<label>$INFO[System.AddonTitle(script.videoextras)]</label>
							<onclick>XBMC.RunScript(script.videoextras,display,"$INFO[ListItem.FilenameAndPath]")</onclick>
							<visible>System.HasAddon(script.videoextras)
							 + [Container.Content(movies) | Container.Content(episodes) | Container.Content(TVShows)
							 | Container.Content(musicvideos)]
							 + IsEmpty(Window(movieinformation).Property("HideVideoExtrasButton"))</visible>
						</control>
						<control type="button" id="211">
							<description>Fetch TvTunes stuff</description>
							<width>285</width>
							<height>60</height>
							<align>center</align>
							<textoffsetx>0</textoffsetx>
							<label>31300</label>
							<onclick>RunScript(script.tvtunes,mode=solo)</onclick>
							<enable>!Skin.HasSetting(KioskMode.Enabled)</enable>
							<visible>Skin.HasSetting(EnableTVTunes) + System.HasAddon(script.tvtunes) + [Container.Content(TVShows) | Container.Content(movies) | Container.Content(musicvideos)] + IsEmpty(Window(movieinformation).Property("TvTunes_HideVideoInfoButton"))</visible>
						</control>
						
						<control type="button" id="101">
							<!--Get Thumb Artwork Downloader-->
							<label>13511</label>
							<width>285</width>
							<height>60</height>
							<align>center</align>
							<textoffsetx>0</textoffsetx>
							<enable>!Skin.HasSetting(KioskMode.Enabled)</enable>
							<onclick condition="System.HasAddon(script.artwork.downloader)">ActivateWindow(3004)</onclick>
							<onclick condition="!System.HasAddon(script.artwork.downloader)">RunPlugin(plugin://script.artwork.downloader)</onclick>
						</control>
						<control type="button" id="6">
							<!--Refresh-->
							<label>184</label>
							<width>285</width>
							<height>60</height>
							<align>center</align>
							<textoffsetx>0</textoffsetx>
							<enable>!Skin.HasSetting(KioskMode.Enabled)</enable>
						</control>
						<control type="radiobutton" id="9300">
							<!--discart-->
							<width>340</width>
							<height>60</height>
							<label>31200</label>
							<align>left</align>
							<textoffsetx>20</textoffsetx>
							<onclick>Skin.ToggleSetting(VideoInfo_ShowCDart)</onclick>
							<selected>Skin.HasSetting(VideoInfo_ShowCDart)</selected>
						</control>
					</control>
					
					
					<!--Arrow-->
						<control type="image">
							<animation effect="fade" start="100" end="50" tween="sine" easing="inout" time="800" pulse="true" reversible="false" condition="true">Conditional</animation>
							<left>1880</left>
							<bottom>20</bottom>
							<posy>50</posy>
							<width>20</width>
							<height>60</height>
							<aspectratio>keep</aspectratio>
							<texture>dialogs/videoinfo/arrow.png</texture>
							<visible>!Control.HasFocus(50)</visible>
							<colordiffuse>white</colordiffuse>
							<visible>Container(9000).HasNext</visible>
						</control>
						<control type="image">
							<animation effect="fade" start="100" end="50" tween="sine" easing="inout" time="800" pulse="true" reversible="false" condition="true">Conditional</animation>
							<left>35</left>
							<bottom>20</bottom>
							<posy>50</posy>
							<width>20</width>
							<height>60</height>
							<aspectratio>keep</aspectratio>
							<texture flipx="true">dialogs/videoinfo/arrow.png</texture>
							<visible>!Control.HasFocus(50)</visible>
							<colordiffuse>white</colordiffuse>
							<visible>Container(9000).HasPrevious</visible>
						</control>
						
					<control type="group">
						<visible>!StringCompare(Window.Property(ShowCast),show)</visible>
						<visible>!Window.IsActive(script-ExtendedInfo Script-DialogVideoInfo.xml) + !Window.IsActive(script-ExtendedInfo Script-DialogInfo.xml)</visible>
						<include>animation_window_open_close</include>
						
						<control type="image">
							<!--cdart image-->
							<right>60</right>
							<posy>310</posy>
							<width>500</width>
							<height>500</height>
							<texture background="true" diffuse="diffuse/cdmask_big.png" fallback="defaultcovers/cd_big.png">$VAR[VideoDiscArtImage]</texture>
							<aspectratio scalediffuse="false" align="center" aligny="center">scale</aspectratio>
							<animation effect="slide" start="0" end="-140" tween="cubic" easing="inout" time="600" delay="100">WindowOpen</animation>
							<animation effect="fade" start="0" end="100" delay="0" time="2400" pulse="false">WindowOpen</animation>
							<animation effect="fade" start="100" end="0" delay="0" time="150" pulse="false" condition="!Skin.HasSetting(VideoInfo_ShowCDart)">Conditional</animation>
							<animation effect="rotate" end="-90" center="auto" time="600" loop="false" reversible="false" condition="!Skin.HasSetting(AnimateDiscArt)">Conditional</animation>
							<animation effect="rotate" end="-360" center="auto" time="20000" delay="0" loop="true" reversible="false" condition="Skin.HasSetting(AnimateDiscArt)">Conditional</animation>
							<visible>!IsEmpty(ListItem.Art(poster)) | !IsEmpty(ListItem.Art(tvshow.poster)) | !IsEmpty(ListItem.Property(TVShowThumb))</visible>
						</control>
						
						<control type="image">
							<!--poster-->
							<right>80</right>
							<posy>246</posy>
							<width>500</width>
							<height>61%</height>
							<aspectratio align="right" aligny="top" scalediffuse="true">keep</aspectratio>
							<texture background="true" diffuse="diffuse/poster.png" fallback="DefaultVideo.png" border="5">$VAR[VideoInfoPosterImage]</texture>
						</control>
						
						<control type="group">
							<right>80</right>
							<posy>246</posy>
							<include>WatchedIndicatorLarge</include>
						</control>

						<!--Info-->
						<control type="grouplist">
							<animation effect="fade" start="0" end="100" time="300" tween="sine" delay="300" easing="in">WindowOpen</animation>
							<animation effect="fade" start="0" end="100" time="300" tween="sine" delay="500" easing="in">Visible</animation>
							<animation effect="fade" start="100" end="0" time="300" tween="sine" delay="500" easing="out">Hidden</animation>
							<posx>80</posx>
							<posy>240</posy>
							<width>1200</width>
							<height>700</height>
							<orientation>vertical</orientation>
							
							<control type="textbox">
								<posx>0</posx>
								<posy>0</posy>
								<width>1150</width>
								<height>260</height>
								<label>$INFO[ListItem.Plot]</label>
								<textcolor>$INFO[Skin.String(ViewDetailsTextColor)]</textcolor>
								<shadowcolor>$INFO[Skin.String(ViewDetailsTextShadowColor)]</shadowcolor>
								<align>justify</align>
								<font>Light28</font>
								<visible>IsEmpty(Window(Home).Property(NextAired.NextNumber))</visible>
							</control>
							<control type="textbox">
								<posx>0</posx>
								<posy>0</posy>
								<width>1150</width>
								<height>200</height>
								<label>$INFO[ListItem.Plot]</label>
								<textcolor>$INFO[Skin.String(ViewDetailsTextColor)]</textcolor>
								<shadowcolor>$INFO[Skin.String(ViewDetailsTextShadowColor)]</shadowcolor>
								<align>justify</align>
								<font>Light28</font>
								<visible>!IsEmpty(Window(Home).Property(NextAired.NextNumber))</visible>
							</control>
							<control type="image">
								<width>1120</width>
								<height>2</height>
								<posy>10</posy>
								<texture>colors/color_lightgrey.png</texture>
							</control>
							<control type="image">
								<width>1150</width>
								<height>15</height>
								<posy>10</posy>
								<texture>colors/color_transparent.png</texture>
							</control>
							<control type="group">
								<!--Premiered or Year -->
								<width>950</width>
								<height>40</height>
								<visible>!IsEmpty(ListItem.Premiered) | !IsEmpty(ListItem.Year)</visible>
								<control type="image">
									<posx>0</posx>
									<posy>3</posy>
									<width>49</width>
									<height>49</height>
									<colordiffuse>$INFO[Skin.String(ViewDetailsTextColor)]</colordiffuse>
									<texture>dialogs/videoinfo/premiered-icon.png</texture>
									<visible>!IsEmpty(ListItem.Premiered) | !IsEmpty(ListItem.Year)</visible>
								</control>
								<control type="label">
									<posx>60</posx>
									<posy>0</posy>
									<width>600</width>
									<font>Reg28</font>
									<align>left</align>
									<label>$INFO[ListItem.Premiered]</label>
									<textcolor>$INFO[Skin.String(ViewDetailsTextColor)]</textcolor>
									<shadowcolor>$INFO[Skin.String(ViewDetailsTextShadowColor)]</shadowcolor>
									<scroll>false</scroll>
									<visible>!IsEmpty(ListItem.Premiered)</visible>
								</control>
								<control type="label">
									<posx>60</posx>
									<posy>0</posy>
									<width>600</width>
									<font>Reg28</font>
									<align>left</align>
									<label>$INFO[ListItem.Year]</label>
									<textcolor>$INFO[Skin.String(ViewDetailsTextColor)]</textcolor>
									<shadowcolor>$INFO[Skin.String(ViewDetailsTextShadowColor)]</shadowcolor>
									<scroll>false</scroll>
									<visible>!IsEmpty(ListItem.Year) + IsEmpty(ListItem.Premiered)</visible>
								</control>
								<control type="image">
									<posx>700</posx>
									<posy>3</posy>
									<width>49</width>
									<height>49</height>
									<colordiffuse>$INFO[Skin.String(ViewDetailsTextColor)]</colordiffuse>
									<texture>dialogs/videoinfo/time-icon.png</texture>
									<visible>!IsEmpty(ListItem.Duration)</visible>
								</control>
								<control type="label">
									<posx>760</posx>
									<posy>0</posy>
									<width>400</width>
									<font>Reg28</font>
									<align>left</align>
									<label>$VAR[ListItemExtendedDuration]</label>
									<textcolor>$INFO[Skin.String(ViewDetailsTextColor)]</textcolor>
									<shadowcolor>$INFO[Skin.String(ViewDetailsTextShadowColor)]</shadowcolor>
									<scroll>false</scroll>
								</control>
							</control>
							<control type="group">
								<!--Director and Writer -->
								<width>600</width>
								<height>40</height>
								<visible>[Container.Content(Movies) | Container.Content(episodes)] + !IsEmpty(ListItem.Director) + !IsEmpty(ListItem.Writer)</visible>
								<control type="image">
									<posx>0</posx>
									<posy>5</posy>
									<width>49</width>
									<height>49</height>
									<colordiffuse>$INFO[Skin.String(ViewDetailsTextColor)]</colordiffuse>
									<texture>dialogs/videoinfo/director-icon.png</texture>
									<visible>!IsEmpty(ListItem.Director)</visible>
								</control>
								<control type="label">
									<posx>60</posx>
									<posy>0</posy>
									<width>600</width>
									<font>Reg28</font>
									<align>left</align>
									<label>$INFO[ListItem.Director]</label>
									<textcolor>$INFO[Skin.String(ViewDetailsTextColor)]</textcolor>
									<shadowcolor>$INFO[Skin.String(ViewDetailsTextShadowColor)]</shadowcolor>
									<scroll>false</scroll>
									<visible>!IsEmpty(ListItem.Director)</visible>
								</control>
								<control type="image">
									<posx>700</posx>
									<posy>2</posy>
									<width>49</width>
									<height>49</height>
									<colordiffuse>$INFO[Skin.String(ViewDetailsTextColor)]</colordiffuse>
									<texture>dialogs/videoinfo/writer-icon.png</texture>
									<visible>!IsEmpty(ListItem.Writer)</visible>
								</control>
								<control type="label">
									<posx>760</posx>
									<posy>0</posy>
									<width>370</width>
									<font>Reg28</font>
									<align>left</align>
									<label>$INFO[ListItem.Writer]</label>
									<textcolor>$INFO[Skin.String(ViewDetailsTextColor)]</textcolor>
									<shadowcolor>$INFO[Skin.String(ViewDetailsTextShadowColor)]</shadowcolor>
									<scroll>false</scroll>
									<visible>!IsEmpty(ListItem.Writer)</visible>
								</control>
							</control>
							<control type="group">
								<!--Genre and studio-->
								<width>1150</width>
								<height>40</height>
								<visible>!IsEmpty(ListItem.Genre)</visible>
								
								<control type="image">
									<posx>0</posx>
									<posy>5</posy>
									<width>49</width>
									<height>49</height>
									<colordiffuse>$INFO[Skin.String(ViewDetailsTextColor)]</colordiffuse>
									<texture>dialogs/videoinfo/genre-icon.png</texture>
									<visible>!IsEmpty(ListItem.Genre)</visible>
								</control>
								<control type="label">
									<posx>60</posx>
									<posy>0</posy>
									<width>600</width>
									<font>Reg28</font>
									<align>left</align>
									<label>$INFO[ListItem.Genre]</label>
									<textcolor>$INFO[Skin.String(ViewDetailsTextColor)]</textcolor>
									<shadowcolor>$INFO[Skin.String(ViewDetailsTextShadowColor)]</shadowcolor>
									<scroll>false</scroll>
									<visible>!IsEmpty(ListItem.Genre)</visible>
								</control>
								<control type="image">
									<posx>700</posx>
									<posy>2</posy>
									<width>49</width>
									<height>49</height>
									<colordiffuse>$INFO[Skin.String(ViewDetailsTextColor)]</colordiffuse>
									<texture>dialogs/videoinfo/tvstudio-icon.png</texture>
									<visible>!IsEmpty(ListItem.Genre)</visible>
								</control>
								<control type="label">
									<posx>760</posx>
									<posy>0</posy>
									<width>370</width>
									<font>Reg28</font>
									<align>left</align>
									<label>$INFO[ListItem.Studio]</label>
									<textcolor>$INFO[Skin.String(ViewDetailsTextColor)]</textcolor>
									<shadowcolor>$INFO[Skin.String(ViewDetailsTextShadowColor)]</shadowcolor>
									<scroll>false</scroll>
									<visible>!IsEmpty(ListItem.Studio)</visible>
								</control>
							</control>
							<control type="image">
								<width>1150</width>
								<height>15</height>
								<texture>colors/color_transparent.png</texture>
							</control>
							<control type="group">
								<!--Total: Episodes-->
								<width>1150</width>
								<height>40</height>
								<visible>!IsEmpty(ListItem.Property(TotalEpisodes)) + IntegerGreaterThan(ListItem.Property(TotalEpisodes),0)</visible>
								<control type="label">
									<posy>0</posy>
									<width>1150</width>
									<font>Reg28</font>
									<align>left</align>
									<label>$INFO[ListItem.Property(TotalEpisodes),[B]$LOCALIZE[20360]:[/B] ,  •  ]$INFO[ListItem.Property(unWatchedepisodes),[B]$LOCALIZE[31092]:[/B] ,]</label>
									<textcolor>$INFO[Skin.String(ViewDetailsTextColor)]</textcolor>
									<shadowcolor>$INFO[Skin.String(ViewDetailsTextShadowColor)]</shadowcolor>
									<scroll>false</scroll>
								</control>
							</control>
							<control type="group">
								<!--NextAired Status-->
								<width>1150</width>
								<height>40</height>
								<visible>!IsEmpty(Window(Home).Property(NextAired.LatestNumber))</visible>
								<control type="label">
									<posy>0</posy>
									<width>1150</width>
									<font>Reg28</font>
									<align>left</align>
									<label>[B]$LOCALIZE[31214]:[/B] $INFO[Window(Home).Property(NextAired.LatestNumber)] $INFO[Window(Home).Property(NextAired.LatestTitle)] ($INFO[Window(Home).Property(NextAired.LatestDate)])</label>
									<textcolor>$INFO[Skin.String(ViewDetailsTextColor)]</textcolor>
									<shadowcolor>$INFO[Skin.String(ViewDetailsTextShadowColor)]</shadowcolor>
									<scroll>false</scroll>
								</control>
							</control>
							<control type="group">
								<!--NextAired Status-->
								<width>1150</width>
								<height>40</height>
								<visible>!IsEmpty(Window(Home).Property(NextAired.NextNumber))</visible>
								<control type="label">
									<posy>0</posy>
									<width>1150</width>
									<font>Reg28</font>
									<align>left</align>
									<label>[B]$LOCALIZE[31212]:[/B] $INFO[Window(Home).Property(NextAired.NextNumber)] $INFO[Window(Home).Property(NextAired.NextTitle)] ($INFO[Window(Home).Property(NextAired.NextDate)])</label>
									<textcolor>$INFO[Skin.String(ViewDetailsTextColor)]</textcolor>
									<shadowcolor>$INFO[Skin.String(ViewDetailsTextShadowColor)]</shadowcolor>
									<scroll>false</scroll>
								</control>
							</control>

						</control>
					
					
					</control>
					
					<!-- movie flags -->
					<control type="group">
						<posx>75</posx>
						<bottom>245</bottom>
						<height>50</height>
						<width>1150</width>
						<posy>920</posy>
						<include>mediaflags</include>
						<visible>!StringCompare(Window.Property(ShowCast),show)</visible>
					</control>
					<control type="group">
						<posx>80</posx>
						<bottom>210</bottom>
						<!--filename-->
						<width>1150</width>
						<height>40</height>
						<visible>!IsEmpty(ListItem.FileNameAndPath)</visible>
						<visible>!StringCompare(Window.Property(ShowCast),show)</visible>
						<control type="label">
							<posy>0</posy>
							<width>1150</width>
							<font>Reg20</font>
							<align>left</align>
							<scroll>true</scroll>
							<label>$INFO[ListItem.FileNameAndPath,[B]$LOCALIZE[21800]: [/B]]</label>
							<textcolor>$INFO[Skin.String(ViewDetailsTextColor)]</textcolor>
							<shadowcolor>$INFO[Skin.String(ViewDetailsTextShadowColor)]</shadowcolor>
						</control>
					</control>
					
					<!--Studio-->
					<control type="group">
						<width>400</width>
						<height>120</height>
						<bottom>220</bottom>
						<right>680</right>
						<visible>!IsEmpty(ListItem.Studio)</visible>
						<visible>!StringCompare(Window.Property(ShowCast),show)</visible>
						<control type="image">
							<!--studio logo -->
							<right>0</right>
							<width>250</width>
							<height>120</height>
							<bottom>10</bottom>
							<aspectratio aligny="bottom" align="right">keep</aspectratio>
							<fadetime>250</fadetime>
							<colordiffuse>$INFO[Skin.String(ViewDetailsTextColor)]</colordiffuse>
							<texture fallback="special://skin/extras/flags/studios/Unknown Studio.png">$INFO[Window(home).Property(ListItemStudioLogo)]</texture>
							<visible>!Skin.String(StudioImagesCustompath)</visible>
						</control>
					</control>	
						
					
					
					
					<!--Cast Stuff-->
					<control type="group" id="9002">
						<visible allowhiddenfocus="true">StringCompare(Window.Property(ShowCast),show)</visible>
						<include>animation_window_open_close</include>
						<control type="button" id="9001">
							<!--Hidden Button-->
							<onfocus>SetFocus(50)</onfocus>
							<onleft>noop</onleft>
							<ondown>noop</ondown>
							<onup>noop</onup>
							<onclick>noop</onclick>
							<font>-</font>
							<label>-</label>
							<textcolor>-</textcolor>
							<focusedcolor>-</focusedcolor>
							<disabledcolor>-</disabledcolor>
							<texturefocus>-</texturefocus>
							<texturenofocus>-</texturenofocus>
						</control>

						<control type="list" id="50">
							<!--List 50 Cast-->
							<posx>63</posx>
							<posy>220</posy>
							<width>1684</width>
							<height>660</height>
							<onup>noop</onup>
							<ondown>9000</ondown>
							<onleft>ClearProperty(ShowCast)</onleft>
							<onback>ClearProperty(ShowCast)</onback>
							<onleft>SetFocus(9000)</onleft>
							<scrolltime>200</scrolltime>
							<orientation>vertical</orientation>
							<focusposition>0</focusposition>
							<viewtype label="actor list">list</viewtype>
							<itemlayout height="60">
								<control type="label">
									<posx>0</posx>
									<posy>0</posy>
									<width>950</width>
									<height>50</height>
									<label>$INFO[ListItem.label,[B],[/B]] $INFO[ListItem.label2,(,)]</label>
									<font>Reg28</font>
									<textcolor>$INFO[Skin.String(ViewDetailsTextColor)]</textcolor>
									<shadowcolor>$INFO[Skin.String(ViewDetailsTextShadowColor)]</shadowcolor>
									<align>left</align>
									<aligny>center</aligny>
									<scroll>no</scroll>
								</control>
							</itemlayout>
							<focusedlayout height="60">
								<control type="label">
									<posx>0</posx>
									<posy>0</posy>
									<width>950</width>
									<height>50</height>
									<label>$INFO[ListItem.label,[B],[/B]] $INFO[ListItem.label2,(,)]</label>
									<textcolor>$INFO[Skin.String(ViewDetailsFocusColor)]</textcolor>
									<shadowcolor>$INFO[Skin.String(ViewDetailsFocusShadowColor)]</shadowcolor>
									<font>Reg28</font>
									<align>left</align>
									<aligny>center</aligny>
								</control>
							</focusedlayout>
							<include condition="substring(Container.FolderPath,plugin://plugin.video.xbmb3c)">CastMB3Content</include>
						</control>
						<control type="image">
							<!--Actor Image-->
							<description>Actor image</description>
							<right>60</right>
							<posy>210</posy>
							<width>450</width>
							<height>680</height>
							<aspectratio align="right" aligny="center">keep</aspectratio>
							<texture background="true" fallback="DefaultActor.png">$VAR[actorImage]</texture>
							<fadetime>300</fadetime>
						</control>
					</control>

				
				</control>
			</control>
		</control>
	</controls>
</window>
