<?xml version="1.0" encoding="utf-8"?>
<!--Titan-->
<fonts>
    <fontset id="default" unicode="true">
        <!-- Required for system -->
        <font>
            <name>font13</name>
            <filename>Arial.ttf</filename>
            <size>30</size>
        </font>
		<font>
            <name>flags</name>
            <filename>Regular.ttf</filename>
            <size>24</size>
			<style>uppercase</style>
        </font>
		<font>
            <name>flags_classic</name>
            <filename>Regular.ttf</filename>
            <size>20</size>
			<style>uppercase</style>
        </font>
		<font>
            <name>rss</name>
            <filename>Bold.ttf</filename>
            <size>28</size>
			<style>bold</style>
        </font>
        <!-- ============= -->
        <!--     Light     -->
        <!-- ============= -->
        <font>
            <name>Light1</name>
            <filename>Light.ttf</filename>
            <size>1</size>
        </font>
        <font>
            <name>Light20</name>
            <filename>Light.ttf</filename>
            <size>20</size>
        </font>
		<font>
            <name>Light22</name>
            <filename>Light.ttf</filename>
            <size>22</size>
        </font>
        <font>
            <name>Light25</name>
            <filename>Light.ttf</filename>
            <size>25</size>
        </font>
        <font>
            <name>Light26</name>
            <filename>Light.ttf</filename>
            <size>26</size>
        </font>
        <font>
            <name>Light27</name>
            <filename>Light.ttf</filename>
            <size>27</size>
        </font>
        <font>
            <name>Light28</name>
            <filename>Light.ttf</filename>
            <size>28</size>
        </font>
        <font>
            <name>Light29</name>
            <filename>Light.ttf</filename>
            <size>29</size>
        </font>
        <font>
            <name>Light30</name>
            <filename>Light.ttf</filename>
            <size>30</size>
        </font>
        <font>
            <name>Light31</name>
            <filename>Light.ttf</filename>
            <size>31</size>
        </font>
        <font>
            <name>Light32</name>
            <!--Small-->
            <filename>Light.ttf</filename>
            <size>32</size>
        </font>
        <font>
            <name>Light33</name>
            <filename>Light.ttf</filename>
            <size>33</size>
        </font>
        <font>
            <name>Light34</name>
            <filename>Light.ttf</filename>
            <size>34</size>
        </font>
        <font>
            <name>Light35</name>
            <filename>Light.ttf</filename>
            <size>35</size>
        </font>
        <font>
            <name>Light36</name>
            <filename>Light.ttf</filename>
            <size>36</size>
        </font>
        <font>
            <name>Light37</name>
            <filename>Light.ttf</filename>
            <size>37</size>
        </font>
        <font>
            <name>Light38</name>
            <!--Medium-->
            <filename>Light.ttf</filename>
            <size>38</size>
        </font>
        <font>
            <name>Light40</name>
            <filename>Light.ttf</filename>
            <size>40</size>
        </font>
        <font>
            <name>Light41</name>
            <filename>Light.ttf</filename>
            <size>41</size>
        </font>
        <font>
            <name>Light42</name>
            <filename>Light.ttf</filename>
            <size>42</size>
        </font>
        <font>
            <name>Light45</name>
            <!--Large-->
            <filename>Light.ttf</filename>
            <size>45</size>
        </font>
        <font>
            <name>Light50</name>
            <filename>Light.ttf</filename>
            <size>50</size>
        </font>
        <font>
            <name>Light49</name>
            <filename>Light.ttf</filename>
            <size>49</size>
        </font>
        <font>
            <name>Light52</name>
            <filename>Light.ttf</filename>
            <size>52</size>
        </font>
        <font>
            <name>Light60</name>
            <filename>Light.ttf</filename>
            <size>60</size>
        </font>
        <font>
            <name>Light72</name>
            <filename>Light.ttf</filename>
            <size>72</size>
        </font>
        <font>
            <name>Light75</name>
            <filename>Light.ttf</filename>
            <size>75</size>
        </font>
        <font>
            <name>Light100</name>
            <!--Home-->
            <filename>Light.ttf</filename>
            <size>100</size>
        </font>
        <font>
            <name>Light270</name>
            <!--Home-->
            <filename>Light.ttf</filename>
            <size>270</size>
        </font>
        <!-- ============= -->
        <!--     Regular   -->
        <!-- ============= -->
        <font>
            <name>Reg1</name>
            <filename>Regular.ttf</filename>
            <size>1</size>
        </font>
		<font>
            <name>Reg14</name>
            <filename>Regular.ttf</filename>
            <size>14</size>
        </font>
        <font>
            <name>Reg20</name>
            <filename>Regular.ttf</filename>
            <size>20</size>
        </font>
		<font>
            <name>Reg22</name>
            <filename>Regular.ttf</filename>
            <size>22</size>
        </font>
		 <font>
            <name>Reg24</name>
            <filename>Regular.ttf</filename>
            <size>24</size>
        </font>
        <font>
            <name>Reg25</name>
            <filename>Regular.ttf</filename>
            <size>25</size>
        </font>
        <font>
            <name>Reg26</name>
            <filename>Regular.ttf</filename>
            <size>26</size>
        </font>
        <font>
            <name>Reg27</name>
            <filename>Regular.ttf</filename>
            <size>27</size>
        </font>
        <font>
            <name>Reg28</name>
            <filename>Regular.ttf</filename>
            <size>28</size>
        </font>
        <font>
            <name>Reg29</name>
            <filename>Regular.ttf</filename>
            <size>29</size>
        </font>
        <font>
            <name>Reg30</name>
            <filename>Regular.ttf</filename>
            <size>30</size>
        </font>
        <font>
            <name>Reg31</name>
            <filename>Regular.ttf</filename>
            <size>31</size>
        </font>
        <font>
            <name>Reg28</name>
            <!--Small-->
            <filename>Regular.ttf</filename>
            <size>32</size>
        </font>
		<font>
            <name>Reg32</name>
            <filename>Regular.ttf</filename>
            <size>32</size>
        </font>
        <font>
            <name>Reg33</name>
            <filename>Regular.ttf</filename>
            <size>33</size>
        </font>
        <font>
            <name>Reg34</name>
            <filename>Regular.ttf</filename>
            <size>34</size>
        </font>
        <font>
            <name>Reg35</name>
            <filename>Regular.ttf</filename>
            <size>35</size>
        </font>
        <font>
            <name>Reg36</name>
            <filename>Regular.ttf</filename>
            <size>36</size>
        </font>
        <font>
            <name>Reg37</name>
            <filename>Regular.ttf</filename>
            <size>37</size>
        </font>
        <font>
            <name>Reg38</name>
            <!--Medium-->
            <filename>Regular.ttf</filename>
            <size>38</size>
        </font>
        <font>
            <name>Reg34</name>
            <filename>Regular.ttf</filename>
            <size>40</size>
        </font>
        <font>
            <name>Reg41</name>
            <filename>Regular.ttf</filename>
            <size>41</size>
        </font>
        <font>
            <name>Reg42</name>
            <filename>Regular.ttf</filename>
            <size>42</size>
        </font>
        <font>
            <name>Reg45</name>
            <!--Large-->
            <filename>Regular.ttf</filename>
            <size>45</size>
        </font>
        <font>
            <name>Reg50</name>
            <filename>Regular.ttf</filename>
            <size>50</size>
        </font>
        <font>
            <name>Reg49</name>
            <filename>Regular.ttf</filename>
            <size>49</size>
        </font>
        <font>
            <name>Reg60</name>
            <filename>Regular.ttf</filename>
            <size>60</size>
        </font>
        <font>
            <name>Reg72</name>
            <filename>Regular.ttf</filename>
            <size>72</size>
        </font>
        <font>
            <name>Reg75</name>
            <filename>Regular.ttf</filename>
            <size>75</size>
        </font>
        <font>
            <name>Reg100</name>
            <!--Home-->
            <filename>Regular.ttf</filename>
            <size>100</size>
        </font>
        <font>
            <name>Reg270</name>
            <!--Home-->
            <filename>Regular.ttf</filename>
            <size>270</size>
        </font>
        <!-- ============= -->
        <!--     Bold      -->
        <!-- ============= -->
        <font>
            <name>Bold30Big</name>
            <filename>Bold.ttf</filename>
            <size>30</size>
            <style>bold</style>
        </font>
        <font>
            <name>Bold34Big</name>
            <filename>Bold.ttf</filename>
            <size>34</size>
            <style>bold</style>
        </font>
        <font>
            <name>Bold30</name>
            <filename>Bold.ttf</filename>
            <size>30</size>
        </font>
        <font>
            <name>Bold32</name>
            <filename>Bold.ttf</filename>
            <size>32</size>
        </font>
        <font>
            <name>Bold34</name>
            <filename>Bold.ttf</filename>
            <size>34</size>
        </font>
        <font>
            <name>Bold38</name>
            <filename>Bold.ttf</filename>
            <size>38</size>
        </font>
        <font>
            <name>Bold40</name>
            <filename>Bold.ttf</filename>
            <size>40</size>
        </font>
        <font>
            <name>Bold45</name>
            <filename>Bold.ttf</filename>
            <size>45</size>
        </font>
        <font>
            <name>Bold55</name>
            <filename>Bold.ttf</filename>
            <size>55</size>
        </font>
        <font>
            <name>Bold120</name>
            <filename>Bold.ttf</filename>
            <size>120</size>
        </font>
    </fontset>

	<fontset id="Arial" unicode="true">
        <!-- Required for system -->
        <font>
            <name>font13</name>
            <filename>Arial.ttf</filename>
            <size>30</size>
        </font>
		<font>
            <name>flags</name>
            <filename>Regular.ttf</filename>
            <size>24</size>
			<style>uppercase</style>
        </font>
		<font>
            <name>flags_classic</name>
            <filename>Regular.ttf</filename>
            <size>20</size>
			<style>uppercase</style>
        </font>
		<font>
            <name>rss</name>
            <filename>Arial.ttf</filename>
            <size>25</size>
			<style>bold</style>
        </font>
        <!-- ============= -->
        <!--     Light     -->
        <!-- ============= -->
        <font>
            <name>Light1</name>
            <filename>Arial.ttf</filename>
            <size>1</size>
        </font>
        <font>
            <name>Light20</name>
            <filename>Arial.ttf</filename>
            <size>16</size>
        </font>
		<font>
            <name>Light22</name>
            <filename>Arial.ttf</filename>
            <size>18</size>
        </font>
        <font>
            <name>Light25</name>
            <filename>Arial.ttf</filename>
            <size>21</size>
        </font>
        <font>
            <name>Light26</name>
            <filename>Arial.ttf</filename>
            <size>22</size>
        </font>
        <font>
            <name>Light27</name>
            <filename>Arial.ttf</filename>
            <size>23</size>
        </font>
        <font>
            <name>Light28</name>
            <filename>Arial.ttf</filename>
            <size>24</size>
        </font>
        <font>
            <name>Light29</name>
            <filename>Arial.ttf</filename>
            <size>25</size>
        </font>
        <font>
            <name>Light30</name>
            <filename>Arial.ttf</filename>
            <size>26</size>
        </font>
        <font>
            <name>Light31</name>
            <filename>Arial.ttf</filename>
            <size>27</size>
        </font>
        <font>
            <name>Light32</name>
            <!--Small-->
            <filename>Arial.ttf</filename>
            <size>28</size>
        </font>
        <font>
            <name>Light33</name>
            <filename>Arial.ttf</filename>
            <size>29</size>
        </font>
        <font>
            <name>Light34</name>
            <filename>Arial.ttf</filename>
            <size>30</size>
        </font>
        <font>
            <name>Light35</name>
            <filename>Arial.ttf</filename>
            <size>31</size>
        </font>
        <font>
            <name>Light36</name>
            <filename>Arial.ttf</filename>
            <size>30</size>
        </font>
        <font>
            <name>Light37</name>
            <filename>Arial.ttf</filename>
            <size>31</size>
        </font>
        <font>
            <name>Light38</name>
            <!--Medium-->
            <filename>Arial.ttf</filename>
            <size>32</size>
        </font>
        <font>
            <name>Light40</name>
            <filename>Arial.ttf</filename>
            <size>34</size>
        </font>
        <font>
            <name>Light41</name>
            <filename>Arial.ttf</filename>
            <size>35</size>
        </font>
        <font>
            <name>Light42</name>
            <filename>Arial.ttf</filename>
            <size>36</size>
        </font>
        <font>
            <name>Light45</name>
            <!--Large-->
            <filename>Arial.ttf</filename>
            <size>41</size>
        </font>
        <font>
            <name>Light50</name>
            <filename>Arial.ttf</filename>
            <size>44</size>
        </font>
        <font>
            <name>Light49</name>
            <filename>Arial.ttf</filename>
            <size>42</size>
        </font>
        <font>
            <name>Light52</name>
            <filename>Arial.ttf</filename>
            <size>44</size>
        </font>
        <font>
            <name>Light60</name>
            <filename>Arial.ttf</filename>
            <size>50</size>
        </font>
        <font>
            <name>Light72</name>
            <filename>Arial.ttf</filename>
            <size>70</size>
        </font>
        <font>
            <name>Light75</name>
            <filename>Arial.ttf</filename>
            <size>70</size>
        </font>
        <font>
            <name>Light100</name>
            <!--Home-->
            <filename>Arial.ttf</filename>
            <size>90</size>
        </font>
        <font>
            <name>Light270</name>
            <!--Home-->
            <filename>Arial.ttf</filename>
            <size>260</size>
        </font>
        <!-- ============= -->
        <!--     Regular   -->
        <!-- ============= -->
        <font>
            <name>Reg1</name>
            <filename>Arial.ttf</filename>
            <size>1</size>
        </font>
		<font>
            <name>Reg14</name>
            <filename>Arial.ttf</filename>
            <size>12</size>
        </font>
        <font>
            <name>Reg20</name>
            <filename>Arial.ttf</filename>
            <size>18</size>
        </font>
		<font>
            <name>Reg22</name>
            <filename>Arial.ttf</filename>
            <size>19</size>
        </font>
		 <font>
            <name>Reg24</name>
            <filename>Arial.ttf</filename>
            <size>21</size>
        </font>
        <font>
            <name>Reg25</name>
            <filename>Arial.ttf</filename>
            <size>22</size>
        </font>
        <font>
            <name>Reg26</name>
            <filename>Arial.ttf</filename>
            <size>23</size>
        </font>
        <font>
            <name>Reg27</name>
            <filename>Arial.ttf</filename>
            <size>24</size>
        </font>
        <font>
            <name>Reg28</name>
            <filename>Arial.ttf</filename>
            <size>25</size>
        </font>
        <font>
            <name>Reg29</name>
            <filename>Arial.ttf</filename>
            <size>26</size>
        </font>
        <font>
            <name>Reg30</name>
            <filename>Arial.ttf</filename>
            <size>27</size>
        </font>
        <font>
            <name>Reg31</name>
            <filename>Arial.ttf</filename>
            <size>28</size>
        </font>
        <font>
            <name>Reg28</name>
            <!--Small-->
            <filename>Arial.ttf</filename>
            <size>25</size>
        </font>
		<font>
            <name>Reg32</name>
            <filename>Arial.ttf</filename>
            <size>29</size>
        </font>
        <font>
            <name>Reg33</name>
            <filename>Arial.ttf</filename>
            <size>30</size>
        </font>
        <font>
            <name>Reg34</name>
            <filename>Arial.ttf</filename>
            <size>31</size>
        </font>
        <font>
            <name>Reg35</name>
            <filename>Arial.ttf</filename>
            <size>32</size>
        </font>
        <font>
            <name>Reg36</name>
            <filename>Arial.ttf</filename>
            <size>33</size>
        </font>
        <font>
            <name>Reg37</name>
            <filename>Arial.ttf</filename>
            <size>34</size>
        </font>
        <font>
            <name>Reg38</name>
            <!--Medium-->
            <filename>Arial.ttf</filename>
            <size>35</size>
        </font>
        <font>
            <name>Reg34</name>
            <filename>Arial.ttf</filename>
            <size>31</size>
        </font>
        <font>
            <name>Reg41</name>
            <filename>Arial.ttf</filename>
            <size>38</size>
        </font>
        <font>
            <name>Reg42</name>
            <filename>Arial.ttf</filename>
            <size>39</size>
        </font>
        <font>
            <name>Reg45</name>
            <!--Large-->
            <filename>Arial.ttf</filename>
            <size>41</size>
        </font>
        <font>
            <name>Reg50</name>
            <filename>Arial.ttf</filename>
            <size>47</size>
        </font>
        <font>
            <name>Reg49</name>
            <filename>Arial.ttf</filename>
            <size>46</size>
        </font>
        <font>
            <name>Reg60</name>
            <filename>Arial.ttf</filename>
            <size>57</size>
        </font>
        <font>
            <name>Reg72</name>
            <filename>Arial.ttf</filename>
            <size>69</size>
        </font>
        <font>
            <name>Reg75</name>
            <filename>Arial.ttf</filename>
            <size>72</size>
        </font>
        <font>
            <name>Reg100</name>
            <!--Home-->
            <filename>Arial.ttf</filename>
            <size>90</size>
        </font>
        <font>
            <name>Reg270</name>
            <!--Home-->
            <filename>Arial.ttf</filename>
            <size>270</size>
        </font>
        <!-- ============= -->
        <!--     Bold      -->
        <!-- ============= -->
        <font>
            <name>Bold30Big</name>
            <filename>Arial.ttf</filename>
            <size>30</size>
            <style>bold</style>
        </font>
        <font>
            <name>Bold34Big</name>
            <filename>Arial.ttf</filename>
            <size>34</size>
            <style>bold</style>
        </font>
        <font>
            <name>Bold30</name>
            <filename>Arial.ttf</filename>
            <size>26</size>
			<style>bold</style>
        </font>
        <font>
            <name>Bold32</name>
            <filename>Arial.ttf</filename>
            <size>28</size>
			<style>bold</style>
        </font>
        <font>
            <name>Bold34</name>
            <filename>Arial.ttf</filename>
            <size>30</size>
			<style>bold</style>
        </font>
        <font>
            <name>Bold38</name>
            <filename>Arial.ttf</filename>
            <size>34</size>
			<style>bold</style>
        </font>
        <font>
            <name>Bold40</name>
            <filename>Arial.ttf</filename>
            <size>36</size>
			<style>bold</style>
        </font>
        <font>
            <name>Bold45</name>
            <filename>Arial.ttf</filename>
            <size>41</size>
			<style>bold</style>
        </font>
        <font>
            <name>Bold55</name>
            <filename>Arial.ttf</filename>
            <size>51</size>
			<style>bold</style>
        </font>
        <font>
            <name>Bold120</name>
            <filename>Arial.ttf</filename>
            <size>110</size>
			<style>bold</style>
        </font>
    </fontset>

	<fontset id="Large" unicode="true">
        <!-- Required for system -->
        <font>
            <name>font13</name>
            <filename>Arial.ttf</filename>
            <size>30</size>
        </font>
		<font>
            <name>flags</name>
            <filename>Regular.ttf</filename>
            <size>24</size>
			<style>uppercase</style>
        </font>
		<font>
            <name>flags_classic</name>
            <filename>Regular.ttf</filename>
            <size>20</size>
			<style>uppercase</style>
        </font>
		<font>
            <name>rss</name>
            <filename>Bold.ttf</filename>
            <size>25</size>
			<style>bold</style>
        </font>
        <!-- ============= -->
        <!--     Light     -->
        <!-- ============= -->
        <font>
            <name>Light1</name>
            <filename>Light.ttf</filename>
            <size>1</size>
        </font>
        <font>
            <name>Light20</name>
            <filename>Light.ttf</filename>
            <size>22</size>
        </font>
		<font>
            <name>Light22</name>
            <filename>Light.ttf</filename>
            <size>24</size>
        </font>
        <font>
            <name>Light25</name>
            <filename>Light.ttf</filename>
            <size>28</size>
        </font>
        <font>
            <name>Light26</name>
            <filename>Light.ttf</filename>
            <size>30</size>
        </font>
        <font>
            <name>Light27</name>
            <filename>Light.ttf</filename>
            <size>32</size>
        </font>
        <font>
            <name>Light28</name>
            <filename>Light.ttf</filename>
            <size>34</size>
        </font>
        <font>
            <name>Light29</name>
            <filename>Light.ttf</filename>
            <size>35</size>
        </font>
        <font>
            <name>Light30</name>
            <filename>Light.ttf</filename>
            <size>35</size>
        </font>
        <font>
            <name>Light31</name>
            <filename>Light.ttf</filename>
            <size>35</size>
        </font>
        <font>
            <name>Light32</name>
            <!--Small-->
            <filename>Light.ttf</filename>
            <size>37</size>
        </font>
        <font>
            <name>Light33</name>
            <filename>Light.ttf</filename>
            <size>36</size>
        </font>
        <font>
            <name>Light34</name>
            <filename>Light.ttf</filename>
            <size>38</size>
        </font>
        <font>
            <name>Light35</name>
            <filename>Light.ttf</filename>
            <size>39</size>
        </font>
        <font>
            <name>Light36</name>
            <filename>Light.ttf</filename>
            <size>40</size>
        </font>
        <font>
            <name>Light37</name>
            <filename>Light.ttf</filename>
            <size>41</size>
        </font>
        <font>
            <name>Light38</name>
            <!--Medium-->
            <filename>Light.ttf</filename>
            <size>42</size>
        </font>
        <font>
            <name>Light40</name>
            <filename>Light.ttf</filename>
            <size>44</size>
        </font>
        <font>
            <name>Light41</name>
            <filename>Light.ttf</filename>
            <size>45</size>
        </font>
        <font>
            <name>Light42</name>
            <filename>Light.ttf</filename>
            <size>44</size>
        </font>
        <font>
            <name>Light45</name>
            <!--Large-->
            <filename>Light.ttf</filename>
            <size>46</size>
        </font>
        <font>
            <name>Light50</name>
            <filename>Light.ttf</filename>
            <size>52</size>
        </font>
        <font>
            <name>Light49</name>
            <filename>Light.ttf</filename>
            <size>50</size>
        </font>
        <font>
            <name>Light52</name>
            <filename>Light.ttf</filename>
            <size>52</size>
        </font>
        <font>
            <name>Light60</name>
            <filename>Light.ttf</filename>
            <size>60</size>
        </font>
        <font>
            <name>Light72</name>
            <filename>Light.ttf</filename>
            <size>72</size>
        </font>
        <font>
            <name>Light75</name>
            <filename>Light.ttf</filename>
            <size>75</size>
        </font>
        <font>
            <name>Light100</name>
            <!--Home-->
            <filename>Light.ttf</filename>
            <size>100</size>
        </font>
        <font>
            <name>Light270</name>
            <!--Home-->
            <filename>Light.ttf</filename>
            <size>270</size>
        </font>
        <!-- ============= -->
        <!--     Regular   -->
        <!-- ============= -->
        <font>
            <name>Reg1</name>
            <filename>Regular.ttf</filename>
            <size>1</size>
        </font>
		<font>
            <name>Reg14</name>
            <filename>Regular.ttf</filename>
            <size>15</size>
        </font>
        <font>
            <name>Reg20</name>
            <filename>Regular.ttf</filename>
            <size>22</size>
        </font>
		<font>
            <name>Reg22</name>
            <filename>Regular.ttf</filename>
            <size>25</size>
        </font>
		 <font>
            <name>Reg24</name>
            <filename>Regular.ttf</filename>
            <size>27</size>
        </font>
        <font>
            <name>Reg25</name>
            <filename>Regular.ttf</filename>
            <size>28</size>
        </font>
        <font>
            <name>Reg26</name>
            <filename>Regular.ttf</filename>
            <size>30</size>
        </font>
        <font>
            <name>Reg27</name>
            <filename>Regular.ttf</filename>
            <size>31</size>
        </font>
        <font>
            <name>Reg28</name>
            <filename>Regular.ttf</filename>
            <size>32</size>
        </font>
        <font>
            <name>Reg29</name>
            <filename>Regular.ttf</filename>
            <size>33</size>
        </font>
        <font>
            <name>Reg30</name>
            <filename>Regular.ttf</filename>
            <size>34</size>
        </font>
        <font>
            <name>Reg31</name>
            <filename>Regular.ttf</filename>
            <size>35</size>
        </font>
        <font>
            <name>Reg28</name>
            <!--Small-->
            <filename>Regular.ttf</filename>
            <size>36</size>
        </font>
		<font>
            <name>Reg32</name>
            <filename>Regular.ttf</filename>
            <size>36</size>
        </font>
        <font>
            <name>Reg33</name>
            <filename>Regular.ttf</filename>
            <size>33</size>
        </font>
        <font>
            <name>Reg34</name>
            <filename>Regular.ttf</filename>
            <size>38</size>
        </font>
        <font>
            <name>Reg35</name>
            <filename>Regular.ttf</filename>
            <size>39</size>
        </font>
        <font>
            <name>Reg36</name>
            <filename>Regular.ttf</filename>
            <size>40</size>
        </font>
        <font>
            <name>Reg37</name>
            <filename>Regular.ttf</filename>
            <size>41</size>
        </font>
        <font>
            <name>Reg38</name>
            <!--Medium-->
            <filename>Regular.ttf</filename>
            <size>42</size>
        </font>
        <font>
            <name>Reg34</name>
            <filename>Regular.ttf</filename>
            <size>38</size>
        </font>
        <font>
            <name>Reg41</name>
            <filename>Regular.ttf</filename>
            <size>45</size>
        </font>
        <font>
            <name>Reg42</name>
            <filename>Regular.ttf</filename>
            <size>46</size>
        </font>
        <font>
            <name>Reg45</name>
            <!--Large-->
            <filename>Regular.ttf</filename>
            <size>49</size>
        </font>
        <font>
            <name>Reg50</name>
            <filename>Regular.ttf</filename>
            <size>52</size>
        </font>
        <font>
            <name>Reg49</name>
            <filename>Regular.ttf</filename>
            <size>51</size>
        </font>
        <font>
            <name>Reg60</name>
            <filename>Regular.ttf</filename>
            <size>62</size>
        </font>
        <font>
            <name>Reg72</name>
            <filename>Regular.ttf</filename>
            <size>74</size>
        </font>
        <font>
            <name>Reg75</name>
            <filename>Regular.ttf</filename>
            <size>75</size>
        </font>
        <font>
            <name>Reg100</name>
            <!--Home-->
            <filename>Regular.ttf</filename>
            <size>100</size>
        </font>
        <font>
            <name>Reg270</name>
            <!--Home-->
            <filename>Regular.ttf</filename>
            <size>270</size>
        </font>
        <!-- ============= -->
        <!--     Bold      -->
        <!-- ============= -->
        <font>
            <name>Bold30Big</name>
            <filename>Bold.ttf</filename>
            <size>30</size>
            <style>bold</style>
        </font>
        <font>
            <name>Bold34Big</name>
            <filename>Bold.ttf</filename>
            <size>36</size>
            <style>bold</style>
        </font>
        <font>
            <name>Bold30</name>
            <filename>Bold.ttf</filename>
            <size>32</size>
        </font>
        <font>
            <name>Bold32</name>
            <filename>Bold.ttf</filename>
            <size>35</size>
        </font>
        <font>
            <name>Bold34</name>
            <filename>Bold.ttf</filename>
            <size>37</size>
        </font>
        <font>
            <name>Bold38</name>
            <filename>Bold.ttf</filename>
            <size>41</size>
        </font>
        <font>
            <name>Bold40</name>
            <filename>Bold.ttf</filename>
            <size>44</size>
        </font>
        <font>
            <name>Bold45</name>
            <filename>Bold.ttf</filename>
            <size>49</size>
        </font>
        <font>
            <name>Bold55</name>
            <filename>Bold.ttf</filename>
            <size>57</size>
        </font>
        <font>
            <name>Bold120</name>
            <filename>Bold.ttf</filename>
            <size>120</size>
        </font>
    </fontset>

	
	</fonts>