<?xml version="1.0" encoding="utf-8"?>
<includes>

	<include name="FavouritesTextBased">
		<!-- text based favorites -->
		<control type="group">
			 <include>animation_window_open_close</include>
			<!-- Background Panel-->
			<control type="image">
				<posx>60</posx>
				<posy>320</posy>
				<width>1800</width>
				<height>630</height>
				<texture>colors/color_white.png</texture>
				<animation effect="fade" reversible="false" end="80" time="0" condition="StringCompare(Skin.String(ViewDetailsPanelOpacity),80)">Conditional</animation>
				<animation effect="fade" reversible="false" end="60" time="0" condition="StringCompare(Skin.String(ViewDetailsPanelOpacity),60)">Conditional</animation>
				<animation effect="fade" reversible="false" end="40" time="0" condition="StringCompare(Skin.String(ViewDetailsPanelOpacity),40)">Conditional</animation>
				<animation effect="fade" reversible="false" end="20" time="0" condition="StringCompare(Skin.String(ViewDetailsPanelOpacity),20)">Conditional</animation>
				<animation effect="fade" reversible="false" end="0" time="0" condition="StringCompare(Skin.String(ViewDetailsPanelOpacity),0)">Conditional</animation>
				<colordiffuse>$VAR[panel_color]</colordiffuse>
				<visible>!skin.hastheme(classic)</visible>
			</control>
			
			<control type="image">
				<posx>60</posx>
				<posy>320</posy>
				<width>500</width>
				<height>630</height>
				<texture>colors/color_white.png</texture>
				<animation effect="fade" reversible="false" end="80" time="0" condition="StringCompare(Skin.String(ViewDetailsPanelOpacity),80)">Conditional</animation>
				<animation effect="fade" reversible="false" end="60" time="0" condition="StringCompare(Skin.String(ViewDetailsPanelOpacity),60)">Conditional</animation>
				<animation effect="fade" reversible="false" end="40" time="0" condition="StringCompare(Skin.String(ViewDetailsPanelOpacity),40)">Conditional</animation>
				<animation effect="fade" reversible="false" end="20" time="0" condition="StringCompare(Skin.String(ViewDetailsPanelOpacity),20)">Conditional</animation>
				<animation effect="fade" reversible="false" end="0" time="0" condition="StringCompare(Skin.String(ViewDetailsPanelOpacity),0)">Conditional</animation>
				<visible>!skin.hastheme(classic)</visible>
				<colordiffuse>$VAR[panel_color]</colordiffuse>
			</control>
			           
			<include condition="skin.hastheme(classic)">ClassicListDetailsPanels</include>
			
			<control type="list" id="450">
                <posy>350</posy>
                <width>1880</width>
                <height>590</height>
                <onleft>9000</onleft>
                <onright>60</onright>
                <onup>450</onup>
                <ondown>450</ondown>
                <pagecontrol>60</pagecontrol>
                <viewtype label="31443">list</viewtype>
                <scrolltime>300</scrolltime>
                <!-- All Other x=570 w=1180 -->
                <itemlayout width="1900" height="62">
                    <control type="label">
                        <!--Label 1-->
                        <posx>630</posx>
                        <width>1100</width>
                        <font>Reg28</font>
                        <textcolor>$INFO[Skin.String(ViewDetailsTextColor)]</textcolor>
                        <selectedcolor>list_label_1_select</selectedcolor>
                        <label>$INFO[ListItem.Label]</label>
                    </control>
                    <control type="image">
                        <!--Separator-->
                        <posx>615</posx>
                        <posy>56</posy>
                        <width>1200</width>
                        <height>20</height>
                        <fadetime>400</fadetime>
                        <colordiffuse>list_separator</colordiffuse>
                        <texture>common/separator.png</texture>
                    </control>
                </itemlayout>
                <focusedlayout width="1900" height="90">
                    <control type="image">
                        <!--Slider-->
                        <posx>570</posx>
                        <width>1245</width>
                        <height>86</height>
                        <colordiffuse>$INFO[Skin.String(ButtonFocusColor)]</colordiffuse>
                        <texture>views/view_50_slider_big.png</texture>
                    </control>
                    <control type="label">
                        <!--Label 1-->
                        <posx>630</posx>
                        <width>1100</width>
                        <height>55</height>
                        <font>Reg36</font>
						<scroll>true</scroll>
                        <textcolor>$INFO[Skin.String(ViewDetailsFocusColor)]</textcolor>
                        <selectedcolor>$INFO[Skin.String(ViewDetailsFocusColor)]</selectedcolor>
						<shadowcolor>$INFO[Skin.String(ViewDetailsFocusShadowColor)]</shadowcolor>
                        <label>$INFO[ListItem.Label]</label>
                    </control>
                    <control type="label">
                        <!--Label 2-->
                        <posx>630</posx>
                        <posy>52</posy>
                        <width>1100</width>
                        <height>30</height>
                        <font>Light28</font>
						<scroll>true</scroll>
                        <textcolor>$INFO[Skin.String(ViewDetailsTextColor)]</textcolor>
                        <selectedcolor>$INFO[Skin.String(ViewDetailsTextColor)]</selectedcolor>
                        <label>$INFO[ListItem.Label2]</label>
                        <visible>!StringCompare(ListItem.Label,..)</visible>
                    </control>
                    <control type="image">
                        <!--Separator-->
                        <posx>615</posx>
                        <posy>86</posy>
                        <width>1200</width>
                        <height>20</height>
                        <fadetime>400</fadetime>
                        <colordiffuse>list_separator</colordiffuse>
                        <texture>common/separator.png</texture>
                    </control>
					
                </focusedlayout>
			</control>
			
			<control type="image">
                <!--Others-->
                <visible>!Container.Content(movies) + !Container.Content(tvshows) + !Container.Content(seasons) + !Container.Content(episodes) + !Container.Content(songs) + !Container.Content(artists) + !Container.Content(albums) + !Container.Content(genres)</visible>
                <posx>130</posx>
                <posy>450</posy>
                <width>360</width>
                <height>360</height>
                <fadetime>600</fadetime>
                <texture background="true">$INFO[Container(450).ListItem.Icon]</texture>
                <aspectratio align="left" aligny="top">keep</aspectratio>
            </control>
       
			<!--vertical Scollbar-->
			<control type="scrollbar" id="60">
				<visible>Control.IsVisible(50)</visible>
				<right>15</right>
				<posy>320</posy>
				<width>25</width>
				<height>630</height>
				<onup>60</onup>
				<ondown>60</ondown>
				<onleft>510</onleft>
				<animation effect="fade" start="0" end="100" time="400" condition="Control.HasFocus(60) | Skin.HasSetting(EnableTouchSupport) | Container.Scrolling">Conditional</animation>
				<animation effect="fade" start="100" end="0" time="400" condition="![Control.HasFocus(60) | Skin.HasSetting(EnableTouchSupport) | Container.Scrolling]">Conditional</animation>
			</control>
	             
        </control>
        
	</include>
	
	<include name="FavouritesThumbsBased">
		<!-- thumbs based favorites -->
		<control type="group">
            <posx>0</posx>
            <posy>0</posy>
            <include>animation_window_open_close</include>
			<control type="panel" id="450">
				<posx>45</posx>
				<posy>200</posy>
				<width>1840</width>
				<height>740</height>
				<orientation>vertical</orientation>
				<onleft>450</onleft>
				<onright>450</onright>
				<itemgap>0</itemgap>
				<itemlayout width="367" height="185">
					<control type="image">
						<!--Panel Shadow-->
						<posx>7</posx>
						<posy>7</posy>
						<width>354</width>
						<height>175</height>
						<texture>home/home_shadow.png</texture>
					</control>
					<control type="image">
						<!--Panel Normal-->
						<posx>0</posx>
						<posy>0</posy>
						<width>354</width>
						<height>175</height>
						<texture background="true" diffuse="home/home_matte2.png" fallback="home/favourites.png">$INFO[ListItem.Icon]</texture>
						<aspectratio scalediffuse="true" align="center" aligny="center">stretch</aspectratio>
					</control>
					<control type="image">
						<!--Panel Ovelay-->
						<posx></posx>
						<posy>-10</posy>
						<width>354</width>
						<height>185</height>
						<colordiffuse>ccFFFFFF</colordiffuse>
						<texture diffuse="home/home_matte2.png">home/home_overlay.png</texture>
					</control>
					<control type="label">
						<!--Label-->
						<posx>10</posx>
						<posy>93</posy>
						<width>323</width>
						<height>100</height>
						<align>left</align>
						<info>ListItem.Label</info>
						<font>Reg24</font>
						<textcolor>lightgrey</textcolor>
						<shadowcolor>black</shadowcolor>
					</control>
				</itemlayout>
				<focusedlayout width="367" height="185">
					<control type="group">
						<control type="image">
							<!--Panel Shadow-->
							<posx>7</posx>
							<posy>7</posy>
							<width>354</width>
							<height>175</height>
							<texture>home/home_shadow.png</texture>
						</control>
						<control type="image">
							<!--Panel Normal-->
							<posx>0</posx>
							<posy>0</posy>
							<width>354</width>
							<height>175</height>
							<texture background="true" diffuse="home/home_matte2.png" fallback="home/favourites.png">$INFO[ListItem.Icon]</texture>
							<aspectratio scalediffuse="true" align="center" aligny="center">stretch</aspectratio>
						</control>
						<control type="image">
							<!--Panel Ovelay-->
							<posx></posx>
							<posy>-10</posy>
							<width>354</width>
							<height>185</height>
							<colordiffuse>ccFFFFFF</colordiffuse>
							<texture diffuse="home/home_matte2.png">home/home_overlay.png</texture>
						</control>
						<control type="label">
							<!--Label-->
							<posx>10</posx>
							<posy>93</posy>
							<width>323</width>
							<height>100</height>
							<align>left</align>
							<info>ListItem.Label</info>
							<font>Reg24</font>
							<textcolor>lightgrey</textcolor>
							<shadowcolor>black</shadowcolor>
						</control>
						<control type="label">
							<!--Label focus-->
							<animation type="Focus">
								<effect type="fade" start="0" end="100" time="300" center="auto" delay="0" tween="cubic" easing="inout" />
							</animation>
							<animation type="UnFocus">
								<effect type="fade" start="100" end="0" time="300" center="auto" delay="0" tween="cubic" easing="inout" />
							</animation>
							<posx>10</posx>
							<posy>93</posy>
							<width>323</width>
							<height>100</height>
							<align>left</align>
							<info>ListItem.Label</info>
							<font>Reg24</font>
							<textcolor>$INFO[Skin.String(HomeViewDetailsFocusColor)]</textcolor>
							<shadowcolor>black</shadowcolor>
						</control>
						<control type="image">
							<!--Panel Focus-->
							<animation type="Focus">
								<effect type="fade" start="0" end="100" time="300" center="auto" delay="0" tween="cubic" easing="inout" />
							</animation>
							<animation type="UnFocus">
								<effect type="fade" start="100" end="0" time="300" center="auto" delay="0" tween="cubic" easing="inout" />
							</animation>
							<posx>-5</posx>
							<posy>-7</posy>
							<width>368</width>
							<height>191</height>
							<colordiffuse>$INFO[Skin.String(HomeViewDetailsFocusColor)]</colordiffuse>
							<texture>home/home_focus.png</texture>
						</control>
					</control>
				</focusedlayout>		
			</control>
		</control>
    
	</include>
	



</includes>
