<?xml version="1.0" encoding="utf-8"?>
<includes>

    <include name="DialogContextMenuClassic">
        <control type="group">
            <posx>710</posx>
            <posy>200</posy>
            <!--Panel-->
            <control type="image">
                <width>500</width>
                <height>800</height>
                <texture border="39">dialogs/default/bg.png</texture>
                <aspectratio>stretch</aspectratio>
            </control>
            <!--Label Menu: -->
            <control type="label" id="200">
                <!--Label Menu-->
                <posx>21</posx>
                <posy>60</posy>
                <width>458</width>
                <align>left</align>
                <textoffsetx>50</textoffsetx>
                <font>Bold40</font>
                <textcolor>$VAR[ThemeFontColorBlack]</textcolor>
                <label>$LOCALIZE[33061]:</label>
            </control>
            <control type="image">
                <!--Seperator-->
                <posx>21</posx>
                <posy>120</posy>
                <width>458</width>
                <height>20</height>
                <align>left</align>
                <texture>common/menu-separator.png</texture>
            </control>
            <control type="grouplist" id="996">
                <width></width>
                <posx>21</posx>
                <posy>140</posy>
                <height>630</height>
                <itemgap>3</itemgap>
                <!--Buttons-->
                <control type="button" id="1000">
                    <description>Buttons</description>
                    <include>SubMenuButton</include>
                </control>
				<control type="button" id="9325">
				<include>SubMenuButton</include>
				<label>31248</label>
				<onclick condition="Container.Content(tvshows)">XBMC.RunScript(script.artwork.downloader, mediatype=tvshow, dbid=$INFO[ListItem.DBID])</onclick>
				<onclick condition="Container.Content(movies)">XBMC.RunScript(script.artwork.downloader, mediatype=movie, dbid=$INFO[ListItem.DBID])</onclick>
				<onclick condition="Container.Content(musicvideos)">XBMC.RunScript(script.artwork.downloader, mediatype=musicvideos, dbid=$INFO[ListItem.DBID])</onclick>
				<onclick>SetFocus(51)</onclick>
				<visible>System.HasAddon(script.artwork.downloader) + [Container.Content(tvshows) | Container.Content(movies) | Container.Content(musicvideos)]</visible>
				</control>
				<control type="button" id="1033">
					<include>SubMenuButton</include>
					<onleft>Dialog.Close(106)</onleft>
					<onright>Dialog.Close(106)</onright>
					<onclick>RunScript(script.trakt,action=contextmenu)</onclick>
					<label>$INFO[System.AddonTitle(script.trakt)]</label>
					<visible>System.HasAddon(script.trakt)</visible>
				</control>
				<control type="button" id="115">
					<!--Extended Info Button-->
					<label>Extended Info</label>
					<include>SubMenuButton</include>
					<onleft>Dialog.Close(106)</onleft>
					<onright>Dialog.Close(106)</onright>
					<onclick condition="!System.HasAddon(script.extendedinfo)">ActivateWindow(Videos,plugin://script.extendedinfo)</onclick>
					<onclick condition="IsEmpty(ListItem.TvShowTitle) + !Container.Content(tvshows)">RunScript(script.extendedinfo,info=extendedinfo,dbid=$INFO[ListItem.DBID],name=$INFO[ListItem.Title])</onclick>
					<onclick condition="Container.Content(tvshows)">RunScript(script.extendedinfo,info=extendedtvinfo,dbid=$INFO[ListItem.DBID],name=$INFO[ListItem.TvShowTitle])</onclick>
					<onclick condition="!IsEmpty(ListItem.TvShowTitle) + !IsEmpty(ListItem.Season)">RunScript(script.extendedinfo,info=seasoninfo,tvshow=$INFO[ListItem.TvShowTitle],season=$INFO[ListItem.Season],silent=True)</onclick>
				</control>
            </control>
        </control>
	</include>
		
	<include name="DialogContextMenuModern">
		<control type="group">
			<posx>-660</posx>
			<posy>0</posy>
			<animation effect="slide" start="0" end="0,210" time="0" condition="Window.IsActive(MusicVisualisation.xml)">Conditional</animation>
			<animation type="WindowOpen">
				<effect type="slide" start="0" end="660" time="250" tween="cubic" easing="inout" />
			</animation>
			<animation type="WindowClose">
				<effect type="slide" start="660" end="0" time="250" tween="cubic" easing="inout" />
			</animation>
		<!--Panel-->
		<control type="image">
			<posy>0</posy>
			<posx>0</posx>
			<width>485</width>
			<height>1080</height>
			<texture>colors/color_white.png</texture>
			<animation effect="fade" end="99" time="0" condition="true">Conditional</animation>
			<colordiffuse>$VAR[panel_color]</colordiffuse>
			<aspectratio>stretch</aspectratio>
		</control>
	
		<!-- header -->
        <control type="label">
            <posx>61</posx>
            <posy>10</posy>
            <width min="80" max="1100">auto</width>
            <height>100</height>
            <font>Bold45</font>
            <align>left</align>
            <textcolor>white</textcolor>
            <label>[UPPERCASE]$LOCALIZE[33061][/UPPERCASE]</label>
			<visible>!Window.IsActive(DialogKaiToast.xml) + !Window.IsActive(DialogExtendedProgressBar.xml)</visible>
        </control>
            <!--Label Menu: -->
            <control type="image">
                <!--Seperator-->
                <posx>21</posx>
                <posy>160</posy>
                <width>458</width>
                <height>20</height>
                <align>left</align>
                <texture>common/menu-separator.png</texture>
            </control>
			<control type="image">
                <!--Seperator-->
                <posx>21</posx>
                <posy>980</posy>
                <width>458</width>
                <height>20</height>
                <align>left</align>
                <texture>common/menu-separator.png</texture>
            </control>
			<!-- close dialog -->
			<control type="button">
				<label></label>
				<include>animation_fade_visible_hidden</include>
				<width>60</width>
				<height>60</height>
				<posx>60</posx>
                <posy>1005</posy>
				<font>-</font>
				<texturefocus colordiffuse="white">touchcontrols/icon_close.png</texturefocus>
				<texturenofocus colordiffuse="bbwhite">touchcontrols/icon_close.png</texturenofocus>
				<aspectratio aligny="bottom">keep</aspectratio>
				<onclick>Dialog.Close(all,true)</onclick>
				<visible>Skin.HasSetting(EnableTouchSupport)</visible>
			</control>
			
			
            <control type="grouplist" id="996">
                <width>458</width>
                <posx>21</posx>
                <posy>180</posy>
				<onright>Dialog.Close(contextmenu)</onright>
                <height>850</height>
                <itemgap>3</itemgap>
                <!--Buttons-->
                <control type="button" id="1000">
                    <description>Buttons</description>
                    <include>SubMenuButton</include>
                </control>
				<control type="button" id="9325">
					<include>SubMenuButton</include>
					<label>31248</label>
					<onclick condition="Container.Content(tvshows)">XBMC.RunScript(script.artwork.downloader, mediatype=tvshow, dbid=$INFO[ListItem.DBID])</onclick>
					<onclick condition="Container.Content(movies)">XBMC.RunScript(script.artwork.downloader, mediatype=movie, dbid=$INFO[ListItem.DBID])</onclick>
					<onclick condition="Container.Content(musicvideos)">XBMC.RunScript(script.artwork.downloader, mediatype=musicvideos, dbid=$INFO[ListItem.DBID])</onclick>
					<onclick>SetFocus(51)</onclick>
					<visible>System.HasAddon(script.artwork.downloader) + [Container.Content(tvshows) | Container.Content(movies) | Container.Content(musicvideos)]</visible>
				</control>
				<control type="button" id="1033">
					<include>SubMenuButton</include>
					<onleft>Dialog.Close(106)</onleft>
					<onright>Dialog.Close(106)</onright>
					<onclick>RunScript(script.trakt,action=contextmenu)</onclick>
					<label>$INFO[System.AddonTitle(script.trakt)]</label>
					<visible>System.HasAddon(script.trakt)</visible>
					<visible>[Container.Content(tvshows) | Container.Content(movies) | Container.Content(musicvideos)]</visible>
				</control>
				<control type="button" id="102">
					<!--Get video extras-->
					<include>SubMenuButton</include>
					<onleft>Dialog.Close(106)</onleft>
					<onright>Dialog.Close(106)</onright>
					<label>$INFO[System.AddonTitle(script.videoextras)]</label>
					<onclick>XBMC.RunScript(script.videoextras,display,$INFO[ListItem.FilenameAndPath])</onclick>
					<visible>System.HasAddon(script.videoextras) + !IsEmpty(ListItem.FilenameAndPath)</visible>
					<visible>[Container.Content(tvshows) | Container.Content(movies) | Container.Content(musicvideos)]</visible>
				</control>
				<control type="button" id="100">
					<description>Fetch TvTunes stuff</description>
					<include>SubMenuButton</include>
					<onleft>Dialog.Close(106)</onleft>
					<label>31300</label>
					<onclick>RunScript(script.tvtunes,mode=solo)</onclick>
					<visible>Skin.HasSetting(EnableTVTunes) + System.HasAddon(script.tvtunes) + [Container.Content(TVShows) | Container.Content(movies) | Container.Content(musicvideos)] + IsEmpty(Window(movieinformation).Property("TvTunes_HideVideoInfoButton"))</visible>
				</control>
            </control>
        </control>
	</include>	

	
	<include name="SideBladeModern">
		<posx>-660</posx>
		<posy>0</posy>
		<visible>!Window.IsActive(DialogKeyboard.xml)</visible>
		<include>animation_sub_menu</include>
		<!--Panel-->
			<control type="image">
			<posy>-250</posy>
			<posx>-20</posx>
			<width>515</width>
			<height>1750</height>
			<texture>colors/color_white.png</texture>
			<animation effect="fade" end="99" time="0" condition="true">Conditional</animation>
			<colordiffuse>$VAR[panel_color]</colordiffuse>
			<aspectratio>stretch</aspectratio>
		</control>

		<!-- header -->
        <control type="label">
            <posx>61</posx>
            <posy>10</posy>
            <width min="80" max="1100">auto</width>
            <height>100</height>
            <font>Bold45</font>
            <align>left</align>
            <textcolor>white</textcolor>
            <label>[UPPERCASE]$LOCALIZE[33063][/UPPERCASE]</label>
			<visible>!Window.IsActive(DialogKaiToast.xml) + !Window.IsActive(DialogExtendedProgressBar.xml)</visible>
        </control>
		<control type="image">
			<!--Seperator-->
			<posx>21</posx>
			<posy>160</posy>
			<width>458</width>
			<height>20</height>
			<align>left</align>
			<texture>common/menu-separator.png</texture>
		</control>
		<control type="image">
			<!--Seperator-->
			<posx>21</posx>
			<posy>980</posy>
			<width>458</width>
			<height>20</height>
			<align>left</align>
			<texture>common/menu-separator.png</texture>
		</control>
		<!-- close dialog -->
		<control type="button">
			<label></label>
			<width>60</width>
			<height>60</height>
			<posx>60</posx>
			<posy>1005</posy>
			<font>-</font>
			<texturefocus colordiffuse="white">touchcontrols/icon_close.png</texturefocus>
			<texturenofocus colordiffuse="bbwhite">touchcontrols/icon_close.png</texturenofocus>
			<aspectratio aligny="bottom">keep</aspectratio>
			<onclick>ClearProperty(ShowViewSubMenu, Home)</onclick>
			<visible>StringCompare(Window(Home).Property(ShowViewSubMenu),show)</visible>
		</control>
		
		<!-- back -->
		<control type="button">
			<label></label>
			<width>60</width>
			<height>60</height>
			<posx>130</posx>
			<posy>1005</posy>
			<font>-</font>
			<texturefocus colordiffuse="white">touchcontrols/icon_back.png</texturefocus>
			<texturenofocus colordiffuse="bbwhite">touchcontrols/icon_back.png</texturenofocus>
			<aspectratio aligny="bottom">keep</aspectratio>
			<onclick>back</onclick>
			<onclick>ClearProperty(ShowViewSubMenu, Home)</onclick>
			<visible>Skin.HasSetting(EnableTouchSupport)</visible>
			<visible>Window.IsActive(MyPVRGuide.xml)</visible>
		</control>
	</include>
	
	<include name="SideBladeClassic">
		<posx>-635</posx>
		<posy>-15</posy>
		<visible>!Window.IsActive(DialogKeyboard.xml)</visible>
		<include>animation_sub_menu</include>
		<!--Panel-->
		<control type="image">
			<posx>-19</posx>
			<posy>525</posy>
			<width>80</width>
			<height>60</height>
			<texture>dialogs/default/arrow.png</texture>
		</control>
		<control type="image">
			<posy>150</posy>
			<width>500</width>
			<height>840</height>
			<texture border="39">dialogs/default/bg.png</texture>
			<aspectratio>stretch</aspectratio>
		</control>
	</include>	
		
    <include name="OSDPanelClassic">
        <!--OSD Panel-->
        <!--Panel-->
        <control type="image">
            <posx>210</posx>
            <posy>700</posy>
            <width>1560</width>
            <height>376</height>
            <texture>osd/osd_panel.png</texture>
        </control>

        <!--Cover-->
        <control type="image">
            <!--No Movie-->
            <posx>290</posx>
            <posy>775</posy>
            <width>220</width>
            <height>220</height>
            <fadetime>200</fadetime>
            <texture background="true">$INFO[VideoPlayer.Cover]</texture>
            <aspectratio align="left" aligny="top">keep</aspectratio>
            <visible>!VideoPlayer.Content(Movies)</visible>
        </control>
        <control type="image">
            <!--Movie-->
            <posx>290</posx>
            <posy>775</posy>
            <width>155</width>
            <height>220</height>
            <fadetime>200</fadetime>
            <texture background="true" diffuse="poster_matte.png">$INFO[VideoPlayer.Cover]</texture>
            <aspectratio align="left" aligny="top">stretch</aspectratio>
            <visible>VideoPlayer.Content(Movies)</visible>
        </control>
        <!--Label Movie-->
        <control type="label">
            <visible>VideoPlayer.Content(Movies)</visible>
            <posx>550</posx>
            <posy>770</posy>
            <width>900</width>
            <align>left</align>
            <font>Light45</font>
            <textcolor>$VAR[ThemeFontColorWhite]</textcolor>
            <label>[B]$INFO[VideoPlayer.Title][/B]</label>
            <scroll>false</scroll>
        </control>
        <control type="label">
            <visible>VideoPlayer.Content(Movies)</visible>
            <posx>550</posx>
            <posy>820</posy>
            <width>900</width>
            <align>left</align>
            <font>Light35</font>
            <textcolor>$INFO[Skin.String(ViewDetailsFocusColor)]</textcolor>
            <label>$INFO[VideoPlayer.Genre]</label>
            <scroll>false</scroll>
        </control>
        <!-- Label Episode-->
        <control type="label">
            <visible>VideoPlayer.Content(Episodes)</visible>
            <posx>550</posx>
            <posy>770</posy>
            <width>900</width>
            <align>left</align>
            <font>Light45</font>
            <textcolor>$VAR[ThemeFontColorWhite]</textcolor>
            <label>[B]$INFO[VideoPlayer.Episode]. $INFO[VideoPlayer.Title][/B]</label>
            <scroll>false</scroll>
        </control>
        <control type="label">
            <visible>VideoPlayer.Content(Episodes)</visible>
            <posx>550</posx>
            <posy>820</posy>
            <width>900</width>
            <align>left</align>
            <font>Light35</font>
            <textcolor>$INFO[Skin.String(ViewDetailsFocusColor)]</textcolor>
            <label>$INFO[VideoPlayer.TVShowTitle] • $LOCALIZE[20373] $INFO[VideoPlayer.Season]</label>
            <scroll>false</scroll>
        </control>
        <!--Label Ohter-->
        <control type="label">
            <visible>!VideoPlayer.Content(Movies) + !VideoPlayer.Content(Episodes)</visible>
            <posx>550</posx>
            <posy>770</posy>
            <width>900</width>
            <align>left</align>
            <font>Light45</font>
            <textcolor>$VAR[ThemeFontColorWhite]</textcolor>
            <label>[B]$INFO[VideoPlayer.ChannelName] [/B]</label>
            <scroll>false</scroll>
        </control>
        <!--Label Ohter-->
        <control type="label">
            <visible>!VideoPlayer.Content(Movies) + !VideoPlayer.Content(Episodes)</visible>
            <posx>550</posx>
            <posy>830</posy>
            <width>900</width>
            <align>left</align>
            <font>Light45</font>
            <textcolor>white</textcolor>
            <label>[B]$INFO[VideoPlayer.Title][/B]</label>
            <scroll>false</scroll>
        </control>
        <!--Flags-->
        <control type="group">
            <!--Flags Video-->
            <visible>!Window.IsActive(VideoOSD)</visible>
            <visible>VideoPlayer.Content(movies) | VideoPlayer.Content(episodes)</visible>
            <animation effect="fade" start="0" end="100" time="300" tween="sine" delay="300" easing="in">WindowOpen</animation>
            <animation effect="fade" start="0" end="100" time="300" tween="sine" delay="500" easing="in">Visible</animation>
            <animation effect="fade" start="100" end="0" time="300" tween="sine" delay="500" easing="out">Hidden</animation>
            <posx>550</posx>
            <posy>963</posy>
            <control type="image">
                <!--Video Resolution-->
                <posx>0</posx>
                <posy>0</posy>
                <width>188</width>
                <!--212-->
                <height>40</height>
                <!--45-->
                <colordiffuse>black</colordiffuse>
                <texture fallback="flags/resolution/default.png">$INFO[VideoPlayer.VideoResolution,flags/resolution/,.png]</texture>
            </control>
            <control type="image">
                <!--VideoCode-->
                <posx>0</posx>
                <posy>0</posy>
                <width>188</width>
                <!--212-->
                <height>40</height>
                <!--45-->
                <colordiffuse>black</colordiffuse>
                <texture fallback="flags/videocodec/default.png">$INFO[VideoPlayer.VideoCodec,flags/videocodec/,.png]</texture>
            </control>
            <control type="image">
                <!--Aspectration-->
                <posx>0</posx>
                <posy>0</posy>
                <width>188</width>
                <!--212-->
                <height>40</height>
                <!--45-->
                <colordiffuse>black</colordiffuse>
                <texture fallback="flags/aspectration/default.png">$INFO[VideoPlayer.VideoAspect,flags/aspectration/,.png]</texture>
            </control>
        </control>
        <control type="group">
            <!--Flags Audio-->
            <visible>!Window.IsActive(VideoOSD)</visible>
            <visible>VideoPlayer.Content(movies) | VideoPlayer.Content(episodes)</visible>
            <animation effect="fade" start="0" end="100" time="300" tween="sine" delay="300" easing="in">WindowOpen</animation>
            <animation effect="fade" start="0" end="100" time="300" tween="sine" delay="500" easing="in">Visible</animation>
            <animation effect="fade" start="100" end="0" time="300" tween="sine" delay="500" easing="out">Hidden</animation>
            <posx>780</posx>
            <!-- +230 more-->
            <posy>963</posy>
            <control type="image">
                <!--Audio Codec-->
                <posx>0</posx>
                <posy>0</posy>
                <width>110</width>
                <!--124-->
                <height>40</height>
                <!--45-->
                <colordiffuse>black</colordiffuse>
                <texture fallback="flags/audiocodec/default.png">$INFO[VideoPlayer.AudioCodec,flags/audiocodec/,.png]</texture>
            </control>
            <control type="image">
                <!--Audio Channels-->
                <posx>0</posx>
                <posy>0</posy>
                <width>110</width>
                <!--212-->
                <height>40</height>
                <!--45-->
                <colordiffuse>black</colordiffuse>
                <texture fallback="flags/audiochannels/default.png">$INFO[VideoPlayer.AudioChannels,flags/audiochannels/,.png]</texture>
            </control>
        </control>
        <!--Time-->
        <control type="label">
            <!--Left Play Time-->
            <posx>550</posx>
            <posy>880</posy>
            <width>200</width>
            <align>left</align>
            <font>Light32</font>
            <textcolor>$VAR[ThemeFontColorWhite]</textcolor>
            <label>$INFO[Player.Time]</label>
        </control>
        <control type="label">
            <!--Right Time Remaining-->
            <posx>1665</posx>
            <posy>880</posy>
            <width>200</width>
            <align>right</align>
            <font>Light32</font>
            <textcolor>$VAR[ThemeFontColorWhite]</textcolor>
            <label>- $INFO[Player.TimeRemaining]</label>
        </control>
        <control type="label">
            <!--End Time DialogFullscreenInfo-->
            <visible>Window.IsActive(DialogFullscreenInfo.xml) + !Window.IsActive(VideoOSD.xml)</visible>
            <animation effect="fade" start="0" end="100" time="300" tween="sine" delay="300" easing="in">WindowOpen</animation>
            <animation effect="fade" start="0" end="100" time="300" tween="sine" delay="500" easing="in">Visible</animation>
            <animation effect="fade" start="100" end="0" time="300" tween="sine" delay="500" easing="out">Hidden</animation>
            <animation effect="slide" start="0" end="160" time="0" condition="Window.IsActive(DialogSeekbar.xml)">Conditional</animation>
            <posx>1665</posx>
            <posy>955</posy>
            <width>300</width>
            <align>right</align>
            <font>Reg28</font>
            <textcolor>black</textcolor>
            <label>[B]$LOCALIZE[31112] $INFO[Player.FinishTime][/B]</label>
        </control>
        <control type="label">
            <!--End Time DialogSeekbar-->
            <visible>Window.IsActive(DialogSeekbar.xml) + !Window.IsActive(VideoOSD.xml)</visible>
            <animation effect="fade" start="0" end="100" time="300" tween="sine" delay="300" easing="in">WindowOpen</animation>
            <animation effect="fade" start="0" end="100" time="300" tween="sine" delay="500" easing="in">Visible</animation>
            <animation effect="fade" start="100" end="0" time="300" tween="sine" delay="500" easing="out">Hidden</animation>
            <posx>1665</posx>
            <posy>955</posy>
            <width>300</width>
            <align>right</align>
            <font>Reg28</font>
            <textcolor>black</textcolor>
            <label>[B]$LOCALIZE[31112] $INFO[Player.FinishTime][/B]</label>
        </control>
		<!-- next program -->
		<control type="label">
			<!--Play Time-->
			<posx>550</posx>
            <posy>955</posy>
			<width>800</width>
			<align>left</align>
			<font>Reg28</font>
			<textcolor>black</textcolor>
			<label>[B]$LOCALIZE[19031]:[/B] $INFO[VideoPlayer.NextTitle]</label>
			<visible>VideoPlayer.Content(livetv) + !IsEmpty(VideoPlayer.NextTitle) + !Window.IsActive(VideoOSD)</visible>
		</control>
        <control type="grouplist">
            <!--Clock-->
            <posx>1395</posx>
            <posy>770</posy>
            <width>400</width>
            <height>100</height>
            <align>center</align>
            <itemgap>4</itemgap>
            <orientation>horizontal</orientation>
            <usecontrolcoords>true</usecontrolcoords>
            <control type="label">
                <width min="0" max="150">auto</width>
                <height>80</height>
                <info>System.Time(hh:mm)</info>
                <font>Light60</font>
                <aligny>center</aligny>
                <textcolor>$INFO[Skin.String(ViewDetailsFocusColor)]</textcolor>
            </control>
            <control type="label">
                <visible>substring(system.time,AM,right)</visible>
                <width min="0" max="150">auto</width>
                <height>80</height>
                <label>378</label>
                <font>Light60</font>
                <aligny>center</aligny>
                <textcolor>$INFO[Skin.String(ViewDetailsFocusColor)]</textcolor>
            </control>
            <control type="label">
                <visible>substring(system.time,PM,right)</visible>
                <width min="0" max="150">auto</width>
                <height>80</height>
                <label>379</label>
                <font>Light60</font>
                <aligny>center</aligny>
                <textcolor>$INFO[Skin.String(ViewDetailsFocusColor)]</textcolor>
            </control>
        </control>
        <!--Process/Seekbar-->
		<control type="progress" id="1">
			<description>ProgressbarCache</description>
			<posx>700</posx>
            <posy>905</posy>
            <width>800</width>
			<info>Player.ProgressCache</info>
			<midtexture border="6" colordiffuse="grey">osd/ProgressMid.png</midtexture>
		</control>
        <control type="progress" id="23">
            <description>Progress Bar</description>
            <posx>700</posx>
            <posy>905</posy>
            <width>800</width>
            <info>Player.Progress</info>
            <visible>true</visible>
        </control>
        <control type="slider" id="401">
            <description>Seekbar</description>
            <posx>700</posx>
            <posy>905</posy>
            <width>800</width>
            <visible>Player.Seeking</visible>
        </control>
    </include>
    
	<include name="OSDPanelModern">

		
	<!-- osd panel -->
	<control type="group">
			<!--Panel-->
			<control type="image">
				<posx>0</posx>
				<posy>800</posy>
				<width>1920</width>
				<height>330</height>
				<texture>colors/color_white.png</texture>
				<colordiffuse>$VAR[panel_color]</colordiffuse>
				<animation effect="fade" reversible="false" end="80" time="0" condition="StringCompare(Skin.String(OSDPanelOpacity),80)">Conditional</animation>
				<animation effect="fade" reversible="false" end="60" time="0" condition="StringCompare(Skin.String(OSDPanelOpacity),60)">Conditional</animation>
				<animation effect="fade" reversible="false" end="40" time="0" condition="StringCompare(Skin.String(OSDPanelOpacity),40)">Conditional</animation>
				<animation effect="fade" reversible="false" end="20" time="0" condition="StringCompare(Skin.String(OSDPanelOpacity),20)">Conditional</animation>
				<animation effect="fade" reversible="false" end="0" time="0" condition="StringCompare(Skin.String(OSDPanelOpacity),0)">Conditional</animation>
			</control>

			<!-- cd art -->
			<control type="image">
				<posx>140</posx>
				<posy>820</posy>
				<width>240</width>
				<height>240</height>
				<aligny>center</aligny>
				<aspectratio align="left">keep</aspectratio>
				<fadetime>300</fadetime>
				<animation effect="rotate" end="-360" center="auto" time="4800" loop="true" reversible="false" condition="!Player.Paused">Conditional</animation>
				<texture background="true" fallback="defaultcovers/cd.png">$INFO[Player.FolderPath]cdart.png</texture>
				<visible>Player.HasAudio + !IsEmpty(Player.Art(thumb))</visible>
			</control>
			
			<control type="image">
				<posx>60</posx>
				<posy>820</posy>
				<width>240</width>
				<height>240</height>
				<aligny>center</aligny>
				<aspectratio align="left">keep</aspectratio>
				<fadetime>300</fadetime>
				<animation effect="rotate" end="-360" center="auto" time="4800" loop="true" reversible="false" condition="!Player.Paused">Conditional</animation>
				<texture background="true" fallback="defaultcovers/cd.png">$INFO[Player.FolderPath]cdart.png</texture>
				<visible>Player.HasAudio + IsEmpty(Player.Art(thumb))</visible>
			</control>

			<control type="image">
				<!--Music-->
				<posx>60</posx>
				<posy>820</posy>
				<width>240</width>
				<height>240</height>
				<fadetime>200</fadetime>
				<texture background="true" diffuse="matte_cdart.png">$INFO[Player.Art(thumb)]</texture>
				<aspectratio align="left" aligny="top">stretch</aspectratio>
				<visible>Player.HasAudio</visible>
			</control>
			
			<!-- discart -->
			<control type="image">
				<posx>120</posx>
				<posy>840</posy>
				<width>200</width>
				<height>200</height>
				<aligny>center</aligny>
				<aspectratio align="left">keep</aspectratio>
				<fadetime>300</fadetime>
				<animation effect="rotate" end="-360" center="auto" time="12000" loop="true" reversible="false" condition="!Player.Paused">Conditional</animation>
				<animation effect="fade" start="0" end="100" delay="800" time="1200" reversible="false"></animation>
				<texture background="true" fallback="defaultcovers/cd.png">$INFO[Player.Art(discart)]</texture>
				<visible>Player.HasVideo + [!IsEmpty(Player.Art(poster)) | !IsEmpty(Player.Art(tvshow.poster))]</visible>
			</control>
			
			<!--Cover movies-->
			<control type="image" id="1">
				<posx>60</posx>
				<posy>820</posy>
				<width>240</width>
				<height>240</height>
				<fadetime>200</fadetime>
				<texture background="true">$VAR[OSDImage]</texture>
				<aspectratio align="left" aligny="top">keep</aspectratio>
				<visible>Player.HasVideo + !VideoPlayer.Content(livetv)</visible>
			</control>
			
			<!--Cover livetv-->
			<control type="image">
				<posx>60</posx>
				<posy>800</posy>
				<width>240</width>
				<height>240</height>
				<fadetime>200</fadetime>
				<texture background="true">$INFO[VideoPlayer.Cover]</texture>
				<aspectratio align="center" aligny="center">keep</aspectratio>
				<visible>Player.HasVideo + VideoPlayer.Content(livetv)</visible>
			</control>
			

			<control type="image">
				<!--record icon-->
				<posx>250</posx>
				<posy>790</posy>
				<width>120</width>
				<height>120</height>
				<fadetime>200</fadetime>
				<texture background="true">pvr/icons/pvr_record.png</texture>
				<aspectratio align="left" aligny="top">stretch</aspectratio>
				<visible>Player.Recording</visible>
			</control>
			
			<control type="group">
			<animation effect="slide" end="-50" time="0" condition="player.hasvideo">Conditional</animation>
				<!--Label Movie-->
				<control type="label">
					<visible>IsEmpty(VideoPlayer.Episode)</visible>
					<visible>!VideoPlayer.Content(livetv)</visible>
					<visible>!StringCompare(Window(Home).Property(subtitlemenu), show)</visible>
					<posx>400</posx>
					<posy>820</posy>
					<width>1100</width>
					<align>left</align>
					<font>Light45</font>
					<textcolor>$VAR[ThemeFontColorWhite]</textcolor>
					<label>[B]$INFO[VideoPlayer.Title][/B]</label>
					<scroll>false</scroll>
				</control>
				<!--Label subitile dialog-->
				<control type="label">
					<visible>StringCompare(Window(Home).Property(subtitlemenu), show)</visible>
					<posx>400</posx>
					<posy>820</posy>
					<width>1100</width>
					<align>left</align>
					<font>Light45</font>
					<textcolor>$VAR[ThemeFontColorWhite]</textcolor>
					<label>[B]$LOCALIZE[287][/B]</label>
					<scroll>false</scroll>
				</control>
				<control type="label">
					<posx>400</posx>
					<posy>880</posy>
					<width>1100</width>
					<align>left</align>
					<font>Light35</font>
					<textcolor>$INFO[Skin.String(ViewDetailsFocusColor)]</textcolor>
					<label>$INFO[VideoPlayer.Genre]</label>
					<scroll>false</scroll>
					<visible>IsEmpty(VideoPlayer.Episode)</visible>
					<visible>!VideoPlayer.Content(livetv)</visible>
					<visible>!StringCompare(Window(Home).Property(subtitlemenu), show)</visible>
				</control>
				<!-- Label Episode-->
				<control type="label">
					<visible>!IsEmpty(VideoPlayer.Episode)</visible>
					<visible>!StringCompare(Window(Home).Property(subtitlemenu), show)</visible>
					<posx>400</posx>
					<posy>820</posy>
					<width>1100</width>
					<align>left</align>
					<font>Light45</font>
					<textcolor>$VAR[ThemeFontColorWhite]</textcolor>
					<label>[B]$INFO[VideoPlayer.Episode]. $INFO[VideoPlayer.Title][/B]</label>
					<scroll>false</scroll>
				</control>
				<control type="label">
					<visible>!IsEmpty(VideoPlayer.Episode)</visible>
					<visible>!StringCompare(Window(Home).Property(subtitlemenu), show)</visible>
					<posx>400</posx>
					<posy>880</posy>
					<width>1100</width>
					<align>left</align>
					<font>Reg42</font>
					<textcolor>$INFO[Skin.String(ViewDetailsFocusColor)]</textcolor>
					<label>$INFO[VideoPlayer.TVShowTitle] • $LOCALIZE[20373] $INFO[VideoPlayer.Season]</label>
					<scroll>false</scroll>
				</control>
				<!--Label liveTV-->
				<control type="label">
					<visible>VideoPlayer.Content(livetv)</visible>
					<visible>!StringCompare(Window(Home).Property(subtitlemenu), show)</visible>
					<posx>400</posx>
					<posy>820</posy>
					<width>1100</width>
					<align>left</align>
					<font>Light45</font>
					<textcolor>white</textcolor>
					<label>[B]$INFO[VideoPlayer.ChannelName][/B]</label>
					<scroll>false</scroll>
				</control>
				<!--Label Ohter-->
				<control type="label">
					<visible>VideoPlayer.Content(livetv)</visible>
					<visible>!StringCompare(Window(Home).Property(subtitlemenu), show)</visible>
					<posx>400</posx>
					<posy>870</posy>
					<width>1100</width>
					<align>left</align>
					<font>Reg42</font>
					<textcolor>$INFO[Skin.String(ViewDetailsFocusColor)]</textcolor>
					<label>$INFO[VideoPlayer.Title]</label>
					<scroll>false</scroll>
				</control>
				
				<!--Labels Music-->
				<control type="group">
					<visible>Player.HasAudio</visible>
					<control type="label">
						<posx>400</posx>
						<posy>820</posy>
						<width>1100</width>
						<align>left</align>
						<font>Light45</font>
						<textcolor>white</textcolor>
						<label>[B]$INFO[MusicPlayer.Artist][/B]</label>
						<scroll>false</scroll>
					</control>
					<control type="label">
						<posx>400</posx>
						<posy>820</posy>
						<width>1100</width>
						<align>left</align>
						<font>Light45</font>
						<textcolor>white</textcolor>
						<label>[B]$INFO[MusicPlayer.ChannelName][/B]</label>
						<scroll>false</scroll>
					</control>
					<control type="label">
						<posx>400</posx>
						<posy>820</posy>
						<width>1100</width>
						<align>left</align>
						<font>Light45</font>
						<textcolor>white</textcolor>
						<label>[B]$INFO[Window(Home).Property(streamtitle)][/B]</label>
						<scroll>false</scroll>
						<visible>IsEmpty(MusicPlayer.Artist) + IsEmpty(MusicPlayer.ChannelName)</visible>
					</control>
					<control type="label">
						<posx>400</posx>
						<posy>870</posy>
						<width>1300</width>
						<align>left</align>
						<font>Reg42</font>
						<textcolor>$INFO[Skin.String(ViewDetailsFocusColor)]</textcolor>
						<label>$INFO[MusicPlayer.Title]</label>
						<scroll>false</scroll>
					</control>
				</control>
				<!--Process/Seekbar-->
				<control type="label">
					<!--Play Time-->
					<posx>400</posx>
					<posy>940</posy>
					<width>400</width>
					<align>left</align>
					<font>Light28</font>
					<textcolor>$VAR[ThemeFontColorWhite]</textcolor>
					<label>$INFO[Player.Time]</label>
					<visible>Player.HasDuration</visible>
					<visible>!StringCompare(Window(Home).Property(subtitlemenu), show)</visible>
				</control>
				<control type="label">
					<!--Play Time-->
					<posx>1235</posx>
					<posy>940</posy>
					<width>400</width>
					<align>left</align>
					<font>Light28</font>
					<textcolor>$VAR[ThemeFontColorWhite]</textcolor>
					<label>$INFO[Player.TimeRemaining]</label>
					<visible>Player.HasDuration</visible>
					<visible>!StringCompare(Window(Home).Property(subtitlemenu), show)</visible>
				</control>
				<control type="progress" id="1">
					<description>ProgressbarCache</description>
					<posx>515</posx>
					<posy>960</posy>
					<height>20</height>
					<width>700</width>
					<info>Player.ProgressCache</info>
					<midtexture border="6,0,6,0" colordiffuse="$INFO[Skin.String(ButtonFocusColor)]">osd/ProgressMidFlat.png</midtexture>
					<visible>!StringCompare(Window(Home).Property(subtitlemenu), show)</visible>
				</control>
				<control type="progress" id="23">
					<description>Progress Bar</description>
					<posx>515</posx>
					<posy>960</posy>
					<height>20</height>
					<width>700</width>
					<info>Player.Progress</info>
					<midtexture border="6,0,6,0">osd/ProgressMid.png</midtexture>
					<visible>Player.HasDuration</visible>
					<visible>!StringCompare(Window(Home).Property(subtitlemenu), show)</visible>
				</control>
			
				<!-- next program -->
				<control type="label">
					<!--Play Time-->
					<posx>400</posx>
					<posy>1000</posy>
					<width>800</width>
					<align>left</align>
					<font>Light34</font>
					<textcolor>$VAR[ThemeFontColorWhite]</textcolor>
					<label>[COLOR=$INFO[Skin.String(ViewDetailsFocusColor)]]$LOCALIZE[19031]:[/COLOR] $INFO[VideoPlayer.NextTitle]</label>
					<visible>Player.HasVideo + VideoPlayer.Content(livetv) + !IsEmpty(VideoPlayer.NextTitle) + !Window.IsActive(VideoOSD)</visible>
				</control>
				
				<!-- chapter -->
				<control type="label">
					<!--Play Time-->
					<posx>400</posx>
					<posy>1000</posy>
					<width>800</width>
					<align>left</align>
					<font>Light34</font>
					<textcolor>$VAR[ThemeFontColorWhite]</textcolor>
					<label>$INFO[player.chapter,[B]$LOCALIZE[21396]:[/B] ,]$INFO[player.chaptercount,/,]</label>
					<visible>Player.HasVideo + !VideoPlayer.Content(livetv) + IsEmpty(VideoPlayer.NextTitle) + !Window.IsActive(VideoOSD) + !IsEmpty(player.chaptercount) + !StringCompare(player.chaptercount,00)</visible>
				</control>
				
				<!-- next program -->
				<control type="label">
					<!--Play Time-->
					<posx>400</posx>
					<posy>1000</posy>
					<width>1050</width>
					<align>left</align>
					<font>Light34</font>
					<textcolor>$VAR[ThemeFontColorWhite]</textcolor>
					<label>[COLOR=$INFO[Skin.String(ViewDetailsFocusColor)]]$LOCALIZE[19031]:[/COLOR] $INFO[MusicPlayer.Offset(1).Artist] - $INFO[MusicPlayer.Offset(1).Title]</label>
					<visible>Player.HasAudio + !IsEmpty(MusicPlayer.Offset(1).Artist) + !Window.IsActive(MusicOSD)</visible>
				</control>
			</control>
			
			<control type="image">
				<!--Stars music-->
				<visible>Window.IsActive(MusicVisualisation.xml)</visible>
				<right>70</right>
				<posy>953</posy>
				<width>200</width>
				<height>50</height>
				<aspectratio aligny="top" align="right">keep</aspectratio>
				<texture fallback="leftrating/rating0.png">$INFO[Player.StarRating,leftrating/]</texture>
			</control>
			
		
			<!-- media flags -->
			<control type="grouplist">
			<orientation>horizontal</orientation>
			<right>36</right>
			<width>550</width>
			<posy>1020</posy>
			
			<!--Video 3D-->
			<control type="group">
				<width>50</width>
				<height>36</height>
				<control type="image">
					<colordiffuse>white</colordiffuse>
					<posx>0</posx>
					<texture>flags/flag_box.png</texture>
					<aspectratio>stretch</aspectratio>
					<visible>VideoPlayer.IsStereoScopic | !IsEmpty(VideoPlayer.Property(Video3DFormat))</visible>
				</control>
				<control type="label">
					<font>flags</font>
					<posx>0</posx>
					<label>3D</label>
					<align>center</align>
					<aligny>center</aligny>
					<height>36</height>
					<visible>VideoPlayer.IsStereoScopic | !IsEmpty(VideoPlayer.Property(Video3DFormat))</visible>
				</control>
			</control>
			<!--Video Resolution-->
			<control type="group">
				<width>100</width>
				<height>36</height>
				<control type="image">
					<height>36</height>
					<colordiffuse>white</colordiffuse>
					<texture>flags/flag_box_video.png</texture>
					<aspectratio>stretch</aspectratio>
					<visible>!IsEmpty(VideoPlayer.VideoResolution) + Player.HasVideo</visible>
				</control>
				<control type="label">
					<font>flags</font>
					<left>25</left>
					<width>75</width>
					<label>$INFO[VideoPlayer.VideoResolution]</label>
					<align>center</align>
					<aligny>center</aligny>
					<height>36</height>
					<visible>!IsEmpty(VideoPlayer.VideoResolution) + Player.HasVideo</visible>
				</control>
			</control>
			
			<!--Video Codec-->
			<control type="group">
				<width>80</width>
				<height>36</height>
				<control type="image">
				<posx>-7</posx>
					<colordiffuse>white</colordiffuse>
					<texture>flags/flag_box.png</texture>
					<aspectratio>stretch</aspectratio>
					<visible>!IsEmpty(VideoPlayer.VideoCodec) + Player.HasVideo</visible>
				</control>
				<control type="label">
					<font>flags</font>
					<posx>-7</posx>
					<label>$VAR[VideoCodecVar]</label>
					<align>center</align>
					<aligny>center</aligny>
					<height>36</height>
					<visible>!IsEmpty(VideoPlayer.VideoCodec) + Player.HasVideo</visible>
				</control>
			</control>
			
			<!--Aspectratio-->
			<control type="group">
				<width>60</width>
				<height>36</height>
				<control type="image">
					<posx>-7</posx>
					<colordiffuse>white</colordiffuse>
					<texture>flags/flag_box.png</texture>
					<aspectratio>stretch</aspectratio>
					<visible>!IsEmpty(VideoPlayer.VideoAspect) + Player.HasVideo</visible>
				</control>
				<control type="label">
					<font>flags</font>
					<posx>-7</posx>
					<label>$VAR[VideoAspectVar]</label>
					<align>center</align>
					<aligny>center</aligny>
					<height>36</height>
					<visible>!IsEmpty(VideoPlayer.VideoAspect) + Player.HasVideo</visible>
				</control>
			</control>
			
			<control type="group">
				<width>5</width>
				<height>36</height>
			</control>
			
			<!--Audio Codec-->
			<control type="group">
				<width>150</width>
				<height>36</height>
				<control type="image">
					<colordiffuse>white</colordiffuse>
					<texture>flags/flag_box_audio.png</texture>
					<aspectratio>stretch</aspectratio>
				</control>
				<control type="label">
					<font>flags</font>
					<right>0</right>
					<width>115</width>
					<label>$VAR[AudioCodecVar]</label>
					<align>center</align>
					<aligny>center</aligny>
					<height>36</height>
				</control>
			</control>
				
			<!--Audio Channels-->
			<control type="group">
				<width>40</width>
				<height>36</height>
				<control type="image">
					<posx>-6</posx>
					<colordiffuse>white</colordiffuse>
					<texture>flags/flag_box.png</texture>
					<aspectratio>stretch</aspectratio>
					<visible>!IsEmpty(VideoPlayer.AudioChannels)</visible>
				</control>
				<control type="label">
					<font>flags</font>
					<posx>-6</posx>
					<label>$VAR[AudioChannelsVar]</label>
					<align>center</align>
					<aligny>center</aligny>
					<height>36</height>
					<visible>!IsEmpty(VideoPlayer.AudioChannels)</visible>
				</control>
			</control>
				
		</control>
			
		   <!--Time-->
		   <control type="label">
				<!--End Time DialogFullscreenInfo-->
				<animation type="Conditional" condition="player.paused | player.forwarding | player.rewinding">
					<effect type="slide" start="0,0" end="-160,0" time="200" tween="cubic" easing="inout" delay="0" />
				</animation>
				<posx>1850</posx>
				<posy>890</posy>
				<width>890</width>
				<align>right</align>
				<font>Reg30</font>
				<textcolor>$VAR[ThemeFontColorWhite]</textcolor>
				<label>$VAR[PlayerActionLabel]</label>
				<visible>!StringCompare(Window(Home).Property(subtitlemenu), show)</visible>
			</control>
			
			<control type="image">
				<visible>player.paused</visible>
				<animation delay="150" time="300" effect="fade">Visible</animation>
				<animation delay="0" time="200" effect="fade">Hidden</animation>
				<right>50</right>
				<bottom>110</bottom>
				<width>160</width>
				<height>160</height>
				<texture>osd/osd_pause.png</texture>
			</control>
			<control type="image">
				<visible>player.forwarding</visible>
				<animation delay="150" time="300" effect="fade">Visible</animation>
				<animation delay="0" time="200" effect="fade">Hidden</animation>
				<right>60</right>
				<bottom>130</bottom>
				<width>120</width>
				<height>120</height>
				<texture>osd/ff.png</texture>
			</control>
			<control type="image">
				<visible>player.rewinding</visible>
				<animation delay="150" time="300" effect="fade">Visible</animation>
				<animation delay="0" time="200" effect="fade">Hidden</animation>
				<right>70</right>
				<bottom>130</bottom>
				<width>120</width>
				<height>120</height>
				<texture flipx="true">osd/ff.png</texture>
			</control>
			
	
			<!-- close dialog button -->
			<control type="button">
				<right>70</right>
				<posx>1450</posx>
				<posy>835</posy>
				<width>50</width>
				<height>50</height>
				<texturefocus colordiffuse="white">touchcontrols/icon_close.png</texturefocus>
				<texturenofocus colordiffuse="aawhite">touchcontrols/icon_close.png</texturenofocus>
				<aspectratio>keep</aspectratio>
				<onclick>back</onclick>
				<visible>Skin.HasSetting(EnableTouchSupport)</visible>
				<visible>!Window.IsActive(DialogSubtitles.xml)</visible>
				<visible>!Window.IsActive(DialogSlider.xml)</visible>
				<animation type="Conditional" condition="player.paused | player.forwarding | player.rewinding">
					<effect type="slide" start="0,0" end="-160,0" time="200" tween="cubic" easing="inout" delay="0" />
				</animation>
			</control>
			
			<!--Clock-->
			<control type="grouplist">
				<posx>1450</posx>
				<posy>810</posy>
				<width>400</width>
				<height>100</height>
				<align>right</align>
				<itemgap>4</itemgap>
				<orientation>horizontal</orientation>
				<usecontrolcoords>true</usecontrolcoords>
				<visible>!Skin.HasSetting(EnableTouchSupport)</visible>
				<animation type="Conditional" condition="player.paused | player.forwarding | player.rewinding">
					<effect type="slide" start="0,0" end="-160,0" time="200" tween="cubic" easing="inout" delay="0" />
				</animation>
				<control type="label">
					<width min="0" max="150">auto</width>
					<height>80</height>
					<info>System.Time(hh:mm)</info>
					<font>Light60</font>
					<aligny>center</aligny>
					<textcolor>$INFO[Skin.String(ViewDetailsFocusColor)]</textcolor>
				</control>
				<control type="label">
					<visible>substring(system.time,AM,right)</visible>
					<width min="0" max="150">auto</width>
					<height>80</height>
					<label>378</label>
					<font>Light60</font>
					<aligny>center</aligny>
					<textcolor>$INFO[Skin.String(ViewDetailsFocusColor)]</textcolor>
				</control>
				<control type="label">
					<visible>substring(system.time,PM,right)</visible>
					<width min="0" max="150">auto</width>
					<height>80</height>
					<label>379</label>
					<font>Light60</font>
					<aligny>center</aligny>
					<textcolor>$INFO[Skin.String(ViewDetailsFocusColor)]</textcolor>
				</control>
			</control>
			
		
		</control>

   </include>
	
	<include name="MusicOSDClassic">

		<include>animation_fade_visible_hidden</include>
		<!--Panel-->
		<control type="image">
			<posx>210</posx>
			<posy>700</posy>
			<width>1560</width>
			<height>376</height>
			<texture>osd/osd_panel.png</texture>
		</control>
		<!--Pause-->
		<control type="image">
			<visible>player.paused</visible>
			<animation delay="300" time="400" effect="fade">Visible</animation>
			<posx>760</posx>
			<!--Center 960-->
			<posy>340</posy>
			<!--Center 540-->
			<width>400</width>
			<height>400</height>
			<texture>osd/osd_pause.png</texture>
		</control>
		<!--FF/RW-->
		<control type="label">
			<posx>0</posx>
			<posy>0</posy>
			<height>1080</height>
			<width>1920</width>
			<align>center</align>
			<aligny>center</aligny>
			<font>Light270</font>
			<textcolor>eewhite</textcolor>
			<label>FFx2</label>
			<visible>player.forwarding2x</visible>
		</control>
		<control type="label">
			<posx>0</posx>
			<posy>0</posy>
			<height>1080</height>
			<width>1920</width>
			<align>center</align>
			<aligny>center</aligny>
			<font>Light270</font>
			<textcolor>eewhite</textcolor>
			<label>FFx4</label>
			<visible>player.forwarding4x</visible>
		</control>
		<control type="label">
			<posx>0</posx>
			<posy>0</posy>
			<height>1080</height>
			<width>1920</width>
			<align>center</align>
			<aligny>center</aligny>
			<font>Light270</font>
			<textcolor>eewhite</textcolor>
			<label>FFx8</label>
			<visible>player.forwarding8x</visible>
		</control>
		<control type="label">
			<posx>0</posx>
			<posy>0</posy>
			<height>1080</height>
			<width>1920</width>
			<align>center</align>
			<aligny>center</aligny>
			<font>Light270</font>
			<textcolor>eewhite</textcolor>
			<label>FFx16</label>
			<visible>player.forwarding16x</visible>
		</control>
		<control type="label">
			<posx>0</posx>
			<posy>0</posy>
			<height>1080</height>
			<width>1920</width>
			<align>center</align>
			<aligny>center</aligny>
			<font>Light270</font>
			<textcolor>eewhite</textcolor>
			<label>FFx32</label>
			<visible>player.forwarding32x</visible>
		</control>
		<control type="label">
			<posx>0</posx>
			<posy>0</posy>
			<height>1080</height>
			<width>1920</width>
			<align>center</align>
			<aligny>center</aligny>
			<font>Light270</font>
			<textcolor>eewhite</textcolor>
			<label>RWx2</label>
			<visible>player.rewinding2x</visible>
		</control>
		<control type="label">
			<posx>0</posx>
			<posy>0</posy>
			<height>1080</height>
			<width>1920</width>
			<align>center</align>
			<aligny>center</aligny>
			<font>Light270</font>
			<textcolor>eewhite</textcolor>
			<label>RWx4</label>
			<visible>player.rewinding4x</visible>
		</control>
		<control type="label">
			<posx>0</posx>
			<posy>0</posy>
			<height>1080</height>
			<width>1920</width>
			<align>center</align>
			<aligny>center</aligny>
			<font>Light270</font>
			<textcolor>eewhite</textcolor>
			<label>RWx8</label>
			<visible>player.rewinding8x</visible>
		</control>
		<control type="label">
			<posx>0</posx>
			<posy>0</posy>
			<height>1080</height>
			<width>1920</width>
			<align>center</align>
			<aligny>center</aligny>
			<font>Light270</font>
			<textcolor>eewhite</textcolor>
			<label>RWx16</label>
			<visible>player.rewinding16x</visible>
		</control>
		<control type="label">
			<posx>0</posx>
			<posy>0</posy>
			<height>1080</height>
			<width>1920</width>
			<align>center</align>
			<aligny>center</aligny>
			<font>Light270</font>
			<textcolor>eewhite</textcolor>
			<label>RWx32</label>
			<visible>player.rewinding32x</visible>
		</control>
		<!--Cover-->
		<control type="image">
			<!--No Movie-->
			<posx>290</posx>
			<posy>775</posy>
			<width>220</width>
			<height>220</height>
			<fadetime>200</fadetime>
			<texture background="true" fallback="cover_default.png" diffuse="cover_matte.png">$INFO[MusicPlayer.Cover]</texture>
			<aspectratio align="left" aligny="top">stretch</aspectratio>
			<visible>!IsEmpty(MusicPlayer.Cover)</visible>
		</control>
		<!--Label-->
		<control type="label">
			<posx>550</posx>
			<posy>770</posy>
			<width>900</width>
			<align>left</align>
			<font>Light45</font>
			<textcolor>white</textcolor>
			<label>[B]$INFO[MusicPlayer.Artist][/B]</label>
			<scroll>false</scroll>
		</control>
		<control type="label">
			<posx>550</posx>
			<posy>770</posy>
			<width>900</width>
			<align>left</align>
			<font>Light45</font>
			<textcolor>white</textcolor>
			<label>[B]$INFO[MusicPlayer.ChannelName][/B]</label>
			<scroll>false</scroll>
		</control>
		<control type="label">
			<posx>550</posx>
			<posy>770</posy>
			<width>900</width>
			<align>left</align>
			<font>Light45</font>
			<textcolor>white</textcolor>
			<label>[B]$INFO[Window(Home).Property(streamtitle)][/B]</label>
			<scroll>false</scroll>
			<visible>IsEmpty(MusicPlayer.Artist) + IsEmpty(MusicPlayer.ChannelName)</visible>
		</control>
		<control type="label">
			<posx>550</posx>
			<posy>820</posy>
			<width>900</width>
			<align>left</align>
			<font>Light35</font>
			<textcolor>mainblue</textcolor>
			<label>$INFO[MusicPlayer.Title]</label>
			<scroll>false</scroll>
		</control>
		<!--Time-->
		<control type="label">
			<!--Left Play Time-->
			<posx>550</posx>
			<posy>880</posy>
			<width>200</width>
			<align>left</align>
			<font>Light32</font>
			<textcolor>white</textcolor>
			<label>$INFO[Player.Time]</label>
		</control>
		<control type="label">
			<!--Right Time Remaining-->
			<posx>1660</posx>
			<posy>880</posy>
			<width>200</width>
			<align>right</align>
			<font>Light32</font>
			<textcolor>white</textcolor>
			<label>- $INFO[Player.TimeRemaining]</label>
		</control>
		<control type="label">
			<!--End Time-->
			<posx>550</posx>
			<posy>952</posy>
			<width>300</width>
			<align>left</align>
			<font>Light32</font>
			<textcolor>$VAR[ThemeFontColorDarkGrey]</textcolor>
			<label>$LOCALIZE[31000] $INFO[Player.FinishTime]</label>
		</control>
		<control type="grouplist">
			<!--Clock-->
			<posx>1400</posx>
			<posy>770</posy>
			<width>400</width>
			<height>100</height>
			<align>center</align>
			<itemgap>4</itemgap>
			<orientation>horizontal</orientation>
			<usecontrolcoords>true</usecontrolcoords>
			<include>animation_fade_visible_hidden</include>
			<control type="label">
				<width min="0" max="150">auto</width>
				<height>80</height>
				<info>System.Time(hh:mm)</info>
				<font>Light60</font>
				<aligny>center</aligny>
				<textcolor>mainblue</textcolor>
			</control>
			<control type="label">
				<visible>substring(system.time,AM,right)</visible>
				<width min="0" max="150">auto</width>
				<height>80</height>
				<label>378</label>
				<font>Light60</font>
				<aligny>center</aligny>
				<textcolor>mainblue</textcolor>
			</control>
			<control type="label">
				<visible>substring(system.time,PM,right)</visible>
				<width min="0" max="150">auto</width>
				<height>80</height>
				<label>379</label>
				<font>Light60</font>
				<aligny>center</aligny>
				<textcolor>mainblue</textcolor>
			</control>
		</control>
		<control type="grouplist" id="200">
			<!--OSD-->
			<posx>757</posx>
			<posy>956</posy>
			<width>1000</width>
			<height>60</height>
			<itemgap>0</itemgap>
			<onup>noop</onup>
			<ondown>noop</ondown>
			<onleft>noop</onleft>
			<onright>noop</onright>
			<orientation>horizontal</orientation>
			<control type="button" id="201">
				<!--Skip Back-->
				<!--visible>ControlGroup(20).HasFocus()</visible-->
				<include>animation_fade_visible_hidden</include>
				<width>60</width>
				<height>60</height>
				<label>210</label>
				<font>-</font>
				<texturefocus>osd/PrevTrackFO.png</texturefocus>
				<texturenofocus>osd/PrevTrackNF.png</texturenofocus>
				<onclick>PlayerControl(Previous)</onclick>
			</control>
			<control type="button" id="202">
				<label></label>
				<!--RR-->
				<!--visible>ControlGroup(20).HasFocus()</visible-->
				<include>animation_fade_visible_hidden</include>
				<width>60</width>
				<height>60</height>
				<font>-</font>
				<texturefocus>osd/RewindFO.png</texturefocus>
				<texturenofocus>osd/RewindNF.png</texturenofocus>
				<onclick>PlayerControl(Rewind)</onclick>
			</control>
			<control type="togglebutton" id="203">
				<label></label>
				<altlabel></altlabel>
				<!--Play Pause-->
				<!--visible>ControlGroup(20).HasFocus()</visible-->
				<include>animation_fade_visible_hidden</include>
				<width>164</width>
				<height>60</height>
				<font>-</font>
				<texturefocus>osd/PauseFO.png</texturefocus>
				<texturenofocus>osd/PauseNF.png</texturenofocus>
				<usealttexture>Player.Paused | Player.Forwarding | Player.Rewinding</usealttexture>
				<alttexturefocus>osd/PlayFO.png</alttexturefocus>
				<alttexturenofocus>osd/PlayNF.png</alttexturenofocus>
				<onclick>PlayerControl(Play)</onclick>
			</control>
			<control type="button" id="204">
				<label></label>
				<!--Stop-->
				<!--visible>ControlGroup(20).HasFocus()</visible-->
				<include>animation_fade_visible_hidden</include>
				<width>60</width>
				<height>60</height>
				<font>-</font>
				<texturefocus>osd/StopFO.png</texturefocus>
				<texturenofocus>osd/StopNF.png</texturenofocus>
				<onclick>PlayerControl(Stop)</onclick>
			</control>
			<control type="button" id="205">
				<label></label>
				<!--FF-->
				<!--visible>ControlGroup(20).HasFocus()</visible-->
				<include>animation_fade_visible_hidden</include>
				<width>60</width>
				<height>60</height>
				<font>-</font>
				<texturefocus>osd/ForwardFO.png</texturefocus>
				<texturenofocus>osd/ForwardNF.png</texturenofocus>
				<onclick>PlayerControl(Forward)</onclick>
			</control>
			<control type="button" id="206">
				<!--Next-->
				<!--visible>ControlGroup(20).HasFocus()</visible-->
				<include>animation_fade_visible_hidden</include>
				<width>60</width>
				<height>60</height>
				<label>209</label>
				<font>-</font>
				<texturefocus>osd/NextTrackFO.png</texturefocus>
				<texturenofocus>osd/NextTrackNF.png</texturenofocus>
				<onclick>PlayerControl(Next)</onclick>
			</control>
			<control type="button" id="1">
				<description>Audio Settings</description>
				<width>200</width>
				<height>60</height>
				<texturefocus>-</texturefocus>
				<texturenofocus>-</texturenofocus>
				<textoffsetx>0</textoffsetx>
				<font>Reg20</font>
				<textcolor>lightgrey</textcolor>
				<focusedcolor>white</focusedcolor>
				<label>$LOCALIZE[486]$INFO[Playlist.Repeat, : ]</label>
				<onclick>XBMC.PlayerControl(Repeat)</onclick>
			</control>
			<control type="button" id="2">
				<width>250</width>
				<height>60</height>
				<texturefocus>-</texturefocus>
				<texturenofocus>-</texturenofocus>
				<textoffsetx>0</textoffsetx>
				<font>Reg20</font>
				<textcolor>lightgrey</textcolor>
				<focusedcolor>white</focusedcolor>
				<label>$LOCALIZE[191]$INFO[Playlist.Random, : ]</label>
				<onclick>XBMC.PlayerControl(Random)</onclick>
			</control>
		</control>
		<!--Process/Seekbar-->
		<control type="progress" id="23">
			<description>Progress Bar</description>
			<posx>700</posx>
			<posy>905</posy>
			<width>800</width>
			<info>Player.Progress</info>
			<visible>true</visible>
		</control>
	</include>
    
	<include name="OSDButtonsClassic">
			<visible>!Window.IsActive(filebrowser)</visible>
            <visible>!Window.IsActive(sliderdialog)</visible>
            <control type="grouplist" id="100">
                <!--Settings-->
                <posx>1505</posx>
                <posy>956</posy>
                <width>1000</width>
                <height>60</height>
                <itemgap>0</itemgap>
                <onup>noop</onup>
                <ondown>noop</ondown>
                <onleft>206</onleft>
                <onright>noop</onright>
                <orientation>horizontal</orientation>
                <control type="button" id="101">
                    <!--Audio Settings-->
                    <width>60</width>
                    <height>60</height>
                    <label>13396</label>
                    <font>-</font>
                    <texturefocus>osd/AudioFO.png</texturefocus>
                    <texturenofocus>osd/AudioNF.png</texturenofocus>
                    <onclick>ActivateWindow(124)</onclick>
                </control>
                <control type="button" id="102">
                    <!--Video Settings-->
                    <description>Video Settings</description>
                    <width>60</width>
                    <height>60</height>
                    <label>13395</label>
                    <align>left</align>
                    <font>-</font>
                    <texturefocus>osd/VideoFO.png</texturefocus>
                    <texturenofocus>osd/VideoNF.png</texturenofocus>
                    <onclick>ActivateWindow(123)</onclick>
                </control>
                <control type="button" id="104">
                    <!--Subtitles-->
                    <description>Subtitles</description>
                    <width>60</width>
                    <height>60</height>
                    <label>287</label>
                    <font>-</font>
                    <texturefocus>osd/SubtitlesFO.png</texturefocus>
                    <texturenofocus>osd/SubtitlesNF.png</texturenofocus>
                    <onclick>ActivateWindow(SubtitleSearch)</onclick>
					<visible>!VideoPlayer.Content(livetv)</visible>
                </control>
				<control type="button" id="105">
                    <!--teletext-->
                    <description>Subtitles</description>
                    <width>60</width>
                    <height>60</height>
                    <label>287</label>
                    <font>-</font>
                    <texturefocus>osd/text-fo.png</texturefocus>
                    <texturenofocus>osd/text-nofo.png</texturenofocus>
					<onclick>ActivateWindow(Teletext)</onclick>
					<visible>VideoPlayer.Content(livetv)</visible>
                </control>
            </control>
            <control type="grouplist" id="200">
                <!--OSD-->
                <posx>550</posx>
                <posy>956</posy>
                <width>1000</width>
                <height>60</height>
                <itemgap>0</itemgap>
                <onup>noop</onup>
                <ondown>noop</ondown>
                <onleft>noop</onleft>
                <onright>101</onright>
                <orientation>horizontal</orientation>
                <control type="button" id="201">
                    <!--Skip Back-->
                    <!--visible>ControlGroup(20).HasFocus()</visible-->
                    <include>animation_fade_visible_hidden</include>
                    <width>60</width>
                    <height>60</height>
                    <label>210</label>
                    <font>-</font>
                    <texturefocus>osd/PrevTrackFO.png</texturefocus>
                    <texturenofocus>osd/PrevTrackNF.png</texturenofocus>
                    <onclick>PlayerControl(Previous)</onclick>
                </control>
                <control type="button" id="202">
                    <label></label>
                    <!--RR-->
                    <!--visible>ControlGroup(20).HasFocus()</visible-->
                    <include>animation_fade_visible_hidden</include>
                    <width>60</width>
                    <height>60</height>
                    <font>-</font>
                    <texturefocus>osd/RewindFO.png</texturefocus>
                    <texturenofocus>osd/RewindNF.png</texturenofocus>
                    <onclick>PlayerControl(Rewind)</onclick>
                </control>
                <control type="togglebutton" id="203">
                    <label></label>
                    <altlabel></altlabel>
                    <!--Play Pause-->
                    <!--visible>ControlGroup(20).HasFocus()</visible-->
                    <include>animation_fade_visible_hidden</include>
                    <width>164</width>
                    <height>60</height>
                    <font>-</font>
                    <texturefocus>osd/PauseFO.png</texturefocus>
                    <texturenofocus>osd/PauseNF.png</texturenofocus>
                    <usealttexture>Player.Paused | Player.Forwarding | Player.Rewinding</usealttexture>
                    <alttexturefocus>osd/PlayFO.png</alttexturefocus>
                    <alttexturenofocus>osd/PlayNF.png</alttexturenofocus>
                    <onclick>PlayerControl(Play)</onclick>
                </control>
                <control type="button" id="204">
                    <label></label>
                    <!--Stop-->
                    <!--visible>ControlGroup(20).HasFocus()</visible-->
                    <include>animation_fade_visible_hidden</include>
                    <width>60</width>
                    <height>60</height>
                    <font>-</font>
                    <texturefocus>osd/StopFO.png</texturefocus>
                    <texturenofocus>osd/StopNF.png</texturenofocus>
                    <onclick>PlayerControl(Stop)</onclick>
                </control>
                <control type="button" id="205">
                    <label></label>
                    <!--FF-->
                    <!--visible>ControlGroup(20).HasFocus()</visible-->
                    <include>animation_fade_visible_hidden</include>
                    <width>60</width>
                    <height>60</height>
                    <font>-</font>
                    <texturefocus>osd/ForwardFO.png</texturefocus>
                    <texturenofocus>osd/ForwardNF.png</texturenofocus>
                    <onclick>PlayerControl(Forward)</onclick>
                </control>
                <control type="button" id="206">
                    <!--Next-->
                    <!--visible>ControlGroup(20).HasFocus()</visible-->
                    <include>animation_fade_visible_hidden</include>
                    <width>60</width>
                    <height>60</height>
                    <label>209</label>
                    <font>-</font>
                    <texturefocus>osd/NextTrackFO.png</texturefocus>
                    <texturenofocus>osd/NextTrackNF.png</texturenofocus>
                    <onclick>PlayerControl(Next)</onclick>
                </control>
				<control type="button" id="214">
                    <!--bookmarks-->
                    <include>animation_fade_visible_hidden</include>
                    <width>60</width>
                    <height>60</height>
                    <label>-</label>
                    <font>-</font>
                    <texturefocus>osd/text-fo.png</texturefocus>
                    <texturenofocus>osd/text-nofo.png</texturenofocus>
                    <onclick>ActivateWindow(VideoBookmarks)</onclick>
					<visible>Player.HasVideo</visible>
                </control>
				<control type="button" id="215">
                    <!--disc menu-->
                    <include>animation_fade_visible_hidden</include>
                    <width>60</width>
                    <height>60</height>
                    <label>-</label>
                    <font>-</font>
                    <texturefocus>osd/InfoFO.png</texturefocus>
                    <texturenofocus>osd/InfoNF.png</texturenofocus>
                    <onclick>PlayerControl(ShowVideoMenu)</onclick>
					<visible>VideoPlayer.HasMenu</visible>
                </control>
            </control>
	</include>
	
	<include name="OSDButtonsModern">
			<visible>!Window.IsActive(filebrowser)</visible>
            <visible>!Window.IsActive(sliderdialog)</visible>
			
			<!-- subtitle selection -->
			<control type="grouplist" id="1410">
				<visible>StringCompare(Window(Home).Property(subtitlemenu), show)</visible>
				<description>Header</description>
				<animation effect="fade" time="200">VisibleChange</animation>
				<left>340</left>
				<bottom>110</bottom>
				<width>1920</width>
				<height>80</height>
				<orientation>horizontal</orientation>
				<itemgap>30</itemgap>
				<onleft>400</onleft>
				<onright>400</onright>
				<onup>104</onup>
				<ondown>104</ondown>
				<ondown>Control.Focus(200)</ondown>
				<onback>Control.Focus(200)</onback>
				<control type="button" id="1401">
					<description>Download with Subtitles script</description>
					<width>359</width>
					<include>DialogButtonOther</include>
					<font>Reg22</font>
					<textoffsetx>10</textoffsetx>
					<label>33003</label>
					<aligny>center</aligny>
					<onclick>ActivateWindow(SubtitleSearch)</onclick>
				</control>
				<control type="button" id="1402">
					<width>359</width>
					<include>DialogButtonOther</include>
					<font>Reg22</font>
					<textoffsetx>10</textoffsetx>
					<aligny>center</aligny>
					<pulseonselect>false</pulseonselect>
					<label>22006</label>
					<onclick>SubtitleDelay</onclick>
					<visible>VideoPlayer.HasSubtitles + VideoPlayer.SubtitlesEnabled</visible>
				</control>
				<control type="button" id="1403">
					<width>359</width>
					<include>DialogButtonOther</include>
					<font>Reg22</font>
					<textoffsetx>10</textoffsetx>
					<aligny>center</aligny>
					<label>209</label>
					<onclick>NextSubtitle</onclick>
					<visible>VideoPlayer.HasSubtitles + VideoPlayer.SubtitlesEnabled</visible>
				</control>
				<control type="radiobutton" id="1404">
					<width>359</width>
					<textoffsetx>0</textoffsetx>
					<include>DialogButtonOther</include>
					<font>Reg22</font>
					<textoffsetx>10</textoffsetx>
					<aligny>center</aligny>
					<label>449</label>
					<onclick>ShowSubtitles</onclick>
					<selected>VideoPlayer.SubtitlesEnabled</selected>
					<visible>VideoPlayer.HasSubtitles</visible>
					<pulseonselect>false</pulseonselect>
				</control>
			</control>
			
			<control type="slider" id="401">
				<description>Seekbar</description>
				<posx>515</posx>
				<posy>960</posy>
				<height>20</height>
				<width>700</width>
				<visible>Window.IsActive(VideoOSD.xml)</visible>
				<visible>Player.HasDuration</visible>
				<action>seek</action>
				<visible>!StringCompare(Window(Home).Property(subtitlemenu), show)</visible>
				<animation effect="slide" end="-50" time="0" condition="player.hasvideo">Conditional</animation>
			</control>

	
            <control type="grouplist" id="200">
                <!--OSD-->
                <posx>325</posx>
                <posy>990</posy>
                <width>1000</width>
                <height>130</height>
                <itemgap>0</itemgap>
                <onup>noop</onup>
                <ondown>noop</ondown>
                <onleft>200</onleft>
                <onright>200</onright>
                <orientation>horizontal</orientation>
				<defaultcontrol always="true">104</defaultcontrol>
				<visible>!Window.IsActive(DialogSubtitles.xml)</visible>
				<animation effect="slide" end="50" time="0" condition="player.hasaudio">Conditional</animation>
                <control type="button" id="201">
                    <!--Skip Back-->
                    <!--visible>ControlGroup(20).HasFocus()</visible-->
                    <include>animation_fade_visible_hidden</include>
                    <width>90</width>
                    <height>98</height>
                    <label>210</label>
                    <font>-</font>
                    <texturefocus>osd/OSDPreviousFO.png</texturefocus>
                    <texturenofocus>osd/OSDPreviousNF.png</texturenofocus>
                    <onclick>PlayerControl(Previous)</onclick>
                </control>
                <control type="button" id="202">
                    <label></label>
                    <!--RR-->
                    <!--visible>ControlGroup(20).HasFocus()</visible-->
                    <include>animation_fade_visible_hidden</include>
                    <width>90</width>
                    <height>98</height>
                    <font>-</font>
                    <texturefocus>osd/OSDRWFO.png</texturefocus>
                    <texturenofocus>osd/OSDRWNF.png</texturenofocus>
                    <onclick>PlayerControl(Rewind)</onclick>
                </control>
                <control type="togglebutton" id="203">
                    <label></label>
                    <altlabel></altlabel>
                    <!--Play Pause-->
                    <!--visible>ControlGroup(20).HasFocus()</visible-->
                    <include>animation_fade_visible_hidden</include>
                    <width>90</width>
                    <height>98</height>
                    <font>-</font>
                    <texturefocus>osd/OSDPauseFO.png</texturefocus>
                    <texturenofocus>osd/OSDPauseNF.png</texturenofocus>
                    <usealttexture>Player.Paused | Player.Forwarding | Player.Rewinding</usealttexture>
                    <alttexturefocus>osd/OSDPlayFO.png</alttexturefocus>
                    <alttexturenofocus>osd/OSDPlayNF.png</alttexturenofocus>
                    <onclick>PlayerControl(Play)</onclick>
                </control>
                <control type="button" id="204">
                    <label></label>
                    <!--Stop-->
                    <include>animation_fade_visible_hidden</include>
                    <width>90</width>
                    <height>98</height>
                    <font>-</font>
                    <texturefocus>osd/OSDStopFO.png</texturefocus>
                    <texturenofocus>osd/OSDStopNF.png</texturenofocus>
                    <onclick>PlayerControl(Stop)</onclick>
                </control>
                <control type="button" id="205">
                    <label></label>
                    <!--FF-->
                    <include>animation_fade_visible_hidden</include>
                    <width>90</width>
                    <height>98</height>
                    <font>-</font>
                    <texturefocus>osd/OSDFWFO.png</texturefocus>
                    <texturenofocus>osd/OSDFWNF.png</texturenofocus>
                    <onclick>PlayerControl(Forward)</onclick>
                </control>
                <control type="button" id="206">
                    <!--Next-->
                    <include>animation_fade_visible_hidden</include>
                    <width>90</width>
                    <height>98</height>
                    <label>209</label>
                    <font>-</font>
                    <texturefocus>osd/OSDNextFO.png</texturefocus>
                    <texturenofocus>osd/OSDNextNF.png</texturenofocus>
                    <onclick>PlayerControl(Next)</onclick>
                </control>
				<control type="button" id="207">
				  <include>animation_fade_visible_hidden</include>
				  <posx>0</posx>
				  <posy>3</posy>
				  <width>90</width>
				  <height>98</height>
				  <label>$LOCALIZE[486]$INFO[Playlist.Repeat, : ]</label>
				  <font>-</font>
				  <texturefocus>osd/OSDRepeatFO.png</texturefocus>
				  <texturenofocus>osd/OSDRepeatNF.png</texturenofocus>
				  <onclick>XBMC.PlayerControl(Repeat)</onclick>
				  <visible>!Playlist.IsRepeatOne + !Playlist.IsRepeat + Player.HasAudio</visible>
				</control>
				<control type="button" id="208">
					<include>animation_fade_visible_hidden</include>
				  <posx>0</posx>
				  <posy>3</posy>
				  <width>90</width>
				  <height>98</height>
				  <texturefocus>osd/OSDRepeatOneFO.png</texturefocus>
                  <texturenofocus>osd/OSDRepeatOneNF.png</texturenofocus>
				  <visible>Playlist.IsRepeatOne + Player.HasAudio</visible>
				  <onclick>XBMC.PlayerControl(Repeat)</onclick>
				</control>
				<control type="button" id="210">
				  <include>animation_fade_visible_hidden</include>
				  <posx>0</posx>
				  <posy>3</posy>
				  <width>90</width>
				  <height>98</height>
				  <texturefocus>osd/OSDRepeatAllFO.png</texturefocus>
                  <texturenofocus>osd/OSDRepeatAllNF.png</texturenofocus>
				  <visible>Playlist.IsRepeat + Player.HasAudio</visible>
				  <onclick>XBMC.PlayerControl(Repeat)</onclick>
				</control>
				<control type="togglebutton" id="212">
				  <include>animation_fade_visible_hidden</include>
				  <posx>375</posx>
				  <posy>1</posy>
				  <width>90</width>
				  <height>98</height>
				  <label>$LOCALIZE[590]$INFO[Playlist.Random, : ]</label>
				  <altlabel>$LOCALIZE[590] : $LOCALIZE[16041]</altlabel>
				  <font>-</font>
				  <texturefocus>osd/OSDRandomOffFO.png</texturefocus>
				  <texturenofocus>osd/OSDRandomOffNF.png</texturenofocus>
				  <usealttexture>Playlist.IsRandom</usealttexture>
				  <alttexturefocus>osd/OSDRandomOnFO.png</alttexturefocus>
				  <alttexturenofocus>osd/OSDRandomOnNF.png</alttexturenofocus>
				  <onclick>XBMC.PlayerControl(Random)</onclick>
				  <visible>Player.HasAudio</visible>
				</control>
				<control type="button" id="213">
                    <!--Record-->
                    <include>animation_fade_visible_hidden</include>
                    <width>90</width>
                    <height>98</height>
                    <label>209</label>
                    <font>-</font>
                    <texturefocus>osd/OSDRecordFO.png</texturefocus>
                    <texturenofocus>osd/OSDRecordNF.png</texturenofocus>
                    <onclick>PlayerControl(Record)</onclick>
					<visible>Player.CanRecord</visible>
                </control>
				<control type="button" id="214">
                    <!--bookmarks-->
                    <include>animation_fade_visible_hidden</include>
                    <width>90</width>
                    <height>98</height>
                    <label>209</label>
                    <font>-</font>
                    <texturefocus>osd/OSDBookmarksFO.png</texturefocus>
                    <texturenofocus>osd/OSDBookmarksNF.png</texturenofocus>
                    <onclick>ActivateWindow(VideoBookmarks)</onclick>
					<visible>Player.HasVideo</visible>
                </control>
				<control type="button" id="215">
                    <!--disc menu-->
                    <include>animation_fade_visible_hidden</include>
                    <width>90</width>
                    <height>98</height>
                    <label>209</label>
                    <font>-</font>
                    <texturefocus>osd/OSDDvdFO.png</texturefocus>
                    <texturenofocus>osd/OSDDvdNF.png</texturenofocus>
                    <onclick>PlayerControl(ShowVideoMenu)</onclick>
					<visible>VideoPlayer.HasMenu</visible>
                </control>
				<control type="button" id="101">
                    <!--Audio Settings-->
                    <width>110</width>
                    <height>97</height>
                    <label>13396</label>
                    <font>-</font>
                    <texturefocus>osd/OSDAudioFO.png</texturefocus>
                    <texturenofocus>osd/OSDAudioNF.png</texturenofocus>
                    <onclick>ActivateWindow(124)</onclick>
					<visible>Player.HasVideo</visible>
                </control>
                <control type="button" id="102">
                    <!--Video Settings-->
                    <description>Video Settings</description>
                    <width>90</width>
                    <height>97</height>
                    <label>13395</label>
                    <align>left</align>
                    <font>-</font>
                    <texturefocus>osd/OSDVideoFO.png</texturefocus>
                    <texturenofocus>osd/OSDVideoNF.png</texturenofocus>
                    <onclick>ActivateWindow(123)</onclick>
					<visible>Player.HasVideo</visible>
					<onfocus condition="StringCompare(Window(Home).Property(subtitlemenu), show)">ClearProperty(subtitlemenu,home)</onfocus>
                </control>
                <control type="button" id="104">
                    <!--Subtitles-->
                    <description>Subtitles</description>
                    <width>90</width>
                    <height>97</height>
                    <label>287</label>
                    <font>-</font>
					
					<onup>SetProperty(subtitlemenu,show,Home)</onup>
					<onup>Control.SetFocus(1401)</onup>
					<onup>Control.SetFocus(1401)</onup>
                    <texturefocus>osd/OSDSubtitlesFO.png</texturefocus>
                    <texturenofocus>osd/OSDSubtitlesNF.png</texturenofocus>
					<onclick condition="!StringCompare(Window(Home).Property(subtitlemenu), show)">SetProperty(subtitlemenu,show,Home)</onclick>
					<onclick condition="StringCompare(Window(Home).Property(subtitlemenu), show)">ClearProperty(subtitlemenu,Home)</onclick>
					<onback condition="StringCompare(Window(Home).Property(subtitlemenu), show)">ClearProperty(subtitlemenu,Home)</onback>
					<onclick condition="!StringCompare(Window(Home).Property(subtitlemenu), show)">Control.SetFocus(1401)</onclick>
					<visible>!VideoPlayer.Content(livetv)</visible>
					<visible>Player.HasVideo</visible>
                </control>
				<control type="button" id="105">
                    <!--teletext-->
                    <description>teletext</description>
                    <width>90</width>
                    <height>97</height>
                    <label>287</label>
                    <font>-</font>
                    <texturefocus colordiffuse="white">osd/text-nofo.png</texturefocus>
                    <texturenofocus colordiffuse="lightgrey">osd/text-nofo.png</texturenofocus>
					<onclick>ActivateWindow(Teletext)</onclick>
					<visible>VideoPlayer.Content(livetv)</visible>
					<visible>Player.HasVideo</visible>
                </control>
				<control type="togglebutton" id="701">
					<!-- lyrics -->
					<width>90</width>
                    <height>97</height>
					<label>31128</label>
					<font>-</font>
					<texturefocus>osd/OSDSubtitlesFO.png</texturefocus>
                    <texturenofocus>osd/OSDSubtitlesNF.png</texturenofocus>
					<alttexturefocus>osd/OSDSubtitlesFO.png</alttexturefocus>
                    <alttexturenofocus>osd/OSDSubtitlesNF.png</alttexturenofocus>
					<onclick>Close</onclick>
					<onclick>RunScript($INFO[Skin.String(LyricScript_Path)])</onclick>
					<altclick>Skin.SetAddon(LyricScript_Path,xbmc.python.lyrics)</altclick>
					<altclick>Close</altclick>
					<altclick>RunScript($INFO[Skin.String(LyricScript_Path)])</altclick>
					<usealttexture>IsEmpty(Skin.String(LyricScript_Path))</usealttexture>
					<visible>![Window.IsVisible(AddonSettings) | Window.IsVisible(SelectDialog) | Window.IsVisible(VisualisationPresetList)]</visible>
					<visible>Player.hasaudio</visible>
				</control>
				<control type="button" id="500">
					<!-- vizualisation addon -->
					<width>90</width>
                    <height>97</height>
					<label>12006</label>
					<font>-</font>
					<texturefocus>osd/OSDVideoFO.png</texturefocus>
					<texturenofocus>osd/OSDVideoNF.png</texturenofocus>
					<visible>![Window.IsVisible(AddonSettings) | Window.IsVisible(SelectDialog) | Window.IsVisible(VisualisationPresetList)]</visible>
					<visible>Player.hasaudio</visible>
				</control>
            </control>

			<!-- close dialog button -->
			<control type="button">
				<right>70</right>
				<posx>1450</posx>
				<posy>835</posy>
				<width>50</width>
				<height>50</height>
				<texturefocus colordiffuse="white">touchcontrols/icon_close.png</texturefocus>
				<texturenofocus colordiffuse="aawhite">touchcontrols/icon_close.png</texturenofocus>
				<aspectratio>keep</aspectratio>
				<onclick>back</onclick>
				<visible>Skin.HasSetting(EnableTouchSupport)</visible>
				<visible>!Window.IsActive(DialogSubtitles.xml)</visible>
				<visible>!Window.IsActive(DialogSlider.xml)</visible>
				<animation type="Conditional" condition="player.paused | player.forwarding | player.rewinding">
					<effect type="slide" start="0,0" end="-160,0" time="200" tween="cubic" easing="inout" delay="0" />
				</animation>
			</control>

	</include>
	
	
		
		
</includes>