<?xml version="1.0" encoding="utf-8"?>
<includes>
	
	<!--Animation-->
    <include name="animation_view_change">
        <!--View Change -->
		<animation time="250" effect="fade">Visible</animation>
        <animation time="250" effect="fade">Hidden</animation>
    </include>
    <include name="animation_view_change_pvr">
        <!--View Change PVR-->
        <animation time="250" effect="fade">Visible</animation>
        <animation time="250" effect="fade">Hidden</animation>
    </include>
	
    <include name="animation_window_open_close">
        <!--Fade Open/Close normal-->
		<animation type="WindowOpen" reversible="false" condition="!System.Platform.Linux.RaspberryPi">
			<effect type="zoom" start="80" end="100" center="960,540" easing="out" tween="back" time="200"/>
			<effect type="fade" start="0" end="100" time="200"/>
		</animation>
		<animation type="WindowClose" reversible="false" condition="!System.Platform.Linux.RaspberryPi">
			<effect type="zoom" start="100" end="80" center="960,540" easing="in" tween="back" time="200"/>
			<effect type="fade" start="100" end="0" time="200"/>
		</animation>
		
		<!--Fade Open/Close slow systems-->
		<animation type="WindowOpen" reversible="false" condition="System.Platform.Linux.RaspberryPi">
			<effect type="fade" start="0" end="100" time="150"/>
		</animation>
		<animation type="WindowClose" reversible="false" condition="System.Platform.Linux.RaspberryPi">
			<effect type="fade" start="100" end="0" time="150"/>
		</animation>
		
		<animation time="150" effect="fade" reversible="true" easing="inout">Visible</animation>

    </include>

    <include name="animation_fade_visible_hidden">
        <!--Visible/Hidden Aniamtion-->
        <animation time="200" effect="fade" reversible="true" easing="inout">Visible</animation>
		<animation type="WindowOpen" reversible="false">
			<effect type="fade" start="0" end="100" time="200"/>
		</animation>
		<animation type="WindowClose" reversible="false">
			<effect type="fade" start="100" end="0" time="200"/>
		</animation>
    </include>
	
	<include name="animation_fade_visible_hidden_delayed">
        <!--Visible/Hidden Aniamtion-->
        <animation time="300" effect="fade" delay="0">Visible</animation>
        <animation time="300" effect="fade" delay="300">Hidden</animation>
    </include>
	
    <include name="animation_dialog_button">
        <!--Shutdown Menu Open/Close-->
        <animation type="WindowOpen">
			<effect type="slide" start="0,1100" end="0,510" tween="cubic" easing="inout" time="550" />
            <effect type="fade" start="0" end="100" tween="sine" easing="inout" time="400" />
        </animation>
        <animation type="WindowClose">
            <effect type="slide" start="0,510" end="0,1100" tween="cubic" easing="inout" time="550" />
            <effect type="fade" start="100" end="0" tween="sine" easing="out" time="350" />
        </animation>
    </include>
	<include name="animation_dialog_button_modern">
        <!--Shutdown Menu Open/Close-->
        <animation type="WindowOpen">
            <effect type="slide" start="0,1100" end="0,1000" tween="cubic" easing="inout" time="550" />
            <effect type="fade" start="0" end="100" tween="sine" easing="inout" time="400" />
        </animation>
        <animation type="WindowClose">
            <effect type="slide" start="0,1000" end="0,1100" tween="cubic" easing="inout" time="550" />
            <effect type="fade" start="100" end="0" tween="sine" easing="out" time="300" />
        </animation>
    </include>
	
	
    <include name="animation_sub_menu">
        <!--Sub Menu Slide Animation-->
        <animation type="Conditional" condition="ControlGroup(9000).HasFocus() | StringCompare(Window(Home).Property(ShowViewSubMenu),show)">
            <effect type="slide" start="0" end="660" time="300" delay="0" tween="cubic" easing="inout" />
        </animation>	
    </include>
   
	<include name="SettingsFadeEffect">
		<animation effect="fade" time="100" delay="200">Visible</animation>
		<animation effect="fade" time="50">Hidden</animation>
	</include>
	
	<include name="backgroundfade">
        <animation effect="fade" time="150">Visible</animation>
        <animation effect="fade" time="150">Hidden</animation>
    </include>
	
</includes>