<?xml version="1.0" encoding="UTF-8"?>
<includes>

  <include name="simplehome_horizontal">
		<control type="group" description="HORIZONTAL HOME">
		
		<animation type="Conditional" condition="!system.getbool(lookandfeel.enablerssfeeds) + !Skin.HasSetting(EnableTouchSupport)">
            <effect type="slide" start="0" end="0,120" time="300" delay="0" tween="cubic" easing="inout" />
        </animation>
		
	
		  <control type="group">
			<posy>45</posy>
			<control type="group">
			 
			 <control type="image" description="home back panel">
			    <posx>0</posx>
				<posy>670</posy>
				<width>1920</width>
				<height>180</height>
				<texture>colors/color_white.png</texture>
				<animation effect="fade" end="50" time="0" condition="true">Conditional</animation>
				<colordiffuse>$VAR[panel_color]</colordiffuse>
			  </control>

			  <control type="image">
				<posx>0</posx>
				<posy>710</posy>
				<width>1920</width>
				<height>100</height>
				<texture>colors/color_white.png</texture>
				<animation effect="fade" end="85" time="0" condition="true">Conditional</animation>
				<colordiffuse>$VAR[panel_color]</colordiffuse>
			  </control>
			</control>
			<control type="fixedlist" id="300" description="Main Bar">
			  <animation effect="fade" time="200" start="100" end="25" reversible="true" condition="!Control.HasFocus(300)">Conditional</animation>
			  <posx>-338</posx>
			  <width>3069</width>
			  <posy>725</posy>
			  <height>72</height>
			  <onleft>300</onleft>
			  <onright>300</onright>
			  <ondown>4444</ondown>
			  <onup>510</onup>
			  <pagecontrol>-</pagecontrol>
			  <focusposition>2</focusposition>
			  <movement>1</movement>
			  <preloaditems>4</preloaditems>
			  <orientation>horizontal</orientation>
			  <itemlayout height="70" width="519">
				<control type="label">
				  <posx>0</posx>
				  <posy>0</posy>
				  <width>519</width>
				  <textcolor>grey</textcolor>
				  <shadowcolor>black</shadowcolor>
				  <height>70</height>
				  <align>center</align>
				  <aligny>top</aligny>
				  <textoffsety>2</textoffsety>
				  <scroll>false</scroll>
				  <label>[B][UPPERCASE]$INFO[ListItem.Label][/UPPERCASE][/B]</label>
				  <font>Reg50</font>
				</control>
			  </itemlayout>
			  <focusedlayout height="70" width="519">
				<control type="label">
					  <posx>0</posx>
					  <posy>0</posy>
					  <width>519</width>
					  <textcolor>mainblue</textcolor>
					  <shadowcolor>black</shadowcolor>
					  <height>70</height>
					  <align>center</align>
					  <aligny>top</aligny>
					  <textoffsety>2</textoffsety>
					  <label>[B][UPPERCASE]$INFO[ListItem.Label][/UPPERCASE][/B]</label>
					  <font>Reg50</font>
				</control>
				<control type="button">
					<visible>false</visible>
					<onfocus condition="Skin.HasSetting(UseSectionBackground)">SetProperty(SectionBackground,$INFO[Container(300).ListItem.Property(defaultID)],Home)</onfocus>
					<onfocus condition="Skin.HasSetting(UseSectionBackground) + !IsEmpty(Container(300).ListItem.Property(Background))">SetProperty(SectionBackgroundValue,$INFO[Container(300).ListItem.Property(Background)],Home)</onfocus>
					<onfocus condition="Skin.HasSetting(UseSectionBackground) + IsEmpty(Container(300).ListItem.Property(Background))">ClearProperty(SectionBackgroundValue,Home)</onfocus>			
				
					<onfocus condition="!Skin.HasSetting(DisableAllSubmenus)">SetProperty(menu,300,Home)</onfocus>
					<onfocus condition="!Skin.HasSetting(DisableAllSubmenus) + Skin.HasSetting(AutoShowSubmenu) + skin.hastheme(classic)">SetFocus(4444)</onfocus>
					<onfocus condition="!Skin.HasSetting(DisableAllSubmenus) + Skin.HasSetting(AutoShowSubmenu) + !skin.hastheme(classic)">SetProperty(submenu,show,home)</onfocus>
					<onfocus condition="!Skin.HasSetting(DisableAllWidgets)">XBMC.RunScript(script.titanskin.helpers,SETWIDGET,300)</onfocus>
				</control>
			  </focusedlayout>
			  <content>
				<include>skinshortcuts-mainmenu</include>
			  </content>
			</control>
			<control type="wraplist" id="4444" description="Submenu Bar">
			  <animation effect="fade" time="200" start="100" end="100" reversible="true" condition="!Control.HasFocus(4444)">Conditional</animation>
			  <visible>!Skin.HasSetting(DisableAllSubmenus)</visible>
			  <posx>-290</posx>
			  <width>3000</width>
			  <posy>803</posy>
			  <height>50</height>
			  <onleft>4444</onleft>
			  <onright>4444</onright>
			  <viewtype>list</viewtype>
			  <orientation>horizontal</orientation>
			  <focusposition>3</focusposition>
			  <movement>3</movement>
			  <onup>300</onup>
			  <itemgap>6</itemgap>
			  <onback>SetFocus(300)</onback>
			  <ondown>2</ondown>
			  <itemlayout width="350" height="50">
				<control type="label">
				  <posx>3</posx>
				  <posy>1</posy>
				  <height>50</height>
				  <width>350</width>
				  <align>center</align>
				  <aligny>center</aligny>
				  <font>Reg26</font>
				  <scroll>false</scroll>
				  <label>$INFO[ListItem.Label]</label>
				  <textcolor>black</textcolor>
				  <shadowcolor>-</shadowcolor>
				</control>
				<control type="label">
				  <posx>3</posx>
				  <posy>0</posy>
				  <height>50</height>
				  <width>350</width>
				  <align>center</align>
				  <aligny>center</aligny>
				  <font>Reg26</font>
				  <scroll>false</scroll>
				  <label>$INFO[ListItem.Label]</label>
				  <textcolor>white</textcolor>
				  <shadowcolor>-</shadowcolor>
				</control>
			  </itemlayout>
			  <focusedlayout width="350" height="50">
				<control type="label">
				  <posx>3</posx>
				  <posy>1</posy>
				  <height>50</height>
				  <width>350</width>
				  <align>center</align>
				  <aligny>center</aligny>
				  <font>Reg26</font>
				  <label>$INFO[ListItem.Label]</label>
				  <textcolor>black</textcolor>
				  <shadowcolor>-</shadowcolor>
				</control>
				<control type="label">
				  <visible>!Control.HasFocus(4444)</visible>
				  <posx>3</posx>
				  <posy>0</posy>
				  <height>50</height>
				  <width>350</width>
				  <align>center</align>
				  <aligny>center</aligny>
				  <font>Reg26</font>
				  <label>$INFO[ListItem.Label]</label>
				  <textcolor>white</textcolor>
				  <shadowcolor>-</shadowcolor>
				</control>
				<control type="label">
				  <visible>Control.HasFocus(4444)</visible>
				  <posx>3</posx>
				  <posy>0</posy>
				  <height>50</height>
				  <width>350</width>
				  <align>center</align>
				  <aligny>center</aligny>
				  <font>Reg26</font>
				  <label>$INFO[ListItem.Label]</label>
				  <textcolor>mainblue</textcolor>
				  <shadowcolor>-</shadowcolor>
				</control>
			  </focusedlayout>
			  <content>
				<include condition="!Skin.HasSetting(DisableAllSubmenus)">skinshortcuts-submenu</include>
			  </content>
			</control>
		  </control>
		
		<!-- widgets -->
		<control type="group">
			<posy>420</posy>
			<posx>12</posx>
			
			<include condition="!Skin.HasSetting(DisableAllWidgets)">widgets</include>
			
			
			<control type="button" id="511">
				<right>-20</right>
				<posy>285</posy>
				<width>1000</width>
				<height>60</height>
				<align>right</align>
				<textcolor>grey</textcolor>
				<shadowcolor>black</shadowcolor>
				<focusedcolor>$INFO[Skin.String(ButtonFocusColor)]</focusedcolor>
				<font>Reg32</font>
				<onup>Skin.Reset(ShowWidgets)</onup>
				<onup>510</onup>
				<ondown>300</ondown>
				<textoffsetx>80</textoffsetx>
				<label>$VAR[HomeWidgetLabel]</label>
				<texturefocus>-</texturefocus>
				<texturenofocus>-</texturenofocus>
				<onclick>$VAR[HomeWidgetClickActions]</onclick>
				<visible>Control.HasFocus(510) | Control.HasFocus(511)</visible>
				<include>animation_fade_visible_hidden_delayed</include>
			</control>
		</control>
		
		</control>
	</include>

  
   <include name="simplehome_vertical">
	
	<!-- submenu -->
	<control type="group">
		<posx>445</posx>
		<posy>160</posy>
		<animation type="Conditional" condition="SubString(Window(Home).Property(submenu),show) | Control.HasFocus(4444)">
            <effect type="fade" start="0" end="100" time="250" delay="0" />
        </animation>
		<animation type="Conditional" condition="![SubString(Window(Home).Property(submenu),show) | Control.HasFocus(4444)]">
            <effect type="fade" start="100" end="0" time="250" delay="0" />
        </animation>
		<animation type="Conditional" condition="IntegerGreaterThan(Container(300).Position,0)">
            <effect type="slide" end="0,80" time="0" delay="0" />
        </animation>
		<animation type="Conditional" condition="IntegerGreaterThan(Container(300).Position,1)">
            <effect type="slide" end="0,80" time="0" delay="0" />
        </animation>
		<animation type="Conditional" condition="IntegerGreaterThan(Container(300).Position,2)">
            <effect type="slide" end="0,80" time="0" delay="0" />
        </animation>
		<animation type="Conditional" condition="IntegerGreaterThan(Container(300).Position,3)">
            <effect type="slide" end="0,80" time="0" delay="0" />
        </animation>
		<animation type="Conditional" condition="IntegerGreaterThan(Container(300).Position,4)">
            <effect type="slide" end="0,80" time="0" delay="0" />
        </animation>

		
		<!--Panel-->
		<control type="image">
			<posy>0</posy>
			<posx>-30</posx>
			<width>400</width>
			<height>495</height>
			<texture diffuse="poster_matte.png">colors/color_white.png</texture>
			<animation effect="fade" end="80" time="0" reversible="false" condition="StringCompare(Skin.String(FooterOpacity),80)">Conditional</animation>
			<animation effect="fade" end="60" time="0" reversible="false" condition="StringCompare(Skin.String(FooterOpacity),60)">Conditional</animation>
			<animation effect="fade" end="40" time="0" reversible="false" condition="StringCompare(Skin.String(FooterOpacity),40)">Conditional</animation>
			<animation effect="fade" end="20" time="0" reversible="false" condition="StringCompare(Skin.String(FooterOpacity),20)">Conditional</animation>
			<bordertexture border="20" colordiffuse="black">thumb_shadow.png</bordertexture>
			<bordersize>20</bordersize>
			<colordiffuse>$VAR[panel_color]</colordiffuse>
			<aspectratio>stretch</aspectratio>
		</control>
		
		<control type="list" id="4444">
			<visible allowhiddenfocus="true">SubString(Window(Home).Property(submenu),show) | Control.HasFocus(4444)</visible>
			<visible>!Skin.HasSetting(DisableAllSubmenus)</visible>
			<width>320</width>
			<posx>20</posx>
			<posy>20</posy>
			<height>440</height>
			<itemgap>3</itemgap>
			<onleft>300</onleft>
			<onleft>ClearProperty(submenu,home)</onleft>
			<onright>510</onright>
			<onup>4444</onup>
			<ondown>4444</ondown>
			<onback>300</onback>
			<onback>ClearProperty(submenu,home)</onback>
			<focusposition>0</focusposition>
			<movement>3</movement>
			<itemlayout width="320" height="65">

			<control type="label" description="Main Label">
				<posx>0</posx>
				<width>315</width>
				<align>left</align>
				<font>Reg26</font>
				<height>60</height>
				<textcolor>white</textcolor>
			  <label>$INFO[ListItem.Label]</label>
			</control>
			</itemlayout>
			<focusedlayout width="320" height="65">
			<control type="label" description="Main Label">
			  <posx>0</posx>
				<width>315</width>
				<align>left</align>
				<font>Reg26</font>
				<height>60</height>
			  <textcolor>$INFO[Skin.String(HomeViewDetailsFocusColor)]</textcolor>
			  <label>$INFO[ListItem.Label]</label>
			</control>
			</focusedlayout>
			<content>
			<include condition="!Skin.HasSetting(DisableAllSubmenus)">skinshortcuts-submenu</include>
			</content>
			</control>

	</control>

	
    <control type="group">
	
	<!--Panel-->
	<control type="image">
		<posy>-60</posy>
		<posx>-60</posx>
		<width>515</width>
		<height>1200</height>
		<texture diffuse="poster_matte.png">colors/color_white.png</texture>
		<animation effect="fade" end="80" time="0" reversible="false" condition="StringCompare(Skin.String(FooterOpacity),80)">Conditional</animation>
		<animation effect="fade" end="60" time="0" reversible="false" condition="StringCompare(Skin.String(FooterOpacity),60)">Conditional</animation>
		<animation effect="fade" end="40" time="0" reversible="false" condition="StringCompare(Skin.String(FooterOpacity),40)">Conditional</animation>
		<animation effect="fade" end="20" time="0" reversible="false" condition="StringCompare(Skin.String(FooterOpacity),20)">Conditional</animation>
		<bordertexture border="20" colordiffuse="black">thumb_shadow.png</bordertexture>
		<bordersize>20</bordersize>
		<colordiffuse>$VAR[panel_color]</colordiffuse>
		<aspectratio>stretch</aspectratio>
		<animation effect="slide" time="400" start="0" end="0,200" condition="Window.IsActive(DialogKaiToast.xml) | Window.IsActive(DialogExtendedProgressBar.xml) | Control.IsVisible(88888)">Conditional</animation>
	</control>
	
	<!-- kodi logo -->
	<control type="image">
		<posx>105</posx>
		<posy>10</posy>
		<height>140</height>
		<width>310</width>
		<aspectratio align="right">keep</aspectratio>
		<texture>$VAR[LogoImage]</texture>
		<visible>!SubString(System.BuildVersion,13,left)</visible>
		<visible>!Window.IsActive(DialogKaiToast.xml) + !Window.IsActive(DialogExtendedProgressBar.xml) + !Control.IsVisible(88888)</visible>
	</control>

    <control type="list" id="300" description="Main Bar">
        <animation effect="fade" time="200" start="100" end="80" reversible="true" condition="!Control.HasFocus(300)">Conditional</animation>
        <posx>35</posx>
        <posy>160</posy>
        <width>370</width>
        <height>800</height>
        <onup>300</onup>
        <ondown>300</ondown>
        <onleft condition="!Skin.HasSetting(DisablePowerMenu)">2</onleft>
        <onright condition="IntegerGreaterThan(Container(4444).NumItems,0)">4444</onright>
		<onright condition="!IntegerGreaterThan(Container(4444).NumItems,0)">510</onright>
        <pagecontrol>-</pagecontrol>
        <focusposition>4</focusposition>
        <movement>0</movement>
        <preloaditems>4</preloaditems>
        <itemlayout height="80" width="370">
          <control type="label">
            <right>0</right>
            <posy>0</posy>
            <width>350</width>
            <height>80</height>
            <align>right</align>
            <aligny>center</aligny>
            <textcolor>grey</textcolor>
            <shadowcolor>black</shadowcolor>
             <label>$INFO[ListItem.Label]</label>
              <font>Reg42</font>
			<scroll>false</scroll>
          </control>
        </itemlayout>
        <focusedlayout height="80" width="370">
			<!-- submenu indicator -->
			<control type="image">
				<animation effect="fade" start="0" end="50" tween="sine" easing="inout" time="1200" pulse="true" reversible="false" condition="true">Conditional</animation>
				<right>0</right>
				<top>3</top>
				<width>20</width>
				<height>80</height>
				<aspectratio>keep</aspectratio>
				<texture>dialogs/videoinfo/arrow.png</texture>
				<visible>IntegerGreaterThan(Container(4444).NumItems,0) + Control.HasFocus(300)</visible>
				<colordiffuse>white</colordiffuse>
			</control>
			<!-- menu label -->
			<control type="label">
				<animation effect="slide" start="0" end="-35" time="0" reversible="false" condition="IntegerGreaterThan(Container(4444).NumItems,0) + Control.HasFocus(300)">Conditional</animation>
				<right>0</right>
				<width>350</width>
				<height>80</height>
				<align>right</align>
				<aligny>center</aligny>
				<textcolor>$INFO[Skin.String(HomeViewDetailsFocusColor)]</textcolor>
				<shadowcolor>black</shadowcolor>
				<label>[B]$INFO[ListItem.Label][/B]</label>
				<font>Reg42</font>
			</control>
		  <control type="button">
				<visible>false</visible>
				<onfocus condition="Skin.HasSetting(UseSectionBackground)">SetProperty(SectionBackground,$INFO[Container(300).ListItem.Property(defaultID)],Home)</onfocus>
				<onfocus condition="Skin.HasSetting(UseSectionBackground) + !IsEmpty(Container(300).ListItem.Property(Background))">SetProperty(SectionBackgroundValue,$INFO[Container(300).ListItem.Property(Background)],Home)</onfocus>
				<onfocus condition="Skin.HasSetting(UseSectionBackground) + IsEmpty(Container(300).ListItem.Property(Background))">ClearProperty(SectionBackgroundValue,Home)</onfocus>			
				
				<onfocus condition="!Skin.HasSetting(DisableAllSubmenus)">SetProperty(menu,300,Home)</onfocus>
				
				<onfocus condition="!Skin.HasSetting(DisableAllSubmenus) + Skin.HasSetting(AutoShowSubmenu) + IntegerGreaterThan(Container(4444).NumItems,0)">SetProperty(submenu,show,home)</onfocus>
				<onfocus condition="!Skin.HasSetting(DisableAllSubmenus) + Skin.HasSetting(AutoShowSubmenu) + !IntegerGreaterThan(Container(4444).NumItems,0)">SetProperty(submenu,hide,home)</onfocus>
				
				<onfocus condition="!Skin.HasSetting(DisableAllWidgets)">XBMC.RunScript(script.titanskin.helpers,SETWIDGET,300)</onfocus>
			</control>
        </focusedlayout>
        <content>
          <include>skinshortcuts-mainmenu</include>
        </content>
      </control>
    </control>
	
	<!-- widgets -->
	<control type="group">
		<posy>240</posy>
		<posx>530</posx>
		<animation type="Conditional" condition="[SubString(Window(Home).Property(submenu),show) | Control.HasFocus(4444)] + IntegerGreaterThan(Container(510).NumItems,4)">
            <effect type="slide" start="0" end="310" time="300" delay="0" tween="cubic" easing="inout" />
        </animation>
		
		<control type="group">
				<animation effect="slide" start="0" end="259" time="0" condition="!IntegerGreaterThan(Container(510).NumItems,4)">Conditional</animation>
				<animation effect="slide" start="0" end="259" time="0" condition="!IntegerGreaterThan(Container(510).NumItems,3)">Conditional</animation>
				<animation effect="slide" start="0" end="259" time="0" condition="!IntegerGreaterThan(Container(510).NumItems,2)">Conditional</animation>
				<animation effect="slide" start="0" end="259" time="0" condition="!IntegerGreaterThan(Container(510).NumItems,1)">Conditional</animation>
				<animation effect="slide" start="0" end="0,350" time="0" condition="!IntegerGreaterThan(Container(510).NumItems,5) | StringCompare(Container(510).NumItems,5)">Conditional</animation>
				<animation effect="slide" end="0,-30" time="0" condition="StringCompare(Window(Home).Property(activewidget),music)">Conditional</animation>
				<include condition="!Skin.HasSetting(DisableAllWidgets)">widgets</include>
			</control>

		<control type="group" id="77551">
			<visible>Control.HasFocus(510) + !StringCompare(Window(Home).Property(activewidget),submenuaswidget)</visible>
			<animation effect="slide" end="0,-50" time="0" condition="StringCompare(Window(Home).Property(activewidget),music)">Conditional</animation>
			<control type="image">
				<posx>50</posx>
				<posy>-300</posy>
				<width>1270</width>
				<texture>colors/color_white.png</texture>
				<animation effect="fade" reversible="false" end="80" time="0" condition="StringCompare(Skin.String(ViewDetailsPanelOpacity),80)">Conditional</animation>
				<animation effect="fade" reversible="false" end="60" time="0" condition="StringCompare(Skin.String(ViewDetailsPanelOpacity),60)">Conditional</animation>
				<animation effect="fade" reversible="false" end="40" time="0" condition="StringCompare(Skin.String(ViewDetailsPanelOpacity),40)">Conditional</animation>
				<animation effect="fade" reversible="false" end="20" time="0" condition="StringCompare(Skin.String(ViewDetailsPanelOpacity),20)">Conditional</animation>
				<animation effect="fade" reversible="false" end="0" time="0" condition="StringCompare(Skin.String(ViewDetailsPanelOpacity),0)">Conditional</animation>
				<colordiffuse>$VAR[panel_color]</colordiffuse>
				<aspectratio>stretch</aspectratio>
				<height>320</height>
			</control>
			<control type="textbox">
				<posx>60</posx>
				<posy>-160</posy>
				<width>1250</width>
				<height>163</height>
				<label fallback="19055">[B][COLOR=white]$INFO[Container(510).ListItem.Label][/COLOR][/B][CR]$VAR[HomeMenuWidgetInfoPlotAlt]</label>
				<textcolor>bbwhite</textcolor>
				<shadowcolor>black</shadowcolor>
				<align>justify</align>
				<font>Reg24</font>
			</control>
		</control>
		
		<control type="button" id="511">
			<right>-20</right>
			<bottom>0</bottom>
			<width>1000</width>
			<height>60</height>
			<align>right</align>
			<textcolor>grey</textcolor>
			<shadowcolor>black</shadowcolor>
			<focusedcolor>$INFO[Skin.String(ButtonFocusColor)]</focusedcolor>
			<font>Bold32</font>
			<onup>Skin.Reset(ShowWidgets)</onup>
			<onup>510</onup>
			<onleft>300</onleft>
			<ondown>510</ondown>
			<textoffsetx>80</textoffsetx>
			<label>$VAR[HomeWidgetLabel]</label>
			<texturefocus>-</texturefocus>
			<texturenofocus>-</texturenofocus>
			<onclick>$VAR[HomeWidgetClickActions]</onclick>
			<include>animation_fade_visible_hidden_delayed</include>
			<visible>![SubString(Window(Home).Property(submenu),show) | Control.HasFocus(4444)]</visible>
			<animation time="100" effect="fade" start="100" end="0" delay="0" condition="!StringCompare(Window(Home).Property(activewidget),systeminfo) + !StringCompare(Window(Home).Property(activewidget),submenuaswidget) + SubString(Window(Home).Property(activewidget),smart-) | [StringCompare(Window(Home).Property(activewidget),custom) + !IsEmpty(Window(Home).Property(customwidgetcontent))]">Conditional</animation>
		</control>
	</control>
	
	<!-- touchscreen support -->
	<include condition="Skin.HasSetting(EnableTouchSupport)">TouchControlsFooter</include>
    
 </include>
</includes>