<?xml version="1.0" encoding="utf-8"?>
<includes>
    <include file="Defaults.xml" />
    <include file="View_50_List.xml" />
	<include file="View_51_BigList.xml" />
    <include file="View_55_BannerList.xml" />
    <include file="View_500_Showcase.xml" />
	<include file="View_52_HorizontalPanel.xml" />
    <include file="View_53_PanelDetails.xml" />
	<include file="View_54_PanelWall.xml" />
	<include file="View_56_BannerPlex.xml" />
	<include file="View_57_BigPanel.xml" />
	<include file="View_58_LargePoster.xml" />
	<include file="View_59_BigPanelDetails.xml" />
	<include file="View_501_Landscape.xml" />
	<include file="View_502_LandscapeSingle.xml" />
	<include file="View_503_Logos.xml" />
    <include file="View_505_LandscapeDetails.xml" />
	<include file="View_506_ExtendedList.xml" />
	<include file="View_507_FanArt.xml" />
	<include file="View_508_SinglePoster.xml" />
	<include file="View_509_PanelSquare.xml" />
	<include file="View_510_PanelSquareDetails.xml"/>
	<include file="View_511_Thumbs.xml"/>
	<include file="View_512_ThumbsDetails.xml" />
	<include file="View_513_PosterRow.xml" />
	<include file="View_514_PosterShift.xml" />
	<include file="View_515_LowList.xml" />
    <include file="IncludesVariables.xml" />
    <include file="IncludesNowPlaying.xml" />
	<include file="IncludesHomeMenuWidgets.xml" />
	<include file="IncludesHomeMenuSubMenu.xml" />
    <include file="IncludesViews.xml" />
	<include file="IncludesKodi.xml" />
	<include file="IncludesThemes.xml" />
	<include file="IncludesPlexbmc.xml" />
	<include file="IncludesHome.xml" />
	<include file="IncludesSimpleHome.xml" />
	<include file="IncludesTouchSupport.xml" />
	<include file="IncludesDefaultSkinSettings.xml" />
	<include file="IncludesBackgroundBuilding.xml" />
	<include file="IncludesAnimations.xml" />
	<include file="IncludesWeather.xml" />
	<include file="IncludesFavourites.xml" />
	
	<include file="script-skinshortcuts-includes.xml"/>
    <!--PVR-->
    <include condition="!SubString(System.BuildVersion,14,left) + !SubString(System.BuildVersion,15,left)" file="MyPVR.xml" />
    <include condition="!SubString(System.BuildVersion,14,left) + !SubString(System.BuildVersion,15,left)" file="ViewsPVR.xml" />
	<!--Titan Version-->
    <include name="TitanVersion">
        <control type="label">
            <right>60</right>
            <posy>985</posy>
            <width>1000</width>
            <align>right</align>
            <font>Light40</font>
            <textcolor>$VAR[ThemeFontColorBlack]</textcolor>
            <label>$INFO[Window(Home).Property(skinTitle)]</label>
        </control>
    </include>
    
	<!-- Gadget Row sizes -->
    <include name="Gadget1Row">
        <height>325</height>
        <posy>635</posy>
		<focusposition>1</focusposition>
    </include>
    <include name="Gadget2Row">
        <height>605</height>
        <posy>380</posy>
    </include>
	<include name="Gadget2Row">
        <height>605</height>
        <posy>340</posy>
    </include>
	<include name="Gadget3Row">
        <height>900</height>
        <posy>130</posy>
    </include>
	
	<include name="Gadget1RowSmall">
        <height>230</height>
        <posy>680</posy>
		<focusposition>2</focusposition>
    </include>
    <include name="Gadget2RowSmall">
        <height>440</height>
        <posy>490</posy>
    </include>
	<include name="Gadget3RowSmall">
		<orientation>vertical</orientation>
        <height>620</height>
        <posy>280</posy>
    </include>
	

    <!--Common-->
    <include name="HiddenButton">
        <posx>-20</posx>
        <posy>-20</posy>
        <width>1</width>
        <height>1</height>
        <label>-</label>
        <texturenofocus>-</texturenofocus>
        <texturefocus>-</texturefocus>
    </include>
    <include name="DimensionsFullscreen">
        <posx>0</posx>
        <posy>0</posy>
        <width>1920</width>
        <height>1080</height>
    </include>
	
	<!-- Footer -->
	<include name="Footer">
		<control type="group">
			<animation type="Conditional" condition="[ControlGroup(77777).HasFocus | StringCompare(Window(Home).Property(ShowWidget),show)] + !Skin.HasSetting(EnableTouchSupport)">
                <effect type="slide" start="0,0" end="0,800" time="400" tween="cubic" easing="inout" delay="0" />
            </animation>
			<!--Footer Background-->
			<control type="group">						
				<control type="image">	
					<posx>50</posx>
					<posy>965</posy>
					<width>1820</width>
					<height>84</height>
					<texture>home/home_rss.png</texture>
					<visible>[!Skin.HasSetting(NoFooterBar) + skin.hastheme(classic)]</visible>	
					<visible>![[Skin.String(GadgetRows, 1) | Skin.String(GadgetRows, 2) | Skin.String(GadgetRows, 3)] + Control.IsVisible(4444) + [Skin.String(SubmenuLayout, horizontal) | Skin.String(SubmenuLayout, tiles)]]</visible>
				</control>
				<control type="image">
					<posx>0</posx>
					<posy>980</posy>
					<width>1920</width>
					<height>110</height>
					<texture>colors/color_white.png</texture>
					<colordiffuse>$VAR[panel_color]</colordiffuse>
					<visible>!skin.hastheme(classic) + !skin.hassetting(nofooterbar) + !StringCompare(Skin.String(FooterOpacity),0)</visible>
					<animation effect="fade" end="80" time="0" reversible="false" condition="StringCompare(Skin.String(FooterOpacity),80)">Conditional</animation>
					<animation effect="fade" end="60" time="0" reversible="false" condition="StringCompare(Skin.String(FooterOpacity),60)">Conditional</animation>
					<animation effect="fade" end="40" time="0" reversible="false" condition="StringCompare(Skin.String(FooterOpacity),40)">Conditional</animation>
					<animation effect="fade" end="20" time="0" reversible="false" condition="StringCompare(Skin.String(FooterOpacity),20)">Conditional</animation>
				</control>
				<!--RSS Text without touch classic-->			
				<control type="rss">	
					<description>RSS Feed</description>
					<posx>80</posx>
					<posy>1010</posy>
					<width>1760</width>
					<height>50</height>
					<font>rss</font>
					<urlset>1</urlset>
					<titlecolor>$VAR[ThemeFontColorBlack]</titlecolor>
					<headlinecolor>$VAR[ThemeFontColorBlack]</headlinecolor>
					<textcolor>$VAR[ThemeFontColorBlack]</textcolor>
					<visible>system.getbool(lookandfeel.enablerssfeeds)</visible>
					<visible>skin.hastheme(classic)</visible>
					<visible>!Skin.HasSetting(EnableTouchSupport)</visible>
					<visible>Window.IsVisible(Home) + !Window.IsVisible(DialogButtonMenu.xml) + !Skin.HasSetting(EnableTouchSupport)</visible>
					<visible>![[Skin.String(GadgetRows, 1) | Skin.String(GadgetRows, 2) | Skin.String(GadgetRows, 3)] + Control.IsVisible(4444) + [Skin.String(SubmenuLayout, horizontal) | Skin.String(SubmenuLayout, tiles)]]</visible>
				</control>
				<!--RSS Text without touch normal-->
				<control type="rss">	
					<description>RSS Feed</description>
					<posx>50</posx>
					<posy>1022</posy>
					<width>1820</width>
					<height>50</height>
					<font>rss</font>
					<urlset>1</urlset>
					<titlecolor>$VAR[ThemeFontColorBlack]</titlecolor>
					<headlinecolor>$VAR[ThemeFontColorBlack]</headlinecolor>
					<textcolor>$VAR[ThemeFontColorBlack]</textcolor>
					<visible>system.getbool(lookandfeel.enablerssfeeds)</visible>
					<visible>!skin.hastheme(classic)</visible>
					<visible>![[Skin.String(GadgetRows, 1) | Skin.String(GadgetRows, 2) | Skin.String(GadgetRows, 3)] + Control.IsVisible(4444) + [Skin.String(SubmenuLayout, horizontal) | Skin.String(SubmenuLayout, tiles)]]</visible>
					<visible>Window.IsVisible(Home) + !Window.IsVisible(DialogButtonMenu.xml) + !Skin.HasSetting(EnableTouchSupport)</visible>
				</control>
				<!--RSS Text with touch-->
				<control type="rss">	
					<description>RSS Feed</description>
					<posx>380</posx>
					<posy>1025</posy>
					<width>1340</width>
					<height>50</height>
					<font>rss</font>
					<urlset>1</urlset>
					<titlecolor>$VAR[ThemeFontColorBlack]</titlecolor>
					<headlinecolor>$VAR[ThemeFontColorBlack]</headlinecolor>
					<textcolor>$VAR[ThemeFontColorBlack]</textcolor>
					<visible>system.getbool(lookandfeel.enablerssfeeds)</visible>
					<visible>!StringCompare(Window(home).Property(ShowFastAllMovies), show)</visible>
					<visible>![[Skin.String(GadgetRows, 1) | Skin.String(GadgetRows, 2) | Skin.String(GadgetRows, 3)] + Control.IsVisible(4444) + [Skin.String(SubmenuLayout, horizontal) | Skin.String(SubmenuLayout, tiles)]]</visible>
					<visible>Window.IsVisible(Home) + !Window.IsVisible(DialogButtonMenu.xml) + Skin.HasSetting(EnableTouchSupport)</visible>
					<animation effect="slide" start="0,0" end="-15,-15" center="auto" easing="out" tween="back" time="0" condition="skin.hastheme(classic)">Conditional</animation>
				</control>
			</control>
			
			<!-- touchscreen support -->
			<include condition="Skin.HasSetting(EnableTouchSupport)">TouchControlsFooter</include>

			<!--Progress (PVR)-->
			<control type="group">
				<visible>[Window.IsActive(tvguide) | Window.IsActive(tvchannels) | Window.IsActive(radiochannels) | [Window.IsActive(mypvr.xml) + Control.IsVisible(11)]] + !Skin.HasSetting(EnableTouchSupport)</visible>
				<visible>IsEmpty(ListItem.VideoResolution)</visible>
				<animation effect="slide" end="-30,15" time="0" condition="!skin.hastheme(classic)">Conditional</animation>
				<posy>985</posy>
				<control type="label">
					<!--Start-->
					<posx>90</posx>
					<posy>0</posy>
					<width>400</width>
					<font>Reg30</font>
					<textcolor>$VAR[ThemeFontColorBlack]</textcolor>
					<info>ListItem.StartTime</info>
				</control>
				<control type="progress">
					<!--Progress Bar-->
					<posx>230</posx>
					<posy>25</posy>
					<width>150</width>
					<texturebg border="6">pvr/ProgressBackBlack.png</texturebg>
					<midtexture border="6">pvr/ProgressMidBlack.png</midtexture>
					<info>ListItem.Progress</info>
					<visible>Skin.HasTheme(classic)</visible>
				</control>
				<control type="progress">
					<!--Progress Bar-->
					<posx>230</posx>
					<posy>23</posy>
					<width>150</width>
					<height>20</height>
					<info>ListItem.Progress</info>
					<visible>!Skin.HasTheme(classic)</visible>
				</control>
				<control type="label">
					<!--End-->
					<posx>405</posx>
					<posy>0</posy>
					<width>400</width>
					<font>Reg30</font>
					<textcolor>$VAR[ThemeFontColorBlack]</textcolor>
					<info>ListItem.EndTime</info>
				</control>
			</control>
			
			<!-- codec info-->
			<control type="group">
			<posy>1015</posy>
			<posx>60</posx>
			<include>mediaflagsnew</include>
			<visible>!skin.hastheme(classic) + ![Skin.HasSetting(EnableTouchSupport) + [[Window.IsActive(DialogKaiToast.xml) + IsEmpty(Window(Home).Property(activewidget))] | [Window.IsActive(DialogExtendedProgressBar.xml) + IsEmpty(Window(Home).Property(activewidget))] | Control.IsVisible(88888)]]</visible>
			<animation effect="slide" end="3,-910" time="0" condition="Skin.HasSetting(EnableTouchSupport)">Conditional</animation>
			</control>
			<control type="group">
			<posy>1000</posy>
			<posx>80</posx>
			<include>mediaflagssmall</include>
			<visible>skin.hastheme(classic) + !IsEmpty(ListItem.VideoResolution)</visible>
			<visible>!Skin.HasSetting(EnableTouchSupport)</visible>
			</control>
			
			<control type="group">
				<!--Rating-->
				<visible>!Window.IsActive(DialogVideoInfo.xml)</visible>
				<visible>!Control.IsVisible(58) + !Control.IsVisible(508)</visible>
				<visible>Window.IsActive(myvideonav.xml) | StringCompare(Window(home).Property(ShowFastAllMovies), show)</visible>
				<posy>985</posy>
				<posx>1450</posx>
				<control type="image">
					<!--Stars classic-->
					<visible>!IsEmpty(ListItem.Rating) + skin.hastheme(classic)</visible>
					<posx>60</posx>
					<posy>18</posy>
					<width>270</width>
					<height>25</height>
					<texture>$INFO[ListItem.Rating,rating/10stars_black/,.png]</texture>
				</control>
				<control type="image">
					<!--Stars modern-->
					<visible>!IsEmpty(ListItem.Rating) + !skin.hastheme(classic)</visible>
					<posx>130</posx>
					<posy>24</posy>
					<width>220</width>
					<height>45</height>
					<texture fallback="rating/0.0.png">$INFO[ListItem.Rating,rating/,.png]</texture>
				</control>
				<control type="label">
					<!--Rating classic-->
					<visible>!IsEmpty(ListItem.Rating) + skin.hastheme(classic)</visible>
					<posx>340</posx>
					<posy>0</posy>
					<width>100</width>
					<font>Bold30</font>
					<textcolor>$VAR[ThemeFontColorBlack]</textcolor>
					<label>$INFO[ListItem.Rating]</label>
				</control>
				<control type="label">
					<!--Rating modern-->
					<visible>!IsEmpty(ListItem.Rating) + !skin.hastheme(classic)</visible>
					<posx>360</posx>
					<posy>15</posy>
					<width>100</width>
					<font>Reg36</font>
					<textcolor>white</textcolor>
					<label>$INFO[ListItem.Rating]</label>
				</control>
			</control>
			
			<control type="group">
			<!--Title-->
			<visible>!Window.IsActive(DialogVideoInfo.xml) + !Window.IsVisible(DialogFavourites.xml)</visible>
			
			<posy>985</posy>
			<control type="label">
				<!--Others-->
				<visible>!window.isactive(mypvrchannels.xml) + !window.isactive(mypvr.xml)</visible>
				<visible>!Container.Content(songs)</visible>
				<posx>610</posx>
				<posy>0</posy>
				<width>700</width>
				<align>center</align>
				<font>Bold30</font>
				<textcolor>$VAR[ThemeFontColorBlack]</textcolor>
				<label>$INFO[ListItem.label]</label>
				<animation effect="slide" end="0,16" time="0" condition="!skin.hastheme(classic)">Conditional</animation>
				<visible>skin.hastheme(classic) | [!skin.hastheme(classic) + IsEmpty(ListItem.VideoResolution) + IsEmpty(Container.Listitem.Art(clearlogo)) + IsEmpty(Container.Listitem.Art(tvshow.clearlogo))]</visible>
			</control>
			<control type="label">
				<!--songs-->
				<visible>Container.Content(songs)</visible>
				<posx>610</posx>
				<posy>0</posy>
				<width>500</width>
				<align>center</align>
				<font>Bold30</font>
				<textcolor>$VAR[ThemeFontColorBlack]</textcolor>
				<label>$INFO[ListItem.Title]</label>
				<animation effect="slide" end="0,16" time="0" condition="!skin.hastheme(classic)">Conditional</animation>
				<visible>[IsEmpty(Container.Listitem.Art(clearlogo)) + !skin.hastheme(classic)] | skin.hastheme(classic)</visible>
			</control>
			<control type="label">
				<visible>Container.Content(songs)</visible>
				<visible>!Skin.HasSetting(EnableTouchSupport)</visible>
				<!--Album, Songs-->
				<left>60</left>
				<align>left</align>
				<posy>0</posy>
				<width>500</width>
				<font>Reg30</font>
				<textcolor>$VAR[ThemeFontColorBlack]</textcolor>
				<label>$INFO[ListItem.Album]</label>
				<animation effect="slide" end="0,16" time="0" condition="!skin.hastheme(classic)">Conditional</animation>
			</control>
			
			<control type="label">
				<visible>Container.Content(tvshows) | Container.Content(seasons)</visible>
				<visible>!Skin.HasSetting(EnableTouchSupport)</visible>
				<visible>!IsEmpty(Window(Home).Property(NextAired.NextDate))</visible>
				<!--NextAired status for TVShows-->
				<left>60</left>
				<align>left</align>
				<posy>0</posy>
				<width>500</width>
				<font>Reg30</font>
				<textcolor>$VAR[ThemeFontColorBlack]</textcolor>
				<label>$LOCALIZE[31212]: $INFO[Window(Home).Property(NextAired.NextDate)]</label>
				<animation effect="slide" end="0,16" time="0" condition="!skin.hastheme(classic)">Conditional</animation>
			</control>
			<control type="label">
				<visible>Container.Content(tvshows) | Container.Content(seasons)</visible>
				<visible>!Skin.HasSetting(EnableTouchSupport)</visible>
				<visible>IsEmpty(Window(Home).Property(NextAired.NextDate)) + !IsEmpty(Window(Home).Property(NextAired.Status))</visible>
				<!--NextAired status for TVShows-->
				<left>60</left>
				<align>left</align>
				<posy>0</posy>
				<width>500</width>
				<font>Reg30</font>
				<textcolor>$VAR[ThemeFontColorBlack]</textcolor>
				<label>$INFO[Window(Home).Property(NextAired.Status)]</label>
				<animation effect="slide" end="0,16" time="0" condition="!skin.hastheme(classic)">Conditional</animation>
			</control>
			
			<control type="label">
				<!--Artist-->
				<visible>Container.Content(albums) | Container.Content(songs)</visible>
				<right>60</right>
				<posy>0</posy>
				<width>500</width>
				<align>right</align>
				<font>Reg30</font>
				<textcolor>$VAR[ThemeFontColorBlack]</textcolor>
				<label>$INFO[ListItem.Artist]</label>
				<animation effect="slide" end="0,16" time="0" condition="!skin.hastheme(classic)">Conditional</animation>
			</control>
			<control type="label">
				<!--live tv channel-->
				<visible>IsEmpty(ListItem.Rating) + [window.isactive(mypvrchannels.xml) | window.isactive(mypvr.xml) | window.isactive(mypvrguide.xml)]</visible>
				<right>60</right>
				<posy>0</posy>
				<width>500</width>
				<align>right</align>
				<font>Reg30</font>
				<textcolor>$VAR[ThemeFontColorBlack]</textcolor>
				<label>$INFO[ListItem.ChannelName]</label>
				<animation effect="slide" end="0,16" time="0" condition="!skin.hastheme(classic)">Conditional</animation>
				<animation effect="slide" end="-20" time="0" condition="skin.hastheme(classic)">Conditional</animation>
			</control>
			<control type="label">
				<!--live tv diskspace-->
				<visible>window.isactive(mypvrrecordings.xml)</visible>
				<right>60</right>
				<posy>0</posy>
				<width>500</width>
				<align>right</align>
				<font>Reg30</font>
				<textcolor>$VAR[ThemeFontColorBlack]</textcolor>
				<label>$INFO[PVR.backenddiskspace]</label>
				<animation effect="slide" end="0,16" time="0" condition="!skin.hastheme(classic)">Conditional</animation>
				<animation effect="slide" end="-20" time="0" condition="skin.hastheme(classic)">Conditional</animation>
			</control>
			<control type="label">
				<!--live tv programname-->
				<visible>IsEmpty(ListItem.Rating) + [window.isactive(mypvrchannels.xml) | window.isactive(mypvr.xml)]</visible>
				<posx>610</posx>
				<posy>0</posy>
				<width>700</width>
				<align>center</align>
				<font>Bold30</font>
				<textcolor>$VAR[ThemeFontColorBlack]</textcolor>
				<label>$INFO[ListItem.Title]</label>
				<animation effect="slide" end="0,16" time="0" condition="!skin.hastheme(classic)">Conditional</animation>
			</control>
			<control type="image">
				<!--logo-->
				<posx>810</posx>
				<posy>10</posy>
				<width>350</width>
				<height>80</height>
				<align>center</align>
				<valign>center</valign>
				<fadetime>600</fadetime>
				<aspectratio>keep</aspectratio>
				<texture>$VAR[ListItemClearLogo]</texture>
				<visible>!skin.hastheme(classic) + !Skin.HasSetting(ShowLogoAltLocation)</visible>
			</control>

		</control>
	
		</control>
	</include>   

    <!--Header-->
    <include name="Header">
	
		<!-- touchscreen workaround for windows tablets -->
		<include condition="Skin.HasSetting(EnableTouchSupport)">TouchScreenWorkaround</include>
		
		<!-- PVR recording icon -->
		<control type="image">
			<posx>887</posx>
			<posy>0</posy>
			<width>146</width>
			<height>37</height>
			<texture>basichome_isrecording_bg.png</texture>
			<visible>Pvr.IsRecording + window.isactive(home)</visible>
		</control>
		
        <control type="image">
            <visible>skin.hastheme(classic) + !Window.IsActive(DialogKaiToast.xml) + !Window.IsActive(DialogExtendedProgressBar.xml) + !Control.IsVisible(88888) + ![ControlGroup(77777).HasFocus | StringCompare(Window(Home).Property(ShowWidget),show)] + ![Skin.HasSetting(AutoShowWidgets) + !IsEmpty(Window(Home).Property(activewidget))]</visible>
			<posx>61</posx>
            <posy>41</posy>
            <height>64</height>
            <width>64</width>
            <aligny>center</aligny>
            <colordiffuse>$INFO[Skin.String(HeaderTextShadowColor)]</colordiffuse>
            <texture>$VAR[value_header_icon]</texture>
        </control>
		<control type="image">
            <visible>skin.hastheme(classic) + !Window.IsActive(DialogKaiToast.xml) + !Window.IsActive(DialogExtendedProgressBar.xml) + !Control.IsVisible(88888) + ![ControlGroup(77777).HasFocus | StringCompare(Window(Home).Property(ShowWidget),show)] + ![Skin.HasSetting(AutoShowWidgets) + !IsEmpty(Window(Home).Property(activewidget))]</visible>
            <posx>60</posx>
            <posy>40</posy>
            <height>64</height>
            <width>64</width>
            <aligny>center</aligny>
            <colordiffuse>$INFO[Skin.String(HeaderTextColor)]</colordiffuse>
            <texture>$VAR[value_header_icon]</texture>
        </control>
        <control type="label">
            <visible>!Window.IsActive(DialogKaiToast.xml) + !Window.IsActive(DialogExtendedProgressBar.xml) + !Control.IsVisible(88888) + ![ControlGroup(77777).HasFocus | StringCompare(Window(Home).Property(ShowWidget),show)] + ![Skin.HasSetting(AutoShowWidgets) + !IsEmpty(Window(Home).Property(activewidget))]</visible>
            <posx>61</posx>
            <posy>10</posy>
            <width min="80" max="1400">auto</width>
            <height>100</height>
            <font>Bold45</font>
            <align>left</align>
            <textcolor>$INFO[Skin.String(HeaderTextColor)]</textcolor>
            <label>$VAR[value_header]</label>
			<shadowcolor>$INFO[Skin.String(HeaderTextShadowColor)]</shadowcolor>
			<animation effect="slide" end="80,15" time="0" condition="skin.hastheme(classic)">Conditional</animation>
        </control>
		 <control type="label">
			<visible>!skin.hastheme(classic) + !Window.IsActive(DialogKaiToast.xml) + !Window.IsActive(DialogExtendedProgressBar.xml) + !Control.IsVisible(88888) + ![ControlGroup(77777).HasFocus | StringCompare(Window(Home).Property(ShowWidget),show)] + ![Skin.HasSetting(AutoShowWidgets) + !IsEmpty(Window(Home).Property(activewidget))]</visible>
			<posy>85</posy>
			<posx>61</posx>
			<width min="0" max="1400">auto</width>
			<height>50</height>
			<label>$VAR[value_subheader]</label>
			<font>Reg30</font>
			<textcolor>$INFO[Skin.String(HeaderTextColor)]</textcolor>
			<shadowcolor>$INFO[Skin.String(HeaderTextShadowColor)]</shadowcolor>
			<visible>!Skin.HasSetting(EnableTouchSupport)</visible>
		</control>
    </include>
    
	<include name="TimeInfo">
		<!--clearlogo alt location-->
		<control type="image">
			<right>60</right>
			<top>20</top>
			<width>650</width>
			<height>140</height>
			<fadetime>600</fadetime>
			<aspectratio align="right" aligny="center">keep</aspectratio>
			<texture>$VAR[ListItemClearLogo]</texture>
			<visible>Skin.HasSetting(ShowLogoAltLocation) + [!IsEmpty(Container.ListItem.Art(tvshow.clearlogo)) | !IsEmpty(Container.ListItem.Art(clearlogo))]</visible>
			<visible>![Window.IsActive(DialogKaiToast.xml) + IsEmpty(Window(Home).Property(activewidget))] + ![Window.IsActive(DialogExtendedProgressBar.xml) + IsEmpty(Window(Home).Property(activewidget))] + !Control.IsVisible(88888) + ![ControlGroup(77777).HasFocus | StringCompare(Window(Home).Property(ShowWidget),show)] + ![Skin.HasSetting(AutoShowWidgets) + !IsEmpty(Window(Home).Property(activewidget))]</visible>
		</control>
        <control type="group">
            <visible>![ControlGroup(77777).HasFocus | StringCompare(Window(Home).Property(ShowWidget),show)] + ![Skin.HasSetting(AutoShowWidgets) + !IsEmpty(Window(Home).Property(activewidget))]</visible>
			<visible>[[Skin.HasSetting(ShowLogoAltLocation) + IsEmpty(Container.ListItem.Art(tvshow.clearlogo)) + IsEmpty(Container.ListItem.Art(clearlogo))] | !Skin.HasSetting(ShowLogoAltLocation)]</visible>
			<visible>!Control.IsVisible(77551)</visible>
			<animation type="Conditional" condition="Window.IsActive(DialogMuteBug.xml)">
                <effect type="slide" start="0,0" end="-100,0" time="400" tween="cubic" easing="inout" delay="0" />
            </animation>
            <control type="grouplist">
                <!--Time Grouplist Line 1-->
                <posx>1260</posx>
                <posy>10</posy>
                <width>600</width>
                <height>100</height>
                <align>right</align>
                <itemgap>4</itemgap>
                <orientation>horizontal</orientation>
                <usecontrolcoords>true</usecontrolcoords>
				<animation type="Conditional" condition="Skin.HasSetting(EnableTouchSupport) + Control.IsVisible(88888)">
					<effect type="slide" start="0,0" end="0,-20" time="400" tween="cubic" easing="inout" delay="0" />
				</animation>
                <control type="label">
                    <!--Time-->
                    <width min="0" max="300">auto</width>
                    <height>100</height>
                    <info>System.Time(hh:mm)</info>
                    <font>Bold55</font>
                    <textcolor>$INFO[Skin.String(HeaderTextColor)]</textcolor>
					<shadowcolor>$INFO[Skin.String(HeaderTextShadowColor)]</shadowcolor>
                </control>
                <control type="label">
                    <!--AM-->
                    <visible>substring(system.time,AM,right)</visible>
                    <width min="0" max="150">auto</width>
                    <height>100</height>
                    <label>378</label>
                    <font>Bold55</font>
                    <textcolor>$INFO[Skin.String(HeaderTextColor)]</textcolor>
					<shadowcolor>$INFO[Skin.String(HeaderTextShadowColor)]</shadowcolor>
                </control>
                <control type="label">
                    <!--PM-->
                    <visible>substring(system.time,PM,right)</visible>
                    <width min="0" max="150">auto</width>
                    <height>100</height>
                    <label>379</label>
                    <font>Bold55</font>
                    <textcolor>$INFO[Skin.String(HeaderTextColor)]</textcolor>
					<shadowcolor>$INFO[Skin.String(HeaderTextShadowColor)]</shadowcolor>
                </control>
            </control>
            <control type="grouplist">
                <!--Date Grouplist Line 2-->
                <posx>1260</posx>
                <posy>85</posy>
                <width>600</width>
                <height>50</height>
                <align>right</align>
                <itemgap>4</itemgap>
                <orientation>horizontal</orientation>
                <usecontrolcoords>true</usecontrolcoords>
                <visible>!ControlGroup(400).HasFocus</visible>
				<visible>![Skin.HasSetting(EnableTouchSupport) + Control.IsVisible(88888)]</visible>
                <control type="label">
                    <!--Day-->
                    <width min="0" max="400">auto</width>
                    <height>50</height>
                    <info>System.Date(DDD)</info>
                    <font>Reg30</font>
                    <textcolor>$INFO[Skin.String(HeaderTextColor)]</textcolor>
					<shadowcolor>$INFO[Skin.String(HeaderTextShadowColor)]</shadowcolor>
                </control>
                <control type="label">
                    <width min="0" max="400">auto</width>
                    <height>50</height>
                    <label>, </label>
                    <font>Reg30</font>
                    <textcolor>$INFO[Skin.String(HeaderTextColor)]</textcolor>
					<shadowcolor>$INFO[Skin.String(HeaderTextShadowColor)]</shadowcolor>
                </control>
                <control type="label">
                    <!--Date-->
                    <width min="0" max="400">auto</width>
                    <height>50</height>
                    <info>System.Date(d)</info>
                    <font>Reg30</font>
                    <textcolor>$INFO[Skin.String(HeaderTextColor)]</textcolor>
					<shadowcolor>$INFO[Skin.String(HeaderTextShadowColor)]</shadowcolor>
                </control>
                <control type="label">
                    <visible>SubString(System.Language,German)</visible>
                    <width min="0" max="400">auto</width>
                    <height>50</height>
                    <label>. </label>
                    <font>Reg30</font>
                    <textcolor>$INFO[Skin.String(HeaderTextColor)]</textcolor>
					<shadowcolor>$INFO[Skin.String(HeaderTextShadowColor)]</shadowcolor>
                </control>
                <control type="label">
                    <label></label>
                    <visible>!SubString(System.Language,German)</visible>
                    <width min="0" max="400">auto</width>
                    <height>50</height>
                    <font>Reg</font>
                    <textcolor>$INFO[Skin.String(HeaderTextColor)]</textcolor>
					<shadowcolor>$INFO[Skin.String(HeaderTextShadowColor)]</shadowcolor>
                </control>
                <control type="label">
                    <!--Month-->
                    <width min="0" max="400">auto</width>
                    <height>50</height>
                    <info>System.Date(MMM)</info>
                    <font>Reg30</font>
                    <textcolor>$INFO[Skin.String(HeaderTextColor)]</textcolor>
					<shadowcolor>$INFO[Skin.String(HeaderTextShadowColor)]</shadowcolor>
					
                </control>
            </control>
        </control>
    
	</include>
    
	<include name="ProfileInfo">
	<control type="group" id="891">
			<animation effect="slide" end="440" time="0" condition="Skin.String(GadgetRows, simplever)">Conditional</animation>
			<defaultcontrol>890</defaultcontrol>
			<posx>60</posx>
			<posy>30</posy>
			<visible>!Control.IsVisible(77551)</visible>
			<visible>!Window.IsActive(DialogKaiToast.xml) + !Window.IsActive(DialogExtendedProgressBar.xml) + Skin.HasSetting(ShowProfile) + ![ControlGroup(77777).HasFocus | StringCompare(Window(Home).Property(ShowWidget),show)] + ![Skin.HasSetting(AutoShowWidgets) + !IsEmpty(Window(Home).Property(activewidget))] + !Control.IsVisible(88888)</visible>
            <width>150</width>
			<height>80</height>
			<control type="image">
				<posx>-10</posx>
				<posy>-10</posy>
				<width>170</width>
				<height>130</height>
				<texture diffuse="home/home_matte2.png">colors/color_white.png</texture>
				<colordiffuse>$VAR[panel_color]</colordiffuse>
				<animation effect="fade" end="80" time="0" reversible="false" condition="true">Conditional</animation>
				<visible>!Control.HasFocus(890)</visible>	
			</control>
			<control type="image">
				<posx>-10</posx>
				<posy>-10</posy>
				<width>170</width>
				<height>130</height>
				<texture diffuse="home/home_matte2.png">colors/color_white.png</texture>
				<colordiffuse>$INFO[Skin.String(ButtonFocusColor)]</colordiffuse>
				<animation effect="fade" end="80" time="0" reversible="false" condition="true">Conditional</animation>
				<visible>Control.HasFocus(890)</visible>	
			</control>
			<control type="image" id="888">	
				<width>150</width>
				<height>80</height>
				<texture fallback="common/profil/avatar.png">$INFO[System.ProfileThumb]</texture>
				<aspectratio>keep</aspectratio>
				<visible>!Control.HasFocus(890)</visible>	
			</control>
			<control type="image" id="889">
				<width>150</width>
				<height>80</height>
				<texture fallback="common/profil/avatar.png">$INFO[System.ProfileThumb]</texture>
				<aspectratio>keep</aspectratio>
				<visible>Control.HasFocus(890)</visible>			
			</control>
			<control type="button" id="890">
				<ondown>300</ondown>
				<width>150</width>
				<height>80</height>
				<texturefocus></texturefocus>
				<texturenofocus></texturenofocus>
				<onclick>System.LogOff</onclick>
			</control>
			<control type="label">
				<!--Profile name-->
				<posx>-50</posx>
				<posy>70</posy>
				<width>250</width>
				<height>50</height>
				<label>$VAR[ProfileLabel]</label>
				<align>center</align>
				<font>Reg24</font>
				<textcolor>$INFO[Skin.String(HeaderTextColor)]</textcolor>
				<shadowcolor>$INFO[Skin.String(HeaderTextShadowColor)]</shadowcolor>
			</control>
		</control>
	</include>
	
	<include name="WeatherInfo">
        <!-- weather info -->
        <control type="group">
			<animation effect="slide" end="440" time="0" condition="Skin.String(GadgetRows, simplever)">Conditional</animation>
            <posx>30</posx>
            <posy>15</posy>
            <width>350</width>
            <height>300</height>
			<visible>!Control.IsVisible(77551)</visible>
            <visible>Weather.IsFetched</visible>
			<include>animation_fade_visible_hidden</include>
            <visible>!Window.IsActive(DialogKaiToast.xml) + !Window.IsActive(DialogExtendedProgressBar.xml) + Skin.HasSetting(WeatherOnHome) + ![ControlGroup(77777).HasFocus | StringCompare(Window(Home).Property(ShowWidget),show)] + ![Skin.HasSetting(AutoShowWidgets) + !IsEmpty(Window(Home).Property(activewidget))] + !Control.IsVisible(88888)</visible>
            <!--Weather Today-->
            <control type="image">
                <!--Icon-->
                <texture>special://skin/extras/weathericons/$INFO[skin.string(WeatherIconPack)]/$INFO[Window(Weather).Property(Day0.FanartCode)].png</texture>
                <width>125</width>
                <height>125</height>
                <aspectratio align="left" aligny="bottom">keep</aspectratio>
            </control>
            <control type="label">
                <!--Temp-->
                <width>160</width>
                <height>40</height>
                <posx>140</posx>
                <posy>25</posy>
                <font>Bold38</font>
                <textcolor>$INFO[Skin.String(HeaderTextColor)]</textcolor>
                <align>left</align>
                <label>$INFO[Weather.Temperature]</label>
                <visible>Weather.IsFetched</visible>
				<shadowcolor>$INFO[Skin.String(HeaderTextShadowColor)]</shadowcolor>
            </control>
            <control type="label">
                <!--Temp-->
                <width>220</width>
                <height>40</height>
                <posx>140</posx>
                <posy>70</posy>
                <font>Reg28</font>
                <textcolor>$INFO[Skin.String(HeaderTextColor)]</textcolor>
				<shadowcolor>$INFO[Skin.String(HeaderTextShadowColor)]</shadowcolor>
                <align>left</align>
                <label>$INFO[Window(Weather).Property(Day0.HighTemp)] $INFO[System.TemperatureUnits] / $INFO[Window(Weather).Property(Day0.LowTemp)] $INFO[System.TemperatureUnits]</label>
                <visible>Weather.IsFetched</visible>
            </control>
        </control>
    </include>

    
    <!--Sub Menu-->
    <include name="SubMenuButton">
        <!--Sub Menu Button-->
        <width>458</width>
        <align>left</align>
		<font>Reg26</font>
        <textcolor>$VAR[ThemeFontColorBlack]</textcolor>
        <focusedcolor>black</focusedcolor>
        <disabledcolor>77585858</disabledcolor>
        <pulseonselect>false</pulseonselect>
        <texturefocus colordiffuse="$INFO[Skin.String(ButtonFocusColor)]">colors/color_white.png</texturefocus>
        <texturenofocus>-</texturenofocus>
		
    </include>
    <include name="SubMenuTabLeft">
        <!--Sub Menu Tab Left-->
        <control type="group">
			<visible>!Skin.HasSetting(KioskMode.Enabled)</visible>
			<animation type="Conditional" condition="ControlGroup(9000).HasFocus()">
					<effect type="fade" start="100" end="0" time="100" />
				</animation>
				<animation type="Conditional" condition="!ControlGroup(9000).HasFocus()">
					<effect type="fade" start="0" end="100" time="400" delay="600" />
				</animation>
            <visible>[substring(Window.Property(xmlfile), pvr) + [Control.IsVisible(10) | Control.IsVisible(11) | Control.IsVisible(12) | Control.IsVisible(13) | Control.IsVisible(14) | Control.IsVisible(15) | Control.IsVisible(17)]] | Control.IsVisible(50) | Control.IsVisible(51) | Control.IsVisible(53) | Control.IsVisible(54) | Control.IsVisible(55) | Control.IsVisible(56) | Control.IsVisible(57) | Control.IsVisible(59) | Control.IsVisible(505) | Control.IsVisible(509) | Control.IsVisible(510) | Control.IsVisible(511) | Control.IsVisible(512) | Control.IsVisible(515) | Window.IsActive(script-nextaired-tvguide.xml) | Window.IsActive(script-nextaired-tvguide2.xml) | Window.IsActive(script-ExtendedInfo Script-VideoList.xml)</visible>
			<control type="button" id="99001">
				<posx>0</posx>
				<posy>470</posy>
				<width>32</width>
				<height>140</height>
				<align>center</align>
				<aligny>center</aligny>
				<label>[UPPERCASE]$LOCALIZE[33063][/UPPERCASE]</label>
				<textoffsetx>0</textoffsetx>
				<textoffsety>23</textoffsety>
				<angle>90</angle>
				<textwidth>140</textwidth>
				<font>Reg20</font>
				<textcolor>white</textcolor>
				<focusedcolor>black</focusedcolor>
				<texturefocus colordiffuse="$INFO[Skin.String(ButtonFocusColor)]">colors/color_white.png</texturefocus>
				<texturenofocus colordiffuse="$VAR[panel_color]">colors/color_white.png</texturenofocus>
				<aspectratio aligny="bottom">keep</aspectratio>
				<onclick condition="!StringCompare(Window(Home).Property(ShowViewSubMenu),show)">SetProperty(ShowViewSubMenu, show, Home)</onclick>
				<onclick condition="StringCompare(Window(Home).Property(ShowViewSubMenu),show)">ClearProperty(ShowViewSubMenu, Home)</onclick>
				<animation effect="fade" start="100" end="80" time="0" condition="!Control.HasFocus(99001)">Conditional</animation>
			</control>
		</control>
    </include>
    <include name="SubMenuTabTop">
        <!--Sub Menu Tab Top-->
        <control type="group">
		<visible>!Skin.HasSetting(KioskMode.Enabled)</visible>
            <visible>Control.IsVisible(500) | Control.IsVisible(52) | Control.IsVisible(501) | Control.IsVisible(502) | Control.IsVisible(506) | Control.IsVisible(58) | Control.IsVisible(507) | Control.IsVisible(508) | Control.IsVisible(513) | Control.IsVisible(514)</visible>
			<control type="button" id="99002">
				<posx>890</posx>
				<posy>0</posy>
				<width>140</width>
				<height>32</height>
				<align>center</align>
				<aligny>center</aligny>
				<label>[UPPERCASE]$LOCALIZE[33063][/UPPERCASE]</label>
				<textoffsetx>0</textoffsetx>
				<textwidth>140</textwidth>
				<font>Reg20</font>
				<textcolor>white</textcolor>
				<focusedcolor>black</focusedcolor>
				<texturefocus colordiffuse="$INFO[Skin.String(ButtonFocusColor)]">colors/color_white.png</texturefocus>
				<texturenofocus colordiffuse="$VAR[panel_color]">colors/color_white.png</texturenofocus>
				<aspectratio aligny="bottom">keep</aspectratio>
				<onclick condition="!StringCompare(Window(Home).Property(ShowViewSubMenu),show)">SetProperty(ShowViewSubMenu, show, Home)</onclick>
				<onclick condition="StringCompare(Window(Home).Property(ShowViewSubMenu),show)">ClearProperty(ShowViewSubMenu, Home)</onclick>
				<animation effect="fade" start="100" end="80" time="0" condition="!Control.HasFocus(99002)">Conditional</animation>
			</control>
		</control>
    </include>
    <!--Dailog Color/Font-->
    <include name="DialogHeader">
        <!--Dialog Header-->
        <font>Bold38</font>
        <textcolor>$VAR[ThemeFontColorBlack]</textcolor>
    </include>
	<include name="DialogHeader_Alt">
        <!--Dialog Header-->
        <font>Bold32</font>
        <textcolor>white</textcolor>
    </include>
    <include name="DialogHeader2">
        <!--Dialog Header2 (Yes/No)-->
        <font>Reg36</font>
        <textcolor>aawhite</textcolor>
    </include>
    <include name="DialogButton">
        <!--Dialog Button-->
        <font>Reg28</font>
        <textcolor>FFfffeff</textcolor>
        <focusedcolor>black</focusedcolor>
        <disabledcolor>FF585858</disabledcolor>
    </include>
    <include name="DialogButtonAlt">
        <!--Dialog Button-->
        <font>Reg28</font>
        <textcolor>FFfffeff</textcolor>
        <focusedcolor>FFfffeff</focusedcolor>
        <disabledcolor>FF585858</disabledcolor>
        <shadowcolor>FF1b1b1b</shadowcolor>
    </include>
    <include name="DialogButtonBig">
        <!--Dialog Button Big-->
        <font>Reg30</font>
        <textcolor>white</textcolor>
        <focusedcolor>eewhite</focusedcolor>
        <disabledcolor>77585858</disabledcolor>
        <shadowcolor>20FFFFFF</shadowcolor>
    </include>
    <include name="DialogButtonSmall">
        <!--Dialog Button Small-->
        <font>Reg26</font>
        <textcolor>white</textcolor>
        <focusedcolor>black</focusedcolor>
        <disabledcolor>77585858</disabledcolor>
        <shadowcolor>20FFFFFF</shadowcolor>
    </include>
    <include name="DialogListNF">
        <!--Dialog List NF-->
        <font>Reg28</font>
        <textcolor>$VAR[ThemeFontColorDarkGrey]</textcolor>
        <focusedcolor>black</focusedcolor>
    </include>
	<include name="DialogListNF_Alt">
        <!--Dialog List NF-->
        <font>Reg28</font>
        <textcolor>$VAR[ThemeFontColorDarkGrey]</textcolor>
        <focusedcolor>black</focusedcolor>
    </include>
	
    <include name="DialogListFO">
        <!--Dialog List FO-->
        <font>Reg28</font>
        <textcolor>black</textcolor>
        <selectedcolor>eewhite</selectedcolor>
    </include>
	<include name="DialogListFO_Alt">
        <!--Dialog List FO-->
        <font>Reg28</font>
        <textcolor>black</textcolor>
        <selectedcolor>black</selectedcolor>
    </include>
    <include name="DialogLabel">
        <!--Dialog Label-->
        <font>Reg28</font>
        <textcolor>FF3e3e3e</textcolor>
        <disabledcolor>FF3e3e3e</disabledcolor>
        <shadowcolor>20FFFFFF</shadowcolor>
    </include>
    <include name="DialogLabelAlt">
        <!--Dialog Label-->
        <font>Reg28</font>
        <textcolor>FFfffeff</textcolor>
        <disabledcolor>FFfffeff</disabledcolor>
        <shadowcolor>20FFFFFF</shadowcolor>
    </include>
	
	
    <include name="DialogButtonOK">
        <!--Dialog Button OK Cancel-->
        <font>Reg28</font>
        <textcolor>white</textcolor>
        <focusedcolor>black</focusedcolor>
        <disabledcolor>lightgrey</disabledcolor>
        <pulseonselect>false</pulseonselect>
		<texturefocus border="20">dialogs/keyboard/donefocus.png</texturefocus>
		<texturenofocus border="20" colordiffuse="lightgrey">dialogs/keyboard/key-nf.png</texturenofocus>
		<height>80</height>
		<width>350</width>
    </include>
	
	<include name="DialogButtonCancel">
        <!--Dialog Button OK Cancel-->
        <font>Reg28</font>
        <textcolor>white</textcolor>
        <focusedcolor>white</focusedcolor>
        <disabledcolor>lightgrey</disabledcolor>
        <pulseonselect>false</pulseonselect>
		<texturefocus border="20">dialogs/keyboard/cancelfocus.png</texturefocus>
		<texturenofocus border="20" colordiffuse="lightgrey">dialogs/keyboard/key-nf.png</texturenofocus>
		<height>80</height>
		<width>350</width>
    </include>
	
	<include name="DialogButtonOther">
        <!--Dialog Button OK Cancel-->
        <font>Reg28</font>
        <textcolor>white</textcolor>
        <focusedcolor>black</focusedcolor>
        <disabledcolor>lightgrey</disabledcolor>
        <pulseonselect>false</pulseonselect>
		<texturefocus border="20" colordiffuse="$INFO[Skin.String(ButtonFocusColor)]">dialogs/keyboard/key-nf.png</texturefocus>
		<texturenofocus border="20" colordiffuse="lightgrey">dialogs/keyboard/key-nf.png</texturenofocus>
		<height>80</height>
		<width>350</width>
    </include>
	

	
    <include name="DialogButtonBrowseAdd">
        <!--Dialog Button Browse Add-->
        <font>Reg28</font>
        <textcolor>lightgrey</textcolor>
        <focusedcolor>black</focusedcolor>
        <disabledcolor>FF585858</disabledcolor>
        <shadowcolor>20FFFFFF</shadowcolor>
    </include>
    <!--Keyboard-->
    <include name="EditTextKeyboard">
        <font>Light45</font>
        <textcolor>eewhite</textcolor>
        <selectedcolor>eewhite</selectedcolor>
        <disabledcolor>aawhite</disabledcolor>
    </include>
    <include name="EditTextNumeric">
        <font>Light45</font>
        <textcolor>green</textcolor>
        <selectedcolor>eewhite</selectedcolor>
        <disabledcolor>aawhite</disabledcolor>
    </include>
    <include name="Key">
        <height>110</height>
        <align>center</align>
        <font>Reg28</font>
        <textoffsetx>0</textoffsetx>
        <texturefocus border="20">dialogs/keyboard/key-fo.png</texturefocus>
        <texturenofocus border="20">dialogs/keyboard/key-nf.png</texturenofocus>
        <textcolor>darkgrey</textcolor>
        <focusedcolor>eewhite</focusedcolor>
        <selectedcolor>eewhite</selectedcolor>
    </include>
    <include name="SmallKey">
        <width>130</width>
        <include>Key</include>
    </include>
	<include name="ExtraSmallKey">
        <width>90</width>
		<height>90</height>
        <include>Key</include>
    </include>
    <include name="BigKey">
        <width>250</width>
        <include>Key</include>
    </include>
    <include name="SpaceBar">
        <width>735</width>
        <include>Key</include>
    </include>
    <include name="BackSpace">
        <width>490</width>
        <include>Key</include>
    </include>
    <include name="MediumKeyLarr">
        <width>180</width>
        <height>110</height>
        <texturefocus>dialogs/keyboard/mediumkeylarrfocus.png</texturefocus>
        <texturenofocus>dialogs/keyboard/mediumkeylarrnofocus.png</texturenofocus>
    </include>
    <include name="MediumKeyRarr">
        <width>180</width>
        <height>110</height>
        <texturefocus>dialogs/keyboard/mediumkeyrarrfocus.png</texturefocus>
        <texturenofocus>dialogs/keyboard/mediumkeyrarrnofocus.png</texturenofocus>
    </include>
    <include name="DoubleKeyDone">
        <width>250</width>
        <height>90</height>
        <align>center</align>
        <font>Reg26</font>
        <texturefocus border="20">dialogs/keyboard/donefocus.png</texturefocus>
        <texturenofocus border="20">dialogs/keyboard/key-nf.png</texturenofocus>
        <textcolor>darkgrey</textcolor>
        <focusedcolor>eewhite</focusedcolor>
        <selectedcolor>eewhite</selectedcolor>
    </include>
    <include name="DoubleKeyCancel">
        <width>250</width>
        <height>90</height>
        <align>center</align>
        <font>Reg26</font>
        <texturefocus border="20">dialogs/keyboard/cancelfocus.png</texturefocus>
        <texturenofocus border="20">dialogs/keyboard/key-nf.png</texturenofocus>
        <textcolor>darkgrey</textcolor>
        <focusedcolor>eewhite</focusedcolor>
        <selectedcolor>eewhite</selectedcolor>
    </include>

	<include name="OSDInfoPanel">
        <!--OSD Info Panel-->
        <!--Info Stuff-->
        <control type="group">
            <visible>!IsEmpty(VideoPlayer.Plot)</visible>
			<visible>!Window.IsActive(dialogslider.xml)</visible>
			<visible>!Window.IsActive(DialogSubtitles.xml)</visible>
			<visible>!Window.IsActive(DialogKaiToast.xml)</visible>
			<!-- blue background -->
			<control type="image">
				<posx>0</posx>
				<posy>0</posy>
				<width>1920</width>
				<height>230</height>
				<texture>colors/color_white.png</texture>
				<colordiffuse>$VAR[panel_color]</colordiffuse>
				<animation effect="fade" reversible="false" end="80" time="0" condition="StringCompare(Skin.String(OSDPanelOpacity),80)">Conditional</animation>
				<animation effect="fade" reversible="false" end="60" time="0" condition="StringCompare(Skin.String(OSDPanelOpacity),60)">Conditional</animation>
				<animation effect="fade" reversible="false" end="40" time="0" condition="StringCompare(Skin.String(OSDPanelOpacity),40)">Conditional</animation>
				<animation effect="fade" reversible="false" end="20" time="0" condition="StringCompare(Skin.String(OSDPanelOpacity),20)">Conditional</animation>
				<animation effect="fade" reversible="false" end="0" time="0" condition="StringCompare(Skin.String(OSDPanelOpacity),0)">Conditional</animation>
			</control>
            <!-- Plot -->
            <control type="group">
                <posx>0</posx>
                <posy>20</posy>
                <width>1780</width>
                <height>190</height>
				<!--logo-->
				<control type="image">
					<posx>60</posx>
					<posy>0</posy>
					<width>240</width>
					<height>220</height>
					<fadetime>200</fadetime>
					<texture background="true">$VAR[OSDInfoImage]</texture>
					<aspectratio align="center" aligny="center">keep</aspectratio>
					<visible>!IsEmpty(Player.Art(clearart)) | !IsEmpty(Player.Art(clearlogo))</visible>
				</control>

                <control type="textbox">
                    <posx>350</posx>
                    <posy>0</posy>
                    <width>1500</width>
                    <height>160</height>
                    <label>[B][COLOR=white]$INFO[VideoPlayer.Year,, • ]$INFO[VideoPlayer.Duration,, min.]$INFO[VideoPlayer.MPAA, • , • ]$INFO[VideoPlayer.RatingAndVotes,, • ][/COLOR][/B][CR]$INFO[VideoPlayer.Plot]</label>
                    <textcolor>bbwhite</textcolor>
                    <align>justify</align>
                    <font>Light32</font>
					<visible>!IsEmpty(Player.Art(clearart)) | !IsEmpty(Player.Art(clearlogo))</visible>
                </control>
				<control type="textbox">
                    <posx>60</posx>
                    <posy>0</posy>
                    <width>1790</width>
                    <height>160</height>
                    <label>[B][COLOR=white]$INFO[VideoPlayer.Year,, • ]$INFO[VideoPlayer.Duration,, min.]$INFO[VideoPlayer.MPAA, • , • ]$INFO[VideoPlayer.RatingAndVotes,, • ][/COLOR][/B][CR]$INFO[VideoPlayer.Plot]</label>
                    <textcolor>bbwhite</textcolor>
                    <align>justify</align>
                    <font>Light32</font>
					<visible>IsEmpty(Player.Art(clearart)) + IsEmpty(Player.Art(clearlogo))</visible>
                </control>
            </control>
        </control>
    </include>
    
    <include name="CastMB3Content">
        <content target="video">$INFO[ListItem.Property(CastPluginLink)]</content>
    </include>
		
</includes>