<includes>

	<variable name="SpotLightWidgetContent">
		<value condition="StringCompare(Window(Home).Property(spotlightwidgetcontent),movies)">special://skin/extras/widgetplaylists/recommendedmovies.xsp</value>
		<value condition="StringCompare(Window(Home).Property(spotlightwidgetcontent),tvshows)">special://skin/extras/widgetplaylists/recommendedtvshows.xsp</value>
		<value condition="!IsEmpty(Window(Home).Property(spotlightwidgetcontent))">$INFO[Window(Home).Property(spotlightwidgetcontent)]</value>
		<value>special://skin/extras/widgetplaylists/emptywidget.xsp</value>
	 </variable>
	 
	 <variable name="SpotLightWidgetImage">
        <value condition="!IsEmpty(ListItem.Art(fanart))">$INFO[ListItem.Art(fanart)]</value>
		<value condition="!IsEmpty(ListItem.Art(tvshow.fanart))">$INFO[ListItem.Art(tvshow.fanart)]</value>
		<value condition="!IsEmpty(ListItem.Property(fanart))">$INFO[ListItem.Property(fanart)]</value>
		<value condition="!IsEmpty(ListItem.Thumb)">$INFO[ListItem.Thumb]</value>
		<value condition="!IsEmpty(Container(510).ListItem.Art(fanart)) + !StringCompare(Window(Home).Property(activewidget),youtube)">$INFO[Container(510).ListItem.Art(fanart)]</value>
		<value condition="!IsEmpty(Container(510).ListItem.Art(tvshow.fanart))">$INFO[Container(510).ListItem.Art(tvshow.fanart)]</value>
		<value condition="!IsEmpty(Container(510).ListItem.Property(fanart))">$INFO[Container(510).ListItem.Property(fanart)]</value>
		<value condition="!IsEmpty(Container(510).ListItem.Icon)">$INFO[Container(510).ListItem.Icon]</value>
    </variable>
	
	<variable name="SpotLightWidgetInfoPlot">
		<value condition="!IsEmpty(ListItem.Property(ShortPlot))">$INFO[ListItem.Title,[B],[/B]][CR]$INFO[ListItem.Property(ShortPlot)]</value>
		<value condition="!IsEmpty(ListItem.Plot)">$INFO[ListItem.Title,[B],[/B]][CR]$INFO[ListItem.Plot]</value>
		<value condition="StringCompare(ListItem.Property(widget), weather)">$INFO[ListItem.Title,[B],[/B]][CR]$INFO[ListItem.Property(Plot)][CR]$INFO[ListItem.label2]</value>
		<value condition="!IsEmpty(ListItem.Property(Plot))">$INFO[ListItem.Title,[B],[/B]][CR]$INFO[ListItem.Property(Plot)]</value>
		<value>$INFO[ListItem.Title,[B],[/B]]</value>
    </variable>

	<include name="EnhancedHomeScreen">
	
		<control type="image">
			<!--Panel Shadow-->
			<posx>50</posx>
			<posy>190</posy>
			<width>1820</width>
			<height>890</height>
			<texture border="5">diffuse/panel.png</texture>
			<animation effect="fade" reversible="false" end="80" time="0" condition="StringCompare(Skin.String(ViewDetailsPanelOpacity),80)">Conditional</animation>
			<animation effect="fade" reversible="false" end="60" time="0" condition="StringCompare(Skin.String(ViewDetailsPanelOpacity),60)">Conditional</animation>
			<animation effect="fade" reversible="false" end="40" time="0" condition="StringCompare(Skin.String(ViewDetailsPanelOpacity),40)">Conditional</animation>
			<animation effect="fade" reversible="false" end="20" time="0" condition="StringCompare(Skin.String(ViewDetailsPanelOpacity),20)">Conditional</animation>
			<animation effect="fade" reversible="false" end="0" time="0" condition="StringCompare(Skin.String(ViewDetailsPanelOpacity),0)">Conditional</animation>
			<colordiffuse>$INFO[Skin.String(GeneralPanelsColor)]</colordiffuse>
			<aspectratio>stretch</aspectratio>
			<visible>!skin.hastheme(classic)</visible>
			<visible>!Skin.HasSetting(HideWidgetPanelBackground)</visible>
			<animation type="Conditional" condition="Control.IsVisible(4445)">
                <effect type="slide" start="0,0" end="0,510" time="200" tween="cubic" easing="inout" delay="0" />
            </animation>
		</control>
		
		<control type="image">
			<!--Panel Shadow-->
			<posx>0</posx>
			<posy>130</posy>
			<width>100%</width>
			<height>1000</height>
			<texture>views/filemanager_panel1.png</texture>
			<animation effect="fade" reversible="false" end="80" time="0" condition="StringCompare(Skin.String(ViewDetailsPanelOpacity),80)">Conditional</animation>
			<animation effect="fade" reversible="false" end="60" time="0" condition="StringCompare(Skin.String(ViewDetailsPanelOpacity),60)">Conditional</animation>
			<animation effect="fade" reversible="false" end="40" time="0" condition="StringCompare(Skin.String(ViewDetailsPanelOpacity),40)">Conditional</animation>
			<animation effect="fade" reversible="false" end="20" time="0" condition="StringCompare(Skin.String(ViewDetailsPanelOpacity),20)">Conditional</animation>
			<animation effect="fade" reversible="false" end="0" time="0" condition="StringCompare(Skin.String(ViewDetailsPanelOpacity),0)">Conditional</animation>
			<colordiffuse>$INFO[Skin.String(GeneralPanelsColor)]</colordiffuse>
			<aspectratio>stretch</aspectratio>
			<visible>skin.hastheme(classic)</visible>
			<visible>!Skin.HasSetting(HideWidgetPanelBackground)</visible>
			<animation type="Conditional" condition="Control.IsVisible(4445)">
                <effect type="slide" start="0,0" end="0,510" time="200" tween="cubic" easing="inout" delay="0" />
            </animation>
		</control>
		
		<!-- touchscreen support -->
		<include condition="Skin.HasSetting(EnableTouchSupport)">TouchControlsHome</include>
		
		<!-- main menu -->
		<control type="group">
			<height>440</height>
			<posx>70</posx>
			<posy>800</posy>
			<control type="list" id="300">
				<posx>0</posx>
				<width>1800</width>
				<height>300</height>
				<orientation>horizontal</orientation>
				<onleft>300</onleft>
				<onright>300</onright>
				<pagecontrol>60</pagecontrol>
				<onup>$VAR[EnhancedHomeButtonUpAction]</onup>
				<ondown condition="!Skin.HasSetting(DisablePowerMenu)">2</ondown>
				<itemgap>0</itemgap>

				<itemlayout width="360" height="185">
					<include>EnhancedHomeMainLayout</include>
				</itemlayout>
				<focusedlayout width="360" height="185">
					<control type="group">
						<include>EnhancedHomeMainLayoutFocus</include>
					</control>
				</focusedlayout>
				<content><include>skinshortcuts-mainmenu</include></content>
			</control>
			
		</control>
	
	
		<!-- sub menu -->
		<control type="group">
			<posx>60</posx>
			<posy>190</posy>
			<width>1800</width>
			<height>600</height>
			
			<!-- submenu dummy button -->
			<control type="button" id="513">
				<posy>0</posy>
				<posx>10</posx>
				<width>350</width>
				<height>40</height>
				<font>Reg26</font>
				<align>left</align>
				<aligny>center</aligny>
				<textoffsetx>0</textoffsetx>
				<textcolor>$INFO[Skin.String(GeneralTextColor)]</textcolor>
				<texturenofocus>-</texturenofocus>
				<texturefocus>-</texturefocus>
				<focusedcolor>darkgrey</focusedcolor>
				<label>1034</label>
				<onclick>noop</onclick>
				<onleft>4444</onleft>
				<onright>Control.Move(300,1)</onright>
				<onup>noop</onup>
				<ondown>510</ondown>
				<visible>IntegerGreaterThan(Container(4444).NumItems,0) + Control.IsVisible(4444)</visible>
			</control>
			
			<control type="list" id="4444">
				<posx>10</posx>
				<posy>40</posy>
				<height>555</height>
				<width>365</width>
				<orientation>vertical</orientation>
				<onright>1508</onright>
				<onleft>510</onleft>
				<ondown>300</ondown>
				<itemgap>0</itemgap>
				<onback>300</onback>
				<onup condition="Skin.HasSetting(ShowProfile)">Control.SetFocus(891,0)</onup>
				<include>animation_fade_visible_hidden</include>
				<visible allowhiddenfocus="true">IntegerGreaterThan(Container(4444).NumItems,0) + [!IsEmpty(Window(Home).Property(activewidget)) | !IsEmpty(Window(Home).Property(spotlightwidgetcontent))]</visible>
				<itemlayout width="362" height="185">
					<include>ThumbsViewLayoutEnhanced</include>
				</itemlayout>
				<focusedlayout width="362" height="185">
					<control type="group">
						<include>ThumbsViewLayoutFocusEnhanced</include>
						<control type="button">
							<label>-</label>
							<visible>false</visible>
							<onfocus>SetProperty(menu,4444,Home)</onfocus>
							<onfocus>SetProperty(submenu,show,home)</onfocus>
							<onfocus condition="Skin.HasSetting(UseSectionBackground) + !IsEmpty(Container(4444).ListItem.Property(Background))">SetProperty(SectionBackground,$INFO[Container(4444).ListItem.Property(defaultID)],Home)</onfocus>
							<onfocus condition="Skin.HasSetting(UseSectionBackground) + !IsEmpty(Container(4444).ListItem.Property(Background))">SetProperty(SectionBackgroundValue,$INFO[Container(4444).ListItem.Property(Background)],Home)</onfocus>
							<onfocus condition="Skin.HasSetting(UseSectionBackground) + IsEmpty(Container(4444).ListItem.Property(Background))">SetProperty(SectionBackground,$INFO[Container(300).ListItem.Property(defaultID)],Home)</onfocus>
							<onfocus condition="Skin.HasSetting(UseSectionBackground) + IsEmpty(Container(4444).ListItem.Property(Background))">SetProperty(SectionBackgroundValue,$INFO[Container(300).ListItem.Property(Background)],Home)</onfocus>
						</control>
					</control>
				</focusedlayout>
				<content>
					<include>skinshortcuts-submenu</include>
				</content>
			</control>
		
		</control>
	
		<!-- alternative lowlist sub menu -->
		<control type="group">
			<control type="list" id="4445">
				<posx>70</posx>
				<posy>725</posy>
				<width>1800</width>
				<height>60</height>
				<orientation>horizontal</orientation>
				<onleft>4445</onleft>
				<onright>4445</onright>
				<itemgap>0</itemgap>
				<ondown>300</ondown>
				<onup condition="Skin.HasSetting(ShowProfile)">Control.SetFocus(891,0)</onup>
				<include>animation_fade_visible_hidden</include>
				<visible>IsEmpty(Window(Home).Property(activewidget)) + IsEmpty(Window(Home).Property(spotlightwidgetcontent))</visible>
				<itemlayout width="360" height="60">
					<control type="button">
						<label></label>
						<width>337</width>
						<height>60</height>
						<font>Reg24</font>
						<textcolor>blue</textcolor>
						<align>center</align>
						<aligny>center</aligny>
					</control>
					<control type="label"> <!--label-->
						<left>20</left>
						<width>300</width>
						<label>$INFO[ListItem.Label]</label>
						<font>Reg24</font>
						<scroll>false</scroll>
						<textcolor>$INFO[Skin.String(GeneralTextColor)]</textcolor>
						<selectedcolor>white</selectedcolor>
						<disabledcolor>midgrey</disabledcolor>
					</control>
				</itemlayout>
				<focusedlayout width="360" height="60">
					<control type="button">
						<label></label>
						<width>337</width>
						<height>60</height>
						<font>Reg24</font>
						<textcolor>blue</textcolor>
						<align>center</align>
						<aligny>center</aligny>
						<visible>!Control.HasFocus(4445)</visible>
					</control>
					<control type="label"> <!--label-->
						<left>20</left>
						<width>300</width>
						<label>$INFO[ListItem.Label]</label>
						<font>Reg24</font>
						<scroll>false</scroll>
						<textcolor>$INFO[Skin.String(GeneralTextColor)]</textcolor>
						<selectedcolor>white</selectedcolor>
						<disabledcolor>midgrey</disabledcolor>
						<visible>!Control.HasFocus(4445)</visible>
					</control>
					
					<control type="image">
						<width>337</width>
						<height>60</height>
						<texture diffuse="diffuse/panel.png" border="5" colordiffuse="$INFO[Skin.String(ButtonFocusColor)]">colors/color_white.png</texture>
						<visible>Control.HasFocus(4445)</visible>
					</control>
					<control type="label"> <!--label-->
						<left>20</left>
						<width>300</width>
						<label>$INFO[ListItem.Label]</label>
						<font>Reg24</font>
						<scroll>false</scroll>
						<textcolor>black</textcolor>
						<selectedcolor>white</selectedcolor>
						<disabledcolor>midgrey</disabledcolor>
						<visible>Control.HasFocus(4445)</visible>
					</control>
					<control type="button">
						<label>-</label>
						<visible>false</visible>
						<onfocus>SetProperty(menu,4444,Home)</onfocus>
						<onfocus>SetProperty(submenu,show,home)</onfocus>
						<onfocus condition="Skin.HasSetting(UseSectionBackground) + !IsEmpty(Container(4444).ListItem.Property(Background))">SetProperty(SectionBackground,$INFO[Container(4444).ListItem.Property(defaultID)],Home)</onfocus>
						<onfocus condition="Skin.HasSetting(UseSectionBackground) + !IsEmpty(Container(4444).ListItem.Property(Background))">SetProperty(SectionBackgroundValue,$INFO[Container(4444).ListItem.Property(Background)],Home)</onfocus>
						<onfocus condition="Skin.HasSetting(UseSectionBackground) + IsEmpty(Container(4444).ListItem.Property(Background))">SetProperty(SectionBackground,$INFO[Container(300).ListItem.Property(defaultID)],Home)</onfocus>
						<onfocus condition="Skin.HasSetting(UseSectionBackground) + IsEmpty(Container(4444).ListItem.Property(Background))">SetProperty(SectionBackgroundValue,$INFO[Container(300).ListItem.Property(Background)],Home)</onfocus>
					</control>
				</focusedlayout>

				<content><include>skinshortcuts-submenu</include></content>
			</control>
		</control>
		
		<!-- widgets -->
		<control type="group">
			<posx>60</posx>
			<posy>190</posy>
			<width>1790</width>
			<height>680</height>
			<visible>!IsEmpty(Window(Home).Property(activewidget)) | !IsEmpty(Window(Home).Property(spotlightwidgetcontent))</visible>
			<!-- change spotlight widget button -->
			<control type="button" id="513">
				<posy>0</posy>
				<posx>10</posx>
				<width>1070</width>
				<height>40</height>
				<font>Reg26</font>
				<align>left</align>
				<aligny>center</aligny>
				<textoffsetx>0</textoffsetx>
				<textcolor>$INFO[Skin.String(GeneralTextColor)]</textcolor>
				<texturenofocus>-</texturenofocus>
				<texturefocus>-</texturefocus>
				<focusedcolor>darkgrey</focusedcolor>
				<label>31185</label>
				<onclick>noop</onclick>
				<onleft>4444</onleft>
				<onright>Control.Move(300,1)</onright>
				<onright>300</onright>
				<onup>noop</onup>
				<ondown>510</ondown>
				<animation effect="slide" end="360,0" time="0" condition="Control.IsVisible(4444)">Conditional</animation>
			</control>
	
			
			<!-- alt spotlight submenu+widget present-->
			<control type="group">
			<posy>35</posy>
			<posx>365</posx>
			<width>1070</width>
			<height>555</height>
			<animation time="150" effect="fade">Visible</animation>
			<animation time="150" effect="fade">Hidden</animation>
			<visible>[!Control.IsVisible(1508) | Control.HasFocus(510)] + IntegerGreaterThan(Container(4444).NumItems,0) + !IsEmpty(Window(Home).Property(activewidget))</visible>
				<include>spotLightWidgetLayoutAlt</include>
			</control>
			
			
			<!-- alt spotlight only widget present-->
			<control type="group">
			<posy>35</posy>
			<posx>5</posx>
			<width>1430</width>
			<height>555</height>
			<animation time="150" effect="fade">Visible</animation>
			<animation time="150" effect="fade">Hidden</animation>
			<visible>!IntegerGreaterThan(Container(4444).NumItems,0) + !Control.IsVisible(1508) + !IsEmpty(Window(Home).Property(activewidget))</visible>
				<include>spotLightWidgetLayoutAlt</include>
			</control>
	
			<!-- spotlight widget -->
			<control type="panel" id="1508">
				<posy>35</posy>
				<posx>5</posx>
				<width>1790</width>
				<height>555</height>
				<onleft condition="IntegerGreaterThan(Container(4444).NumItems,0)">4444</onleft>
				<onleft condition="!IntegerGreaterThan(Container(4444).NumItems,0)">300</onleft>
				<onright condition="IntegerGreaterThan(Container(510).NumItems,0)">510</onright>
				<onright condition="!IntegerGreaterThan(Container(510).NumItems,0) + !IsEmpty(Control.GetLabel(511))">511</onright>
				<onright condition="!IntegerGreaterThan(Container(510).NumItems,0) + IsEmpty(Control.GetLabel(511))">300</onright>
				<ondown>1508</ondown>
				<onback>300</onback>
				<onup>1508</onup>
				<orientation>vertical</orientation>
				<focusposition>2</focusposition>
				<visible>!IsEmpty(Window(Home).Property(spotlightwidgetcontent)) + !Control.HasFocus(510)</visible>
				<scrolltime tween="cubic" easing="inout">500</scrolltime>
				<itemlayout width="1790" height="555" condition="!IsEmpty(Window(Home).Property(activewidget)) + Control.IsVisible(4444)">
					<control type="group">
						<width>1070</width>
						<right>360</right>
						<include>spotLightWidgetLayout</include>
					</control>
				</itemlayout>
				<focusedlayout width="1790" height="555" condition="!IsEmpty(Window(Home).Property(activewidget)) + Control.IsVisible(4444)">
					<control type="group">
						<width>1070</width>
						<right>360</right>
						<include>spotLightWidgetLayoutFocus</include>
					</control>
				</focusedlayout>
				<itemlayout width="1790" height="555" condition="!IsEmpty(Window(Home).Property(activewidget)) + !Control.IsVisible(4444)">
					<control type="group">
						<width>1430</width>
						<right>360</right>
						<include>spotLightWidgetLayout</include>
					</control>
				</itemlayout>
				<focusedlayout width="1790" height="555" condition="!IsEmpty(Window(Home).Property(activewidget)) + !Control.IsVisible(4444)">
					<control type="group">
						<width>1070</width>
						<right>360</right>
						<include>spotLightWidgetLayoutFocus</include>
					</control>
				</focusedlayout>
				<itemlayout width="1790" height="555" condition="IsEmpty(Window(Home).Property(activewidget)) + !Control.IsVisible(4444)">
					<control type="group">
						<width>1790</width>
						<right>0</right>
						<include>spotLightWidgetLayout</include>
					</control>
				</itemlayout>
				<focusedlayout width="1790" height="555" condition="IsEmpty(Window(Home).Property(activewidget)) + !Control.IsVisible(4444)">
					<control type="group">
						<width>1790</width>
						<right>0</right>
						<include>spotLightWidgetLayoutFocus</include>
					</control>
				</focusedlayout>
				<content target="$VAR[WidgetTarget]">$VAR[SpotLightWidgetContent]</content>
			</control>
			
		
			<!-- widget right -->
			<control type="group">
			<right>0</right>
			<width>350</width>
			<height>750</height>
			
			<!-- change widget button -->
			<control type="button" id="511">
				<posy>0</posy>
				<posx>10</posx>
				<width>337</width>
				<height>40</height>
				<font>Reg26</font>
				<align>left</align>
				<aligny>center</aligny>
				<textoffsetx>0</textoffsetx>
				<textcolor>$INFO[Skin.String(GeneralTextColor)]</textcolor>
				<texturenofocus>-</texturenofocus>
				<label>$VAR[HomeWidgetLabel]</label>
				<onclick>$VAR[HomeWidgetClickActions]</onclick>
				<onleft condition="!IntegerGreaterThan(Container(1508).NumItems,0)">4444</onleft>
				<onleft condition="IntegerGreaterThan(Container(1508).NumItems,0)">1508</onleft>
				<onright>Control.Move(300,1)</onright>
				<onup>510</onup>
				<ondown>510</ondown>
				<visible>![StringCompare(Window(Home).Property(activewidget),custom) + !IsEmpty(Window(Home).Property(customwidgetcontent))]</visible>
			</control>
			
			<!-- widgets -->
			<include>widgets</include>
		
		</control>
		
		</control>
		
		
		<!--RSS Text without touch-->			
		<control type="rss">	
			<description>RSS Feed</description>
			<posx>80</posx>
			<posy>1002</posy>
			<width>1760</width>
			<height>50</height>
			<font>Reg28</font>
			<urlset>1</urlset>
			<titlecolor>white</titlecolor>
			<headlinecolor>white</headlinecolor>
			<textcolor>$INFO[Skin.String(GeneralTextColor)]</textcolor>
			<scrollspeed>40</scrollspeed>
			<visible>!Window.IsVisible(DialogButtonMenu.xml) + !Skin.HasSetting(EnableTouchSupport)</visible>
			<animation time="1500" effect="fade" delay="1500">Visible</animation>
			<animation time="200" effect="fade">Hidden</animation>	
		</control>
		<!--RSS Text with touch-->			
		<control type="rss">	
			<description>RSS Feed</description>
			<posx>315</posx>
			<posy>1010</posy>
			<width>1390</width>
			<height>50</height>
			<font>Reg28</font>
			<urlset>1</urlset>
			<titlecolor>white</titlecolor>
			<headlinecolor>white</headlinecolor>
			<textcolor>$INFO[Skin.String(GeneralTextColor)]</textcolor>
			<scrollspeed>40</scrollspeed>
			<visible>!Window.IsVisible(DialogButtonMenu.xml) + Skin.HasSetting(EnableTouchSupport)</visible>
			<animation time="1500" effect="fade" delay="1500">Visible</animation>
			<animation time="200" effect="fade">Hidden</animation>	
		</control>
		
		<!-- touchscreen support -->
		<include condition="Skin.HasSetting(EnableTouchSupport)">TouchControlsFooter</include>
		
	</include>
	
	<include name="panel_layout_enhanced">
		<posy>40</posy>
		<posx>10</posx>
		<width>350</width>
		<height>555</height>
		<onleft>1508</onleft>
		<onright>4444</onright>
		<ondown>300</ondown>
		<onback>300</onback>
		<onup>511</onup>
		<orientation>vertical</orientation>
		<focusposition>2</focusposition>
		<scrolltime tween="cubic" easing="inout">500</scrolltime>
		<itemlayout width="350" height="185">
			<include>ThumbsViewLayoutEnhanced</include>
		</itemlayout>
		<focusedlayout width="350" height="185">
			<control type="group">
				<include>ThumbsViewLayoutFocusEnhanced</include>
			</control>
		</focusedlayout>
	</include>
	
	<include name="spotLightWidgetLayout">
		<!-- spotlight image -->
		<control type="image">
			<width>100%</width>
			<height>100%</height>
			<bordersize>5</bordersize>
			<texture background="true" diffuse="diffuse/wide.png">$VAR[SpotLightWidgetImage]</texture>
			<aspectratio scalediffuse="false">scale</aspectratio>
		</control>
		<!--info Overlay-->
		 <control type="image">
			<width>100%</width>
			<height>100%</height>
			<bordersize>5</bordersize>
			<colordiffuse>ccFFFFFF</colordiffuse>
			<texture diffuse="diffuse/wide.png">home/home_overlay.png</texture>
		</control>
		<!-- plot small (with logo)-->
		<control type="textbox">
			<bottom>15</bottom>
			<posx>20</posx>
			<width>70%</width>
			<height>155</height>
			<align>left</align>
			<label>$VAR[SpotLightWidgetInfoPlot]</label>
			<font>Light26</font>
			<textcolor>aawhite</textcolor>
			<shadowcolor>black</shadowcolor>
			<visible>!IsEmpty(ListItem.Art(clearlogo)) | !IsEmpty(ListItem.Property(clearlogo)) | !IsEmpty(ListItem.Art(clearlogo))</visible>
		</control>
		<!-- plot wide (no logo)-->
		<control type="textbox">
			<bottom>15</bottom>
			<posx>20</posx>
			<width>95%</width>
			<height>155</height>
			<align>left</align>
			<label>$VAR[SpotLightWidgetInfoPlot]</label>
			<font>Light26</font>
			<textcolor>aawhite</textcolor>
			<shadowcolor>black</shadowcolor>
			<visible>IsEmpty(ListItem.Art(clearlogo)) + IsEmpty(ListItem.Property(clearlogo)) + IsEmpty(ListItem.Art(clearlogo))</visible>
		</control>
		<!-- clearlogo -->
		<control type="image">
			<right>20</right>
			<bottom>10</bottom>
			<width>25%</width>
			<height>170</height>
			<aspectratio align="right" aligny="center">keep</aspectratio>
			<texture background="true">$VAR[SpotLightWidgetInfoclearlogo]</texture>
		</control>
	</include>
	
	<include name="spotLightWidgetLayoutFocus">
		<control type="image">
			<!--Panel Focus-->
			<animation type="Focus">
				<effect type="fade" start="0" end="100" time="300" center="auto" delay="0" tween="cubic" easing="inout" />
			</animation>
			<animation type="UnFocus">
				<effect type="fade" start="100" end="0" time="300" center="auto" delay="0" tween="cubic" easing="inout" />
			</animation>
			<width>100%</width>
			<height>100%</height>
			<colordiffuse>$INFO[Skin.String(HomeViewDetailsFocusColor)]</colordiffuse>
			<texture>diffuse/wide.png</texture>
		</control>
		<include>spotLightWidgetLayout</include>
		
	</include>
	
	<include name="spotLightWidgetLayoutAlt">
		<control type="image">
			<width>100%</width>
			<height>100%</height>
			<bordersize>5</bordersize>
			<texture background="true" diffuse="home/home_matte2.png">$VAR[SpotLightWidgetImage]</texture>
			<aspectratio scalediffuse="false">scale</aspectratio>
		</control>
		<!--info Overlay-->
		 <control type="image">
			<width>100%</width>
			<height>100%</height>
			<bordersize>5</bordersize>
			<colordiffuse>ccFFFFFF</colordiffuse>
			<texture diffuse="home/home_matte2.png">home/home_overlay.png</texture>
		</control>
		<!-- plot small (with logo)-->
		<control type="textbox">
			<bottom>15</bottom>
			<posx>20</posx>
			<width>70%</width>
			<height>155</height>
			<align>left</align>
			<label>$VAR[HomeMenuWidgetInfoLabel][CR]$VAR[HomeMenuWidgetInfoPlot]</label>
			<font>Light26</font>
			<textcolor>aawhite</textcolor>
			<shadowcolor>black</shadowcolor>
			<visible>!IsEmpty(Container(510).ListItem.Property(clearlogo)) | !IsEmpty(Container(510).ListItem.Art(clearlogo)) | !IsEmpty(Container(510).ListItem.Art(tvshow.clearlogo))</visible>
		</control>
		<!-- plot wide (no logo)-->
		<control type="textbox">
			<bottom>15</bottom>
			<posx>20</posx>
			<width>95%</width>
			<height>155</height>
			<align>left</align>
			<label>$VAR[HomeMenuWidgetInfoLabel][CR]$VAR[HomeMenuWidgetInfoPlot]</label>
			<font>Light26</font>
			<textcolor>aawhite</textcolor>
			<shadowcolor>black</shadowcolor>
			<visible>IsEmpty(Container(510).ListItem.Property(clearlogo)) + IsEmpty(Container(510).ListItem.Art(clearlogo)) + IsEmpty(Container(510).ListItem.Art(tvshow.clearlogo))</visible>
		</control>
		<!-- clearlogo -->
		<control type="image">
			<right>20</right>
			<bottom>10</bottom>
			<width>25%</width>
			<height>170</height>
			<aspectratio align="right" aligny="center">keep</aspectratio>
			<texture background="true">$VAR[HomeMenuWidgetInfoclearlogo]</texture>
		</control>
		<!-- weather -->
		<control type="image">
			<right>20</right>
			<bottom>0</bottom>
			<width>250</width>
			<height>180</height>
			<aspectratio align="center" aligny="center">keep</aspectratio>
			<texture background="true">$INFO[Container(510).ListItem.Thumb]</texture>
			<visible>StringCompare(Window(Home).Property(activewidget), weather)</visible>
		</control>
	</include>
	
	<include name="ThumbsViewLayoutEnhanced">

		<control type="image">
            <!--Panel Normal-->
            <posx>0</posx>
            <posy>0</posy>
            <width>337</width>
			<height>175</height>
            <texture background="true" diffuse="home/home_matte2.png" fallback="colors/color_keyboard.png">$VAR[ThumbViewImage]</texture>
            <aspectratio scalediffuse="false" align="center" aligny="center">scale</aspectratio>
        </control>
        <control type="image">
            <!--Panel Overlay-->
            <posx></posx>
            <posy>-10</posy>
            <width>337</width>
			<height>185</height>
            <colordiffuse>ccFFFFFF</colordiffuse>
            <texture diffuse="home/home_matte2.png">home/home_overlay.png</texture>
			<visible>[IsEmpty(ListItem.Art(landscape)) + IsEmpty(ListItem.Property(landscape))] + !IsEmpty(ListItem.Label)</visible>
			<visible>![Skin.HasSetting(PreferTvShowThumbWidget) + !IsEmpty(ListItem.Episode)]</visible>
        </control>
        <control type="label">
            <!--Label-->
            <posx>10</posx>
            <posy>93</posy>
            <width>320</width>
            <height>100</height>
            <align>left</align>
            <label>$VAR[HomeMenuWidgetLabel]</label>
            <font>Reg22</font>
            <textcolor>lightgrey</textcolor>
			<shadowcolor>black</shadowcolor>
			<visible>IsEmpty(ListItem.Art(landscape)) + IsEmpty(ListItem.Property(landscape))</visible>
			<visible>![Skin.HasSetting(PreferTvShowThumbWidget) + !IsEmpty(ListItem.Episode)]</visible>
        </control>
		<control type="group">
				<!--Watched Overlay-->
				<right>13</right>
				<posy>0</posy>
				<include>WatchedIndicatorSmall</include>
			</control>

    </include>
    
	<include name="ThumbsViewLayoutFocusEnhanced">

        <include>ThumbsViewLayoutEnhanced</include>
        <control type="label">
            <!--Label White-->
            <animation type="Focus">
                <effect type="fade" start="0" end="100" time="300" center="auto" delay="0" tween="cubic" easing="inout" />
            </animation>
            <animation type="UnFocus">
                <effect type="fade" start="100" end="0" time="300" center="auto" delay="0" tween="cubic" easing="inout" />
            </animation>
            <posx>10</posx>
            <posy>93</posy>
            <width>320</width>
            <height>100</height>
            <align>left</align>
            <label>$VAR[HomeMenuWidgetLabel]</label>
            <font>Reg22</font>
            <textcolor>$INFO[Skin.String(HomeViewDetailsFocusColor)]</textcolor>
			<shadowcolor>black</shadowcolor>
			<visible>IsEmpty(ListItem.Art(landscape)) + IsEmpty(ListItem.Property(landscape)) + [Control.HasFocus(4444) | Control.HasFocus(510)]</visible>
			<visible>![Skin.HasSetting(PreferTvShowThumbWidget) + !IsEmpty(ListItem.Episode)]</visible>
        </control>
        <control type="image">
            <!--Panel Focus-->
            <animation type="Focus">
                <effect type="fade" start="0" end="100" time="300" center="auto" delay="0" tween="cubic" easing="inout" />
            </animation>
            <animation type="UnFocus">
                <effect type="fade" start="100" end="0" time="300" center="auto" delay="0" tween="cubic" easing="inout" />
            </animation>
            <posx>0</posx>
            <posy>0</posy>
            <width>337</width>
			<height>175</height>
			<colordiffuse>$INFO[Skin.String(HomeViewDetailsFocusColor)]</colordiffuse>
            <texture border="5">diffuse/border.png</texture>
			<visible>Control.HasFocus(4444) | Control.HasFocus(510)</visible>
        </control>
		<control type="button">
			<label>-</label>
			<visible>false</visible>
			<onfocus>SetProperty(menu,4444,Home)</onfocus>
		</control>
    </include>
	
	<include name="EnhancedHomeMainLayout">
		<control type="image">
			<!--Panel Shadow-->
			<posx>7</posx>
			<posy>7</posy>
			<width>337</width>
			<height>175</height>
			<texture>home/home_shadow.png</texture>
			<visible>!Skin.HasSetting(NoShadowOnHomeMenuTiles)</visible>
		</control>
	
		<control type="image">
            <!--Panel Normal-->
            <posx>0</posx>
            <posy>0</posy>
            <width>337</width>
			<height>175</height>
            <texture background="true" diffuse="home/home_matte2.png" fallback="special://skin/extras/hometiles/addons.png">$INFO[ListItem.Icon]</texture>
            <aspectratio scalediffuse="false" align="center" aligny="center">scale</aspectratio>
        </control>
        <control type="image">
            <!--Panel Ovelay-->
            <posx></posx>
            <posy>-10</posy>
            <width>337</width>
			<height>185</height>
            <colordiffuse>ccFFFFFF</colordiffuse>
            <texture diffuse="home/home_matte2.png">home/home_overlay.png</texture>
			<visible>!Skin.HasSetting(NoTitleOnHomeMenuTiles) + !StringCompare(ListItem.Property(disableLabel), disable)</visible>
			<visible>![Skin.HasSetting(PreferTvShowThumbWidget) + !IsEmpty(ListItem.Episode)]</visible>
        </control>
        <control type="label">
            <!--Label-->
            <posx>10</posx>
            <posy>93</posy>
            <width>305</width>
            <height>100</height>
            <align>left</align>
            <info>ListItem.Label</info>
            <font>Reg24</font>
            <textcolor>lightgrey</textcolor>
			<shadowcolor>black</shadowcolor>
			<visible>!Skin.HasSetting(NoTitleOnHomeMenuTiles) + !StringCompare(ListItem.Property(disableLabel), disable)</visible>
        </control>
		<control type="label">
            <!--Label-->
            <posx>10</posx>
            <posy>93</posy>
            <width>305</width>
            <height>100</height>
            <align>left</align>
            <info>ListItem.Label</info>
            <font>Reg24</font>
            <textcolor>$INFO[Skin.String(HomeViewDetailsFocusColor)]</textcolor>
			<shadowcolor>black</shadowcolor>
			<visible>!Skin.HasSetting(NoTitleOnHomeMenuTiles) + !StringCompare(ListItem.Property(disableLabel), disable) + StringCompare(Container(300).ListItem.Label, ListItem.Label)</visible>
        </control>
		<control type="image">
            <posx>0</posx>
            <posy>0</posy>
            <width>337</width>
			<height>175</height>
			<colordiffuse>$INFO[Skin.String(HomeViewDetailsFocusColor)]</colordiffuse>
            <texture border="5">diffuse/border.png</texture>
			<visible>StringCompare(Container(300).ListItem.Label, ListItem.Label)</visible>
        </control>
    </include>
    
	<include name="EnhancedHomeMainLayoutFocus">

        <include>EnhancedHomeMainLayout</include>
        <control type="label">
            <!--Label focus-->
            <animation type="Focus">
                <effect type="fade" start="0" end="100" time="300" center="auto" delay="0" tween="cubic" easing="inout" />
            </animation>
            <animation type="UnFocus">
                <effect type="fade" start="100" end="0" time="300" center="auto" delay="0" tween="cubic" easing="inout" />
            </animation>
            <posx>10</posx>
            <posy>93</posy>
            <width>305</width>
            <height>100</height>
            <align>left</align>
            <info>ListItem.Label</info>
            <font>Reg24</font>
            <textcolor>$INFO[Skin.String(HomeViewDetailsFocusColor)]</textcolor>
			<shadowcolor>black</shadowcolor>
			<visible>!Skin.HasSetting(NoTitleOnHomeMenuTiles) + !StringCompare(ListItem.Property(disableLabel), disable)</visible>
        </control>
        <control type="image">
            <!--Panel Focus-->
            <animation type="Focus">
                <effect type="fade" start="0" end="100" time="300" center="auto" delay="0" tween="cubic" easing="inout" />
            </animation>
            <animation type="UnFocus">
                <effect type="fade" start="100" end="0" time="300" center="auto" delay="0" tween="cubic" easing="inout" />
            </animation>
            <posx>0</posx>
            <posy>0</posy>
            <width>337</width>
			<height>175</height>
			<colordiffuse>$INFO[Skin.String(HomeViewDetailsFocusColor)]</colordiffuse>
            <texture border="5">diffuse/border.png</texture>
        </control>
		<control type="button">
			<left>150</left>
			<top>0</top>
			<width>1</width>
			<height>60</height>
			<font>Reg28</font>
			<textcolor>blue</textcolor>
			<align>center</align>
			<aligny>center</aligny>
			<label>-</label>
			<visible>false</visible>
			<onfocus condition="Skin.HasSetting(UseSectionBackground)">SetProperty(SectionBackground,$INFO[Container(300).ListItem.Property(defaultID)],Home)</onfocus>
			<onfocus condition="Skin.HasSetting(UseSectionBackground) + !IsEmpty(Container(300).ListItem.Property(Background))">SetProperty(SectionBackgroundValue,$INFO[Container(300).ListItem.Property(Background)],Home)</onfocus>
			<onfocus condition="Skin.HasSetting(UseSectionBackground) + IsEmpty(Container(300).ListItem.Property(Background))">ClearProperty(SectionBackgroundValue,Home)</onfocus>	
			<onfocus condition="!Skin.HasSetting(DisableAllSubmenus)">SetProperty(menu,300,Home)</onfocus>
			<onfocus condition="!Skin.HasSetting(DisableAllSubmenus) + Skin.HasSetting(AutoShowSubmenu) + skin.hastheme(classic)">SetFocus(4444)</onfocus>
			<onfocus condition="!Skin.HasSetting(DisableAllSubmenus) + Skin.HasSetting(AutoShowSubmenu) + !skin.hastheme(classic)">SetProperty(submenu,show,home)</onfocus>
		</control>
    </include>

</includes>