<?xml version="1.0" encoding="utf-8"?>
<includes>
	
	<!--Overlay-->
    <include name="DialogOverlay">
        <!--Dialog Overlay default-->
        <control type="image">
			<visible>[Skin.HasSetting(BackgroundOverlayMediaViewOnly) + SubString(Window.Property(xmlfile),My,left)] | [Skin.HasSetting(BackgroundOverlayHomeOnly) + SubString(Window.Property(xmlfile),Home,left)] | [!Skin.HasSetting(BackgroundOverlayMediaViewOnly) + !Skin.HasSetting(BackgroundOverlayHomeOnly)]</visible>
			<include>DimensionsFullscreen</include>
			<texture>bgoverlay_default.png</texture>
			<colordiffuse>FF4d86a6</colordiffuse>
			<visible>Skin.String(ColorTheme, Default)</visible>
			<visible>![Control.IsVisible(507) + !IsEmpty(ListItem.Art(fanart))]</visible>
		</control>
		<!--Dialog Overlay other-->
		<control type="image">
			<visible>[Skin.HasSetting(BackgroundOverlayMediaViewOnly) + SubString(Window.Property(xmlfile),My,left)] | [Skin.HasSetting(BackgroundOverlayHomeOnly) + SubString(Window.Property(xmlfile),Home,left)] | [!Skin.HasSetting(BackgroundOverlayMediaViewOnly) + !Skin.HasSetting(BackgroundOverlayHomeOnly)]</visible>
            <include>DimensionsFullscreen</include>
            <texture>$VAR[ColorOverlay]</texture>
			<visible>!Skin.String(ColorTheme, Default)</visible>
			<visible>![Control.IsVisible(507) + !IsEmpty(ListItem.Art(fanart))]</visible>
        </control>
    </include>
	
	<variable name="panel_color">
		<value condition="Skin.String(PanelColor)">$INFO[Skin.String(PanelColor)]</value>
		<value>darkblue</value>
   </variable>
	
	<variable name="ColorOverlay">
		<value condition="!Skin.String(ColorTheme, none) + !Skin.String(ColorTheme, custom)">$INFO[Skin.String(ColorTheme),special://skin/extras/bgoverlays/,.png]</value>
		<value condition="Skin.String(ColorTheme, custom)">$INFO[Skin.String(CustomColorTheme)]</value>
   </variable>
	
	<include name="DialogOverlayExtra">
		<control type="image">
			<include>DimensionsFullscreen</include>
			<texture>bgoverlay_default.png</texture>
			<colordiffuse>FF4d86a6</colordiffuse>
			<visible>Skin.String(ColorTheme, none) | Skin.String(ColorTheme, Default)</visible>
		</control>
		<control type="image">
			<include>DimensionsFullscreen</include>
			<texture>$VAR[ColorOverlay]</texture>
			<visible>![Skin.String(ColorTheme, none) | Skin.String(ColorTheme, Default)]</visible>
		</control>
    </include>
	
	
	
	<include name="fanartSpeed6">
		<timeperimage>6000</timeperimage>
	</include>
	<include name="fanartSpeed8">
		<timeperimage>8000</timeperimage>
	</include>
	<include name="fanartSpeed10">
		<timeperimage>10000</timeperimage>
	</include>
	<include name="fanartSpeed15">
		<timeperimage>15000</timeperimage>
	</include>
	<include name="fanartSpeed20">
		<timeperimage>20000</timeperimage>
	</include>

	
	<!--Global Background -->
    <include name="GlobalBackground">
			
		<!-- multi image background -->
        <control type="multiimage" id="99004">
            <posx>0</posx>
            <posy>0</posy>
            <width>1920</width>
            <height>1080</height>
            <imagepath background="true" fallback="special://skin/extras/backgrounds/global_blue.jpg">$VAR[backgroundVar]</imagepath>
            <aspectratio>stretch</aspectratio>
            <include condition="skin.string(extrafanartdelay, 6)">fanartSpeed6</include>
			<include condition="skin.string(extrafanartdelay, 8)">fanartSpeed8</include>
			<include condition="skin.string(extrafanartdelay, 10)">fanartSpeed10</include>
			<include condition="skin.string(extrafanartdelay, 15)">fanartSpeed15</include>
			<include condition="skin.string(extrafanartdelay, 20)">fanartSpeed20</include>
            <fadetime>350</fadetime>
            <randomize>true</randomize>
			<animation effect="zoom" start="110" end="130" center="auto" time="10000" tween="cubic" easing="inout" pulse="true" condition="Skin.HasSetting(BackgroundAnimation)">Conditional</animation>
			<animation effect="slide" start="-10,-10" end="10,10" time="5000" tween="cubic" easing="inout" pulse="true" condition="Skin.HasSetting(BackgroundAnimation)">Conditional</animation>
        </control>
		
		<include>DialogOverlay</include>
    </include>
	
	 <variable name="globalBackground">
		<!-- section backgrounds -->
		<!-- SECTION: live tv -->
		<value condition="Skin.HasSetting(UseSectionBackground) + StringCompare(Window(Home).Property(SectionBackground),livetv) + [StringCompare(Window(Home).Property(SectionBackgroundValue),default) | IsEmpty(Window(Home).Property(SectionBackgroundValue))]">special://skin/extras/backgrounds/hover_my tv.jpg</value>
		<!-- SECTION: movies -->
		<value condition="Skin.HasSetting(UseSectionBackground) + StringCompare(Window(Home).Property(SectionBackground),movies) + [StringCompare(Window(Home).Property(SectionBackgroundValue),default) | IsEmpty(Window(Home).Property(SectionBackgroundValue)) | StringCompare(Window(Home).Property(SectionBackgroundValue),fanart)]">$VAR[defaultMoviesBackground]</value>
		<value condition="Skin.HasSetting(UseSectionBackground) + StringCompare(Window(Home).Property(SectionBackground),$LOCALIZE[135]) + [StringCompare(Window(Home).Property(SectionBackgroundValue),default) | IsEmpty(Window(Home).Property(SectionBackgroundValue)) | StringCompare(Window(Home).Property(SectionBackgroundValue),fanart)]">$VAR[defaultMoviesBackground]</value>
		<value condition="Skin.HasSetting(UseSectionBackground) + StringCompare(Window(Home).Property(SectionBackground),$LOCALIZE[31050]) + [StringCompare(Window(Home).Property(SectionBackgroundValue),default) | IsEmpty(Window(Home).Property(SectionBackgroundValue)) | StringCompare(Window(Home).Property(SectionBackgroundValue),fanart)]">$VAR[defaultMoviesBackground]</value>
		<!-- SECTION: tv shows -->
		<value condition="Skin.HasSetting(UseSectionBackground) + StringCompare(Window(Home).Property(SectionBackground),tvshows) + [StringCompare(Window(Home).Property(SectionBackgroundValue),default) | IsEmpty(Window(Home).Property(SectionBackgroundValue)) | StringCompare(Window(Home).Property(SectionBackgroundValue),fanart)]">$VAR[defaultTvShowsBackground]</value>
		<value condition="Skin.HasSetting(UseSectionBackground) + StringCompare(Window(Home).Property(SectionBackground),$LOCALIZE[31051]) + [StringCompare(Window(Home).Property(SectionBackgroundValue),default) | IsEmpty(Window(Home).Property(SectionBackgroundValue)) | StringCompare(Window(Home).Property(SectionBackgroundValue),fanart)]">$VAR[defaultTvShowsBackground]</value>
		<!-- SECTION: music -->
		<value condition="Skin.HasSetting(UseSectionBackground) + StringCompare(Window(Home).Property(SectionBackground),music) + [StringCompare(Window(Home).Property(SectionBackgroundValue),default) | IsEmpty(Window(Home).Property(SectionBackgroundValue)) | StringCompare(Window(Home).Property(SectionBackgroundValue),fanart)]">$VAR[defaultMusicBackground]</value>
		<!-- SECTION: radio -->
		<value condition="Skin.HasSetting(UseSectionBackground) + StringCompare(Window(Home).Property(SectionBackground),radio) + [StringCompare(Window(Home).Property(SectionBackgroundValue),default) | IsEmpty(Window(Home).Property(SectionBackgroundValue)) | StringCompare(Window(Home).Property(SectionBackgroundValue),fanart)]">$VAR[defaultMusicBackground]</value>
		<!-- SECTION: musicvideos -->
		<value condition="Skin.HasSetting(UseSectionBackground) + StringCompare(Window(Home).Property(SectionBackground),musicvideos) + [StringCompare(Window(Home).Property(SectionBackgroundValue),default) | IsEmpty(Window(Home).Property(SectionBackgroundValue)) | StringCompare(Window(Home).Property(SectionBackgroundValue),fanart)]">$VAR[musicVideoFanartBackground]</value>
		<!-- SECTION: weather -->
		<value condition="Skin.HasSetting(UseSectionBackground) + StringCompare(Window(Home).Property(SectionBackground),weather) + [StringCompare(Window(Home).Property(SectionBackgroundValue),default) | IsEmpty(Window(Home).Property(SectionBackgroundValue)) | StringCompare(Window(Home).Property(SectionBackgroundValue),fanart)]">$VAR[WeatherFanArtPath]$INFO[Window(Weather).Property(Day0.fanartCode)]</value>
		<!-- SECTION: MB3 collections-->
		<value condition="Skin.HasSetting(UseSectionBackground) + StringCompare(Window(Home).Property(SectionBackground),info-window-home-property-MediaBrowser-usr-0-title) + [StringCompare(Window(Home).Property(SectionBackgroundValue),default) | IsEmpty(Window(Home).Property(SectionBackgroundValue)) | StringCompare(Window(Home).Property(SectionBackgroundValue),fanart)]">$INFO[Window(Home).Property(MediaBrowser.usr.0.background)]</value>
		<value condition="Skin.HasSetting(UseSectionBackground) + StringCompare(Window(Home).Property(SectionBackground),info-window-home-property-MediaBrowser-usr-1-title) + [StringCompare(Window(Home).Property(SectionBackgroundValue),default) | IsEmpty(Window(Home).Property(SectionBackgroundValue)) | StringCompare(Window(Home).Property(SectionBackgroundValue),fanart)]">$INFO[Window(Home).Property(MediaBrowser.usr.1.background)]</value>
		<value condition="Skin.HasSetting(UseSectionBackground) + StringCompare(Window(Home).Property(SectionBackground),info-window-home-property-MediaBrowser-usr-2-title) + [StringCompare(Window(Home).Property(SectionBackgroundValue),default) | IsEmpty(Window(Home).Property(SectionBackgroundValue)) | StringCompare(Window(Home).Property(SectionBackgroundValue),fanart)]">$INFO[Window(Home).Property(MediaBrowser.usr.2.background)]</value>
		<value condition="Skin.HasSetting(UseSectionBackground) + StringCompare(Window(Home).Property(SectionBackground),info-window-home-property-MediaBrowser-usr-3-title) + [StringCompare(Window(Home).Property(SectionBackgroundValue),default) | IsEmpty(Window(Home).Property(SectionBackgroundValue)) | StringCompare(Window(Home).Property(SectionBackgroundValue),fanart)]">$INFO[Window(Home).Property(MediaBrowser.usr.3.background)]</value>
		<value condition="Skin.HasSetting(UseSectionBackground) + StringCompare(Window(Home).Property(SectionBackground),info-window-home-property-MediaBrowser-usr-4-title) + [StringCompare(Window(Home).Property(SectionBackgroundValue),default) | IsEmpty(Window(Home).Property(SectionBackgroundValue)) | StringCompare(Window(Home).Property(SectionBackgroundValue),fanart)]">$INFO[Window(Home).Property(MediaBrowser.usr.4.background)]</value>
		<value condition="Skin.HasSetting(UseSectionBackground) + StringCompare(Window(Home).Property(SectionBackground),info-window-home-property-MediaBrowser-usr-5-title) + [StringCompare(Window(Home).Property(SectionBackgroundValue),default) | IsEmpty(Window(Home).Property(SectionBackgroundValue)) | StringCompare(Window(Home).Property(SectionBackgroundValue),fanart)]">$INFO[Window(Home).Property(MediaBrowser.usr.5.background)]</value>
		<value condition="Skin.HasSetting(UseSectionBackground) + StringCompare(Window(Home).Property(SectionBackground),info-window-home-property-MediaBrowser-usr-6-title) + [StringCompare(Window(Home).Property(SectionBackgroundValue),default) | IsEmpty(Window(Home).Property(SectionBackgroundValue)) | StringCompare(Window(Home).Property(SectionBackgroundValue),fanart)]">$INFO[Window(Home).Property(MediaBrowser.usr.6.background)]</value>
		<value condition="Skin.HasSetting(UseSectionBackground) + StringCompare(Window(Home).Property(SectionBackground),info-window-home-property-MediaBrowser-usr-7-title) + [StringCompare(Window(Home).Property(SectionBackgroundValue),default) | IsEmpty(Window(Home).Property(SectionBackgroundValue)) | StringCompare(Window(Home).Property(SectionBackgroundValue),fanart)]">$INFO[Window(Home).Property(MediaBrowser.usr.7.background)]</value>
		<value condition="Skin.HasSetting(UseSectionBackground) + StringCompare(Window(Home).Property(SectionBackground),info-window-home-property-MediaBrowser-usr-8-title) + [StringCompare(Window(Home).Property(SectionBackgroundValue),default) | IsEmpty(Window(Home).Property(SectionBackgroundValue)) | StringCompare(Window(Home).Property(SectionBackgroundValue),fanart)]">$INFO[Window(Home).Property(MediaBrowser.usr.8.background)]</value>
		<value condition="Skin.HasSetting(UseSectionBackground) + StringCompare(Window(Home).Property(SectionBackground),info-window-home-property-MediaBrowser-usr-9-title) + [StringCompare(Window(Home).Property(SectionBackgroundValue),default) | IsEmpty(Window(Home).Property(SectionBackgroundValue)) | StringCompare(Window(Home).Property(SectionBackgroundValue),fanart)]">$INFO[Window(Home).Property(MediaBrowser.usr.9.background)]</value>
		<value condition="Skin.HasSetting(UseSectionBackground) + StringCompare(Window(Home).Property(SectionBackground),info-window-home-property-MediaBrowser-usr-10-title) + [StringCompare(Window(Home).Property(SectionBackgroundValue),default) | IsEmpty(Window(Home).Property(SectionBackgroundValue)) | StringCompare(Window(Home).Property(SectionBackgroundValue),fanart)]">$INFO[Window(Home).Property(MediaBrowser.usr.10.background)]</value>
		<value condition="Skin.HasSetting(UseSectionBackground) + StringCompare(Window(Home).Property(SectionBackground),info-window-home-property-MediaBrowser-usr-11-title) + [StringCompare(Window(Home).Property(SectionBackgroundValue),default) | IsEmpty(Window(Home).Property(SectionBackgroundValue)) | StringCompare(Window(Home).Property(SectionBackgroundValue),fanart)]">$INFO[Window(Home).Property(MediaBrowser.usr.11.background)]</value>
		<value condition="Skin.HasSetting(UseSectionBackground) + StringCompare(Window(Home).Property(SectionBackground),info-window-home-property-MediaBrowser-usr-12-title) + [StringCompare(Window(Home).Property(SectionBackgroundValue),default) | IsEmpty(Window(Home).Property(SectionBackgroundValue)) | StringCompare(Window(Home).Property(SectionBackgroundValue),fanart)]">$INFO[Window(Home).Property(MediaBrowser.usr.12.background)]</value>
		<value condition="Skin.HasSetting(UseSectionBackground) + StringCompare(Window(Home).Property(SectionBackground),info-window-home-property-MediaBrowser-usr-13-title) + [StringCompare(Window(Home).Property(SectionBackgroundValue),default) | IsEmpty(Window(Home).Property(SectionBackgroundValue)) | StringCompare(Window(Home).Property(SectionBackgroundValue),fanart)]">$INFO[Window(Home).Property(MediaBrowser.usr.13.background)]</value>
		<value condition="Skin.HasSetting(UseSectionBackground) + StringCompare(Window(Home).Property(SectionBackground),info-window-home-property-MediaBrowser-usr-14-title) + [StringCompare(Window(Home).Property(SectionBackgroundValue),default) | IsEmpty(Window(Home).Property(SectionBackgroundValue)) | StringCompare(Window(Home).Property(SectionBackgroundValue),fanart)]">$INFO[Window(Home).Property(MediaBrowser.usr.14.background)]</value>
		<!-- SECTION: Plex collections-->
		<value condition="Skin.HasSetting(UseSectionBackground) + StringCompare(Window(Home).Property(SectionBackground),info-window-home-property-plexbmc-0-title) + [StringCompare(Window(Home).Property(SectionBackgroundValue),default) | IsEmpty(Window(Home).Property(SectionBackgroundValue)) | StringCompare(Window(Home).Property(SectionBackgroundValue),fanart)]">$INFO[Window(Home).Property(plexbmc.0.background)]</value>
		<value condition="Skin.HasSetting(UseSectionBackground) + StringCompare(Window(Home).Property(SectionBackground),info-window-home-property-plexbmc-1-title) + [StringCompare(Window(Home).Property(SectionBackgroundValue),default) | IsEmpty(Window(Home).Property(SectionBackgroundValue)) | StringCompare(Window(Home).Property(SectionBackgroundValue),fanart)]">$INFO[Window(Home).Property(plexbmc.1.background)]</value>
		<value condition="Skin.HasSetting(UseSectionBackground) + StringCompare(Window(Home).Property(SectionBackground),info-window-home-property-plexbmc-2-title) + [StringCompare(Window(Home).Property(SectionBackgroundValue),default) | IsEmpty(Window(Home).Property(SectionBackgroundValue)) | StringCompare(Window(Home).Property(SectionBackgroundValue),fanart)]">$INFO[Window(Home).Property(plexbmc.2.background)]</value>
		<value condition="Skin.HasSetting(UseSectionBackground) + StringCompare(Window(Home).Property(SectionBackground),info-window-home-property-plexbmc-3-title) + [StringCompare(Window(Home).Property(SectionBackgroundValue),default) | IsEmpty(Window(Home).Property(SectionBackgroundValue)) | StringCompare(Window(Home).Property(SectionBackgroundValue),fanart)]">$INFO[Window(Home).Property(plexbmc.3.background)]</value>
		<value condition="Skin.HasSetting(UseSectionBackground) + StringCompare(Window(Home).Property(SectionBackground),info-window-home-property-plexbmc-4-title) + [StringCompare(Window(Home).Property(SectionBackgroundValue),default) | IsEmpty(Window(Home).Property(SectionBackgroundValue)) | StringCompare(Window(Home).Property(SectionBackgroundValue),fanart)]">$INFO[Window(Home).Property(plexbmc.4.background)]</value>
		<value condition="Skin.HasSetting(UseSectionBackground) + StringCompare(Window(Home).Property(SectionBackground),info-window-home-property-plexbmc-5-title) + [StringCompare(Window(Home).Property(SectionBackgroundValue),default) | IsEmpty(Window(Home).Property(SectionBackgroundValue)) | StringCompare(Window(Home).Property(SectionBackgroundValue),fanart)]">$INFO[Window(Home).Property(plexbmc.5.background)]</value>
		<value condition="Skin.HasSetting(UseSectionBackground) + StringCompare(Window(Home).Property(SectionBackground),info-window-home-property-plexbmc-6-title) + [StringCompare(Window(Home).Property(SectionBackgroundValue),default) | IsEmpty(Window(Home).Property(SectionBackgroundValue)) | StringCompare(Window(Home).Property(SectionBackgroundValue),fanart)]">$INFO[Window(Home).Property(plexbmc.6.background)]</value>
		<value condition="Skin.HasSetting(UseSectionBackground) + StringCompare(Window(Home).Property(SectionBackground),info-window-home-property-plexbmc-7-title) + [StringCompare(Window(Home).Property(SectionBackgroundValue),default) | IsEmpty(Window(Home).Property(SectionBackgroundValue)) | StringCompare(Window(Home).Property(SectionBackgroundValue),fanart)]">$INFO[Window(Home).Property(plexbmc.7.background)]</value>
		<value condition="Skin.HasSetting(UseSectionBackground) + StringCompare(Window(Home).Property(SectionBackground),info-window-home-property-plexbmc-8-title) + [StringCompare(Window(Home).Property(SectionBackgroundValue),default) | IsEmpty(Window(Home).Property(SectionBackgroundValue)) | StringCompare(Window(Home).Property(SectionBackgroundValue),fanart)]">$INFO[Window(Home).Property(plexbmc.8.background)]</value>
		<value condition="Skin.HasSetting(UseSectionBackground) + StringCompare(Window(Home).Property(SectionBackground),info-window-home-property-plexbmc-9-title) + [StringCompare(Window(Home).Property(SectionBackgroundValue),default) | IsEmpty(Window(Home).Property(SectionBackgroundValue)) | StringCompare(Window(Home).Property(SectionBackgroundValue),fanart)]">$INFO[Window(Home).Property(plexbmc.9.background)]</value>
		<!-- SECTION: smart shortcuts: playlist and favorites collections-->
		<value condition="Skin.HasSetting(UseSectionBackground) + StringCompare(Window(Home).Property(SectionBackground),info-window-home-property-playlist-0-label) + [StringCompare(Window(Home).Property(SectionBackgroundValue),default) | IsEmpty(Window(Home).Property(SectionBackgroundValue)) | StringCompare(Window(Home).Property(SectionBackgroundValue),fanart)]">$INFO[Window(Home).Property(playlist.0.image)]</value>
		<value condition="Skin.HasSetting(UseSectionBackground) + StringCompare(Window(Home).Property(SectionBackground),info-window-home-property-playlist-1-label) + [StringCompare(Window(Home).Property(SectionBackgroundValue),default) | IsEmpty(Window(Home).Property(SectionBackgroundValue)) | StringCompare(Window(Home).Property(SectionBackgroundValue),fanart)]">$INFO[Window(Home).Property(playlist.1.image)]</value>
		<value condition="Skin.HasSetting(UseSectionBackground) + StringCompare(Window(Home).Property(SectionBackground),info-window-home-property-playlist-2-label) + [StringCompare(Window(Home).Property(SectionBackgroundValue),default) | IsEmpty(Window(Home).Property(SectionBackgroundValue)) | StringCompare(Window(Home).Property(SectionBackgroundValue),fanart)]">$INFO[Window(Home).Property(playlist.2.image)]</value>
		<value condition="Skin.HasSetting(UseSectionBackground) + StringCompare(Window(Home).Property(SectionBackground),info-window-home-property-playlist-3-label) + [StringCompare(Window(Home).Property(SectionBackgroundValue),default) | IsEmpty(Window(Home).Property(SectionBackgroundValue)) | StringCompare(Window(Home).Property(SectionBackgroundValue),fanart)]">$INFO[Window(Home).Property(playlist.3.image)]</value>
		<value condition="Skin.HasSetting(UseSectionBackground) + StringCompare(Window(Home).Property(SectionBackground),info-window-home-property-playlist-4-label) + [StringCompare(Window(Home).Property(SectionBackgroundValue),default) | IsEmpty(Window(Home).Property(SectionBackgroundValue)) | StringCompare(Window(Home).Property(SectionBackgroundValue),fanart)]">$INFO[Window(Home).Property(playlist.4.image)]</value>
		<value condition="Skin.HasSetting(UseSectionBackground) + StringCompare(Window(Home).Property(SectionBackground),info-window-home-property-playlist-5-label) + [StringCompare(Window(Home).Property(SectionBackgroundValue),default) | IsEmpty(Window(Home).Property(SectionBackgroundValue)) | StringCompare(Window(Home).Property(SectionBackgroundValue),fanart)]">$INFO[Window(Home).Property(playlist.5.image)]</value>
		<value condition="Skin.HasSetting(UseSectionBackground) + StringCompare(Window(Home).Property(SectionBackground),info-window-home-property-playlist-6-label) + [StringCompare(Window(Home).Property(SectionBackgroundValue),default) | IsEmpty(Window(Home).Property(SectionBackgroundValue)) | StringCompare(Window(Home).Property(SectionBackgroundValue),fanart)]">$INFO[Window(Home).Property(playlist.6.image)]</value>
		<value condition="Skin.HasSetting(UseSectionBackground) + StringCompare(Window(Home).Property(SectionBackground),info-window-home-property-playlist-7-label) + [StringCompare(Window(Home).Property(SectionBackgroundValue),default) | IsEmpty(Window(Home).Property(SectionBackgroundValue)) | StringCompare(Window(Home).Property(SectionBackgroundValue),fanart)]">$INFO[Window(Home).Property(playlist.7.image)]</value>
		<value condition="Skin.HasSetting(UseSectionBackground) + StringCompare(Window(Home).Property(SectionBackground),info-window-home-property-playlist-8-label) + [StringCompare(Window(Home).Property(SectionBackgroundValue),default) | IsEmpty(Window(Home).Property(SectionBackgroundValue)) | StringCompare(Window(Home).Property(SectionBackgroundValue),fanart)]">$INFO[Window(Home).Property(playlist.8.image)]</value>
		<value condition="Skin.HasSetting(UseSectionBackground) + StringCompare(Window(Home).Property(SectionBackground),info-window-home-property-playlist-9-label) + [StringCompare(Window(Home).Property(SectionBackgroundValue),default) | IsEmpty(Window(Home).Property(SectionBackgroundValue)) | StringCompare(Window(Home).Property(SectionBackgroundValue),fanart)]">$INFO[Window(Home).Property(playlist.9.image)]</value>
		
		<value condition="Skin.HasSetting(UseSectionBackground) + StringCompare(Window(Home).Property(SectionBackground),info-window-home-property-favorite-0-label) + [StringCompare(Window(Home).Property(SectionBackgroundValue),default) | IsEmpty(Window(Home).Property(SectionBackgroundValue)) | StringCompare(Window(Home).Property(SectionBackgroundValue),fanart)]">$INFO[Window(Home).Property(favorite.0.image)]</value>
		<value condition="Skin.HasSetting(UseSectionBackground) + StringCompare(Window(Home).Property(SectionBackground),info-window-home-property-favorite-1-label) + [StringCompare(Window(Home).Property(SectionBackgroundValue),default) | IsEmpty(Window(Home).Property(SectionBackgroundValue)) | StringCompare(Window(Home).Property(SectionBackgroundValue),fanart)]">$INFO[Window(Home).Property(favorite.1.image)]</value>
		<value condition="Skin.HasSetting(UseSectionBackground) + StringCompare(Window(Home).Property(SectionBackground),info-window-home-property-favorite-2-label) + [StringCompare(Window(Home).Property(SectionBackgroundValue),default) | IsEmpty(Window(Home).Property(SectionBackgroundValue)) | StringCompare(Window(Home).Property(SectionBackgroundValue),fanart)]">$INFO[Window(Home).Property(favorite.2.image)]</value>
		<value condition="Skin.HasSetting(UseSectionBackground) + StringCompare(Window(Home).Property(SectionBackground),info-window-home-property-favorite-3-label) + [StringCompare(Window(Home).Property(SectionBackgroundValue),default) | IsEmpty(Window(Home).Property(SectionBackgroundValue)) | StringCompare(Window(Home).Property(SectionBackgroundValue),fanart)]">$INFO[Window(Home).Property(favorite.3.image)]</value>
		<value condition="Skin.HasSetting(UseSectionBackground) + StringCompare(Window(Home).Property(SectionBackground),info-window-home-property-favorite-4-label) + [StringCompare(Window(Home).Property(SectionBackgroundValue),default) | IsEmpty(Window(Home).Property(SectionBackgroundValue)) | StringCompare(Window(Home).Property(SectionBackgroundValue),fanart)]">$INFO[Window(Home).Property(favorite.4.image)]</value>
		<value condition="Skin.HasSetting(UseSectionBackground) + StringCompare(Window(Home).Property(SectionBackground),info-window-home-property-favorite-5-label) + [StringCompare(Window(Home).Property(SectionBackgroundValue),default) | IsEmpty(Window(Home).Property(SectionBackgroundValue)) | StringCompare(Window(Home).Property(SectionBackgroundValue),fanart)]">$INFO[Window(Home).Property(favorite.5.image)]</value>
		<value condition="Skin.HasSetting(UseSectionBackground) + StringCompare(Window(Home).Property(SectionBackground),info-window-home-property-favorite-6-label) + [StringCompare(Window(Home).Property(SectionBackgroundValue),default) | IsEmpty(Window(Home).Property(SectionBackgroundValue)) | StringCompare(Window(Home).Property(SectionBackgroundValue),fanart)]">$INFO[Window(Home).Property(favorite.6.image)]</value>
		<value condition="Skin.HasSetting(UseSectionBackground) + StringCompare(Window(Home).Property(SectionBackground),info-window-home-property-favorite-7-label) + [StringCompare(Window(Home).Property(SectionBackgroundValue),default) | IsEmpty(Window(Home).Property(SectionBackgroundValue)) | StringCompare(Window(Home).Property(SectionBackgroundValue),fanart)]">$INFO[Window(Home).Property(favorite.7.image)]</value>
		<value condition="Skin.HasSetting(UseSectionBackground) + StringCompare(Window(Home).Property(SectionBackground),info-window-home-property-favorite-8-label) + [StringCompare(Window(Home).Property(SectionBackgroundValue),default) | IsEmpty(Window(Home).Property(SectionBackgroundValue)) | StringCompare(Window(Home).Property(SectionBackgroundValue),fanart)]">$INFO[Window(Home).Property(favorite.8.image)]</value>
		<value condition="Skin.HasSetting(UseSectionBackground) + StringCompare(Window(Home).Property(SectionBackground),info-window-home-property-favorite-9-label) + [StringCompare(Window(Home).Property(SectionBackgroundValue),default) | IsEmpty(Window(Home).Property(SectionBackgroundValue)) | StringCompare(Window(Home).Property(SectionBackgroundValue),fanart)]">$INFO[Window(Home).Property(favorite.9.image)]</value>
		<value condition="Skin.HasSetting(UseSectionBackground) + StringCompare(Window(Home).Property(SectionBackground),info-window-home-property-favorite-10-label) + [StringCompare(Window(Home).Property(SectionBackgroundValue),default) | IsEmpty(Window(Home).Property(SectionBackgroundValue)) | StringCompare(Window(Home).Property(SectionBackgroundValue),fanart)]">$INFO[Window(Home).Property(favorite.10.image)]</value>
		<value condition="Skin.HasSetting(UseSectionBackground) + StringCompare(Window(Home).Property(SectionBackground),info-window-home-property-favorite-11-label) + [StringCompare(Window(Home).Property(SectionBackgroundValue),default) | IsEmpty(Window(Home).Property(SectionBackgroundValue)) | StringCompare(Window(Home).Property(SectionBackgroundValue),fanart)]">$INFO[Window(Home).Property(favorite.11.image)]</value>
		<value condition="Skin.HasSetting(UseSectionBackground) + StringCompare(Window(Home).Property(SectionBackground),info-window-home-property-favorite-12-label) + [StringCompare(Window(Home).Property(SectionBackgroundValue),default) | IsEmpty(Window(Home).Property(SectionBackgroundValue)) | StringCompare(Window(Home).Property(SectionBackgroundValue),fanart)]">$INFO[Window(Home).Property(favorite.12.image)]</value>
		<value condition="Skin.HasSetting(UseSectionBackground) + StringCompare(Window(Home).Property(SectionBackground),info-window-home-property-favorite-13-label) + [StringCompare(Window(Home).Property(SectionBackgroundValue),default) | IsEmpty(Window(Home).Property(SectionBackgroundValue)) | StringCompare(Window(Home).Property(SectionBackgroundValue),fanart)]">$INFO[Window(Home).Property(favorite.13.image)]</value>
		<value condition="Skin.HasSetting(UseSectionBackground) + StringCompare(Window(Home).Property(SectionBackground),info-window-home-property-favorite-14-label) + [StringCompare(Window(Home).Property(SectionBackgroundValue),default) | IsEmpty(Window(Home).Property(SectionBackgroundValue)) | StringCompare(Window(Home).Property(SectionBackgroundValue),fanart)]">$INFO[Window(Home).Property(favorite.14.image)]</value>

		<!-- SECTION: MB3 specials-->
		<value condition="Skin.HasSetting(UseSectionBackground) + StringCompare(Window(Home).Property(SectionBackground),$LOCALIZE[19019]) + [StringCompare(Window(Home).Property(SectionBackgroundValue),default) | IsEmpty(Window(Home).Property(SectionBackgroundValue)) | StringCompare(Window(Home).Property(SectionBackgroundValue),fanart)]">$INFO[Window(Home).Property(MB3.Background.Channels.FanArt)]</value>
		<value condition="Skin.HasSetting(UseSectionBackground) + StringCompare(Window(Home).Property(SectionBackground),$LOCALIZE[31036]) + [StringCompare(Window(Home).Property(SectionBackgroundValue),default) | IsEmpty(Window(Home).Property(SectionBackgroundValue)) | StringCompare(Window(Home).Property(SectionBackgroundValue),fanart)]">$INFO[Window(Home).Property(MB3.Background.FavouriteMovies.FanArt)]</value>
		<value condition="Skin.HasSetting(UseSectionBackground) + StringCompare(Window(Home).Property(SectionBackground),$LOCALIZE[31157]) + [StringCompare(Window(Home).Property(SectionBackgroundValue),default) | IsEmpty(Window(Home).Property(SectionBackgroundValue)) | StringCompare(Window(Home).Property(SectionBackgroundValue),fanart)]">$INFO[Window(Home).Property(MB3.Background.FavouriteShows.FanArt)]</value>
		<!-- SECTION: addons-->
		<value condition="Skin.HasSetting(UseSectionBackground) + StringCompare(Window(Home).Property(SectionBackground),addons) + [StringCompare(Window(Home).Property(SectionBackgroundValue),default) | IsEmpty(Window(Home).Property(SectionBackgroundValue)) | StringCompare(Window(Home).Property(SectionBackgroundValue),fanart)]">$VAR[addonsFanartBackground]</value>
		<value condition="Skin.HasSetting(UseSectionBackground) + StringCompare(Window(Home).Property(SectionBackground),programs) + [StringCompare(Window(Home).Property(SectionBackgroundValue),default) | IsEmpty(Window(Home).Property(SectionBackgroundValue)) | StringCompare(Window(Home).Property(SectionBackgroundValue),fanart)]">$VAR[addonsFanartBackground]</value>
		<value condition="Skin.HasSetting(UseSectionBackground) + StringCompare(Window(Home).Property(SectionBackground),$LOCALIZE[10040]) + [StringCompare(Window(Home).Property(SectionBackgroundValue),default) | IsEmpty(Window(Home).Property(SectionBackgroundValue)) | StringCompare(Window(Home).Property(SectionBackgroundValue),fanart)]">$VAR[addonsFanartBackground]</value>
		<value condition="Skin.HasSetting(UseSectionBackground) + StringCompare(Window(Home).Property(SectionBackground),$LOCALIZE[1037]) + [StringCompare(Window(Home).Property(SectionBackgroundValue),default) | IsEmpty(Window(Home).Property(SectionBackgroundValue)) | StringCompare(Window(Home).Property(SectionBackgroundValue),fanart)]">$VAR[addonsFanartBackground]</value>
		<!-- SECTION: others-->
		<value condition="Skin.HasSetting(UseSectionBackground) + StringCompare(Window(Home).Property(SectionBackground),pictures) + [StringCompare(Window(Home).Property(SectionBackgroundValue),default) | IsEmpty(Window(Home).Property(SectionBackgroundValue))]">special://skin/extras/backgrounds/hover_my pictures.jpg</value>
		<value condition="Skin.HasSetting(UseSectionBackground) + StringCompare(Window(Home).Property(SectionBackground),videos) + [StringCompare(Window(Home).Property(SectionBackgroundValue),default) | IsEmpty(Window(Home).Property(SectionBackgroundValue))]">special://skin/extras/backgrounds/hover_my videos.jpg</value>
		<value condition="Skin.HasSetting(UseSectionBackground) + StringCompare(Window(Home).Property(SectionBackground),programs) + [StringCompare(Window(Home).Property(SectionBackgroundValue),default) | IsEmpty(Window(Home).Property(SectionBackgroundValue))]">special://skin/extras/backgrounds/hover_extensions.jpg</value>
		<value condition="Skin.HasSetting(UseSectionBackground) + StringCompare(Window(Home).Property(SectionBackground),filemanager) + [StringCompare(Window(Home).Property(SectionBackgroundValue),default) | IsEmpty(Window(Home).Property(SectionBackgroundValue))]">special://skin/extras/backgrounds/filemanager.jpg</value>
		<value condition="Skin.HasSetting(UseSectionBackground) + StringCompare(Window(Home).Property(SectionBackground),$LOCALIZE[7]) + [StringCompare(Window(Home).Property(SectionBackgroundValue),default) | IsEmpty(Window(Home).Property(SectionBackgroundValue))]">special://skin/extras/backgrounds/filemanager.jpg</value>
		<value condition="Skin.HasSetting(UseSectionBackground) + StringCompare(Window(Home).Property(SectionBackground),settings) + [StringCompare(Window(Home).Property(SectionBackgroundValue),default) | IsEmpty(Window(Home).Property(SectionBackgroundValue))]">special://skin/extras/backgrounds/systeminfo.jpg</value>
		<value condition="Skin.HasSetting(UseSectionBackground) + [StringCompare(Window(Home).Property(SectionBackgroundValue),default) | IsEmpty(Window(Home).Property(SectionBackgroundValue))]">special://skin/extras/backgrounds/hover_OnlineVideos.jpg</value>
		<!-- SECTION: general fanart for all other -->
		<value condition="Skin.HasSetting(UseSectionBackground) + StringCompare(Window(Home).Property(SectionBackgroundValue),fanart)">$VAR[globalFanartBackground]</value>
		<!-- SECTION: custom background -->
		<value condition="Skin.HasSetting(UseSectionBackground) + !IsEmpty(Window(Home).Property(SectionBackgroundValue)) + ![StringCompare(Window(Home).Property(SectionBackgroundValue),fanart) | StringCompare(Window(Home).Property(SectionBackgroundValue),global) | [StringCompare(Window(Home).Property(SectionBackgroundValue),default)]]">$INFO[Window(Home).Property(SectionBackgroundValue)]</value>

		<!-- global background custom-->
		<value condition="!Skin.String(CustomBackgroundSetting, default) + !Skin.String(CustomBackgroundSetting, blue) + !Skin.String(CustomBackgroundSetting, weather) + !Skin.String(CustomBackgroundSetting, fanart) + Skin.String(CustomBackgroundSetting)">$INFO[Skin.String(CustomBackgroundSetting)]</value>
		<!-- global weather background -->
		<value condition="Skin.String(CustomBackgroundSetting, weather)">$VAR[WeatherFanArtPath]$INFO[Window(Weather).Property(Day0.fanartCode)]</value>
		<!-- global fanart background -->
		<value condition="Skin.String(CustomBackgroundSetting, fanart)">$VAR[globalFanartBackground]</value>
		<!-- default backgrounds -->
		<value condition="skin.hastheme(classic)">special://skin/extras/backgrounds/global.jpg</value>
		<value>special://skin/extras/backgrounds/global_blue.jpg</value>
	 </variable>
	
	 <variable name="backgroundVar">
   
		<!--nextaired script backgrounds -->
		<value condition="[Window.IsActive(script-NextAired-TVGuide.xml) | Window.IsActive(script-NextAired-TVGuide2.xml)] + Control.IsVisible(200) + !IsEmpty(Container(200).ListItem.Property(Fanart))">$INFO[Container(200).ListItem.Property(Fanart)]</value>
		<value condition="[Window.IsActive(script-NextAired-TVGuide.xml) | Window.IsActive(script-NextAired-TVGuide2.xml)] + Control.IsVisible(201) + !IsEmpty(Container(201).ListItem.Property(Fanart))">$INFO[Container(201).ListItem.Property(Fanart)]</value>
		<value condition="[Window.IsActive(script-NextAired-TVGuide.xml) | Window.IsActive(script-NextAired-TVGuide2.xml)] + Control.IsVisible(202) + !IsEmpty(Container(202).ListItem.Property(Fanart))">$INFO[Container(202).ListItem.Property(Fanart)]</value>
   		<value condition="[Window.IsActive(script-NextAired-TVGuide.xml) | Window.IsActive(script-NextAired-TVGuide2.xml)] + Control.IsVisible(203) + !IsEmpty(Container(203).ListItem.Property(Fanart))">$INFO[Container(203).ListItem.Property(Fanart)]</value>
   		<value condition="[Window.IsActive(script-NextAired-TVGuide.xml) | Window.IsActive(script-NextAired-TVGuide2.xml)] + Control.IsVisible(204) + !IsEmpty(Container(204).ListItem.Property(Fanart))">$INFO[Container(204).ListItem.Property(Fanart)]</value>
   		<value condition="[Window.IsActive(script-NextAired-TVGuide.xml) | Window.IsActive(script-NextAired-TVGuide2.xml)] + Control.IsVisible(205) + !IsEmpty(Container(205).ListItem.Property(Fanart))">$INFO[Container(205).ListItem.Property(Fanart)]</value>
   		<value condition="[Window.IsActive(script-NextAired-TVGuide.xml) | Window.IsActive(script-NextAired-TVGuide2.xml)] + Control.IsVisible(206) + !IsEmpty(Container(206).ListItem.Property(Fanart))">$INFO[Container(206).ListItem.Property(Fanart)]</value>
		<value condition="[Window.IsActive(script-NextAired-TVGuide.xml) | Window.IsActive(script-NextAired-TVGuide2.xml)] + Control.IsVisible(207) + !IsEmpty(Container(207).ListItem.Property(Fanart))">$INFO[Container(207).ListItem.Property(Fanart)]</value>
   		<value condition="[Window.IsActive(script-NextAired-TVGuide.xml) | Window.IsActive(script-NextAired-TVGuide2.xml)] + Control.IsVisible(208) + !IsEmpty(Container(208).ListItem.Property(Fanart))">$INFO[Container(208).ListItem.Property(Fanart)]</value>
   		<value condition="[Window.IsActive(script-NextAired-TVGuide.xml) | Window.IsActive(script-NextAired-TVGuide2.xml)] + Control.IsVisible(209) + !IsEmpty(Container(209).ListItem.Property(Fanart))">$INFO[Container(209).ListItem.Property(Fanart)]</value>
		<value condition="[Window.IsActive(script-NextAired-TVGuide.xml) | Window.IsActive(script-NextAired-TVGuide2.xml)] + Control.IsVisible(210) + !IsEmpty(Container(210).ListItem.Property(Fanart))">$INFO[Container(210).ListItem.Property(Fanart)]</value>
		<value condition="[Window.IsActive(script-NextAired-TVGuide.xml) | Window.IsActive(script-NextAired-TVGuide2.xml)] + Control.IsVisible(211) + !IsEmpty(Container(211).ListItem.Property(Fanart))">$INFO[Container(211).ListItem.Property(Fanart)]</value>
   		<value condition="[Window.IsActive(script-NextAired-TVGuide.xml) | Window.IsActive(script-NextAired-TVGuide2.xml)] + Control.IsVisible(212) + !IsEmpty(Container(212).ListItem.Property(Fanart))">$INFO[Container(212).ListItem.Property(Fanart)]</value>
   		<value condition="[Window.IsActive(script-NextAired-TVGuide.xml) | Window.IsActive(script-NextAired-TVGuide2.xml)] + Control.IsVisible(213) + !IsEmpty(Container(213).ListItem.Property(Fanart))">$INFO[Container(213).ListItem.Property(Fanart)]</value>
		<value condition="[Window.IsActive(script-NextAired-TVGuide.xml) | Window.IsActive(script-NextAired-TVGuide2.xml)] + Control.IsVisible(214) + !IsEmpty(Container(214).ListItem.Property(Fanart))">$INFO[Container(214).ListItem.Property(Fanart)]</value>
		<value condition="[Window.IsActive(script-NextAired-TVGuide.xml) | Window.IsActive(script-NextAired-TVGuide2.xml)] + Control.IsVisible(215) + !IsEmpty(Container(215).ListItem.Property(Fanart))">$INFO[Container(215).ListItem.Property(Fanart)]</value>
		
		<!-- HOME widgets -->
		<value condition="Window.IsActive(Home) + Control.HasFocus(510) + Skin.HasSetting(ShowFanartBackground) + !IsEmpty(Container(510).ListItem.Art(fanart))">$INFO[Container(510).ListItem.Art(fanart)]</value>
		<value condition="Window.IsActive(Home) + Control.HasFocus(510) + Skin.HasSetting(ShowFanartBackground) + !IsEmpty(Container(510).ListItem.Art(tvshow.fanart))">$INFO[Container(510).ListItem.Art(tvshow.fanart)]</value>
		<value condition="Window.IsActive(Home) + Control.HasFocus(510) + Skin.HasSetting(ShowFanartBackground) + !IsEmpty(Container(510).ListItem.Property(fanart))">$INFO[Container(510).ListItem.Property(fanart)]</value>
		<value condition="Window.IsActive(Home) + Control.HasFocus(1508) + Skin.HasSetting(ShowFanartBackground) + !IsEmpty(Container(1508).ListItem.Art(fanart))">$INFO[Container(1508).ListItem.Art(fanart)]</value>
		<value condition="Window.IsActive(Home) + Control.HasFocus(1508) + Skin.HasSetting(ShowFanartBackground) + !IsEmpty(Container(1508).ListItem.Art(tvshow.fanart))">$INFO[Container(1508).ListItem.Art(tvshow.fanart)]</value>
		<value condition="Window.IsActive(Home) + Control.HasFocus(1508) + Skin.HasSetting(ShowFanartBackground) + !IsEmpty(Container(1508).ListItem.Property(fanart))">$INFO[Container(1508).ListItem.Property(fanart)]</value>
		
		<!-- disabled fanart per view -->
		<value condition="substring(Window.Property(xmlfile),My,left) + Control.IsVisible(50) + Skin.HasSetting(View50_DisableFanArt)">$VAR[globalBackground]</value>
		<value condition="substring(Window.Property(xmlfile),My,left) + Control.IsVisible(51) + Skin.HasSetting(View51_DisableFanArt)">$VAR[globalBackground]</value>
		<value condition="substring(Window.Property(xmlfile),My,left) + Control.IsVisible(52) + Skin.HasSetting(View52_DisableFanArt)">$VAR[globalBackground]</value>
		<value condition="substring(Window.Property(xmlfile),My,left) + Control.IsVisible(53) + Skin.HasSetting(View53_DisableFanArt)">$VAR[globalBackground]</value>
		<value condition="substring(Window.Property(xmlfile),My,left) + Control.IsVisible(54) + Skin.HasSetting(View54_DisableFanArt)">$VAR[globalBackground]</value>
		<value condition="substring(Window.Property(xmlfile),My,left) + Control.IsVisible(55) + Skin.HasSetting(View55_DisableFanArt)">$VAR[globalBackground]</value>
		<value condition="substring(Window.Property(xmlfile),My,left) + Control.IsVisible(56) + Skin.HasSetting(View56_DisableFanArt)">$VAR[globalBackground]</value>
		<value condition="substring(Window.Property(xmlfile),My,left) + Control.IsVisible(57) + Skin.HasSetting(View57_DisableFanArt)">$VAR[globalBackground]</value>
		<value condition="substring(Window.Property(xmlfile),My,left) + Control.IsVisible(58) + Skin.HasSetting(View58_DisableFanArt)">$VAR[globalBackground]</value>
		<value condition="substring(Window.Property(xmlfile),My,left) + Control.IsVisible(59) + Skin.HasSetting(View59_DisableFanArt)">$VAR[globalBackground]</value>
		<value condition="substring(Window.Property(xmlfile),My,left) + Control.IsVisible(500) + Skin.HasSetting(View500_DisableFanArt)">$VAR[globalBackground]</value>
		<value condition="substring(Window.Property(xmlfile),My,left) + Control.IsVisible(502) + Skin.HasSetting(View502_DisableFanArt)">$VAR[globalBackground]</value>
		<value condition="substring(Window.Property(xmlfile),My,left) + Control.IsVisible(505) + Skin.HasSetting(View505_DisableFanArt)">$VAR[globalBackground]</value>
		<value condition="substring(Window.Property(xmlfile),My,left) + Control.IsVisible(506) + Skin.HasSetting(View506_DisableFanArt)">$VAR[globalBackground]</value>
		<value condition="substring(Window.Property(xmlfile),My,left) + Control.IsVisible(507) + Skin.HasSetting(View507_DisableFanArt)">$VAR[globalBackground]</value>
		<value condition="substring(Window.Property(xmlfile),My,left) + Control.IsVisible(508) + Skin.HasSetting(View508_DisableFanArt)">$VAR[globalBackground]</value>
		<value condition="substring(Window.Property(xmlfile),My,left) + Control.IsVisible(509) + Skin.HasSetting(View509_DisableFanArt)">$VAR[globalBackground]</value>
		<value condition="substring(Window.Property(xmlfile),My,left) + Control.IsVisible(510) + Skin.HasSetting(View510_DisableFanArt)">$VAR[globalBackground]</value>
		<value condition="substring(Window.Property(xmlfile),My,left) + Control.IsVisible(511) + Skin.HasSetting(View511_DisableFanArt)">$VAR[globalBackground]</value>
		<value condition="substring(Window.Property(xmlfile),My,left) + Control.IsVisible(512) + Skin.HasSetting(View512_DisableFanArt)">$VAR[globalBackground]</value>
		<value condition="substring(Window.Property(xmlfile),My,left) + Control.IsVisible(513) + Skin.HasSetting(View513_DisableFanArt)">$VAR[globalBackground]</value>
		<value condition="substring(Window.Property(xmlfile),My,left) + Control.IsVisible(514) + Skin.HasSetting(View514_DisableFanArt)">$VAR[globalBackground]</value>
		<value condition="substring(Window.Property(xmlfile),My,left) + Control.IsVisible(515) + Skin.HasSetting(View515_DisableFanArt)">$VAR[globalBackground]</value>

		<!-- extra fanart backgrounds -->
		<value condition="Skin.HasSetting(ShowFanartBackground) + Window.IsActive(MyWeather.xml)">$VAR[WeatherFanArtPath]$INFO[Window(Weather).Property(Day0.fanartCode)]</value>
		<value condition="substring(Window.Property(xmlfile),My,left) + Skin.HasSetting(ShowFanartBackground) + !IsEmpty(Window(Home).Property(MB3.Background.Item.FanArt)) + Skin.HasSetting(EnableExtraFanart)">$INFO[Window(Home).Property(MB3.Background.Item.FanArt)]</value>
		<value condition="substring(Window.Property(xmlfile),My,left) + Skin.HasSetting(ShowFanartBackground) + Skin.HasSetting(EnableExtraFanart) + !IsEmpty(Window(Home).Property(ExtraFanArtPath))">$INFO[Window(Home).Property(ExtraFanArtPath)]</value>
		
		<!-- normal fanart backgrounds -->
		<value condition="Skin.HasSetting(ShowFanartBackground) + !IsEmpty(ListItem.PicturePath)">$INFO[ListItem.PicturePath]</value>
		<value condition="Skin.HasSetting(ShowFanartBackground) + !IsEmpty(ListItem.Art(fanart))">$INFO[ListItem.Art(fanart)]</value>
	
		<!-- fallback to global -->
		<value>$VAR[globalBackground]</value>
   </variable>
   
   
   <variable name="globalFanartBackground">
		<value condition="Skin.HasSetting(HomeMenuUseMBforMovies) + !IsEmpty(Window(Home).Property(MB3.Background.Global.FanArt))">$INFO[Window(Home).Property(MB3.Background.Global.FanArt)]</value>
		<value condition="Skin.HasSetting(HomeMenuUsePlexforMovies) + !IsEmpty(Window(Home).Property(plexfanartbg))">$INFO[Window(Home).Property(plexfanartbg)]</value>
		<value condition="!IsEmpty(Window(Home).Property(script.grab.fanart.Global.FanArt))">$INFO[Window(Home).Property(script.grab.fanart.Global.FanArt)]</value>
   </variable>
   
   <variable name="defaultMoviesBackground">
		<value condition="Skin.HasSetting(HomeMenuUseMBforMovies) + !IsEmpty(Window(Home).Property(MB3.Background.Movie.FanArt))">$INFO[Window(Home).Property(MB3.Background.Movie.FanArt)]</value>
		<value condition="!IsEmpty(Window(Home).Property(script.grab.fanart.Movie.FanArt))">$INFO[Window(Home).Property(script.grab.fanart.Movie.FanArt)]</value>
		<value>special://skin/extras/backgrounds/hover_moving pictures.jpg</value>
   </variable>
   
   <variable name="defaultTvShowsBackground">
   		<value condition="Skin.HasSetting(HomeMenuUseMBforTVseries) + !IsEmpty(Window(Home).Property(MB3.Background.TV.FanArt))">$INFO[Window(Home).Property(MB3.Background.TV.FanArt)]</value>
		<value condition="!IsEmpty(Window(Home).Property(script.grab.fanart.TV.FanArt))">$INFO[Window(Home).Property(script.grab.fanart.TV.FanArt)]</value>
		<value>special://skin/extras/backgrounds/hover_my tv series.jpg</value>
   </variable>
   
    <variable name="musicVideoFanartBackground">
		<value condition="Skin.HasSetting(HomeMenuUseMBforMusicVideos) + !IsEmpty(Window(Home).Property(MB3.Background.MusicVideos.FanArt))">$INFO[Window(Home).Property(MB3.Background.MusicVideos.FanArt)]</value>
		<value condition="!Skin.HasSetting(HomeMenuUseMBforMusicVideos) + !IsEmpty(Window(Home).Property(RandomMusicVideo.2.Fanart))">$INFO[Window(Home).Property(RandomMusicVideo.2.Fanart)]</value>
		<value condition="!Skin.HasSetting(HomeMenuUseMBforMusicVideos) + !IsEmpty(Window(Home).Property(RandomMusicVideo.3.Fanart))">$INFO[Window(Home).Property(RandomMusicVideo.3.Fanart)]</value>
		<value condition="!Skin.HasSetting(HomeMenuUseMBforMusicVideos) + !IsEmpty(Window(Home).Property(RandomMusicVideo.4.Fanart))">$INFO[Window(Home).Property(RandomMusicVideo.4.Fanart)]</value>
		<value>special://skin/extras/backgrounds/hover_my music.jpg</value>
	</variable>
			
	<variable name="defaultMusicBackground">
		<value condition="Skin.HasSetting(HomeMenuUseMBforMusic) + !IsEmpty(Window(Home).Property(MB3.Background.Music.FanArt))">$INFO[Window(Home).Property(MB3.Background.Music.FanArt)]</value>
		<value condition="!IsEmpty(Window(Home).Property(script.grab.fanart.Music.FanArt))">$INFO[Window(Home).Property(script.grab.fanart.Music.FanArt)]</value>
		<value>special://skin/extras/backgrounds/hover_my radio.jpg</value>
	</variable>
	
	
	<variable name="RecentMoviesBackground">
        <value condition="Skin.HasSetting(HomeMenuUseMBforMovies) + !IsEmpty(Window(Home).Property(LatestMovieMB3.1.Art(fanart)))">$INFO[Window(Home).Property(LatestMovieMB3.1.Art(fanart))]</value>
		<value condition="!IsEmpty(Window(Home).Property(RecentMovieBackground))">$INFO[Window(Home).Property(RecentMovieBackground)]</value>
		<value>special://skin/extras/backgrounds/hover_moving pictures.jpg</value>
    </variable>
	
	<variable name="InProgressMoviesBackground">
		<value condition="!IsEmpty(Window(Home).Property(InProgressMovieMB3.2.Art(fanart)))">$INFO[Window(Home).Property(InProgressMovieMB3.2.Art(fanart))]</value>
        <value condition="!IsEmpty(Window(Home).Property(InProgressMovieMB3.1.Art(fanart)))">$INFO[Window(Home).Property(InProgressMovieMB3.1.Art(fanart))]</value>
		<value condition="!IsEmpty(Window(Home).Property(InProgressMovieBackground))">$INFO[Window(Home).Property(InProgressMovieBackground)]</value>
		<value>special://skin/extras/backgrounds/hover_moving pictures.jpg</value>
    </variable>
	
	<variable name="UnwatchedMoviesBackground">
		<value condition="Skin.HasSetting(HomeMenuUseMBforMovies) + !IsEmpty(Window(Home).Property(LatestUnplayedMovieMB3.2.Art(fanart)))">$INFO[Window(Home).Property(LatestUnplayedMovieMB3.2.Art(fanart))]</value>
        <value condition="Skin.HasSetting(HomeMenuUseMBforMovies) + !IsEmpty(Window(Home).Property(LatestUnplayedMovieMB3.1.Art(fanart)))">$INFO[Window(Home).Property(LatestUnplayedMovieMB3.1.Art(fanart))]</value>
		<value condition="!IsEmpty(Window(Home).Property(UnwatchedMovieBackground))">$INFO[Window(Home).Property(UnwatchedMovieBackground)]</value>
		<value>special://skin/extras/backgrounds/hover_moving pictures.jpg</value>
    </variable>
	
	
	
	<variable name="addonsFanartBackground">
		<value condition="!IsEmpty(Window(Home).Property(RandomAddon.1.Fanart))">$INFO[Window(Home).Property(RandomAddon.1.Fanart)]</value>
		<value condition="!IsEmpty(Window(Home).Property(RandomAddon.2.Fanart))">$INFO[Window(Home).Property(RandomAddon.2.Fanart)]</value>
		<value condition="!IsEmpty(Window(Home).Property(RandomAddon.3.Fanart))">$INFO[Window(Home).Property(RandomAddon.3.Fanart)]</value>
		<value condition="!IsEmpty(Window(Home).Property(RandomAddon.4.Fanart))">$INFO[Window(Home).Property(RandomAddon.4.Fanart)]</value>
		<value condition="!IsEmpty(Window(Home).Property(RandomAddon.5.Fanart))">$INFO[Window(Home).Property(RandomAddon.5.Fanart)]</value>
		<value condition="!IsEmpty(Window(Home).Property(RandomAddon.6.Fanart))">$INFO[Window(Home).Property(RandomAddon.6.Fanart)]</value>
		<value condition="!IsEmpty(Window(Home).Property(RandomAddon.7.Fanart))">$INFO[Window(Home).Property(RandomAddon.7.Fanart)]</value>
		<value condition="!IsEmpty(Window(Home).Property(RandomAddon.8.Fanart))">$INFO[Window(Home).Property(RandomAddon.8.Fanart)]</value>
		<value condition="!IsEmpty(Window(Home).Property(RandomAddon.9.Fanart))">$INFO[Window(Home).Property(RandomAddon.9.Fanart)]</value>
		<value condition="!IsEmpty(Window(Home).Property(RandomAddon.10.Fanart))">$INFO[Window(Home).Property(RandomAddon.10.Fanart)]</value>
		<value condition="!IsEmpty(Window(Home).Property(RandomAddon.11.Fanart))">$INFO[Window(Home).Property(RandomAddon.11.Fanart)]</value>
		<value condition="!IsEmpty(Window(Home).Property(RandomAddon.12.Fanart))">$INFO[Window(Home).Property(RandomAddon.12.Fanart)]</value>
		<value condition="!IsEmpty(Window(Home).Property(RandomAddon.13.Fanart))">$INFO[Window(Home).Property(RandomAddon.13.Fanart)]</value>
		<value condition="!IsEmpty(Window(Home).Property(RandomAddon.14.Fanart))">$INFO[Window(Home).Property(RandomAddon.14.Fanart)]</value>
		<value condition="!IsEmpty(Window(Home).Property(RandomAddon.15.Fanart))">$INFO[Window(Home).Property(RandomAddon.15.Fanart)]</value>
		<value condition="!IsEmpty(Window(Home).Property(RandomAddon.16.Fanart))">$INFO[Window(Home).Property(RandomAddon.16.Fanart)]</value>
		<value>special://skin/extras/backgrounds/hover_extensions.jpg</value>
	</variable>
	
	
	<include name="PVRpanelBackground">
		<control type="image">
			<!--Panel-->
			<posx>8</posx>
			<posy>210</posy>
			<width>1902</width>
			<height>790</height>
			<texture>views/view_50_list_panel_episodes1.png</texture>
			<visible>skin.hastheme(classic)</visible>
			<animation effect="fade" reversible="false" end="80" time="0" condition="StringCompare(Skin.String(ViewDetailsPanelOpacity),80)">Conditional</animation>
			<animation effect="fade" reversible="false" end="60" time="0" condition="StringCompare(Skin.String(ViewDetailsPanelOpacity),60)">Conditional</animation>
			<animation effect="fade" reversible="false" end="40" time="0" condition="StringCompare(Skin.String(ViewDetailsPanelOpacity),40)">Conditional</animation>
			<animation effect="fade" reversible="false" end="20" time="0" condition="StringCompare(Skin.String(ViewDetailsPanelOpacity),20)">Conditional</animation>
			<animation effect="fade" reversible="false" end="0" time="0" condition="StringCompare(Skin.String(ViewDetailsPanelOpacity),0)">Conditional</animation>
		</control>
		<!-- Background Panel-->
		<control type="image">
			<posx>60</posx>
			<posy>320</posy>
			<width>1800</width>
			<height>610</height>
			<texture>colors/color_white.png</texture>
			<animation effect="fade" reversible="false" end="80" time="0" condition="StringCompare(Skin.String(ViewDetailsPanelOpacity),80)">Conditional</animation>
			<animation effect="fade" reversible="false" end="60" time="0" condition="StringCompare(Skin.String(ViewDetailsPanelOpacity),60)">Conditional</animation>
			<animation effect="fade" reversible="false" end="40" time="0" condition="StringCompare(Skin.String(ViewDetailsPanelOpacity),40)">Conditional</animation>
			<animation effect="fade" reversible="false" end="20" time="0" condition="StringCompare(Skin.String(ViewDetailsPanelOpacity),20)">Conditional</animation>
			<animation effect="fade" reversible="false" end="0" time="0" condition="StringCompare(Skin.String(ViewDetailsPanelOpacity),0)">Conditional</animation>
			<colordiffuse>$VAR[panel_color]</colordiffuse>
			<visible>!skin.hastheme(classic)</visible>
		</control>
		
		<control type="image">
			<posx>982</posx>
			<posy>320</posy>
			<width>875</width>
			<height>610</height>
			<texture>colors/color_white.png</texture>
			<animation effect="fade" reversible="false" end="80" time="0" condition="StringCompare(Skin.String(ViewDetailsPanelOpacity),80)">Conditional</animation>
			<animation effect="fade" reversible="false" end="60" time="0" condition="StringCompare(Skin.String(ViewDetailsPanelOpacity),60)">Conditional</animation>
			<animation effect="fade" reversible="false" end="40" time="0" condition="StringCompare(Skin.String(ViewDetailsPanelOpacity),40)">Conditional</animation>
			<animation effect="fade" reversible="false" end="20" time="0" condition="StringCompare(Skin.String(ViewDetailsPanelOpacity),20)">Conditional</animation>
			<animation effect="fade" reversible="false" end="0" time="0" condition="StringCompare(Skin.String(ViewDetailsPanelOpacity),0)">Conditional</animation>
			<visible>!skin.hastheme(classic)</visible>
			<colordiffuse>$VAR[panel_color]</colordiffuse>
		</control>
	</include>
	
	
	
</includes>