<?xml version="1.0" encoding="utf-8"?>
<includes>
	
	<include name="defaultskinsettings">
		
		<!-- various default settings  -->
		<onclick condition="!Skin.HasSetting(HomeMenuDefaults24)">RunScript(script.skinshortcuts,type=resetall&amp;warning=false)</onclick>
		<onload condition="!Skin.HasSetting(HomeMenuDefaults24)">Skin.SetString(CustomBackgroundSetting, default)</onload>
        <onload condition="!Skin.HasSetting(HomeMenuDefaults24)">Skin.SetString(GadgetRows, 2)</onload>
		<onload condition="!Skin.HasSetting(HomeMenuDefaults24)">Skin.SetBool(UseSectionBackground)</onload>
		<onload condition="!Skin.HasSetting(HomeMenuDefaults24)">Skin.SetBool(ShowFanartBackground)</onload>
		<onload condition="!Skin.HasSetting(HomeMenuDefaults24)">Skin.SetString(CustomBackgroundSetting, default)</onload>
		<onload condition="!Skin.HasSetting(HomeMenuDefaults24)">Skin.SetBool(DetailsShowFanart)</onload>
		<onload condition="!Skin.HasSetting(HomeMenuDefaults24)">Skin.SetBool(View502_ShowCDart)</onload>
		<onload condition="!Skin.HasSetting(HomeMenuDefaults24)">Skin.SetBool(View514_ShowCDart)</onload>
		<onload condition="!Skin.HasSetting(HomeMenuDefaults24)">Skin.SetBool(View513_ShowCDart)</onload>
		<onload condition="!Skin.HasSetting(HomeMenuDefaults24)">Skin.SetBool(View508_ShowCDart)</onload>
		<onload condition="!Skin.HasSetting(HomeMenuDefaults24)">Skin.SetBool(View58_ShowCDart)</onload>
		<onload condition="!Skin.HasSetting(HomeMenuDefaults24)">Skin.SetBool(PanelViewShowInfo)</onload>
		<onload condition="!Skin.HasSetting(HomeMenuDefaults24)">Skin.SetBool(ShowlabelsLandscape)</onload>
		<onload condition="!Skin.HasSetting(HomeMenuDefaults24)">Skin.SetBool(AnimateDiscArt)</onload>
		<onload condition="!Skin.HasSetting(HomeMenuDefaults24)">Skin.SetString(YoutubeWidget, popular)</onload>
		<onload condition="!Skin.HasSetting(HomeMenuDefaults24)">Skin.SetString(ShowInfoAtPlaybackStart, 6)</onload>
		<onload condition="!Skin.HasSetting(HomeMenuDefaults24)">XBMC.RunScript(script.titanskin.helpers,DEFAULTSETTINGS)</onload>
		<onload condition="!Skin.HasSetting(HomeMenuDefaults24)">Skin.SetString(OSDPanelOpacity, 60)</onload>
		<onload condition="!Skin.HasSetting(HomeMenuDefaults24)">Skin.SetString(GuideRows, 9)</onload>
		<onload condition="!Skin.HasSetting(HomeMenuDefaults24)">Skin.SetBool(GuideShowInfo)</onload>
		<onload condition="!Skin.HasSetting(HomeMenuDefaults24)">Skin.SetBool(ShowWeatherVideoInfoOSD)</onload>
		<onload condition="!Skin.HasSetting(HomeMenuDefaults24)">Skin.SetBool(HideWatchedRecentlyAdded)</onload>
		<onload condition="!Skin.HasSetting(HomeMenuDefaults24)">Skin.SetBool(IsTitanSkin)</onload>
		<onload condition="!Skin.HasSetting(HomeMenuDefaults24) + skin.hastheme(classic)">Skin.SetString(SubmenuLayout, vertical)</onload>
		<onload condition="!Skin.HasSetting(HomeMenuDefaults24) + !skin.hastheme(classic)">Skin.SetString(SubmenuLayout, horizontal)</onload>
		<onload condition="!Skin.HasSetting(HomeMenuDefaults24)">Skin.SetBool(SmartShortcuts.playlists)</onload>
		<onload condition="!Skin.HasSetting(HomeMenuDefaults24) + Skin.HasSetting(ShowLogoAltLocation)">Skin.SetString(ClearLogoLocation, topright)</onload>
		<onload condition="!Skin.HasSetting(HomeMenuDefaults24) + !Skin.HasSetting(ShowLogoAltLocation)">Skin.SetString(ClearLogoLocation, footer)</onload>
		<onload condition="!Skin.HasSetting(HomeMenuDefaults25)">Skin.SetBool(OSDShowInfoOnPause)</onload>
		<onload condition="!Skin.HasSetting(HomeMenuDefaults25)">Skin.SetBool(PVRShowPreview)</onload>
		<onload condition="!Skin.HasSetting(HomeMenuDefaults27)">Skin.SetBool(SmartShortcuts.emby)</onload>
		<onload condition="!Skin.HasSetting(HomeMenuDefaults28)">Skin.SetBool(enableArtistSlideshow)</onload>
		<onload condition="!Skin.HasSetting(HomeMenuDefaults29)">Skin.SetBool(useExtendedWeatherScreen)</onload>
		<onload condition="!Skin.HasSetting(HomeMenuDefaults31)">Skin.SetBool(OSDUseLargeIcons)</onload>
		<onload condition="!Skin.HasSetting(HomeMenuDefaults32)">Skin.SetBool(SmartShortcuts.plex)</onload>
		
		<!-- default color settings -->
		<onload condition="!Skin.String(ViewDetailsFocusShadowColor)">Skin.SetString(ViewDetailsFocusShadowColor, black)</onload>
		<onload condition="!Skin.String(HomeViewDetailsFocusColor)">Skin.SetString(HomeViewDetailsFocusColor, mainblue)</onload>
		<onload condition="!Skin.String(HeaderTextColor)">Skin.SetString(HeaderTextColor, white)</onload>
		<onload condition="!Skin.String(HeaderTextShadowColor)">Skin.SetString(HeaderTextShadowColor, black)</onload>
		<onload condition="!Skin.String(ViewDetailsTextShadowColor)">Skin.SetString(ViewDetailsTextShadowColor, none)</onload>
		<onload condition="!Skin.String(ViewDetailsPanelOpacity)">Skin.SetString(ViewDetailsPanelOpacity, 20)</onload>
		<onload condition="!Skin.String(ViewDetailsTextColor)">Skin.SetString(ViewDetailsTextColor, white)</onload>
		<onload condition="!Skin.String(ViewDetailsFocusColor)">Skin.SetString(ViewDetailsFocusColor, mainblue)</onload>
		<onload condition="!Skin.String(ButtonFocusColor)">Skin.SetString(ButtonFocusColor, mainblue)</onload>
		<onload condition="!Skin.String(RSSScrollSpeed)">Skin.SetString(RSSScrollSpeed, 40)</onload>
		
		
		<onload condition="!Skin.String(WeatherIconPack)">Skin.SetString(WeatherIconPack, set1)</onload>
		<onload condition="!Skin.String(extrafanartdelay)">Skin.SetString(extrafanartdelay,6)</onload>
		<onload condition="!Skin.String(randomfanartdelay)">Skin.SetString(randomfanartdelay,30)</onload>
		
		<onload condition="!Skin.String(GeneralPanelsColor)">Skin.SetString(GeneralPanelsColor,darkblue)</onload>
		<onload condition="!Skin.String(FooterTextColor)">Skin.SetString(FooterTextColor,white)</onload>
		<onload condition="!Skin.String(OverlayOpacity)">Skin.SetString(OverlayOpacity,85)</onload>	
		<onload condition="!Skin.String(ButtonTextColor)">Skin.SetString(ButtonTextColor,white)</onload>
		<onload condition="!Skin.String(ButtonFocusTextColor)">Skin.SetString(ButtonFocusTextColor,black)</onload>	
		<onload condition="!Skin.String(GeneralTextColor)">Skin.SetString(GeneralTextColor,white)</onload>
		<onload condition="!Skin.String(ColorThemeTexture)">Skin.SetString(ColorThemeTexture,Default)</onload>		
		<onload condition="!Skin.String(ColorTheme)">Skin.SetString(ColorTheme,FF4d86a6)</onload>
		<onload condition="!Skin.String(FooterPanelColor)">Skin.SetString(FooterPanelColor,darkblue)</onload>
		<onload condition="!Skin.String(FooterPanelOpacity)">Skin.SetString(FooterPanelOpacity,80)</onload>
		<onload condition="!Skin.String(GeneralGeneralPanelsColor)">Skin.SetString(GeneralGeneralPanelsColor,darkblue)</onload>
		<onload condition="!Skin.String(GeneralPanelsOpacity)">Skin.SetString(GeneralPanelsOpacity,80)</onload>
		<onload condition="!Skin.String(ViewDetailsPanelColor)">Skin.SetString(ViewDetailsPanelColor,darkblue)</onload>
		<onload condition="!Skin.String(ViewDetailsPanelOpacity)">Skin.SetString(ViewDetailsPanelOpacity,80)</onload>
		<onload condition="!Skin.String(OSDPanelColor)">Skin.SetString(OSDPanelColor,darkblue)</onload>
		<onload condition="!Skin.String(ButtonColor)">Skin.SetString(ButtonColor,ff002e63)</onload>
		<onload condition="!Skin.String(FooterTextShadowColor)">Skin.SetString(FooterTextShadowColor,None)</onload>
		<onload condition="!Skin.String(OSDPrimaryTextColor)">Skin.SetString(OSDPrimaryTextColor,white)</onload>
		<onload condition="!Skin.String(OSDPrimaryTextShadowColor)">Skin.SetString(OSDPrimaryTextShadowColor,None)</onload>
		<onload condition="!Skin.String(OSDSecondaryTextColor)">Skin.SetString(OSDSecondaryTextColor,mainblue)</onload>
		<onload condition="!Skin.String(OSDSecondaryTextShadowColor)">Skin.SetString(OSDSecondaryTextShadowColor,None)</onload>
		<onload condition="!Skin.String(OSDProgressBarBgColor)">Skin.SetString(OSDProgressBarBgColor,None)</onload>
		<onload condition="!Skin.String(OSDProgressBarBackgroundColor)">Skin.SetString(OSDProgressBarBackgroundColor,None)</onload>
		<onload condition="!Skin.String(OSDProgressBarBorderColor)">Skin.SetString(OSDProgressBarBorderColor,white)</onload>
		<onload condition="!Skin.String(OSDButtonsFocusColor)">Skin.SetString(OSDButtonsFocusColor,mainblue)</onload>
		<onload condition="!Skin.String(OSDButtonsColor)">Skin.SetString(OSDButtonsColor,aawhite)</onload>
		<onload condition="!Skin.String(ScrollbarBackgroundColor)">Skin.SetString(ScrollbarBackgroundColor,aa003153)</onload>
		<onload condition="!Skin.String(ScrollbarUnfocusedColor)">Skin.SetString(ScrollbarUnfocusedColor,aa00b8ff)</onload>
		<onload condition="!Skin.String(ScrollbarFocusedColor)">Skin.SetString(ScrollbarFocusedColor,ff00b8ff)</onload>
		
		
		<onload condition="!Skin.String(WatchedIndicator.Watched.Color)">Skin.SetBool(WatchedIndicator.Watched)</onload>
		<onload condition="!Skin.String(WatchedIndicator.Watched.Color)">Skin.SetString(WatchedIndicator.Watched.Color,ccmainblue)</onload>
		<onload condition="!Skin.String(WatchedIndicator.Watched.TextColor)">Skin.SetString(WatchedIndicator.Watched.TextColor,white)</onload>
		<onload condition="!Skin.String(WatchedIndicator.Progress.Color)">Skin.SetBool(WatchedIndicator.Progress)</onload>
		<onload condition="!Skin.String(WatchedIndicator.Progress.Color)">Skin.SetString(WatchedIndicator.Progress.Color,ccmainblue)</onload>
		<onload condition="!Skin.String(WatchedIndicator.Progress.TextColor)">Skin.SetString(WatchedIndicator.Progress.TextColor,white)</onload>
		<onload condition="!Skin.String(WatchedIndicator.Sets.Color)">Skin.SetBool(WatchedIndicator.Sets)</onload>
		<onload condition="!Skin.String(WatchedIndicator.Sets.Color)">Skin.SetString(WatchedIndicator.Sets.Color,ccmainblue)</onload>
		<onload condition="!Skin.String(WatchedIndicator.Sets.TextColor)">Skin.SetString(WatchedIndicator.Sets.TextColor,white)</onload>
		<onload condition="!Skin.String(WatchedIndicator.Episodes.Color)">Skin.SetBool(WatchedIndicator.Episodes)</onload>
		<onload condition="!Skin.String(WatchedIndicator.Episodes.Color)">Skin.SetString(WatchedIndicator.Episodes.Color,ccmainblue)</onload>
		<onload condition="!Skin.String(WatchedIndicator.Episodes.TextColor)">Skin.SetString(WatchedIndicator.Episodes.TextColor,white)</onload>
		
		<onload condition="!Skin.String(CaseOverlays.Color)">Skin.SetString(CaseOverlays.Color,dd0047ab)</onload>
		<onload condition="!Skin.String(CaseOverlays.TextColor)">Skin.SetString(CaseOverlays.TextColor,ddwhite)</onload>
		<onload condition="!Skin.String(CaseOverlays.Fallback)">Skin.SetString(CaseOverlays.Fallback,Bluray)</onload>
		
		<onload condition="!Skin.String(ForcedViews.movies)">Skin.SetString(ForcedViews.movies,50)</onload>
		<onload condition="!Skin.String(ForcedViews.tvshows)">Skin.SetString(ForcedViews.tvshows,50)</onload>
		<onload condition="!Skin.String(ForcedViews.seasons)">Skin.SetString(ForcedViews.seasons,50)</onload>
		<onload condition="!Skin.String(ForcedViews.episodes)">Skin.SetString(ForcedViews.episodes,50)</onload>
		<onload condition="!Skin.String(ForcedViews.sets)">Skin.SetString(ForcedViews.sets,50)</onload>
		<onload condition="!Skin.String(ForcedViews.setmovies)">Skin.SetString(ForcedViews.setmovies,50)</onload>
		
		<onload condition="!Skin.String(SpinnerTexture)">Skin.SetString(SpinnerTexture,default)</onload>
		<onload condition="!Skin.String(SpinnerTexturePath)">Skin.SetString(SpinnerTexturePath,special://skin/extras/busy_spinners/default)</onload>
		<onload condition="!Skin.String(SpinnerTextureColor)">Skin.SetString(SpinnerTextureColor,mainblue)</onload>

		<onload condition="!Skin.String(widgetstyle) + Skin.String(GadgetRows, vertical)">Skin.SetString(widgetstyle,poster)</onload>
		<onload condition="!Skin.String(widgetstyle) + !Skin.String(GadgetRows, vertical)">Skin.SetString(widgetstyle,landscape)</onload>
		
		<!-- default widget assignments -->
		<onload condition="!Skin.HasSetting(WidgetDefaults4)">Skin.SetString(widget-movies, movies)</onload>
		<onload condition="!Skin.HasSetting(WidgetDefaults4)">Skin.SetString(widget-31050, movies)</onload>
		<onload condition="!Skin.HasSetting(WidgetDefaults4)">Skin.SetString(widget-tvshows, tvshows)</onload>
		<onload condition="!Skin.HasSetting(WidgetDefaults4)">Skin.SetString(widget-31051, tvshows)</onload>
		<onload condition="!Skin.HasSetting(WidgetDefaults4)">Skin.SetString(widget-musicvideos, custom)</onload>
		<onload condition="!Skin.HasSetting(WidgetDefaults4)">Skin.SetString(widget-31018, netflix)</onload>
		<onload condition="!Skin.HasSetting(WidgetDefaults4)">Skin.SetString(widget-plugin.video.netflixbmc, netflix)</onload>
		<onload condition="!Skin.HasSetting(WidgetDefaults4)">Skin.SetString(widget-plugin.video.youtube, youtube)</onload>
		<onload condition="!Skin.HasSetting(WidgetDefaults4)">Skin.SetString(widget-music, music)</onload>
		<onload condition="!Skin.HasSetting(WidgetDefaults4)">Skin.SetString(widget-weather, weather)</onload>
		<onload condition="!Skin.HasSetting(WidgetDefaults4)">Skin.SetString(widget-31036, custom)</onload>
		<onload condition="!Skin.HasSetting(WidgetDefaults4)">Skin.SetString(widget-31157, custom)</onload>
		<onload condition="!Skin.HasSetting(WidgetDefaults4)">Skin.SetString(widget-info-window-home-property-mediabrowser-usr-0-title, custom)</onload>
		<onload condition="!Skin.HasSetting(WidgetDefaults4)">Skin.SetString(widget-info-window-home-property-mediabrowser-usr-1-title, custom)</onload>
		<onload condition="!Skin.HasSetting(WidgetDefaults4)">Skin.SetString(widget-info-window-home-property-mediabrowser-usr-2-title, custom)</onload>
		<onload condition="!Skin.HasSetting(WidgetDefaults4)">Skin.SetString(widget-info-window-home-property-mediabrowser-usr-3-title, custom)</onload>
		<onload condition="!Skin.HasSetting(WidgetDefaults4)">Skin.SetString(widget-info-window-home-property-mediabrowser-usr-4-title, custom)</onload>
		<onload condition="!Skin.HasSetting(WidgetDefaults4)">Skin.SetString(widget-info-window-home-property-mediabrowser-usr-5-title, custom)</onload>
		<onload condition="!Skin.HasSetting(WidgetDefaults4)">Skin.SetString(widget-info-window-home-property-mediabrowser-usr-6-title, custom)</onload>
		<onload condition="!Skin.HasSetting(WidgetDefaults4)">Skin.SetString(widget-info-window-home-property-mediabrowser-usr-7-title, custom)</onload>
		<onload condition="!Skin.HasSetting(WidgetDefaults4)">Skin.SetString(widget-info-window-home-property-mediabrowser-usr-8-title, custom)</onload>
		<onload condition="!Skin.HasSetting(WidgetDefaults4)">Skin.SetString(widget-info-window-home-property-mediabrowser-usr-9-title, custom)</onload>
		<onload condition="!Skin.HasSetting(WidgetDefaults4)">Skin.SetString(widget-info-window-home-property-mediabrowser-usr-10-title, custom)</onload>
		<onload condition="!Skin.HasSetting(WidgetDefaults4)">Skin.SetString(widget-info-window-home-property-mediabrowser-usr-11-title, custom)</onload>
		<onload condition="!Skin.HasSetting(WidgetDefaults4)">Skin.SetString(widget-info-window-home-property-mediabrowser-usr-12-title, custom)</onload>
		<onload condition="!Skin.HasSetting(WidgetDefaults4)">Skin.SetString(widget-info-window-home-property-mediabrowser-usr-13-title, custom)</onload>
		<onload condition="!Skin.HasSetting(WidgetDefaults4)">Skin.SetString(widget-info-window-home-property-mediabrowser-usr-14-title, custom)</onload>
		<onload condition="!Skin.HasSetting(WidgetDefaults4)">Skin.SetString(widget-info-window-home-property-plexbmc-0-title, custom)</onload>
		<onload condition="!Skin.HasSetting(WidgetDefaults4)">Skin.SetString(widget-info-window-home-property-plexbmc-1-title, custom)</onload>
		<onload condition="!Skin.HasSetting(WidgetDefaults4)">Skin.SetString(widget-info-window-home-property-plexbmc-2-title, custom)</onload>
		<onload condition="!Skin.HasSetting(WidgetDefaults4)">Skin.SetString(widget-info-window-home-property-plexbmc-3-title, custom)</onload>
		<onload condition="!Skin.HasSetting(WidgetDefaults4)">Skin.SetString(widget-info-window-home-property-plexbmc-4-title, custom)</onload>
		<onload condition="!Skin.HasSetting(WidgetDefaults4)">Skin.SetString(widget-info-window-home-property-plexbmc-5-title, custom)</onload>
		<onload condition="!Skin.HasSetting(WidgetDefaults4)">Skin.SetString(widget-info-window-home-property-plexbmc-6-title, custom)</onload>
		<onload condition="!Skin.HasSetting(WidgetDefaults4)">Skin.SetString(widget-info-window-home-property-plexbmc-7-title, custom)</onload>
		<onload condition="!Skin.HasSetting(WidgetDefaults4)">Skin.SetString(widget-info-window-home-property-plexbmc-8-title, custom)</onload>
		<onload condition="!Skin.HasSetting(WidgetDefaults4)">Skin.SetString(widget-info-window-home-property-plexbmc-9-title, custom)</onload>
		<onload condition="!Skin.HasSetting(WidgetDefaults4)">Skin.SetString(MoviesWidget, newmovies)</onload>
		<onload condition="!Skin.HasSetting(WidgetDefaults4)">Skin.SetString(TvShowsWidget, latest)</onload>
		<onload condition="!Skin.HasSetting(WidgetDefaults4)">Skin.SetString(MusicWidget, latestalbum)</onload>
		<onload condition="!Skin.HasSetting(WidgetDefaults4)">Skin.SetString(NetflixWidget, inprogresstvshows)</onload>
		<onload condition="!Skin.HasSetting(WidgetDefaults4)">skin.SetString(collectionwidget0,recent)</onload>
		<onload condition="!Skin.HasSetting(WidgetDefaults4)">skin.SetString(collectionwidget1,recent)</onload>
		<onload condition="!Skin.HasSetting(WidgetDefaults4)">skin.SetString(collectionwidget2,recent)</onload>
		<onload condition="!Skin.HasSetting(WidgetDefaults4)">skin.SetString(collectionwidget3,recent)</onload>
		<onload condition="!Skin.HasSetting(WidgetDefaults4)">skin.SetString(collectionwidget4,recent)</onload>
		<onload condition="!Skin.HasSetting(WidgetDefaults4)">skin.SetString(collectionwidget5,recent)</onload>
		<onload condition="!Skin.HasSetting(WidgetDefaults4)">skin.SetString(collectionwidget6,recent)</onload>
		<onload condition="!Skin.HasSetting(WidgetDefaults4)">skin.SetString(collectionwidget7,recent)</onload>
		<onload condition="!Skin.HasSetting(WidgetDefaults4)">skin.SetString(collectionwidget8,recent)</onload>
		<onload condition="!Skin.HasSetting(WidgetDefaults4)">skin.SetString(collectionwidget9,recent)</onload>
		<onload condition="!Skin.HasSetting(WidgetDefaults4)">skin.SetString(collectionwidget10,recent)</onload>
		<onload condition="!Skin.HasSetting(WidgetDefaults4)">skin.SetString(collectionwidget11,recent)</onload>
		<onload condition="!Skin.HasSetting(WidgetDefaults4)">skin.SetString(collectionwidget12,recent)</onload>
		<onload condition="!Skin.HasSetting(WidgetDefaults4)">skin.SetString(collectionwidget13,recent)</onload>
		<onload condition="!Skin.HasSetting(WidgetDefaults4)">skin.SetString(collectionwidget14,recent)</onload>
		<onload condition="!Skin.HasSetting(WidgetDefaults4)">Skin.SetString(spotlightwidget-movies, movies)</onload>
		<onload condition="!Skin.HasSetting(WidgetDefaults4)">Skin.SetString(spotlightwidget-tvshows, tvshows)</onload>
		<onload condition="!Skin.HasSetting(WidgetDefaults5)">Skin.SetString(widget-info-window-home-property-emby-nodes-0-title, custom)</onload>
		<onload condition="!Skin.HasSetting(WidgetDefaults5)">Skin.SetString(widget-info-window-home-property-emby-nodes-1-title, custom)</onload>
		<onload condition="!Skin.HasSetting(WidgetDefaults5)">Skin.SetString(widget-info-window-home-property-emby-nodes-2-title, custom)</onload>
		<onload condition="!Skin.HasSetting(WidgetDefaults5)">Skin.SetString(widget-info-window-home-property-emby-nodes-3-title, custom)</onload>
		<onload condition="!Skin.HasSetting(WidgetDefaults5)">Skin.SetString(widget-info-window-home-property-emby-nodes-4-title, custom)</onload>
		<onload condition="!Skin.HasSetting(WidgetDefaults5)">Skin.SetString(widget-info-window-home-property-emby-nodes-5-title, custom)</onload>
		<onload condition="!Skin.HasSetting(WidgetDefaults5)">Skin.SetString(widget-info-window-home-property-emby-nodes-6-title, custom)</onload>
		<onload condition="!Skin.HasSetting(WidgetDefaults5)">Skin.SetString(widget-info-window-home-property-emby-nodes-7-title, custom)</onload>
		<onload condition="!Skin.HasSetting(WidgetDefaults5)">Skin.SetString(widget-info-window-home-property-emby-nodes-8-title, custom)</onload>
		<onload condition="!Skin.HasSetting(WidgetDefaults5)">Skin.SetString(widget-info-window-home-property-emby-nodes-9-title, custom)</onload>
		<onload condition="!Skin.HasSetting(WidgetDefaults5)">Skin.SetString(widget-info-window-home-property-emby-nodes-10-title, custom)</onload>
		<onload condition="!Skin.HasSetting(WidgetDefaults5)">Skin.SetString(widget-info-window-home-property-emby-nodes-11-title, custom)</onload>
		<onload condition="!Skin.HasSetting(WidgetDefaults5)">Skin.SetString(widget-info-window-home-property-emby-nodes-12-title, custom)</onload>
		<onload condition="!Skin.HasSetting(WidgetDefaults5)">Skin.SetString(widget-info-window-home-property-emby-nodes-13-title, custom)</onload>
		<onload condition="!Skin.HasSetting(WidgetDefaults5)">Skin.SetString(widget-info-window-home-property-emby-nodes-14-title, custom)</onload>
		<onload condition="!Skin.HasSetting(WidgetDefaults6)">Skin.SetString(widget-info-window-home-property-plexbmc-10-title, custom)</onload>
		<onload condition="!Skin.HasSetting(WidgetDefaults6)">Skin.SetString(widget-info-window-home-property-plexbmc-11-title, custom)</onload>
		<onload condition="!Skin.HasSetting(WidgetDefaults6)">Skin.SetString(widget-info-window-home-property-plexbmc-12-title, custom)</onload>
		<onload condition="!Skin.HasSetting(WidgetDefaults6)">Skin.SetString(widget-info-window-home-property-plexbmc-13-title, custom)</onload>
		<onload condition="!Skin.HasSetting(WidgetDefaults6)">Skin.SetString(widget-info-window-home-property-plexbmc-14-title, custom)</onload>
		<onload condition="!Skin.HasSetting(WidgetDefaults7)">Skin.SetString(widget-info-window-home-property-plexbmc-channels-title, custom)</onload>
		<onload condition="!Skin.HasSetting(WidgetDefaults8)">Skin.SetString(widget-31536, netflix)</onload>
		<onload condition="!Skin.HasSetting(WidgetDefaults8)">Skin.SetString(widget-31537, netflix)</onload>
		<onload condition="!Skin.HasSetting(WidgetDefaults8)">Skin.SetString(NetflixGeneralWidget, mylist)</onload>
		<onload condition="!Skin.HasSetting(WidgetDefaults8)">Skin.SetString(NetflixMoviesWidget, mylist)</onload>
		<onload condition="!Skin.HasSetting(WidgetDefaults8)">Skin.SetString(NetflixTvWidget, mylist)</onload>
		
		
		<!-- initialize 3th party addons -->
		<onload condition="!SubString(Window(Home).Property(BackGroundWorkersLoaded),loaded) + System.HasAddon(plugin.video.xbmb3c)">RunScript(plugin.video.xbmb3c,check_server)</onload>
		<onload condition="!SubString(Window(Home).Property(BackGroundWorkersLoaded),loaded) + System.HasAddon(script.artistslideshow) + Skin.HasSetting(enableArtistSlideshow)">RunScript(script.artistslideshow, daemon=True)</onload>
		<onload condition="!SubString(Window(Home).Property(BackGroundWorkersLoaded),loaded) + System.HasAddon(script.tv.show.next.aired)">RunScript(script.tv.show.next.aired,silent=True)</onload>
		<onload condition="!SubString(Window(Home).Property(BackGroundWorkersLoaded),loaded) + System.HasAddon(script.games.rom.collection.browser)">RunScript(script.games.rom.collection.browser,limit=10)</onload>
		<onload condition="!SubString(Window(Home).Property(BackGroundWorkersLoaded),loaded) + Skin.String(AutoStartPlayList)">AlarmClock(playliststart,PlayMedia($ESCINFO[Skin.String(AutoStartPlayList)]),00:08,silent)</onload>	
		<onload condition="!SubString(Window(Home).Property(BackGroundWorkersLoaded),loaded)">Skin.SetBool(enable.smartish.widgets)</onload>
		<onload condition="!SubString(Window(Home).Property(BackGroundWorkersLoaded),loaded)">SetProperty(SkinIsCompatible,true,Home)</onload>

		<!-- (optional) automatic run of the artwork downloader on startup -->
		<onload condition="!SubString(Window(Home).Property(BackGroundWorkersLoaded),loaded) + Skin.HasSetting(EnableArtworkDownloader)">XBMC.runscript(script.artwork.downloader, silent=true)</onload>
		
		<!-- finish default settings -->
		<onload condition="!Skin.HasSetting(HomeMenuDefaults24)">Skin.SetBool(HomeMenuDefaults24)</onload>
		<onload condition="!Skin.HasSetting(HomeMenuDefaults25)">Skin.SetBool(HomeMenuDefaults25)</onload>
		<onload condition="!Skin.HasSetting(HomeMenuDefaults26)">Skin.SetBool(HomeMenuDefaults26)</onload>
		<onload condition="!Skin.HasSetting(HomeMenuDefaults27)">Skin.SetBool(HomeMenuDefaults27)</onload>
		<onload condition="!Skin.HasSetting(HomeMenuDefaults28)">Skin.SetBool(HomeMenuDefaults28)</onload>
		<onload condition="!Skin.HasSetting(HomeMenuDefaults29)">Skin.SetBool(HomeMenuDefaults29)</onload>
		<onload condition="!Skin.HasSetting(HomeMenuDefaults30)">Skin.SetBool(HomeMenuDefaults30)</onload>
		<onload condition="!Skin.HasSetting(HomeMenuDefaults31)">Skin.SetBool(HomeMenuDefaults31)</onload>
		<onload condition="!Skin.HasSetting(HomeMenuDefaults32)">Skin.SetBool(HomeMenuDefaults32)</onload>
		<onload condition="!Skin.HasSetting(WidgetDefaults4)">Skin.SetBool(WidgetDefaults4)</onload>
		<onload condition="!Skin.HasSetting(WidgetDefaults5)">Skin.SetBool(WidgetDefaults5)</onload>
		<onload condition="!Skin.HasSetting(WidgetDefaults6)">Skin.SetBool(WidgetDefaults6)</onload>
		<onload condition="!Skin.HasSetting(WidgetDefaults7)">Skin.SetBool(WidgetDefaults7)</onload>
		<onload condition="!Skin.HasSetting(WidgetDefaults8)">Skin.SetBool(WidgetDefaults8)</onload>
		
		<!-- correct some stuff -->
		<onload condition="Skin.HasSetting(AutoFocusUnwatchedEpisode) + SubString(System.BuildVersion,15,left)">Skin.Reset(AutoFocusUnwatchedEpisode)</onload>
		
		<onload condition="!SubString(Window(Home).Property(BackGroundWorkersLoaded),loaded)">SetProperty(BackGroundWorkersLoaded,loaded,Home)</onload>

    </include>
	
</includes>