<?xml version="1.0" encoding="utf-8"?>
<!--Titan-->
<includes>

	<include name="HomeMenuSubMenuHorizontal">
		
		<control type="image">
			<!--Panel Shadow-->
			<posx>0</posx>
			<bottom>-320</bottom>
			<width>1923</width>
			<height>260</height>
			<texture>pvr/pvr_epg_info.png</texture>
			<colordiffuse>$VAR[panel_color]</colordiffuse>
			<aspectratio>stretch</aspectratio>
			<visible>skin.hastheme(classic)</visible>
			<visible allowhiddenfocus="true">[SubString(Window(Home).Property(submenu),show) | Control.HasFocus(4444)] + !ControlGroup(77777).HasFocus + !Control.HasFocus(2)</visible>
			<animation effect="slide" start="0,0" end="0,-200" time="250">VisibleChange</animation>
		</control>
		
		<control type="list" id="4444">
				<posx>48</posx>
				<posy>1080</posy>
				<width>1840</width>
				<height>185</height>
				<orientation>horizontal</orientation>
				<onleft>4444</onleft>
				<onright>4444</onright>
				<itemgap>0</itemgap>
				<onback>SetFocus(300)</onback>
				<onup>SetFocus(300)</onup>
				<onfocus>SetProperty(submenu,show,home)</onfocus>
				<onback condition="!Skin.HasSetting(AutoShowSubmenu)">ClearProperty(submenu, Home)</onback>
				<onup condition="!Skin.HasSetting(AutoShowSubmenu)">ClearProperty(submenu, Home)</onup>
				<ondown>ActivateWindow(111)</ondown>
				<visible allowhiddenfocus="true">[SubString(Window(Home).Property(submenu),show) | Control.HasFocus(4444)] + !ControlGroup(77777).HasFocus + !Control.HasFocus(2)</visible>    
				<animation effect="slide" start="0,0" end="0,-190" time="250">VisibleChange</animation>
				
				<itemlayout width="367" height="185" condition="Skin.HasSetting(UseSubmenuImages)">
					<include>EnhancedHomeSubLayout</include>
				</itemlayout>
				<focusedlayout width="367" height="185" condition="Skin.HasSetting(UseSubmenuImages)">
					<control type="group">
						<include>EnhancedHomeSubLayoutFocus</include>
					</control>
				</focusedlayout>		

				<itemlayout width="368" height="185" condition="!Skin.HasSetting(UseSubmenuImages)">
					<control type="group">
						<posy>120</posy>
						<control type="button">
							<label></label>
							<width>358</width>
							<height>60</height>
							<font>Reg24</font>
							<textcolor>blue</textcolor>
							<align>center</align>
							<aligny>center</aligny>
						</control>
						<control type="label"> <!--label-->
							<left>20</left>
							<width>320</width>
							<label>$INFO[ListItem.Label]</label>
							<font>Reg24</font>
							<scroll>false</scroll>
							<textcolor>white</textcolor>
							<focusedcolor>white</focusedcolor>
							<selectedcolor>white</selectedcolor>
							<disabledcolor>midgrey</disabledcolor>
						</control>
					</control>
				</itemlayout>
				
				<focusedlayout width="368" height="185" condition="!Skin.HasSetting(UseSubmenuImages)">
					<control type="group">
						<posy>120</posy>
						<control type="button">
							<label></label>
							<width>358</width>
							<height>60</height>
							<font>Reg24</font>
							<textcolor>blue</textcolor>
							<align>center</align>
							<aligny>center</aligny>
							<visible>!Control.HasFocus(4444)</visible>
						</control>
						<control type="image">
							<width>358</width>
							<height>60</height>
							<texture colordiffuse="$INFO[Skin.String(ButtonFocusColor)]">colors/color_white.png</texture>
							<visible>Control.HasFocus(4444)</visible>
						</control>
						<control type="label"> <!--label-->
							<left>20</left>
							<width>320</width>
							<label>$INFO[ListItem.Label]</label>
							<font>Reg24</font>
							<scroll>false</scroll>
							<textcolor>black</textcolor>
							<focusedcolor>black</focusedcolor>
							<visible>Control.HasFocus(4444)</visible>
						</control>
						<control type="label"> <!--label-->
							<left>20</left>
							<width>320</width>
							<label>$INFO[ListItem.Label]</label>
							<font>Reg24</font>
							<scroll>false</scroll>
							<textcolor>white</textcolor>
							<focusedcolor>white</focusedcolor>
							<selectedcolor>white</selectedcolor>
							<visible>!Control.HasFocus(4444)</visible>
						</control>
						<control type="button">
							<label>-</label>
							<visible>false</visible>
							<onfocus>SetProperty(menu,4444,Home)</onfocus>
							<onfocus>SetProperty(submenu,show,home)</onfocus>
						</control>
					</control>
				</focusedlayout>

				<content><include>skinshortcuts-submenu</include></content>
			</control>
		
	</include>


	<include name="HomeMenuSubMenuVertical">
		<control type="group" id="444">
			<defaultcontrol>4444</defaultcontrol>

			<animation type="Conditional" condition="![SubString(Window(Home).Property(submenu),show) | Control.HasFocus(4444)]">
                <effect type="fade" start="100" end="0" time="250" />
            </animation>
			
			<animation type="Conditional" condition="[ControlGroup(77777).HasFocus | StringCompare(Window(Home).Property(ShowWidget),show)]">
                <effect type="slide" start="0,-0" end="0,800" time="400" tween="cubic" easing="inout" delay="0" />
            </animation>
			
		
			<posy>31</posy>
			<posx>-4</posx>
			
			<!-- hidden submenu to do count calculations -->
			<control type="list" id="4445">
				<width>1</width>
				<height>1</height>
				<pagecontrol>-</pagecontrol>
				<orientation>vertical</orientation>
				<itemlayout width="1" height="1">
				</itemlayout>
				<focusedlayout width="1" height="1">
				</focusedlayout>
				<content><include>skinshortcuts-submenu</include></content>
			</control>
		
			<!--submenu right 1-row pos 0-->
			<control type="group">
				<posx>590</posx>
				<posy>570</posy>
				<visible>[Skin.String(GadgetRows, 1) + SubString(Window(Home).Property(submenupos),0)]</visible>
				<!-- movies submenu -->
				<control type="group">
					<posx>0</posx>
					<include>HomeMenuSubMenuRight</include>
					<include>SubMenuLayoutVertical</include>
				</control>
				 <include>HomeMenuFocusButtonLeft</include>
			</control>
			<!--submenu right 1 row pos 1-->
			<control type="group">
				<posx>1201</posx>
				<posy>570</posy>
				<visible>[Skin.String(GadgetRows, 1) + SubString(Window(Home).Property(submenupos),1)]</visible>
				<!-- movies submenu -->
				<control type="group">
					<posx>0</posx>
					<include>HomeMenuSubMenuRight</include>
					 <include>SubMenuLayoutVertical</include>
				</control>
				 <include>HomeMenuFocusButtonLeft</include>
			</control>
			<!--submenu left 1-row pos 2-->
			<control type="group">
				<posx>612</posx>
				<posy>570</posy>
				<visible>[Skin.String(GadgetRows, 1) + SubString(Window(Home).Property(submenupos),2)]</visible>
				
				<!-- movies submenu -->
				<control type="group">
					<posx>0</posx>
					<include>HomeMenuSubMenuLeft</include>
					<include>SubMenuLayoutVertical</include>
				</control>
				 <include>HomeMenuFocusButtonRight</include>
			</control>
			<!--submenu right 2-row pos 0-->
			<control type="group">
				<posx>590</posx>
				<posy>319</posy>
				<visible>[Skin.String(GadgetRows, 2) + SubString(Window(Home).Property(submenupos),0)]</visible>
				
				<!-- movies submenu -->
				<control type="group">
					<posx>0</posx>
					<include>HomeMenuSubMenuRight</include>
					<include>SubMenuLayoutVertical</include>
				</control>
				 <include>HomeMenuFocusButtonLeft</include>
			</control>
			
			<!--submenu right 2-row pos 1-->
			<control type="group">
				<posx>590</posx>
				<posy>585</posy>
				<visible>[Skin.String(GadgetRows, 2) + SubString(Window(Home).Property(submenupos),1)]</visible>
				
				<!-- movies submenu -->
				<control type="group">
					<posx>0</posx>
					<include>HomeMenuSubMenuRight</include>
					 <include>SubMenuLayoutVertical</include>
				</control>
				 <include>HomeMenuFocusButtonLeft</include>
			</control>
			<!--submenu right 2-row pos 2-->
			<control type="group">
				<posx>1201</posx>
				<posy>319</posy>
				<visible>[Skin.String(GadgetRows, 2) + SubString(Window(Home).Property(submenupos),2)]</visible>
				
				<!-- movies submenu -->
				<control type="group">
					<posx>0</posx>
					<include>HomeMenuSubMenuRight</include>
					 <include>SubMenuLayoutVertical</include>
				</control>
				 <include>HomeMenuFocusButtonLeft</include>
			</control>
			<!--submenu right 2-row pos 3-->
			<control type="group">
				<posx>1201</posx>
				<posy>585</posy>
				<visible>[Skin.String(GadgetRows, 2) + SubString(Window(Home).Property(submenupos),3)]</visible>
				
				<!-- movies submenu -->
				<control type="group">
					<posx>0</posx>
					<include>HomeMenuSubMenuRight</include>
					<include>SubMenuLayoutVertical</include>
				</control>
				 <include>HomeMenuFocusButtonLeft</include>
			</control>
			<!--submenu left 2 row pos 4-->
			<control type="group">
				<posx>612</posx>
				<posy>319</posy>
				<visible>[Skin.String(GadgetRows, 2) + SubString(Window(Home).Property(submenupos),4)]</visible>
				
				<!-- movies submenu -->
				<control type="group">
					<posx>0</posx>
					<include>HomeMenuSubMenuLeft</include>
					 <include>SubMenuLayoutVertical</include>
				</control>
				<include>HomeMenuFocusButtonRight</include>
				
			</control>
			<!--submenu left 2 row pos 5-->
			<control type="group">
				<posx>612</posx>
				<posy>585</posy>
				<visible>[Skin.String(GadgetRows, 2) + SubString(Window(Home).Property(submenupos),5)]</visible>
				
				<!-- movies submenu -->
				<control type="group">
					<posx>0</posx>
					<include>HomeMenuSubMenuLeft</include>
					<include>SubMenuLayoutVertical</include>
				</control>
				 <include>HomeMenuFocusButtonRight</include>
			</control>
		</control>
	</include>
	
	
	<include name="HomeMenuSubMenuSmallTiles">
		<control type="list" id="4444">
				<posx>45</posx>
				<posy>1090</posy>
				<width>1840</width>
				<height>185</height>
				<orientation>horizontal</orientation>
				<onleft>4444</onleft>
				<onright>4444</onright>
				<itemgap>0</itemgap>
				<onback>SetFocus(300)</onback>
				<onup>SetFocus(300)</onup>
				<onfocus>SetProperty(submenu,show,home)</onfocus>
				<onback condition="!Skin.HasSetting(AutoShowSubmenu)">ClearProperty(submenu, Home)</onback>
				<onup condition="!Skin.HasSetting(AutoShowSubmenu)">ClearProperty(submenu, Home)</onup>
				<ondown>ActivateWindow(111)</ondown>
				<visible allowhiddenfocus="true">[SubString(Window(Home).Property(submenu),show) | Control.HasFocus(4444)] + !ControlGroup(77777).HasFocus + !Control.HasFocus(2)</visible>    
				<animation effect="slide" start="0,0" end="0,-200" time="150">VisibleChange</animation>
				
				<itemlayout width="367" height="185">
					<include>EnhancedHomeSubLayout</include>
				</itemlayout>
				<focusedlayout width="367" height="185">
					<control type="group">
						<include>EnhancedHomeSubLayoutFocus</include>
					</control>
				</focusedlayout>		
				<content><include>skinshortcuts-submenu</include></content>
			</control>
		
	</include>

	<include name="HomeMenuSubMenuPage">
	
		<control type="group">
			<posy>-1000</posy>
			<animation type="Conditional" condition="[SubString(Window(Home).Property(submenu),show) | Control.HasFocus(4444)] + Skin.String(SubmenuLayout, subpage)">
				<effect type="slide" start="0,0" end="0,1000" time="0" delay="0" />
			</animation>
			<!-- Header -->
			<control type="group">
				<control type="label">
					<posx>61</posx>
					<posy>10</posy>
					<width min="80" max="1400">auto</width>
					<height>100</height>
					<font>Bold45</font>
					<align>left</align>
					<textcolor>$INFO[Skin.String(HeaderTextColor)]</textcolor>
					<label>$VAR[value_header]</label>
					<shadowcolor>$INFO[Skin.String(HeaderTextShadowColor)]</shadowcolor>
				</control>
			</control>
			<include condition="Skin.HasSetting(EnableTouchSupport) + !SubString(System.BuildVersion,13,left)">TouchScreenWorkaround</include>
			
	
			<!--submenu panel -->
			<control type="panel" id="4444">
				<orientation>vertical</orientation>
				<height>620</height>
				<posy>280</posy>
				<posx>38</posx>
				<width>1845</width>
				<onback>SetFocus(300)</onback>
				<onfocus>SetProperty(submenu,show,home)</onfocus>
				<onback>ClearProperty(submenu, Home)</onback>
				<visible allowhiddenfocus="true">SubString(Window(Home).Property(submenu),show) | Control.HasFocus(4444)</visible>
				<itemlayout width="367" height="200">
					<include>EnhancedHomeSubLayout</include>
				</itemlayout>
				<focusedlayout width="367" height="200">
					<control type="group">
						<include>EnhancedHomeSubLayoutFocus</include>
					</control>
				</focusedlayout>		
				<content><include>skinshortcuts-submenu</include></content>
			</control>
			

		</control>
	</include>
	
	<include name="SubMenuLayoutVertical">
	<control type="list" id="4444">
		<posx>50</posx>
		<posy>30</posy>
		<width>560</width>
		<height>215</height>
		<onfocus>SetProperty(submenu,show,home)</onfocus>
		<visible allowhiddenfocus="true">[SubString(Window(Home).Property(submenu),show) | Control.HasFocus(4444)] + !ControlGroup(77777).HasFocus + !Control.HasFocus(2)</visible>    
		<animation effect="fade" start="0" end="100" time="250">VisibleChange</animation>
		<onleft>SetProperty(submenuloading,loading,Home)</onleft>
		<onright>SetProperty(submenuloading,loading,Home)</onright>
		<onback>SetProperty(submenuloading,loading,Home)</onback>
		<onup>SetProperty(submenuloading,loading,Home)</onup>
		<ondown>SetProperty(submenuloading,loading,Home)</ondown>
		
		<onleft>SetProperty(submenu,hide,Home)</onleft>
		<onright>SetProperty(submenu,hide,Home)</onright>
		<onback>SetProperty(submenu,hide,Home)</onback>
		<onup>SetProperty(submenu,hide,Home)</onup>
		<ondown>SetProperty(submenu,hide,Home)</ondown>
			
		<onleft>300</onleft>
		<onright>300</onright>
		<onup>300</onup>
		<ondown>300</ondown>
		<onback>300</onback>
		<itemlayout height="40">
			<control type="label">
				<posx>50</posx>
				<width>600</width>
				<height>60</height>
				<textcolor>black</textcolor>
				<selectedcolor>black</selectedcolor>
				<disabledcolor>black</disabledcolor>
				<info>ListItem.Label</info>
				<font>Reg32</font>
			</control>
		</itemlayout>
		<focusedlayout height="40">
			<control type="label">
				<posx>50</posx>
				<width>600</width>
				<height>60</height>
				<textcolor>white</textcolor>
				<selectedcolor>white</selectedcolor>
				<disabledcolor>white</disabledcolor>
				<info>ListItem.Label</info>
				<font>Reg32</font>
			</control>
			<control type="button">
				<label>-</label>
				<visible>false</visible>
				<onfocus>SetProperty(menu,4444,Home)</onfocus>
				<onfocus>SetProperty(submenu,show,home)</onfocus>
			</control>
		</focusedlayout>
		<content>
		<include>skinshortcuts-submenu</include>
		</content>
	 </control>
	</include>
	
	<include name="HomeMenuSubMenuRight">
			<control type="image">
				<posx>-545</posx>
				<posy>18</posy>
				<width>1223</width>
				<height>260</height>
				<texture diffuse="home/home_matte2.png">colors/color_white.png</texture>
				<aspectratio scalediffuse="false" align="center" aligny="top">stretch</aspectratio>
				<colordiffuse>$INFO[Skin.String(HomeViewDetailsFocusColor)]</colordiffuse>
			</control>
	</include>
	
	<include name="HomeMenuSubMenuLeft">
	<control type="image">
				<posx>50</posx>
				<posy>18</posy>
				<width>1223</width>
				<height>260</height>
				<texture diffuse="home/home_matte2.png">colors/color_white.png</texture>
				<colordiffuse>$INFO[Skin.String(HomeViewDetailsFocusColor)]</colordiffuse>
				<aspectratio>stretch</aspectratio>
			</control>
	</include>
	
	<include name="HomeMenuFocusButtonLayout">
			<control type="group">
			<posy>-3</posy>
			<width>612</width>
			<height>265</height>
			<control type="image">
						<!--Panel Normal-->
						<posx>11</posx>
						<posy>13</posy>
						<width>600</width>
						<height>250</height>
						<texture background="true" diffuse="home/home_matte2.png">$INFO[Container(300).ListItem.Icon]</texture>
						<aspectratio scalediffuse="false" align="center" aligny="top">scale</aspectratio>
						<fadetime>800</fadetime>
						<include>backgroundfade</include>
					</control>
					<control type="image">
						<!--Panel Ovelay-->
						<posx>11</posx>
						<posy>13</posy>
						<width>600</width>
						<height>250</height>
						<colordiffuse>ccFFFFFF</colordiffuse>
						<texture diffuse="home/home_matte2.png">home/home_overlay.png</texture>
						<visible>!Skin.HasSetting(NoTitleOnHomeMenuTiles) + !StringCompare(ListItem.Property(disableLabel), disable)</visible>
					</control>
                    <control type="label" id="44446">
                        <!--Label Grey-->
                        <posx>13</posx>
                        <posy>170</posy>
                        <width>600</width>
                        <height>100</height>
                        <align>center</align>
                        <label>$INFO[Container(300).ListItem.Label]</label>
                        <font>Reg45</font>
                        <textcolor>$INFO[Skin.String(HomeViewDetailsFocusColor)]</textcolor>
						<shadowcolor>black</shadowcolor>
                        <visible>!Skin.HasSetting(NoTitleOnHomeMenuTiles) + !StringCompare(ListItem.Property(disableLabel), disable)</visible>
                    </control>
				</control>
		</include>
		
		<include name="HomeMenuFocusButtonLeft">
		
			    <control type="group">
					<posy>13</posy>
					<posx>-550</posx>
					
                    <include>HomeMenuFocusButtonLayout</include>

                </control>
		
		</include>
		
		<include name="HomeMenuFocusButtonRight">
		
			    <control type="group">
					<posy>13</posy>
					<posx>650</posx>
					
                    <include>HomeMenuFocusButtonLayout</include>

                </control>
		
		</include>
		
		
		<include name="EnhancedHomeSubLayout">
		<control type="image">
			<!--Panel Shadow-->
			<posx>7</posx>
			<posy>7</posy>
			<width>354</width>
			<height>175</height>
			<texture>home/home_shadow.png</texture>
		</control>
		<control type="image">
            <!--Panel Normal-->
            <posx>0</posx>
            <posy>0</posy>
            <width>354</width>
			<height>175</height>
            <texture background="true" diffuse="home/home_matte2.png" fallback="banner_default.png">$INFO[ListItem.Icon]</texture>
            <aspectratio scalediffuse="true" align="center" aligny="center">stretch</aspectratio>
        </control>
        <control type="image">
            <!--Panel Ovelay-->
            <posx></posx>
            <posy>-10</posy>
            <width>354</width>
			<height>185</height>
            <colordiffuse>ccFFFFFF</colordiffuse>
            <texture diffuse="home/home_matte2.png">home/home_overlay.png</texture>
			<visible>!Skin.HasSetting(NoTitleOnHomeMenuTiles) + !StringCompare(ListItem.Property(disableLabel), disable)</visible>
        </control>
        <control type="label">
            <!--Label-->
            <posx>10</posx>
            <posy>93</posy>
            <width>323</width>
            <height>100</height>
            <align>left</align>
            <info>ListItem.Label</info>
            <font>Reg24</font>
            <textcolor>lightgrey</textcolor>
			<shadowcolor>black</shadowcolor>
			<visible>!Skin.HasSetting(NoTitleOnHomeMenuTiles) + !StringCompare(ListItem.Property(disableLabel), disable)</visible>
        </control>
    </include>
    
	<include name="EnhancedHomeSubLayoutFocus">

        <include>EnhancedHomeSubLayout</include>
        <control type="label">
            <!--Label focus-->
            <animation type="Focus">
                <effect type="fade" start="0" end="100" time="300" center="auto" delay="0" tween="cubic" easing="inout" />
            </animation>
            <animation type="UnFocus">
                <effect type="fade" start="100" end="0" time="300" center="auto" delay="0" tween="cubic" easing="inout" />
            </animation>
            <posx>10</posx>
            <posy>93</posy>
            <width>323</width>
            <height>100</height>
            <align>left</align>
            <info>ListItem.Label</info>
            <font>Reg24</font>
            <textcolor>$INFO[Skin.String(HomeViewDetailsFocusColor)]</textcolor>
			<shadowcolor>black</shadowcolor>
			<visible>!Skin.HasSetting(NoTitleOnHomeMenuTiles) + !StringCompare(ListItem.Property(disableLabel), disable)</visible>
        </control>
        <control type="image">
            <!--Panel Focus-->
            <animation type="Focus">
                <effect type="fade" start="0" end="100" time="300" center="auto" delay="0" tween="cubic" easing="inout" />
            </animation>
            <animation type="UnFocus">
                <effect type="fade" start="100" end="0" time="300" center="auto" delay="0" tween="cubic" easing="inout" />
            </animation>
            <posx>-5</posx>
            <posy>-7</posy>
			<width>368</width>
			<height>191</height>
			<colordiffuse>$INFO[Skin.String(HomeViewDetailsFocusColor)]</colordiffuse>
            <texture>home/home_focus.png</texture>
			<visible>Control.HasFocus(4444)</visible>
        </control>
		<control type="button">
			<label>-</label>
			<visible>false</visible>
			<onfocus>SetProperty(menu,4444,Home)</onfocus>
			<onfocus>SetProperty(submenu,show,home)</onfocus>
		</control>
    </include>


		
		
		
		
</includes>
