<?xml version="1.0" encoding="utf-8"?>
<!--Titan-->
<window>
	<defaultcontrol>-</defaultcontrol>
	<allowoverlay>false</allowoverlay>
    <controls>

        <include>GlobalBackground</include>
        <control type="visualisation" id="2">
			<description>visualisation</description>
			<include>DimensionsFullscreen</include>
			<visible>Player.HasAudio + ![StringCompare(Visualisation.Name,waveform) | StringCompare(Visualisation.Name,opengl spectrum) | StringCompare(Visualisation.Name,directx spectrum)]</visible>
		</control>
		<!-- artist slideshow -->
		<control type="multiimage">
			<aspectratio>scale</aspectratio>
			<include>DimensionsFullscreen</include>
			<timeperimage>10000</timeperimage>
			<randomize>true</randomize>
			<fadetime>600</fadetime>
			<loop>yes</loop>
			<imagepath background="true">$INFO[Window(Visualisation).Property(ArtistSlideshow)]</imagepath>
			<animation effect="fade" start="100" end="20" time="0" condition="![StringCompare(Visualisation.Name,waveform) | StringCompare(Visualisation.Name,opengl spectrum) | StringCompare(Visualisation.Name,directx spectrum) | IsEmpty(Visualisation.Name)]">Conditional</animation>
			<animation effect="zoom" start="110" end="130" center="auto" time="10000" tween="sine" easing="inout" pulse="true"></animation>
			<animation effect="slide" start="-30,-30" end="30,30" time="6000" tween="sine" easing="inout" pulse="true"></animation>
			<visible>Player.HasAudio + !IsEmpty(MusicPlayer.Title) + System.HasAddon(script.artistslideshow) + Skin.HasSetting(enableArtistSlideshow)</visible>
			<animation effect="zoom" start="110" end="130" center="auto" time="10000" tween="cubic" easing="inout" pulse="true" condition="Skin.HasSetting(BackgroundAnimation)">Conditional</animation>
			<animation effect="slide" start="-10,-10" end="10,10" time="5000" tween="cubic" easing="inout" pulse="true" condition="Skin.HasSetting(BackgroundAnimation)">Conditional</animation>
		</control>
		<control type="visualisation" id="2">
			<description>visualisation</description>
			<include>DimensionsFullscreen</include>
			<visible>Player.HasAudio + [StringCompare(Visualisation.Name,waveform) | StringCompare(Visualisation.Name,opengl spectrum) | StringCompare(Visualisation.Name,directx spectrum)]</visible>
		</control>
		<control type="group">
			<visible>!Window.IsActive(MusicVisualisation.xml)</visible>
			<include>DialogOverlay</include>
		</control>
        <control type="group">
			<include condition="skin.hastheme(classic)">MusicOSDClassic</include>
			<include condition="!Skin.HasTheme(classic) + !Skin.HasSetting(UseSlimOSDPanel)">OSDPanelModern</include>
			<include condition="!Skin.HasTheme(classic) + Skin.HasSetting(UseSlimOSDPanel)">OSDPanelModernSlim</include>
			<visible>[Skin.HasSetting(AlwaysShowMusicInfo) | Player.ShowInfo | Window.IsActive(MusicOSD)] + ![Window.IsVisible(AddonSettings) | Window.IsVisible(SelectDialog) | Window.IsVisible(VisualisationPresetList)]</visible>
			<animation effect="slide" start="0,400" end="0,0" tween="cubic" easing="out" delay="300" time="250" reversible="false">Visible</animation>
			<animation effect="slide" start="0,0" end="0,400" tween="cubic" easing="out" delay="300" time="250" reversible="false">Hidden</animation>
		</control>
		
		<!--clearlogo top right-->
		<control type="image" id="881">
			<right>40</right>
			<top>20</top>
			<width>550</width>
			<height>180</height>
			<fadetime>600</fadetime>
			<aspectratio align="right" aligny="center">keep</aspectratio>
			<texture>$VAR[MusicPlayerClearLogo]</texture>
		</control>
		
	<!-- codec & viz infos -->
		<!-- codec info -->
        <control type="group" id="0">
			<visible>Player.ShowCodec + ![Window.IsVisible(script-cu-lrclyrics-main.xml) | Window.IsVisible(VisualisationSettings) | Window.IsVisible(VisualisationPresetList)]</visible>
			<animation effect="slide" start="0,-340" end="0,0" time="200">Visible</animation>
			<animation effect="slide" start="0" end="0,-340" time="200">Hidden</animation>
			<animation effect="fade" time="200">Visible</animation>
			<control type="image">
				<posx>0</posx>
				<posy>0</posy>
				<width>100%</width>
				<height>110</height>
				<texture border="5">diffuse/panel.png</texture>
				<animation effect="fade" end="90" time="0" condition="true">Conditional</animation>
				<colordiffuse>$INFO[Skin.String(GeneralPanelsColor)]</colordiffuse>
			</control>
			<control type="label">
				<description>row 1 label</description>
				<left>20</left>
				<width>1900</width>
				<top>10</top>
				<align>left</align>
				<label>$INFO[musicplayer.Codec,$LOCALIZE[21446]: ,]$INFO[musicplayer.Bitrate, · $LOCALIZE[623]: ,kbps]$INFO[musicplayer.bitspersample, · $LOCALIZE[612]: ,]$INFO[musicplayer.Samplerate, · $LOCALIZE[613]: ,kHz]$INFO[musicplayer.Channels, · $LOCALIZE[21444]: ]</label>
				<font>Light22</font>
					<textcolor>lightgrey</textcolor>
			</control>
			<control type="label">
				<description>row 2 label</description>
				<left>20</left>
				<top>40</top>
				<width>1900</width>
				<align>left</align>
				<label>$INFO[Visualisation.Name,, [I][COLOR=orange]($LOCALIZE[20166])[/COLOR][/I] · ]fps: $INFO[System.FPS]</label>
				<font>Light22</font>
					<textcolor>lightgrey</textcolor>
				<visible>Visualisation.Locked</visible>
			</control>
			<control type="label">
				<description>Unlocked row 2 label</description>
				<left>20</left>
				<top>40</top>
				<width>1900</width>
				<align>left</align>
				<label>$INFO[Visualisation.Name,, · ]fps: $INFO[System.FPS]</label>
				<font>Light22</font>
					<textcolor>lightgrey</textcolor>
				<visible>!Visualisation.Locked</visible>
			</control>
			<control type="label">
				<description>row 3 label</description>
				<left>20</left>
				<top>70</top>
				<width>1900</width>
				<align>left</align>
				<label>$INFO[Visualisation.Preset,$LOCALIZE[13388]: ]</label>
				<font>Light22</font>
					<textcolor>lightgrey</textcolor>
			</control>
		</control>
	</controls>
</window>