<?xml version="1.0" encoding="utf-8"?>
<!--Titan-->
<window id="502">
    <defaultcontrol always="true">50</defaultcontrol>
    <allowoverlay>yes</allowoverlay>
	
	<onunload>ClearProperty(ShowViewSubMenu, Home)</onunload>
    <views>50,51,52,500,501,502,503,505,53,54,55,506,56,57,58,59,507,508,509,510,511,512,513,514,515,516</views>
    <controls>
        <!--Music Background-->
        <include>GlobalBackground</include>
		

		 <!--Header-->
        <include condition="!Skin.HasSetting(DisableHeader)">Header</include>
		<!--NowPlaying-->
        <include condition="Skin.HasTheme(classic)">NowPlayingMusicClassic</include>
        <include condition="Skin.HasTheme(classic)">NowPlayingVideoClassic</include>
		<include condition="!Skin.HasTheme(classic)">NowPlayingModern</include>
		<!--Time & Weather-->
        <include condition="!Skin.HasSetting(DisableHeader)">TimeInfo</include>
		

		<!--Views (behind footer)-->
		<control type="group">
			<include>animation_window_open_close</include>
			<visible>!Window.IsActive(DialogKeyboard.xml)</visible>
			<visible>IntegerGreaterThan(Container.NumItems,0)</visible>
			<include>View_50_List</include>
			<include condition="!Skin.HasSetting(View.Disabled.55)">View_55_BannerList</include>
			<include condition="!Skin.HasSetting(View.Disabled.500)">View_500_Showcase</include>
			<include condition="!Skin.HasSetting(View.Disabled.51)">View_51_BigList</include>
			<include condition="!Skin.HasSetting(View.Disabled.52)">View_52_HorizontalPanel</include>
			<include condition="!Skin.HasSetting(View.Disabled.53)">View_53_PanelDetails</include>
			<include condition="!Skin.HasSetting(View.Disabled.54)">View_54_PanelWall</include>
			
			<include condition="!Skin.HasSetting(View.Disabled.506)">ViewExtendedList</include>
			<include condition="!Skin.HasSetting(View.Disabled.56)">View_56_BannerPlex</include>
			<include condition="!Skin.HasSetting(View.Disabled.57)">View_57_BigPanel</include>
			
			<include condition="!Skin.HasSetting(View.Disabled.59)">View_59_BigPanelDetails</include>
			
			<include condition="!Skin.HasSetting(View.Disabled.501)">View_501_Landscape</include>
			<include condition="!Skin.HasSetting(View.Disabled.502)">View_502_LandscapeSingle</include>
			<include condition="!Skin.HasSetting(View.Disabled.503)">View_503_Logos</include>
			<include condition="!Skin.HasSetting(View.Disabled.505)">View_505_LandscapeDetails</include>
			<include condition="!Skin.HasSetting(View.Disabled.507)">View_507_FanArt</include>
			
			<include condition="!Skin.HasSetting(View.Disabled.509)">View_509_PanelSquare</include>
			<include condition="!Skin.HasSetting(View.Disabled.510)">View_510_PanelSquareDetails</include>
			<include condition="!Skin.HasSetting(View.Disabled.511)">View_511_Thumbs</include>
			<include condition="!Skin.HasSetting(View.Disabled.512)">View_512_ThumbsDetails</include>
			<include condition="!Skin.HasSetting(View.Disabled.513)">View_513_PosterRow</include>
			<include condition="!Skin.HasSetting(View.Disabled.514)">View_514_PosterShift</include>
			<include condition="!Skin.HasSetting(View.Disabled.515)">View_515_LowList</include>
			<include condition="!Skin.HasSetting(View.Disabled.516)">View_516_SlimList</include>

		</control>
		
		<!-- footer bar -->
		<control type="group">
			<include condition="!skin.hassetting(nofooterbar)">Footer</include>
			<include condition="Skin.String(ClearLogoLocation)">ClearLogo</include>
		</control>
		
		<!--Views (in front of footer)-->
		<control type="group">
			<include>View_58_LargePoster</include>
			<include>View_508_SinglePoster</include>
		</control>
		
		<!--Scrolling Letter-->
		<control type="image">
			<visible>Container.Scrolling + [StringCompare(Container.SortMethod,$LOCALIZE[551]) | StringCompare(Container.SortMethod,$LOCALIZE[561]) | StringCompare(Container.SortMethod,$LOCALIZE[558]) | StringCompare(Container.SortMethod,$LOCALIZE[557]) | StringCompare(Container.SortMethod,$LOCALIZE[556])]</visible>
			<posx>910</posx>
			<posy>480</posy>
			<width>100</width>
			<height>100</height>
			<texture border="5">diffuse/panel.png</texture>
			<animation effect="fade" end="85" time="0" condition="true">Conditional</animation>
			<colordiffuse>$INFO[Skin.String(GeneralPanelsColor)]</colordiffuse>
			<animation effect="fade" start="0" end="100" time="400" delay="30">Visible</animation>
			<animation effect="fade" start="100" end="0" time="400" delay="150">Hidden</animation>
		</control>
		<control type="image">
			<visible>Container.Scrolling + [StringCompare(Container.SortMethod,$LOCALIZE[551]) | StringCompare(Container.SortMethod,$LOCALIZE[561]) | StringCompare(Container.SortMethod,$LOCALIZE[558]) | StringCompare(Container.SortMethod,$LOCALIZE[557]) | StringCompare(Container.SortMethod,$LOCALIZE[556])]</visible>
			<posx>910</posx>
			<posy>480</posy>
			<width>100</width>
			<height>100</height>
			<texture border="5">diffuse/panel.png</texture>
			<bordersize>8</bordersize>
			<animation effect="fade" end="99" time="0" condition="true">Conditional</animation>
			<colordiffuse>$INFO[Skin.String(GeneralPanelsColor)]</colordiffuse>
			<animation effect="fade" start="0" end="100" time="400" delay="30">Visible</animation>
			<animation effect="fade" start="100" end="0" time="400" delay="150">Hidden</animation>
		</control>
		<control type="label">
			<visible>Container.Scrolling + [StringCompare(Container.SortMethod,$LOCALIZE[551]) | StringCompare(Container.SortMethod,$LOCALIZE[561]) | StringCompare(Container.SortMethod,$LOCALIZE[558]) | StringCompare(Container.SortMethod,$LOCALIZE[557]) | StringCompare(Container.SortMethod,$LOCALIZE[556])]</visible>
			<posx>910</posx>
			<posy>480</posy>
			<width>100</width>
			<height>100</height>
			<align>center</align>
			<aligny>center</aligny>
			<font>Bold55</font>
			<textcolor>mainblue</textcolor>
			<label>$INFO[ListItem.SortLetter]</label>
			<animation effect="fade" start="0" end="100" time="400" delay="30">Visible</animation>
			<animation effect="fade" start="100" end="0" time="400" delay="150">Hidden</animation>
		</control>
		
		
        <!--Sub Menu Tab Left-->
        <include>SubMenuTabLeft</include>
        <!--Sub Menu Tab Top-->
        <include>SubMenuTabTop</include>
        <!--Sub Menu-->
        <control type="group">
            <include condition="skin.hastheme(classic)">SideBladeClassic</include>
			<include condition="!skin.hastheme(classic)">SideBladeModern</include>
            <!--Grouplist 9000-->
            <control type="grouplist" id="9000">
                <posx>21</posx>
                <posy>190</posy>
                <width>458</width>
                <height>750</height>
                <itemgap>3</itemgap>
                <onleft>50</onleft>
                <onright>50</onright>
				<visible>!Skin.HasSetting(KioskMode.Enabled)</visible>
				<onright>ClearProperty(ShowViewSubMenu, Home)</onright>
				<onleft>ClearProperty(ShowViewSubMenu, Home)</onleft>
				<onback>ClearProperty(ShowViewSubMenu, Home)</onback>
				<onback>50</onback>
                <onup>9000</onup>
                <ondown>9000</ondown>
                <orientation>vertical</orientation>
                <!--Buttons-->
                <control type="label" id="200">
                    <!--Label Menu-->
                    <width>458</width>
                    <align>left</align>
                    <textoffsetx>50</textoffsetx>
                    <font>Bold40</font>
                    <textcolor>FF1b1b1b</textcolor>
                    <label>$LOCALIZE[33061]:</label>
					<visible>skin.hastheme(classic)</visible>
                </control>
                <control type="image" id="201">
                    <!--Seperator-->
                    <width>458</width>
                    <height>10</height>
                    <align>left</align>
                    <texture>common/menu-separator.png</texture>
					<visible>skin.hastheme(classic)</visible>
                </control>
                <control type="button" id="3">
                    <!--Button Sort-->
                    <description>Sort</description>
                    <include>SubMenuButton</include>
                </control>
                <control type="togglebutton" id="4">
                    <!--Button Ascending-->
                    <description>Ascending</description>
                    <include>SubMenuButton</include>
                    <label>584</label>
                    <altlabel>585</altlabel>
                </control>
				<control type="edit" id="19">
					<visible>Container.CanFilter + !Container.CanFilterAdvanced</visible>
					<description>Filter</description>
					<textwidth>230</textwidth>
					<include>SubMenuButton</include>
					<textoffsetx>50</textoffsetx>
					<textoffsety>13</textoffsety>
					<label>587</label>
				</control>
				<control type="radiobutton" id="98">
					<visible>Container.CanFilterAdvanced</visible>
					<description>Filter</description>
					<include>SubMenuButton</include>
					<label>587</label>
					<selected>Container.Filtered</selected>
					<onclick>right</onclick>
					<onclick>Filter</onclick>
				</control>
                <control type="button" id="8">
                    <!--Button Search-->
                    <include>SubMenuButton</include>
                    <label>137</label>
                </control>
                <control type="radiobutton" id="16">
                    <!--Button Party Mode-->
                    <description>PartyMode</description>
                    <include>SubMenuButton</include>
                    <label>589</label>
                </control>
                <control type="button" id="5">
                    <!--Button Files-->
                    <description>Files</description>
                    <include>SubMenuButton</include>
                    <label>1214</label>
                    <onclick>SetFocus(50)</onclick>
                </control>
				<control type="togglebutton" id="20">
					<description>Update library</description>
					<include>SubMenuButton</include>
					<label>653</label>
					<altlabel>13353</altlabel>
					<alttexturefocus border="5" colordiffuse="$INFO[Skin.String(ButtonFocusColor)]">colors/color_white.png</alttexturefocus>
					<alttexturenofocus>-</alttexturenofocus>
					<usealttexture>library.isscanningmusic</usealttexture>
				</control>
                <control type="button" id="400">
                    <!--Set View-->
                    <include>SubMenuButton</include>
                    <label>$LOCALIZE[31305] $INFO[Container.Viewmode]</label>
					<onclick>XBMC.RunScript(script.titanskin.helpers,SETVIEW)</onclick>
				</control>
				<include>SideBladeViewCommands</include>
            </control>
        </control>
    </controls>
</window>