<?xml version="1.0" encoding="utf-8"?>
<!--Titan-->
<window id="502">
    <defaultcontrol always="true">50</defaultcontrol>
    <allowoverlay>yes</allowoverlay>
	<backgroundcolor>0</backgroundcolor>
	<onunload>ClearProperty(ShowViewSubMenu, Home)</onunload>
    <views>50,51,509,510,511,512,515</views>
    <controls>
        <!--Music Background-->
        <include>GlobalBackground</include>
		

		 <!--Header-->
        <include>Header</include>
		<!--NowPlaying-->
        <include condition="Skin.HasTheme(classic)">NowPlayingMusicClassic</include>
        <include condition="Skin.HasTheme(classic)">NowPlayingVideoClassic</include>
		<include condition="!Skin.HasTheme(classic)">NowPlayingModern</include>
		<!--Time & Weather-->
        <include>TimeInfo</include>
		
       
		
		<!-- footer bar -->
		<control type="group">
			<visible>![Control.IsVisible(514) + StringCompare(Window(Home).Property(showinfopanel),show)]</visible>
			<include condition="!skin.hassetting(nofooterbar)">Footer</include>
		</control>
		
		
         <!--Views-->
		 <control type="group">
			<include>animation_window_open_close</include>
			<include>View_50_List</include>
			<include>View_51_BigList</include>
			<include>View_509_PanelSquare</include>
			<include>View_510_PanelSquareDetails</include>
			<include>View_511_Thumbs</include>
			<include>View_512_ThumbsDetails</include>
			<include>View_515_LowList</include>
		</control>
        <!--Sub Menu Tab Left-->
        <include>SubMenuTabLeft</include>
        <!--Sub Menu Tab Top-->
        <include>SubMenuTabTop</include>
        <!--Sub Menu-->
        <control type="group">
            <include condition="skin.hastheme(classic)">SideBladeClassic</include>
			<include condition="!skin.hastheme(classic)">SideBladeModern</include>
            <!--Grouplist 9000-->
            <control type="grouplist" id="9000">
                <posx>21</posx>
                <posy>190</posy>
                <width>458</width>
                <height>750</height>
                <itemgap>3</itemgap>
                <onleft>50</onleft>
                <onright>50</onright>
				<visible>!Skin.HasSetting(KioskMode.Enabled)</visible>
				<onright>ClearProperty(ShowViewSubMenu, Home)</onright>
				<onleft>ClearProperty(ShowViewSubMenu, Home)</onleft>
				<onback>ClearProperty(ShowViewSubMenu, Home)</onback>
                <onup>9000</onup>
                <ondown>9000</ondown>
                <orientation>vertical</orientation>
                <!--Buttons-->
                <control type="label" id="200">
                    <!--Label Menu-->
                    <width>458</width>
                    <align>left</align>
                    <textoffsetx>50</textoffsetx>
                    <font>Bold40</font>
                    <textcolor>$VAR[ThemeFontColorBlack]</textcolor>
                    <label>$LOCALIZE[33061]:</label>
					<visible>skin.hastheme(classic)</visible>
                </control>
                <control type="image" id="201">
                    <!--Seperator-->
                    <width>458</width>
                    <height>10</height>
                    <align>left</align>
                    <texture>common/menu-separator.png</texture>
					<visible>skin.hastheme(classic)</visible>
                </control>
                <control type="button" id="3">
                    <!--Button Sort-->
                    <description>Sort</description>
                    <include>SubMenuButton</include>
                </control>
                <control type="togglebutton" id="4">
                    <!--Button Ascending-->
                    <description>Ascending</description>
                    <include>SubMenuButton</include>
                    <label>584</label>
                    <altlabel>585</altlabel>
                </control>
				<control type="edit" id="19">
					<visible>Container.CanFilter + !Container.CanFilterAdvanced</visible>
					<description>Filter</description>
					<textwidth>230</textwidth>
					<include>SubMenuButton</include>
					<textoffsetx>50</textoffsetx>
					<textoffsety>13</textoffsety>
					<label>587</label>
				</control>
				<control type="radiobutton" id="98">
					<visible>Container.CanFilterAdvanced</visible>
					<description>Filter</description>
					<include>SubMenuButton</include>
					<label>587</label>
					<selected>Container.Filtered</selected>
					<onclick>right</onclick>
					<onclick>Filter</onclick>
				</control>
                <control type="button" id="8">
                    <!--Button Search-->
                    <include>SubMenuButton</include>
                    <label>137</label>
                </control>
                <control type="radiobutton" id="16">
                    <!--Button Party Mode-->
                    <description>PartyMode</description>
                    <include>SubMenuButton</include>
                    <label>589</label>
                </control>
                <control type="button" id="5">
                    <!--Button Files-->
                    <description>Files</description>
                    <include>SubMenuButton</include>
                    <label>1214</label>
                    <onclick>SetFocus(50)</onclick>
                </control>
				<control type="togglebutton" id="20">
					<description>Update library</description>
					<include>SubMenuButton</include>
					<label>653</label>
					<altlabel>13353</altlabel>
					<alttexturefocus border="5" colordiffuse="$INFO[Skin.String(ButtonFocusColor)]">colors/color_white.png</alttexturefocus>
					<alttexturenofocus>-</alttexturenofocus>
					<usealttexture>library.isscanningmusic</usealttexture>
				</control>
                <control type="button" id="400">
                    <!--Set View-->
                    <include>SubMenuButton</include>
                    <label>$LOCALIZE[31305] $INFO[Container.Viewmode]</label>
                    <onclick>Container.NextViewMode</onclick>
				</control>
				<include>SideBladeViewCommands</include>
            </control>
        </control>
    </controls>
</window>