<?xml version="1.0" encoding="utf-8"?>
<!--Titan-->
<window>
    <defaultcontrol>15</defaultcontrol>
	<allowoverlay>no</allowoverlay>
	<backgroundcolor>0</backgroundcolor>
	<onunload>ClearProperty(ShowViewSubMenu, Home)</onunload>
	<views>15,51,501,502,505,506,509,510,511,512,515</views>
    <controls>
        <!--Global Background-->
        <include>GlobalBackground</include>
		
		 <!--Header-->
        <include>Header</include>
		<!--NowPlaying-->
        <include condition="Skin.HasTheme(classic)">NowPlayingMusicClassic</include>
        <include condition="Skin.HasTheme(classic)">NowPlayingVideoClassic</include>
		<include condition="!Skin.HasTheme(classic)">NowPlayingModern</include>
		<!--Time & Weather-->
        <include>TimeInfo</include>
        
       
		<!--Footer-->
		<include condition="!skin.hassetting(nofooterbar)">Footer</include>
		
        <!--PVR Views-->
		<control type="group" id="5000">
		<include>animation_window_open_close</include>
		<include>View_51_BigList</include>
		<include>ViewExtendedList</include>
		<include>View_501_Landscape</include>
		<include>View_502_LandscapeSingle</include>
		<include>View_505_LandscapeDetails</include>
		<include>View_509_PanelSquare</include>
		<include>View_510_PanelSquareDetails</include>
		<include>View_511_Thumbs</include>
		<include>View_512_ThumbsDetails</include>
		<include>View_515_LowList</include>
		
		
			 <!--LiveTVRecordingsView ID=13-->
			<control type="group" id="5000">
				<visible>Control.IsVisible(15)</visible>
				<include>PVRpanelBackground</include>
			
				<control type="group">
					<!--Video Window-->
					<visible>Control.IsVisible(15)</visible>
					<visible>!IsEmpty(ListItem.StartDate)</visible>
					<include>animation_view_change_pvr</include>
					
					<posx>115</posx>
					<posy>330</posy>
					<control type="image">
						<width>300</width>
						<height>188</height>
						<texture>$INFO[ListItem.Thumb]</texture>
						<visible>!IsEmpty(ListItem.Thumb)</visible>
					</control>
				</control>
				<control type="group">
					<!--Start, End, Next-->
					<visible>Control.IsVisible(15)</visible>
					<visible>!IsEmpty(ListItem.StartDate)</visible>
					<include>animation_view_change_pvr</include>
					
					<animation effect="slide" end="-331,0" time="0" condition="IsEmpty(ListItem.Thumb)">Conditional</animation>
					<posx>450</posx>
					<posy>330</posy>
					<control type="group">
						<!-- Ground 1 -->
						<posy>0</posy>
						<visible>!IsEmpty(Container(15).ListItem.Title)</visible>
						<control type="label">
							<posx>0</posx>
							<posy>0</posy>
							<width>180</width>
							<textcolor>mainblue</textcolor>
							<label>$LOCALIZE[551] :</label>
						</control>
						<control type="fadelabel">
							<posx>130</posx>
							<posy>0</posy>
							<width>300</width>
							<textcolor>white</textcolor>
							<label>$INFO[Container(15).ListItem.Title]</label>
						</control>
					</control>
					<control type="group">
						<!-- Ground 2 -->
						<posy>50</posy>
						<visible>!IsEmpty(Container(15).ListItem.ChannelName)</visible>
						<control type="label">
							<posx>0</posx>
							<posy>0</posy>
							<width>180</width>
							<textcolor>mainblue</textcolor>
							<label>$LOCALIZE[19029] :</label>
						</control>
						<control type="label">
							<posx>130</posx>
							<posy>0</posy>
							<width>300</width>
							<textcolor>white</textcolor>
							<label>$INFO[Container(15).ListItem.ChannelName]</label>
						</control>
					</control>
				</control>
				<control type="group">
					<!--Infos-->
					<visible>Control.IsVisible(15)</visible>
					<include>animation_view_change_pvr</include>
					
					<control type="textbox">
						<shadowcolor></shadowcolor>
						<!--Info Plot-->
						<posx>120</posx>
						<posy>560</posy>
						<width>830</width>
						<height>240</height>
						<font>Light32</font>
						<textcolor>white</textcolor>
						
						<label>$INFO[ListItem.Plot]</label>
					</control>
					<control type="label">
						<!--Next Start Dat -->
						<posx>120</posx>
						<posy>810</posy>
						<width>800</width>
						<font>Reg30</font>
						<textcolor>ccmainblue</textcolor>
						<label>$INFO[Container(15).ListItem.StartDate]</label>
						<scroll>false</scroll>
					</control>
					<control type="label">
						<!--Next Title-->
						<posx>120</posx>
						<posy>845</posy>
						<width>800</width>
						<font>Light28</font>
						<textcolor>mainblue</textcolor>
						<label>$INFO[ListItem.StartTime]$INFO[ListItem.Duration, / ,]</label>
						<scroll>false</scroll>
					</control>
				</control>
				<control type="list" id="15">
					<!--List ID=13-->
					<include>animation_view_change_pvr</include>
					
					<posx>0</posx>
					<posy>340</posy>
					<width>1920</width>
					<height>570</height>
					<onleft>9000</onleft>
					<onright>70</onright>
					<onup>11</onup>
					<ondown>11</ondown>
					<viewtype label="535">list</viewtype>
					<pagecontrol>70</pagecontrol>
					<scrolltime>200</scrolltime>
					<!-- =========== -->
					<!-- x=980 w=765 -->
					<!-- =========== -->
					<itemlayout height="60" width="1980">
						<control type="label">
							<!--Recording Name-->
							<posx>1050</posx>
							<width>715</width>
							<height>55</height>
							<font>Reg28</font>
							<textcolor>white</textcolor>
							<selectedcolor>white</selectedcolor>
							<align>left</align>
							<aligny>center</aligny>
							<label>$INFO[ListItem.Label]</label>
						</control>
						<control type="image">
							<!--Separator-->
							<posx>1020</posx>
							<posy>56</posy>
							<width>785</width>
							<height>20</height>
							<fadetime>400</fadetime>
							<colordiffuse>list_separator</colordiffuse>
							<texture>common/separator.png</texture>
						</control>
						<control type="image">
                        <!--Watched Overlay-->
							<posx>1745</posx>
							<posy>0</posy>
							<width>60</width>
							<height>60</height>
							<texture>$INFO[ListItem.Overlay,overlays/list/,]</texture>
						</control>
					</itemlayout>
					<focusedlayout height="90" width="1980">
						<control type="group">
							<visible>!IsEmpty(ListItem.StartDate)</visible>
							<control type="image">
								<!--Slider-->
								<posx>980</posx>
								<posy>0</posy>
								<width>825</width>
								<height>86</height>
								<colordiffuse>88ffffff</colordiffuse>
								<texture>views/view_50_slider_big.png</texture>
							</control>
							<control type="label">
								<!--Start: Date, Time, Duration-->
								<posx>1050</posx>
								<posy>50</posy>
								<width>715</width>
								<height>33</height>
								<font>Light28</font>
								<textcolor>white</textcolor>
								<selectedcolor>mainblue</selectedcolor>
								<align>left</align>
								<label>$INFO[ListItem.StartDate] - $INFO[ListItem.StartTime]$INFO[ListItem.Duration, / ,]</label>
							</control>
							<control type="label">
								<!--Recording Name-->
								<posx>1050</posx>
								<width>715</width>
								<height>55</height>
								<font>Reg36</font>
								<textcolor>mainblue</textcolor>
								<selectedcolor>mainblue</selectedcolor>
								<align>left</align>
								<aligny>center</aligny>
								<label>$INFO[ListItem.Label]</label>
							</control>
							<control type="image">
								<!--Separator-->
								<posx>1020</posx>
								<posy>86</posy>
								<width>785</width>
								<height>20</height>
								<fadetime>400</fadetime>
								<colordiffuse>list_separator</colordiffuse>
								<texture>common/separator.png</texture>
							</control>
							<control type="image">
							<!--Watched Overlay-->
								<posx>1745</posx>
								<posy>0</posy>
								<width>60</width>
								<height>60</height>
								<texture>$INFO[ListItem.Overlay,overlays/list/,]</texture>
							</control>

						</control>
					</focusedlayout>
				</control>

			</control>
		</control>

			<!--Sub Menu-->
        <include>SubMenuTabLeft</include>
		<include>SubMenuTabTop</include>
		<include>PVRsideblade</include>
    </controls>
</window>
		