<?xml version="1.0" encoding="utf-8"?>
<!--Titan-->
<window>
    <defaultcontrol>51</defaultcontrol>
	<allowoverlay>no</allowoverlay>
	
	<onunload>ClearProperty(ShowViewSubMenu, Home)</onunload>
	<views>11,51,501,502,505,506,509,510,511,512,515,516</views>
    <controls>
        <!--Global Background-->
        <include>GlobalBackground</include>
		<!--Header-->
        <include condition="!Skin.HasSetting(DisableHeader)">Header</include>
		<!--NowPlaying-->
		<include condition="!Skin.HasTheme(classic)">NowPlayingModern</include>
        <!--Time & Weather-->
        <include condition="!Skin.HasSetting(DisableHeader)">TimeInfo</include>
        
		
		<!--Footer-->
		<include condition="!skin.hassetting(nofooterbar)">Footer</include>

        <!--PVR Views-->
        <control type="group" id="5000">
			<include>animation_window_open_close</include>
			<include condition="!Skin.HasSetting(View.Disabled.51)">View_51_BigList</include>
			<include condition="!Skin.HasSetting(View.Disabled.506)">ViewExtendedList</include>
			<include condition="!Skin.HasSetting(View.Disabled.501)">View_501_Landscape</include>
			<include condition="!Skin.HasSetting(View.Disabled.502)">View_502_LandscapeSingle</include>
			<include condition="!Skin.HasSetting(View.Disabled.505)">View_505_LandscapeDetails</include>
			<include condition="!Skin.HasSetting(View.Disabled.509)">View_509_PanelSquare</include>
			<include condition="!Skin.HasSetting(View.Disabled.510)">View_510_PanelSquareDetails</include>
			<include condition="!Skin.HasSetting(View.Disabled.511)">View_511_Thumbs</include>
			<include condition="!Skin.HasSetting(View.Disabled.512)">View_512_ThumbsDetails</include>
			<include condition="!Skin.HasSetting(View.Disabled.515)">View_515_LowList</include>
            <include condition="!Skin.HasSetting(View.Disabled.516)">View_516_SlimList</include>
			<control type="group">
				<visible>Control.IsVisible(11)</visible>
				<include>PVRpanelBackground</include>
				<control type="group">
					<!--Video Window-->
					<visible>Control.IsVisible(11)</visible>
					<include>animation_view_change_pvr</include>
					<posx>118</posx>
					<posy>340</posy>
					<control type="image">
						<width>420</width>
						<height>230</height>
						<texture diffuse="home/home_matte.png">$INFO[ListItem.Thumb]</texture>
						<aspectratio align="left" aligny="top">keep</aspectratio>
						<visible>![VideoPlayer.Content(livetv) + Skin.HasSetting(PVRShowPreview)]</visible>
					</control>
					<!--Video Window -->
					<control type="videowindow">
						<posx>-5</posx>
						<width>420</width>
						<height>230</height>
						<visible>VideoPlayer.Content(livetv) + Skin.HasSetting(PVRShowPreview)</visible>
					</control>
				</control>
				<control type="group">
					<animation effect="slide" start="0" end="-460" time="0" condition="IsEmpty(ListItem.Thumb)">Conditional</animation>
					<!--Start, End, Next-->
					<visible>Control.IsVisible(11)</visible>
					<include>animation_view_change_pvr</include>
					<posx>580</posx>
					<posy>330</posy>
					<control type="group">
						<control type="label">
							<posx>0</posx>
							<posy>0</posy>
							<width>180</width>
							<textcolor>$INFO[Skin.String(ViewDetailsFocusColor)]</textcolor>
							<shadowcolor>$INFO[Skin.String(ViewDetailsFocusShadowColor)]</shadowcolor>
							<label>$LOCALIZE[19126] :</label>
						</control>
						<control type="label">
							<posx>185</posx>
							<posy>0</posy>
							<width>300</width>
							<textcolor>$INFO[Skin.String(ViewDetailsTextColor)]</textcolor>
							<shadowcolor>$INFO[Skin.String(ViewDetailsTextShadowColor)]</shadowcolor>
							<label>$INFO[Container(11).ListItem.StartTime]</label>
						</control>
					</control>
					<control type="group">
						<!-- Ground 3 -->
						<posy>40</posy>
						<control type="label">
							<posx>0</posx>
							<posy>0</posy>
							<width>180</width>
							<textcolor>$INFO[Skin.String(ViewDetailsFocusColor)]</textcolor>
							<shadowcolor>$INFO[Skin.String(ViewDetailsFocusShadowColor)]</shadowcolor>
							<label>$LOCALIZE[19127] :</label>
						</control>
						<control type="label">
							<posx>185</posx>
							<posy>0</posy>
							<width>300</width>
							<textcolor>$INFO[Skin.String(ViewDetailsTextColor)]</textcolor>
							<shadowcolor>$INFO[Skin.String(ViewDetailsTextShadowColor)]</shadowcolor>
							<label>$INFO[Container(11).ListItem.EndTime]</label>
						</control>
					</control>
				</control>
				<control type="group">
					<!--Infos-->
					<visible>Control.IsVisible(11)</visible>
					<include>animation_view_change_pvr</include>
					<control type="fadelabel">
						<posx>120</posx>
						<posy>580</posy>
						<width>830</width>
						<font>Reg36</font>
						<textcolor>$INFO[Skin.String(ViewDetailsFocusColor)]</textcolor>
						<shadowcolor>$INFO[Skin.String(ViewDetailsTextShadowColor)]</shadowcolor>
						<label>$INFO[Container(11).ListItem.Title]</label>
					</control>
					<control type="textbox">
						<!--Info Plot-->
						<posx>120</posx>
						<posy>635</posy>
						<width>830</width>
						<height>200</height>
						<font>Light28</font>
						<textcolor>$INFO[Skin.String(ViewDetailsTextColor)]</textcolor>
						<shadowcolor>$INFO[Skin.String(ViewDetailsTextShadowColor)]</shadowcolor>
						<label>$INFO[ListItem.Plot]</label>
					</control>
					<control type="label">
						<!--Next Start Dat -->
						<posx>120</posx>
						<posy>840</posy>
						<width>800</width>
						<font>Reg30</font>
						<textcolor>$INFO[Skin.String(ViewDetailsFocusColor)]</textcolor>
							<shadowcolor>$INFO[Skin.String(ViewDetailsFocusShadowColor)]</shadowcolor>
						<label>$INFO[Container(11).ListItem.NextStartDate]</label>
						<scroll>false</scroll>
					</control>
					<control type="label">
						<!--Next Title-->
						<posx>120</posx>
						<posy>870</posy>
						<width>800</width>
						<font>Light28</font>
						<textcolor>$INFO[Skin.String(ViewDetailsFocusColor)]</textcolor>
						<shadowcolor>$INFO[Skin.String(ViewDetailsFocusShadowColor)]</shadowcolor>
						<label>$LOCALIZE[19031] : $INFO[Container(11).ListItem.NextTitle] $INFO[Container(11).ListItem.NextStartTime] - $INFO[Container(11).ListItem.NextEndTime]</label>
						<scroll>false</scroll>
					</control>
				</control>
				<control type="list" id="11">
					<!--List ID=11-->
					<include>animation_view_change_pvr</include>
					<posx>0</posx>
					<posy>340</posy>
					<width>100%</width>
					<height>570</height>
					<onleft>9000</onleft>
					<onright>70</onright>
					<onup>11</onup>
					<ondown>11</ondown>
					<viewtype label="535">list</viewtype>
					<pagecontrol>70</pagecontrol>
					<scrolltime>200</scrolltime>
					<!-- =========== -->
					<!-- x=980 w=765 -->
					<!-- =========== -->
					<itemlayout height="60" width="1900">
						<control type="label">
							<!--Channel Number-->
							<posx>1030</posx>
							<posy>5</posy>
							<width>100</width>
							<height>50</height>
							<font>Reg40</font>
							<textcolor>$INFO[Skin.String(ViewDetailsTextColor)]</textcolor>
							<selectedcolor>$INFO[Skin.String(ViewDetailsFocusColor)]</selectedcolor>
							<align>left</align>
							<info>ListItem.ChannelNumberLabel</info>
						</control>
						<control type="image">
							<!--Rec-->
							<posx>1185</posx>
							<posy>0</posy>
							<width>55</width>
							<height>55</height>
							<texture>pvr/icons/pvr_record.png</texture>
							<visible>ListItem.IsRecording</visible>
							<aspectratio align="center" aligny="center">keep</aspectratio>
						</control>
						<control type="image">
							<!--Now Playing Icon-->
							<posx>1185</posx>
							<posy>0</posy>
							<width>55</width>
							<height>55</height>
							<fadetime>600</fadetime>
							<texture>pvr/icons/pvr_play.png</texture>
							<visible>ListItem.Isplaying</visible>
							<visible>!ListItem.IsRecording</visible>
							<aspectratio align="center" aligny="center">keep</aspectratio>
						</control>
						<control type="image">
							<!--Chanel Icon-->
							<posx>1100</posx>
							<posy>5</posy>
							<width>48</width>
							<height>48</height>
							<texture>$INFO[ListItem.Thumb]</texture>
							<aspectratio align="center" aligny="center">keep</aspectratio>
						</control>
						<control type="label">
							<!--Channel Name-->
							<animation effect="slide" start="0" end="50" time="0" reversible="false" condition="[ListItem.Isplaying | ListItem.IsRecording]">Conditional</animation>
							<posx>1200</posx>
							<width>545</width>
							<height>55</height>
							<font>Reg29</font>
							<textcolor>$INFO[Skin.String(ViewDetailsTextColor)]</textcolor>
							<selectedcolor>$INFO[Skin.String(ViewDetailsFocusColor)]</selectedcolor>
							<align>left</align>
							<aligny>center</aligny>
							<label>$INFO[ListItem.Label]</label>
						</control>
						<control type="image">
							<!--Separator-->
							<posx>1020</posx>
							<posy>56</posy>
							<width>785</width>
							<height>20</height>
							<fadetime>400</fadetime>
							<colordiffuse>list_separator</colordiffuse>
							<texture>common/separator.png</texture>
						</control>
					</itemlayout>
					<focusedlayout height="90" width="1900">
						<control type="image">
							<right>80</right>
							<posy>0</posy>
							<height>86</height>
							<width>810</width>
							<texture border="5">diffuse/panel.png</texture>
							<colordiffuse>$INFO[Skin.String(ViewDetailsFocusColor)]</colordiffuse>
							<animation effect="fade" reversible="false" end="40" time="0" condition="true">Conditional</animation>
						</control>
						<control type="label">
							<!--Channel Number-->
							<posx>1030</posx>
							<posy>5</posy>
							<width>80</width>
							<height>80</height>
							<font>Reg40</font>
							<textcolor>$INFO[Skin.String(ViewDetailsTextColor)]</textcolor>
							<selectedcolor>$INFO[Skin.String(ViewDetailsTextColor)]</selectedcolor>
							<info>ListItem.ChannelNumberLabel</info>
						</control>
						<control type="image">
							<!--Rec-->
							<posx>1185</posx>
							<posy>0</posy>
							<width>55</width>
							<height>55</height>
							<texture>pvr/icons/pvr_record.png</texture>
							<visible>ListItem.IsRecording</visible>
							<aspectratio align="center" aligny="center">keep</aspectratio>
						</control>
						<control type="image">
							<!--Now Playing Icon-->
							<posx>1185</posx>
							<posy>0</posy>
							<width>55</width>
							<height>55</height>
							<fadetime>600</fadetime>
							<texture>pvr/icons/pvr_play.png</texture>
							<visible>ListItem.Isplaying</visible>
							<visible>!ListItem.IsRecording</visible>
							<aspectratio align="center" aligny="center">keep</aspectratio>
						</control>
						<control type="image">
							<!--Chanel Icon-->
							<posx>1085</posx>
							<posy>5</posy>
							<width>78</width>
							<height>78</height>
							<texture>$INFO[ListItem.Thumb]</texture>
							<aspectratio align="center" aligny="center">keep</aspectratio>
						</control>
						<control type="label">
							<!--Channel Name-->
							<animation effect="slide" start="0" end="50" time="0" reversible="false" condition="[ListItem.Isplaying | ListItem.IsRecording]">Conditional</animation>
							<posx>1200</posx>
							<width>545</width>
							<height>55</height>
							<font>Reg29</font>
							<textcolor>$INFO[Skin.String(ViewDetailsTextColor)]</textcolor>
							<selectedcolor>$INFO[Skin.String(ViewDetailsTextColor)]</selectedcolor>
							<label>$INFO[ListItem.Label]</label>
						</control>
						<control type="label">
							<!--Channel Now Playing-->
							<posx>1200</posx>
							<posy>50</posy>
							<width>545</width>
							<height>33</height>
							<font>Light28</font>
							<textcolor>$INFO[Skin.String(ViewDetailsTextColor)]</textcolor>
							<selectedcolor>$INFO[Skin.String(ViewDetailsTextColor)]</selectedcolor>
							<label>[B]$INFO[ListItem.Title][/B]</label>
						</control>
						<control type="image">
							<!--Separator-->
							<posx>1020</posx>
							<posy>86</posy>
							<width>785</width>
							<height>20</height>
							<fadetime>400</fadetime>
							<colordiffuse>list_separator</colordiffuse>
							<texture>common/separator.png</texture>
						</control>
					</focusedlayout>
				</control>
				<control type="group">
                <!--Scrollbar-->
                <include>animation_view_change_pvr</include>
                
                <control type="scrollbar" id="70">
                    <!--Scrollbar ID70-->
                    <right>15</right>
					<posy>320</posy>
					<height>630</height>
                    <onleft>11</onleft>
                    <onright>11</onright>
                    <animation effect="fade" start="0" end="100" time="400" condition="Control.HasFocus(70) | Skin.HasSetting(EnableTouchSupport) | Skin.HasSetting(alwaysShowScrollbars)">Conditional</animation>
					<animation effect="fade" start="100" end="0" time="400" condition="![Control.HasFocus(70) | Skin.HasSetting(EnableTouchSupport) | Skin.HasSetting(alwaysShowScrollbars)]">Conditional</animation>
                </control>
            </control>
			</control>
			
			<!--Scrolling Letter-->
			<control type="image">
				<visible>Container.Scrolling</visible>
				<posx>910</posx>
				<posy>480</posy>
				<width>100</width>
				<height>100</height>
				<texture>colors/color_white.png</texture>
				<animation effect="fade" end="85" time="0" condition="true">Conditional</animation>
				<colordiffuse>$INFO[Skin.String(GeneralPanelsColor)]</colordiffuse>
				<animation effect="fade" start="0" end="100" time="400" delay="30">Visible</animation>
				<animation effect="fade" start="100" end="0" time="400" delay="150">Hidden</animation>
			</control>
			<control type="image">
				<visible>Container.Scrolling</visible>
				<posx>910</posx>
				<posy>480</posy>
				<width>100</width>
				<height>100</height>
				<texture>colors/color_white.png</texture>
				<bordersize>8</bordersize>
				<animation effect="fade" end="99" time="0" condition="true">Conditional</animation>
				<colordiffuse>$INFO[Skin.String(GeneralPanelsColor)]</colordiffuse>
				<animation effect="fade" start="0" end="100" time="400" delay="30">Visible</animation>
				<animation effect="fade" start="100" end="0" time="400" delay="150">Hidden</animation>
			</control>
			<control type="label">
				<visible>Container.Scrolling</visible>
				<posx>910</posx>
				<posy>480</posy>
				<width>100</width>
				<height>100</height>
				<align>center</align>
				<aligny>center</aligny>
				<font>Bold55</font>
				<textcolor>mainblue</textcolor>
				<label>$INFO[ListItem.SortLetter]</label>
				<animation effect="fade" start="0" end="100" time="400" delay="30">Visible</animation>
				<animation effect="fade" start="100" end="0" time="400" delay="150">Hidden</animation>
			</control>
			
        </control>
        
		<!--Sub Menu-->
        <include>SubMenuTabLeft</include>
		<include>SubMenuTabTop</include>
		<include>PVRsideblade</include>
		
		<!--NowPlaying-->
        <include condition="Skin.HasTheme(classic)">NowPlayingMusicClassic</include>
        <include condition="Skin.HasTheme(classic)">NowPlayingVideoClassic</include>
    </controls>
</window>