<?xml version="1.0" encoding="utf-8"?>
<!--Titan-->
<window>
    <defaultcontrol always="true">11</defaultcontrol>
	<allowoverlay>no</allowoverlay>
	<backgroundcolor>0</backgroundcolor>
	<onunload>ClearProperty(ShowViewSubMenu, Home)</onunload>
	<views>10,11,12</views>
    <controls>
        <!--Global Background-->
        <include>GlobalBackground</include>
		<!--Header-->
        <include>Header</include>
		<!--NowPlaying-->
		<include condition="!Skin.HasTheme(classic)">NowPlayingModern</include>
        <!--Time & Weather-->
        <include>TimeInfo</include>
        
		<!--Footer-->
		<control type="group">
			<visible>!Skin.HasSetting(GuideShowInfo)</visible>
			<include condition="!skin.hassetting(nofooterbar)">Footer</include>
		</control>
		
        <!--Hidden-->
        <control type="label" id="29">
            <description>Empty so we can pass the values up one level</description>
            <visible>False</visible>
        </control>
        <control type="label" id="30">
            <description>Empty so we can pass the values up one level</description>
            <visible>False</visible>
        </control>
        <!--PVR Views-->
 
        <control type="group" id="5000">
			<include>animation_window_open_close</include>
			<posx>10</posx>
			<posy>-30</posy>
			<animation effect="slide" end="0,-80" time="0" condition="Skin.HasSetting(GuideShowInfo)">Conditional</animation>
            <control type="group">
                <!--Panel-->
                <include>animation_view_change_pvr</include>
				
                <include condition="skin.hastheme(classic)">ClassicPVRDetailsPanels</include>
				<control type="image">
					<posy>260</posy>
					<posx>-10</posx>
					<width>1920</width>
					<height>751</height>
					<texture>colors/color_white.png</texture>
					<colordiffuse>$VAR[panel_color]</colordiffuse>
					<aspectratio>stretch</aspectratio>
					<animation effect="fade" reversible="false" end="80" time="0" condition="StringCompare(Skin.String(ViewDetailsPanelOpacity),80)">Conditional</animation>
					<animation effect="fade" reversible="false" end="60" time="0" condition="StringCompare(Skin.String(ViewDetailsPanelOpacity),60)">Conditional</animation>
					<animation effect="fade" reversible="false" end="40" time="0" condition="StringCompare(Skin.String(ViewDetailsPanelOpacity),40)">Conditional</animation>
					<animation effect="fade" reversible="false" end="20" time="0" condition="StringCompare(Skin.String(ViewDetailsPanelOpacity),20)">Conditional</animation>
					<animation effect="fade" reversible="false" end="0" time="0" condition="StringCompare(Skin.String(ViewDetailsPanelOpacity),0)">Conditional</animation>
					<visible>!Skin.HasSetting(GuideShowInfo) + !skin.hastheme(classic)</visible>
				</control>
				
				<control type="image">
					<posy>270</posy>
					<posx>-10</posx>
					<width>1920</width>
					<height>1000</height>
					<texture>colors/color_white.png</texture>
					<colordiffuse>$VAR[panel_color]</colordiffuse>
					<aspectratio>stretch</aspectratio>
					<animation effect="fade" reversible="false" end="80" time="0" condition="StringCompare(Skin.String(ViewDetailsPanelOpacity),80)">Conditional</animation>
					<animation effect="fade" reversible="false" end="60" time="0" condition="StringCompare(Skin.String(ViewDetailsPanelOpacity),60)">Conditional</animation>
					<animation effect="fade" reversible="false" end="40" time="0" condition="StringCompare(Skin.String(ViewDetailsPanelOpacity),40)">Conditional</animation>
					<animation effect="fade" reversible="false" end="20" time="0" condition="StringCompare(Skin.String(ViewDetailsPanelOpacity),20)">Conditional</animation>
					<animation effect="fade" reversible="false" end="0" time="0" condition="StringCompare(Skin.String(ViewDetailsPanelOpacity),0)">Conditional</animation>
					<visible>Skin.HasSetting(GuideShowInfo) + !skin.hastheme(classic)</visible>
				</control>
				
				<control type="image">
					<posy>313</posy>
					<posx>50</posx>
					<width>350</width>
					<height>632</height>
					<texture border="0">guide_diffuse.png</texture>
					<aspectratio>stretch</aspectratio>
					<visible>skin.string(GuideRows, 10) + control.isvisible(10)</visible>
				</control>
				
				<control type="image">
					<posy>313</posy>
					<posx>50</posx>
					<width>450</width>
					<height>632</height>
					<texture border="0">guide_diffuse.png</texture>
					<aspectratio>stretch</aspectratio>
					<visible>!skin.string(GuideRows, 10) + control.isvisible(10)</visible>
				</control>
				
				
				<control type="image">
					<!--Seperator-->
					<posy>312</posy>
					<posx>-68</posx>
					<width>2040</width>
					<height>10</height>
					<align>left</align>
					<texture border="10">common/menu-separator.png</texture>
				</control>
				<control type="image">
					<!--Seperator-->
					<posy>947</posy>
					<posx>-68</posx>
					<width>2040</width>
					<height>10</height>
					<align>left</align>
					<texture border="10">common/menu-separator.png</texture>
				</control>
				
				<!-- info panel -->
				<control type="group">
					<posx>60</posx>
					<posy>965</posy>
					<visible>Skin.HasSetting(GuideShowInfo)</visible>
					<control type="image">
						<!--Icon-->
						<right>55</right>
						<posy>0</posy>
						<width>320</width>
						<height>160</height>
						<texture fallback="DefaultAddonTvInfo.png">$INFO[ListItem.Icon]</texture>
						<aspectratio align="right">keep</aspectratio>
					</control>
					<control type="label">
						<!--title-->
						<posx>0</posx>
						<posy>0</posy>
						<width>1460</width>
						<height>80</height>
						<font>Reg32</font>
						<textcolor>mainblue</textcolor>
						<info>ListItem.Label</info>
						<aligny>top</aligny>
					</control>
					<control type="label">
						<!--time,duration,genre-->
						<posx>0</posx>
						<posy>45</posy>
						<width>1460</width>
						<height>80</height>
						<font>Reg26</font>
						<textcolor>white</textcolor>
						<label>[COLOR=mainblue]$LOCALIZE[142][/COLOR] $INFO[ListItem.StartTime] - $INFO[ListItem.EndTime] - [COLOR=mainblue]$LOCALIZE[180]:[/COLOR] $INFO[ListItem.Duration] - [COLOR=mainblue]$LOCALIZE[515]:[/COLOR] $INFO[ListItem.Genre]</label>
						<aligny>top</aligny>
					</control>
					<control type="textbox">
						<!--Info Plot-->
						<posx>0</posx>
						<posy>85</posy>
						<height>125</height>
						<width>1460</width>
						<font>Reg32</font>
						<textcolor>white</textcolor>
						<label fallback="161">$INFO[ListItem.Plot]</label>
						<visible>skin.string(GuideRows, 7)</visible>
					</control>
					<control type="textbox">
						<!--Info Plot-->
						<posx>0</posx>
						<posy>85</posy>
						<height>125</height>
						<width>1460</width>
						<font>Reg28</font>
						<textcolor>white</textcolor>
						<label fallback="161">$INFO[ListItem.Plot]</label>
						<visible>!skin.string(GuideRows, 7)</visible>
					</control>
				</control>
			</control>
            
			<control type="group">
			<!-- timeline view ID=10-->
				<control type="epggrid" id="10">
				<viewtype label="19032">list</viewtype>
				<description>EPG Grid</description>
				<include>animation_view_change_pvr</include>
				<top>280</top>
				<height>668</height>
				<left>50</left>
				<width>1800</width>
				<pagecontrol>10</pagecontrol>
				<scrolltime>350</scrolltime>
				<timeblocks>40</timeblocks>
				<rulerunit>6</rulerunit>
				<onleft>9000</onleft>
				<include condition="!Skin.HasSetting(UseAltEpgProgress)">EpgProgressIndicatorNormal</include>
				<include condition="Skin.HasSetting(UseAltEpgProgress)">EpgProgressIndicatorAlt</include>
				<onleft>31</onleft>
				<onright>31</onright>
				<onup>10</onup>
				<ondown>10</ondown>
				<onback>9000</onback>
				<rulerlayout height="44" width="60" condition="skin.string(GuideRows, 10)">
					<!--Date, Time Top Line-->
					<control type="label" id="2">
						<!--Date, Time-->
						<posx>0</posx>
						<width>60</width>
						<height>44</height>
						<align>left</align>
						<posy>-10</posy>
						<font>Reg24</font>
						<textcolor>white</textcolor>
						<label>$INFO[ListItem.Label]</label>
					</control>
				</rulerlayout>
				<rulerlayout height="44" width="60" condition="!skin.string(GuideRows, 10)">
					<!--Date, Time Top Line-->
					<control type="label" id="2">
						<!--Date, Time-->
						<posx>0</posx>
						<width>60</width>
						<height>44</height>
						<align>left</align>
						<posy>-10</posy>
						<font>Reg28</font>
						<textcolor>white</textcolor>
						<label>$INFO[ListItem.Label]</label>
					</control>
				</rulerlayout>
				
				<channellayout height="63" width="350" condition="skin.string(GuideRows, 10)">
					<!--Channel left side UNFOCUS-->
					<animation effect="fade" end="80" time="200">UnFocus</animation>
					<control type="image">
						<!--Seperator-->
						<posy>-1</posy>
						<posx>0</posx>
						<width>350</width>
						<height>57</height>
						<align>left</align>
						<texture>common/button-nf.png</texture>
					</control>
					<control type="label">
						<!--Channel Nummber-->
						<posx>0</posx>
						<posy>0</posy>
						<width>80</width>
						<height>55</height>
						<font>Reg26</font>
						<align>center</align>
						<textcolor>lightgrey</textcolor>
						<selectedcolor>lightgrey</selectedcolor>
						<info>ListItem.ChannelNumberLabel</info>
					</control>
					<control type="label" id="1">
						<!--Channel Name-->
						<posx>85</posx>
						<posy>0</posy>
						<width>270</width>
						<height>55</height>
						<font>Reg26</font>
						<textcolor>lightgrey</textcolor>
						<selectedcolor>lightgrey</selectedcolor>
						<label>$INFO[ListItem.ChannelName]</label>
					</control>
				</channellayout>
				<focusedchannellayout height="63" width="350" condition="skin.string(GuideRows, 10)">
					<!--Channel left side FOCUS-->
					<animation effect="fade" end="80" time="200">OnFocus</animation>
					<animation effect="fade" end="80" time="200">UnFocus</animation>
					<control type="image">
						<!--Seperator-->
						<posy>-1</posy>
						<posx>0</posx>
						<width>350</width>
						<height>57</height>
						<align>left</align>
						<texture>common/button-nf.png</texture>
					</control>
					<control type="label">
						<!--Channel Nummber-->
						<posx>0</posx>
						<posy>0</posy>
						<width>80</width>
						<height>55</height>
						<font>Reg26</font>
						<align>center</align>
						<textcolor>white</textcolor>
						<selectedcolor>white</selectedcolor>
						<info>ListItem.ChannelNumberLabel</info>
					</control>
					<control type="label" id="1">
						<!--Channel Name-->
						<posx>85</posx>
						<posy>0</posy>
						<width>270</width>
						<height>55</height>
						<font>Reg26</font>
						<textcolor>white</textcolor>
						<selectedcolor>white</selectedcolor>
						<label>$INFO[ListItem.ChannelName]</label>
					</control>
				</focusedchannellayout>
				<itemlayout height="63" width="60" condition="skin.string(GuideRows, 10)">
					<!--EPG UNFOCUS-->
					<control type="image" id="14">
						<!--Button NF-->
						<posx>1</posx>
						<posy>0</posy>
						<width>50</width>
						<height>55</height>
						<texture>common/button-nf.png</texture>
						<visible>!Skin.HasSetting(ShowEpgGenreColors)</visible>
					</control>
					<control type="image" id="14">
						<!--Button NF-->
						<posx>1</posx>
						<posy>0</posy>
						<width>50</width>
						<height>55</height>
						<visible>Skin.HasSetting(ShowEpgGenreColors)</visible>
						<texture border="6">epg-genres/$INFO[ListItem.Property(GenreType)].png</texture>
					</control>
					<control type="label" id="1">
						<!--Channel Now Playing-->
						<animation effect="slide" start="0" end="40" time="0" reversible="false" condition="ListItem.IsRecording">Conditional</animation>
						<animation effect="slide" start="0" end="40" time="0" reversible="false" condition="ListItem.HasTimer + !ListItem.IsRecording">Conditional</animation>
						<posx>20</posx>
						<posy>0</posy>
						<width>0</width>
						<height>55</height>
						<font>Reg24</font>
						<aligny>center</aligny>
						<textoffsetx>0</textoffsetx>
						<textcolor>white</textcolor>
						<selectedcolor>white</selectedcolor>
						<label>$INFO[ListItem.Label]</label>
					</control>
					<control type="image">
						<!--Icon PVR Recording-->
						<posx>5</posx>
						<posy>3</posy>
						<width>50</width>
						<height>50</height>
						<texture>pvr/icons/pvr_record.png</texture>
						<visible>ListItem.IsRecording</visible>
						<aspectratio align="center" aligny="center">keep</aspectratio>
					</control>
					<control type="image">
						<!--Icon PVR Timer-->
						<posx>5</posx>
						<posy>0</posy>
						<width>50</width>
						<height>50</height>
						<texture>pvr/icons/pvr_record.png</texture>
						<visible>ListItem.HasTimer + !ListItem.IsRecording</visible>
						<aspectratio align="center" aligny="center">keep</aspectratio>
					</control>
				</itemlayout>
				<focusedlayout height="63" width="60" condition="skin.string(GuideRows, 10)">
					<!--EPG FOCUS-->
					<control type="image" id="14">
						<!--Button FO-->
						<posx>1</posx>
						<posy>0</posy>
						<width>50</width>
						<height>55</height>
						<texture colordiffuse="$INFO[Skin.String(ButtonFocusColor)]">colors/color_white.png</texture>
					</control>
					<control type="fadelabel" id="1">
						<!--Channel Now Playing-->
						<animation effect="slide" start="0" end="40" time="0" reversible="false" condition="ListItem.IsRecording">Conditional</animation>
						<animation effect="slide" start="0" end="40" time="0" reversible="false" condition="ListItem.HasTimer + !ListItem.IsRecording">Conditional</animation>
						<posx>20</posx>
						<posy>0</posy>
						<width>0</width>
						<height>55</height>
						<font>Reg24</font>
						<aligny>center</aligny>
						<textcolor>black</textcolor>
						<selectedcolor>black</selectedcolor>
						<label>$INFO[ListItem.Label]</label>
					</control>
					<control type="image">
						<!--Icon PVR Recording-->
						<posx>5</posx>
						<posy>3</posy>
						<width>50</width>
						<height>55</height>
						<texture>pvr/icons/pvr_record.png</texture>
						<visible>ListItem.IsRecording</visible>
						<aspectratio align="center" aligny="center">keep</aspectratio>
					</control>
					<control type="image">
						<!--Icon PVR Timer-->
						<posx>5</posx>
						<posy>0</posy>
						<width>50</width>
						<height>55</height>
						<texture>pvr/icons/pvr_timer.png</texture>
						<visible>ListItem.HasTimer + !ListItem.IsRecording</visible>
						<aspectratio align="center" aligny="center">keep</aspectratio>
					</control>
				</focusedlayout>
			
				<channellayout height="89" width="450" condition="skin.string(GuideRows, 7)">
                    <!--Channel left side UNFOCUS-->
                    <animation effect="fade" end="80" time="200">UnFocus</animation>
                    <control type="image">
						<!--Seperator-->
						<posy>0</posy>
						<posx>0</posx>
						<width>450</width>
						<height>80</height>
						<align>left</align>
						<texture>common/button-nf.png</texture>
					</control>
					
					<control type="label">
                        <!--Channel Nummber-->
                        <posx>5</posx>
                        <posy>0</posy>
                        <width>65</width>
                        <height>80</height>
                        <font>Reg31</font>
						<align>center</align>
                        <textcolor>lightgrey</textcolor>
                        <selectedcolor>lightgrey</selectedcolor>
                        <info>ListItem.ChannelNumberLabel</info>
                    </control>
                    <control type="image">
                        <!--Channel Icon-->
                        <posx>65</posx>
                        <posy>10</posy>
                        <width>100</width>
                        <height>60</height>
                        <texture>$INFO[ListItem.Icon]</texture>
						<aspectratio align="center" aligny="center">keep</aspectratio>
                    </control>
                    <control type="label" id="1">
                        <!--Channel Name-->
                        <posx>170</posx>
                        <posy>0</posy>
                        <width>275</width>
                        <height>80</height>
                        <font>Reg31</font>
                        <textcolor>lightgrey</textcolor>
                        <selectedcolor>lightgrey</selectedcolor>
                        <label>$INFO[ListItem.ChannelName]</label>
                    </control>
                </channellayout>
                <focusedchannellayout height="89" width="450" condition="skin.string(GuideRows, 7)">
                    <!--Channel left side FOCUS-->
                    <animation effect="fade" end="80" time="200">OnFocus</animation>
                    <animation effect="fade" end="80" time="200">UnFocus</animation>
                    <control type="image">
						<!--Seperator-->
						<posy>0</posy>
						<posx>0</posx>
						<width>450</width>
						<height>80</height>
						<align>left</align>
						<texture>common/button-nf.png</texture>
					</control>
					
					<control type="label">
                        <!--Channel Nummber-->
                        <posx>5</posx>
                        <posy>0</posy>
                        <width>65</width>
                        <height>80</height>
                        <font>Reg31</font>
						<align>center</align>
                        <textcolor>white</textcolor>
                        <selectedcolor>white</selectedcolor>
                        <info>ListItem.ChannelNumberLabel</info>
                    </control>
                    <control type="image">
                        <!--Channel Icon-->
                        <posx>65</posx>
                        <posy>10</posy>
                        <width>100</width>
                        <height>60</height>
                        <texture>$INFO[ListItem.Icon]</texture>
						<aspectratio align="center" aligny="center">keep</aspectratio>
                    </control>
                    <control type="label" id="1">
                        <!--Channel Name-->
                        <posx>170</posx>
                        <posy>0</posy>
                        <width>275</width>
                        <height>80</height>
                        <font>Reg31</font>
                        <textcolor>white</textcolor>
                        <selectedcolor>white</selectedcolor>
                        <label>$INFO[ListItem.ChannelName]</label>
                    </control>
                </focusedchannellayout>
                <itemlayout height="89" width="60" condition="skin.string(GuideRows, 7)">
                    <!--EPG UNFOCUS-->
                    <control type="image" id="14">
                        <!--Button NF-->
                        <posx>1</posx>
                        <posy>0</posy>
                        <width>50</width>
                        <height>80</height>
                        <texture>common/button-nf.png</texture>
						<visible>!Skin.HasSetting(ShowEpgGenreColors)</visible>
                    </control>
					<control type="image" id="14">
                        <!--Button NF-->
                        <posx>1</posx>
                        <posy>0</posy>
                        <width>50</width>
                        <height>80</height>
                        <visible>Skin.HasSetting(ShowEpgGenreColors)</visible>
						<texture border="6">epg-genres/$INFO[ListItem.Property(GenreType)].png</texture>
                    </control>
                    <control type="label" id="1">
                        <!--Channel Now Playing-->
                        <animation effect="slide" start="0" end="40" time="0" reversible="false" condition="ListItem.IsRecording">Conditional</animation>
                        <animation effect="slide" start="0" end="40" time="0" reversible="false" condition="ListItem.HasTimer + !ListItem.IsRecording">Conditional</animation>
                        <posx>20</posx>
                        <posy>0</posy>
                        <width>0</width>
                        <height>80</height>
                        <font>Reg31</font>
                        <aligny>center</aligny>
                        <textoffsetx>0</textoffsetx>
                        <textcolor>white</textcolor>
                        <selectedcolor>white</selectedcolor>
                        <label>$INFO[ListItem.Label]</label>
                    </control>
                    <control type="image">
                        <!--Icon PVR Recording-->
                        <posx>5</posx>
                        <posy>15</posy>
                        <width>50</width>
                        <height>50</height>
                        <texture>pvr/icons/pvr_record.png</texture>
                        <visible>ListItem.IsRecording</visible>
						<aspectratio align="center" aligny="center">keep</aspectratio>
                    </control>
                    <control type="image">
                        <!--Icon PVR Timer-->
                        <posx>5</posx>
                        <posy>15</posy>
                        <width>50</width>
                        <height>50</height>
                        <texture>pvr/icons/pvr_record.png</texture>
                        <visible>ListItem.HasTimer + !ListItem.IsRecording</visible>
						<aspectratio align="center" aligny="center">keep</aspectratio>
                    </control>
                </itemlayout>
                <focusedlayout height="89" width="60" condition="skin.string(GuideRows, 7)">
                    <!--EPG FOCUS-->
                    <control type="image" id="14">
                        <!--Button FO-->
                        <posx>1</posx>
                        <posy>0</posy>
                        <width>50</width>
                        <height>80</height>
                        <texture colordiffuse="$INFO[Skin.String(ButtonFocusColor)]">colors/color_white.png</texture>
                    </control>
                    <control type="fadelabel" id="1">
                        <!--Channel Now Playing-->
                        <animation effect="slide" start="0" end="40" time="0" reversible="false" condition="ListItem.IsRecording">Conditional</animation>
                        <animation effect="slide" start="0" end="40" time="0" reversible="false" condition="ListItem.HasTimer + !ListItem.IsRecording">Conditional</animation>
                        <posx>20</posx>
                        <posy>0</posy>
                        <width>0</width>
                        <height>80</height>
                        <font>Reg31</font>
                        <aligny>center</aligny>
                        <textcolor>black</textcolor>
                        <selectedcolor>black</selectedcolor>
                        <label>$INFO[ListItem.Label]</label>
                    </control>
                    <control type="image">
                        <!--Icon PVR Recording-->
                        <posx>5</posx>
                        <posy>15</posy>
                        <width>50</width>
                        <height>50</height>
                        <texture>pvr/icons/pvr_record.png</texture>
                        <visible>ListItem.IsRecording</visible>
						<aspectratio align="center" aligny="center">keep</aspectratio>
                    </control>
                    <control type="image">
                        <!--Icon PVR Timer-->
                        <posx>5</posx>
                        <posy>15</posy>
                        <width>50</width>
                        <height>50</height>
                        <texture>pvr/icons/pvr_timer.png</texture>
                        <visible>ListItem.HasTimer + !ListItem.IsRecording</visible>
						<aspectratio align="center" aligny="center">keep</aspectratio>
                    </control>
                </focusedlayout>
            
				<channellayout height="70" width="450" condition="skin.string(GuideRows, 9)">
                    <!--Channel left side UNFOCUS-->
                    <animation effect="fade" end="80" time="200">UnFocus</animation>
                    <control type="image">
						<!--Seperator-->
						<posy>0</posy>
						<posx>0</posx>
						<width>450</width>
						<height>65</height>
						<align>left</align>
						<texture>common/button-nf.png</texture>
					</control>
					
					<control type="label">
                        <!--Channel Nummber-->
                        <posx>5</posx>
                        <posy>0</posy>
                        <width>65</width>
                        <height>65</height>
                        <font>Reg26</font>
						<align>center</align>
                        <textcolor>lightgrey</textcolor>
                        <selectedcolor>lightgrey</selectedcolor>
                        <info>ListItem.ChannelNumberLabel</info>
                    </control>
                    <control type="image">
                        <!--Channel Icon-->
                        <posx>65</posx>
                        <posy>10</posy>
                        <width>100</width>
                        <height>50</height>
                        <texture>$INFO[ListItem.Icon]</texture>
						<aspectratio align="center" aligny="center">keep</aspectratio>
                    </control>
                    <control type="label" id="1">
                        <!--Channel Name-->
                        <posx>170</posx>
                        <posy>0</posy>
                        <width>275</width>
                        <height>65</height>
                        <font>Reg27</font>
                        <textcolor>lightgrey</textcolor>
                        <selectedcolor>lightgrey</selectedcolor>
                        <label>$INFO[ListItem.ChannelName]</label>
                    </control>
                </channellayout>
                <focusedchannellayout height="70" width="450" condition="skin.string(GuideRows, 9)">
                    <!--Channel left side FOCUS-->
                    <animation effect="fade" end="80" time="200">OnFocus</animation>
                    <animation effect="fade" end="80" time="200">UnFocus</animation>
                    <control type="image">
						<!--Seperator-->
						<posy>0</posy>
						<posx>0</posx>
						<width>450</width>
						<height>65</height>
						<align>left</align>
						<texture>common/button-nf.png</texture>
					</control>
					<control type="label">
                        <!--Channel Nummber-->
                        <posx>5</posx>
                        <posy>0</posy>
                        <width>65</width>
                        <height>65</height>
                        <font>Reg26</font>
						<align>center</align>
                        <textcolor>white</textcolor>
                        <selectedcolor>white</selectedcolor>
                        <info>ListItem.ChannelNumberLabel</info>
                    </control>
                    <control type="image">
                        <!--Channel Icon-->
                        <posx>65</posx>
                        <posy>10</posy>
                        <width>100</width>
                        <height>50</height>
                        <texture>$INFO[ListItem.Icon]</texture>
						<aspectratio align="center" aligny="center">keep</aspectratio>
                    </control>
                    <control type="label" id="1">
                        <!--Channel Name-->
                        <posx>170</posx>
                        <posy>0</posy>
                        <width>275</width>
                        <height>65</height>
                        <font>Reg27</font>
                        <textcolor>white</textcolor>
                        <selectedcolor>white</selectedcolor>
                        <label>$INFO[ListItem.ChannelName]</label>
                    </control>
                </focusedchannellayout>
                <itemlayout height="70" width="60" condition="skin.string(GuideRows, 9)">
                    <!--EPG UNFOCUS-->
                    <control type="image" id="14">
                        <!--Button NF-->
                        <posx>1</posx>
                        <posy>0</posy>
                        <width>50</width>
                        <height>65</height>
                        <texture>common/button-nf.png</texture>
						<visible>!Skin.HasSetting(ShowEpgGenreColors)</visible>
                    </control>
					<control type="image" id="14">
                        <!--Button NF-->
                        <posx>1</posx>
                        <posy>0</posy>
                        <width>50</width>
                        <height>65</height>
                        <visible>Skin.HasSetting(ShowEpgGenreColors)</visible>
						<texture border="6">epg-genres/$INFO[ListItem.Property(GenreType)].png</texture>
                    </control>
                    <control type="label" id="1">
                        <!--Channel Now Playing-->
                        <animation effect="slide" start="0" end="40" time="0" reversible="false" condition="ListItem.IsRecording">Conditional</animation>
                        <animation effect="slide" start="0" end="40" time="0" reversible="false" condition="ListItem.HasTimer + !ListItem.IsRecording">Conditional</animation>
                        <posx>20</posx>
                        <posy>0</posy>
                        <width>0</width>
                        <height>65</height>
                        <font>Reg24</font>
                        <aligny>center</aligny>
                        <textoffsetx>0</textoffsetx>
                        <textcolor>white</textcolor>
                        <selectedcolor>white</selectedcolor>
                        <label>$INFO[ListItem.Label]</label>
                    </control>
                    <control type="image">
                        <!--Icon PVR Recording-->
                        <posx>5</posx>
                        <posy>10</posy>
                        <width>50</width>
                        <height>50</height>
                        <texture>pvr/icons/pvr_record.png</texture>
                        <visible>ListItem.IsRecording</visible>
						<aspectratio align="center" aligny="center">keep</aspectratio>
                    </control>
                    <control type="image">
                        <!--Icon PVR Timer-->
                        <posx>5</posx>
                        <posy>10</posy>
                        <width>50</width>
                        <height>50</height>
                        <texture>pvr/icons/pvr_record.png</texture>
                        <visible>ListItem.HasTimer + !ListItem.IsRecording</visible>
						<aspectratio align="center" aligny="center">keep</aspectratio>
                    </control>
                </itemlayout>
                <focusedlayout height="70" width="60" condition="skin.string(GuideRows, 9)">
                    <!--EPG FOCUS-->
                    <control type="image" id="14">
                        <!--Button FO-->
                        <posx>1</posx>
                        <posy>0</posy>
                        <width>50</width>
                        <height>65</height>
                        <texture colordiffuse="$INFO[Skin.String(ButtonFocusColor)]">colors/color_white.png</texture>
                    </control>
                    <control type="fadelabel" id="1">
                        <!--Channel Now Playing-->
                        <animation effect="slide" start="0" end="40" time="0" reversible="false" condition="ListItem.IsRecording">Conditional</animation>
                        <animation effect="slide" start="0" end="40" time="0" reversible="false" condition="ListItem.HasTimer + !ListItem.IsRecording">Conditional</animation>
                        <posx>20</posx>
                        <posy>0</posy>
                        <width>0</width>
                        <height>65</height>
                        <font>Reg24</font>
                        <aligny>center</aligny>
                        <textcolor>black</textcolor>
                        <selectedcolor>black</selectedcolor>
                        <label>$INFO[ListItem.Label]</label>
                    </control>
                    <control type="image">
                        <!--Icon PVR Recording-->
                        <posx>5</posx>
                        <posy>10</posy>
                        <width>50</width>
                        <height>50</height>
                        <texture>pvr/icons/pvr_record.png</texture>
                        <visible>ListItem.IsRecording</visible>
						<aspectratio align="center" aligny="center">keep</aspectratio>
                    </control>
                    <control type="image">
                        <!--Icon PVR Timer-->
                        <posx>5</posx>
                        <posy>10</posy>
                        <width>50</width>
                        <height>50</height>
                        <texture>pvr/icons/pvr_timer.png</texture>
                        <visible>ListItem.HasTimer + !ListItem.IsRecording</visible>
						<aspectratio align="center" aligny="center">keep</aspectratio>
                    </control>
                </focusedlayout>
            
			
			</control>
				
				<!-- now view ID=11-->
				<control type="list" id="11">
					<!--List ID=16-->
					<viewtype label="19030">list</viewtype>
					<include>animation_view_change_pvr</include>
					<top>310</top>
					<height>640</height>
					<left>50</left>
					<width>1800</width>
					<onup>11</onup>
					<ondown>11</ondown>
					<onleft>9000</onleft>
					<onright>161</onright>
					<pagecontrol>161</pagecontrol>
					<scrolltime>200</scrolltime>
					<itemlayout height="80">
						<control type="label">
							<!--Time-->
							<posx>10</posx>
							<posy>0</posy>
							<width>150</width>
							<height>80</height>
							<font>Reg27</font>
							<textcolor>white</textcolor>
							<info>ListItem.StartTime</info>
						</control>
						<control type="label">
							<!--Channel Number-->
							<posx>150</posx>
							<posy>0</posy>
							<width>80</width>
							<height>80</height>
							<font>Reg27</font>
							<textcolor>white</textcolor>
							<info>ListItem.ChannelNumberLabel</info>
						</control>
						<control type="image">
							<!--Icon-->
							<posx>205</posx>
							<posy>17</posy>
							<width>45</width>
							<height>45</height>
							<info>ListItem.Icon</info>
						</control>
						<control type="label">
							<!--Channel Name-->
							<posx>305</posx>
							<posy>0</posy>
							<width>400</width>
							<height>80</height>
							<font>Reg28</font>
							<textcolor>white</textcolor>
							<info>ListItem.ChannelName</info>
						</control>
						<control type="label">
							<!--Current Play-->
							<posx>625</posx>
							<posy>0</posy>
							<width>600</width>
							<height>80</height>
							<font>Reg28</font>
							<textcolor>white</textcolor>
							<info>ListItem.Label</info>
						</control>
						<control type="image">
							<!--REC Icon-->
							<posx>1370</posx>
							<posy>8</posy>
							<width>64</width>
							<height>64</height>
							<texture>pvr/icons/pvr_record.png</texture>
							<visible>ListItem.IsRecording</visible>
							<aspectratio align="center" aligny="center">keep</aspectratio>
						</control>
						<control type="label">
							<!--REC Label-->
							<posx>1450</posx>
							<posy>0</posy>
							<width>200</width>
							<height>80</height>
							<font>Reg28</font>
							<textcolor>red</textcolor>
							<label>31083</label>
							<visible>ListItem.IsRecording</visible>
						</control>
						<control type="image">
							<!--TIME Icon-->
							<posx>1370</posx>
							<posy>8</posy>
							<width>64</width>
							<height>64</height>
							<texture>pvr/icons/pvr_timer.png</texture>
							<visible>ListItem.HasTimer + !ListItem.IsRecording</visible>
							<aspectratio align="center" aligny="center">keep</aspectratio>
						</control>
						<control type="label">
							<!--TIME Label-->
							<posx>1450</posx>
							<posy>0</posy>
							<width>200</width>
							<height>80</height>
							<font>Reg28</font>
							<textcolor>green</textcolor>
							<label>31084</label>
							<visible>ListItem.HasTimer</visible>
						</control>
						<control type="image">
							<!--Separator-->
							<posx>15</posx>
							<posy>80</posy>
							<width>1800</width>
							<height>20</height>
							<fadetime>400</fadetime>
							<colordiffuse>list_separator</colordiffuse>
							<texture>common/separator.png</texture>
						</control>
					</itemlayout>
					<focusedlayout height="80">
						<control type="image">
							<!--Slide-->
							<posx>0</posx>
							<posy>0</posy>
							<width>1800</width>
							<height>80</height>
							<texture colordiffuse="$INFO[Skin.String(ButtonFocusColor)]">colors/color_white.png</texture>
						</control>
						<control type="label">
							<!--Time-->
							<posx>10</posx>
							<posy>0</posy>
							<width>150</width>
							<height>80</height>
							<font>Reg27</font>
							<textcolor>black</textcolor>
							<info>ListItem.StartTime</info>
						</control>
						<control type="label">
							<!--Channel Number-->
							<posx>150</posx>
							<posy>0</posy>
							<width>80</width>
							<height>80</height>
							<font>Reg27</font>
							<textcolor>black</textcolor>
							<info>ListItem.ChannelNumberLabel</info>
						</control>
						<control type="image">
							<!--Icon-->
							<posx>205</posx>
							<posy>17</posy>
							<width>45</width>
							<height>45</height>
							<info>ListItem.Icon</info>
						</control>
						<control type="label">
							<!--Channel Name-->
							<posx>305</posx>
							<posy>0</posy>
							<width>400</width>
							<height>80</height>
							<font>Reg28</font>
							<textcolor>black</textcolor>
							<info>ListItem.ChannelName</info>
						</control>
						<control type="label">
							<!--Current Play-->
							<posx>625</posx>
							<posy>0</posy>
							<width>600</width>
							<height>80</height>
							<font>Reg28</font>
							<textcolor>black</textcolor>
							<info>ListItem.Label</info>
						</control>
						<control type="image">
							<!--REC Icon-->
							<posx>1370</posx>
							<posy>8</posy>
							<width>64</width>
							<height>64</height>
							<texture>pvr/icons/pvr_record.png</texture>
							<visible>ListItem.IsRecording</visible>
							<aspectratio align="center" aligny="center">keep</aspectratio>
						</control>
						<control type="label">
							<!--REC Label-->
							<posx>1450</posx>
							<posy>0</posy>
							<width>200</width>
							<height>80</height>
							<font>Reg28</font>
							<textcolor>red</textcolor>
							<label>31083</label>
							<visible>ListItem.IsRecording</visible>
						</control>
						<control type="image">
							<!--TIME Icon-->
							<posx>1370</posx>
							<posy>8</posy>
							<width>64</width>
							<height>64</height>
							<texture>pvr/icons/pvr_timer.png</texture>
							<visible>ListItem.HasTimer + !ListItem.IsRecording</visible>
							<aspectratio align="center" aligny="center">keep</aspectratio>
						</control>
						<control type="label">
							<!--TIME Label-->
							<posx>1450</posx>
							<posy>0</posy>
							<width>200</width>
							<height>80</height>
							<font>Reg28</font>
							<textcolor>green</textcolor>
							<label>31084</label>
							<visible>ListItem.HasTimer</visible>
						</control>
						<control type="image">
							<!--Separator-->
							<posx>15</posx>
							<posy>80</posy>
							<width>2000</width>
							<height>20</height>
							<fadetime>400</fadetime>
							<colordiffuse>list_separator</colordiffuse>
							<texture>common/separator.png</texture>
						</control>
					</focusedlayout>
				</control>
				
				<!-- next view ID=12-->
				<control type="list" id="12">
					<!--List ID=16-->
					<viewtype label="19031">list</viewtype>
					<include>animation_view_change_pvr</include>
					<top>310</top>
					<height>640</height>
					<left>50</left>
					<width>1800</width>
					<onup>11</onup>
					<ondown>11</ondown>
					<onleft>9000</onleft>
					<onright>62</onright>
					<pagecontrol>62</pagecontrol>
					<scrolltime>200</scrolltime>
					<itemlayout height="80">
						<control type="label">
							<!--Time-->
							<posx>10</posx>
							<posy>0</posy>
							<width>150</width>
							<height>80</height>
							<font>Reg27</font>
							<textcolor>white</textcolor>
							<info>ListItem.StartTime</info>
						</control>
						<control type="label">
							<!--Channel Number-->
							<posx>150</posx>
							<posy>0</posy>
							<width>80</width>
							<height>80</height>
							<font>Reg27</font>
							<textcolor>white</textcolor>
							<info>ListItem.ChannelNumberLabel</info>
						</control>
						<control type="image">
							<!--Icon-->
							<posx>205</posx>
							<posy>17</posy>
							<width>45</width>
							<height>45</height>
							<info>ListItem.Icon</info>
						</control>
						<control type="label">
							<!--Channel Name-->
							<posx>305</posx>
							<posy>0</posy>
							<width>400</width>
							<height>80</height>
							<font>Reg28</font>
							<textcolor>white</textcolor>
							<info>ListItem.ChannelName</info>
						</control>
						<control type="label">
							<!--Current Play-->
							<posx>625</posx>
							<posy>0</posy>
							<width>600</width>
							<height>80</height>
							<font>Reg28</font>
							<textcolor>white</textcolor>
							<info>ListItem.Label</info>
						</control>
						<control type="image">
							<!--REC Icon-->
							<posx>1370</posx>
							<posy>8</posy>
							<width>64</width>
							<height>64</height>
							<texture>pvr/icons/pvr_record.png</texture>
							<visible>ListItem.IsRecording</visible>
							<aspectratio align="center" aligny="center">keep</aspectratio>
						</control>
						<control type="label">
							<!--REC Label-->
							<posx>1450</posx>
							<posy>0</posy>
							<width>200</width>
							<height>80</height>
							<font>Reg28</font>
							<textcolor>red</textcolor>
							<label>31083</label>
							<visible>ListItem.IsRecording</visible>
						</control>
						<control type="image">
							<!--TIME Icon-->
							<posx>1370</posx>
							<posy>8</posy>
							<width>64</width>
							<height>64</height>
							<texture>pvr/icons/pvr_timer.png</texture>
							<visible>ListItem.HasTimer + !ListItem.IsRecording</visible>
							<aspectratio align="center" aligny="center">keep</aspectratio>
						</control>
						<control type="label">
							<!--TIME Label-->
							<posx>1450</posx>
							<posy>0</posy>
							<width>200</width>
							<height>80</height>
							<font>Reg28</font>
							<textcolor>green</textcolor>
							<label>31084</label>
							<visible>ListItem.HasTimer</visible>
						</control>
						<control type="image">
							<!--Separator-->
							<posx>15</posx>
							<posy>80</posy>
							<width>1800</width>
							<height>20</height>
							<fadetime>400</fadetime>
							<colordiffuse>list_separator</colordiffuse>
							<texture>common/separator.png</texture>
						</control>
					</itemlayout>
					<focusedlayout height="80">
						<control type="image">
							<!--Slide-->
							<posx>0</posx>
							<posy>0</posy>
							<width>1800</width>
							<height>80</height>
							<texture colordiffuse="$INFO[Skin.String(ButtonFocusColor)]">colors/color_white.png</texture>
						</control>
						<control type="label">
							<!--Time-->
							<posx>10</posx>
							<posy>0</posy>
							<width>150</width>
							<height>80</height>
							<font>Reg27</font>
							<textcolor>black</textcolor>
							<info>ListItem.StartTime</info>
						</control>
						<control type="label">
							<!--Channel Number-->
							<posx>150</posx>
							<posy>0</posy>
							<width>80</width>
							<height>80</height>
							<font>Reg27</font>
							<textcolor>black</textcolor>
							<info>ListItem.ChannelNumberLabel</info>
						</control>
						<control type="image">
							<!--Icon-->
							<posx>205</posx>
							<posy>17</posy>
							<width>45</width>
							<height>45</height>
							<info>ListItem.Icon</info>
						</control>
						<control type="label">
							<!--Channel Name-->
							<posx>305</posx>
							<posy>0</posy>
							<width>400</width>
							<height>80</height>
							<font>Reg28</font>
							<textcolor>black</textcolor>
							<info>ListItem.ChannelName</info>
						</control>
						<control type="label">
							<!--Current Play-->
							<posx>625</posx>
							<posy>0</posy>
							<width>600</width>
							<height>80</height>
							<font>Reg28</font>
							<textcolor>black</textcolor>
							<info>ListItem.Label</info>
						</control>
						<control type="image">
							<!--REC Icon-->
							<posx>1370</posx>
							<posy>8</posy>
							<width>64</width>
							<height>64</height>
							<texture>pvr/icons/pvr_record.png</texture>
							<visible>ListItem.IsRecording</visible>
							<aspectratio align="center" aligny="center">keep</aspectratio>
						</control>
						<control type="label">
							<!--REC Label-->
							<posx>1450</posx>
							<posy>0</posy>
							<width>200</width>
							<height>80</height>
							<font>Reg28</font>
							<textcolor>red</textcolor>
							<label>31083</label>
							<visible>ListItem.IsRecording</visible>
						</control>
						<control type="image">
							<!--TIME Icon-->
							<posx>1370</posx>
							<posy>8</posy>
							<width>64</width>
							<height>64</height>
							<texture>pvr/icons/pvr_timer.png</texture>
							<visible>ListItem.HasTimer + !ListItem.IsRecording</visible>
							<aspectratio align="center" aligny="center">keep</aspectratio>
						</control>
						<control type="label">
							<!--TIME Label-->
							<posx>1450</posx>
							<posy>0</posy>
							<width>200</width>
							<height>80</height>
							<font>Reg28</font>
							<textcolor>green</textcolor>
							<label>31084</label>
							<visible>ListItem.HasTimer</visible>
						</control>
						<control type="image">
							<!--Separator-->
							<posx>15</posx>
							<posy>80</posy>
							<width>2000</width>
							<height>20</height>
							<fadetime>400</fadetime>
							<colordiffuse>list_separator</colordiffuse>
							<texture>common/separator.png</texture>
						</control>
					</focusedlayout>
				</control>

				<!--vertical Scollbar-->
				<control type="scrollbar" id="161">
					<visible>Control.IsVisible(11)</visible>
					<right>15</right>
					<posy>310</posy>
					<width>25</width>
					<height>650</height>
					<onup>161</onup>
					<ondown>161</ondown>
					<onleft>11</onleft>
					<animation effect="fade" start="0" end="100" time="400" condition="Control.HasFocus(161) | Skin.HasSetting(EnableTouchSupport)">Conditional</animation>
					<animation effect="fade" start="100" end="0" time="400" condition="![Control.HasFocus(161) | Skin.HasSetting(EnableTouchSupport)]">Conditional</animation>
				</control>
				
				<!--vertical Scollbar-->
				<control type="scrollbar" id="62">
					<visible>Control.IsVisible(12)</visible>
					<right>15</right>
					<posy>310</posy>
					<width>25</width>
					<height>650</height>
					<onup>62</onup>
					<ondown>62</ondown>
					<onleft>12</onleft>
					<animation effect="fade" start="0" end="100" time="400" condition="Control.HasFocus(62) | Skin.HasSetting(EnableTouchSupport)">Conditional</animation>
					<animation effect="fade" start="100" end="0" time="400" condition="![Control.HasFocus(62) | Skin.HasSetting(EnableTouchSupport)]">Conditional</animation>
				</control>
				
			</control>
	   </control>
    
		<!--Sub Menu-->
        <include>SubMenuTabLeft</include>
		<include>SubMenuTabTop</include>
		<include>PVRsideblade</include>
		
		<!--NowPlaying-->
        <include condition="Skin.HasTheme(classic)">NowPlayingMusicClassic</include>
        <include condition="Skin.HasTheme(classic)">NowPlayingVideoClassic</include>
	</controls>
</window>