<?xml version="1.0" encoding="utf-8"?>
<!--Titan-->
<window id="6">
    <defaultcontrol always="true">50</defaultcontrol>
    <allowoverlay>yes</allowoverlay>
    <views>50</views>
	<backgroundcolor>0</backgroundcolor>
	<onunload>ClearProperty(ShowViewSubMenu, Home)</onunload>
	<include>animation_window_open_close</include>
    <controls>
        <!--Global Background-->
        <include>GlobalBackground</include>
        <!--Hidden Button-->
        <control type="radiobutton" id="19">
            <description>Filter (hidden)</description>
            <include>HiddenButton</include>
        </control>
        <!--Views-->
        <include>View_50_List</include>
        <!--Sub Menu Tab Left-->
        <include>SubMenuTabLeft</include>
        <!--Sub Menu-->
        <control type="group">
            <include condition="skin.hastheme(classic)">SideBladeClassic</include>
			<include condition="!skin.hastheme(classic)">SideBladeModern</include>
           <!--Grouplist 9000-->
            <control type="grouplist" id="9000">
                <posx>21</posx>
                <posy>190</posy>
                <width>458</width>
                <height>750</height>
                <itemgap>3</itemgap>
                <onleft>50</onleft>
                <onright>50</onright>
				<visible>!Skin.HasSetting(KioskMode.Enabled)</visible>
				<onright>ClearProperty(ShowViewSubMenu, Home)</onright>
				<onleft>ClearProperty(ShowViewSubMenu, Home)</onleft>
				<onback>ClearProperty(ShowViewSubMenu, Home)</onback>
                <onup>9000</onup>
                <ondown>9000</ondown>
                <orientation>vertical</orientation>
                <!--Buttons-->
                <control type="label" id="200">
                    <!--Label Menu-->
                    <width>458</width>
                    <align>left</align>
                    <textoffsetx>50</textoffsetx>
                    <font>Bold40</font>
                    <textcolor>$VAR[ThemeFontColorBlack]</textcolor>
                    <label>$LOCALIZE[33061]:</label>
					<visible>skin.hastheme(classic)</visible>
                </control>
                <control type="image" id="201">
                    <!--Seperator-->
                    <width>458</width>
                    <height>10</height>
                    <align>left</align>
                    <texture>common/menu-separator.png</texture>
					<visible>skin.hastheme(classic)</visible>
                </control>
                <control type="button" id="3">
                    <!--Button Sort-->
                    <include>SubMenuButton</include>
                    <align>left</align>
                </control>
                <control type="togglebutton" id="4">
                    <!--Ascending-->
                    <label>584</label>
                    <altlabel>585</altlabel>
                    <include>SubMenuButton</include>
                    <align>left</align>
                </control>
                <control type="radiobutton" id="20">
                    <!--Shuffle-->
                    <label>191</label>
                    <include>SubMenuButton</include>
                    <align>left</align>
                </control>
                <control type="button" id="21">
                    <!--Save-->
                    <label>190</label>
                    <include>SubMenuButton</include>
                    <align>left</align>
                </control>
                <control type="button" id="22">
                    <!--Clear-->
                    <label>192</label>
                    <include>SubMenuButton</include>
                    <align>left</align>
                </control>
                <control type="button" id="23">
                    <!--Play-->
                    <label>208</label>
                    <include>SubMenuButton</include>
                    <align>left</align>
                </control>
                <control type="label" id="300">
                    <!--View:-->
                    <width>458</width>
                    <align>left</align>
                    <textoffsetx>50</textoffsetx>
                    <font>Light40</font>
                    <textcolor>mainblue</textcolor>
                    <label>$LOCALIZE[457]</label>
                </control>
                <control type="image" id="301">
                    <!--Seperator-->
                    <width>458</width>
                    <height>20</height>
                    <align>left</align>
                    <texture>common/menu-separator.png</texture>
                </control>
                <control type="button" id="302">
                    <!--View List-->
                    <include>SubMenuButton</include>
                    <label>535</label>
                    <onclick>Container.SetViewMode(50)</onclick>
                </control>
            </control>
        </control>
    </controls>
</window>