<?xml version="1.0" encoding="utf-8"?>
<!--Titan-->
<window id="2600">
    <defaultcontrol always="true">50</defaultcontrol>
    <allowoverlay>yes</allowoverlay>
	<backgroundcolor>0</backgroundcolor>
	<onunload>ClearProperty(ShowViewSubMenu, Home)</onunload>
	<onload condition="Skin.HasSetting(EnableWeatherNotifications)">XBMC.RunScript(script.titanskin.helpers,CHECKNOTIFICATIONS,weather)</onload>
    <controls>
        <!--Global Background-->
        <include>GlobalBackground</include>
		<!--Header-->
        <include>Header</include>
		
		<!--NowPlaying-->
        <include condition="Skin.HasTheme(classic)">NowPlayingMusicClassic</include>
        <include condition="Skin.HasTheme(classic)">NowPlayingVideoClassic</include>
		<include condition="!Skin.HasTheme(classic)">NowPlayingModern</include>
       
		 <!--Time & Weather-->
        <include>TimeInfo</include>
        
		<!-- weather View -->
		<include condition="IsEmpty(Window.Property(Daily.IsFetched))">SimpleWeather</include>
		<include condition="!IsEmpty(Window.Property(Daily.IsFetched))">ExtendedWeather</include>
		
		
        <!--Sub Menu Tab Left-->
        <include>SubMenuTabLeft</include>
        <!--Sub Menu-->
        <control type="group">
            <include condition="skin.hastheme(classic)">SideBladeClassic</include>
			<include condition="!skin.hastheme(classic)">SideBladeModern</include>
            <!--Grouplist 9000-->
            <control type="grouplist" id="9000">
                <posx>21</posx>
                <posy>190</posy>
                <width>458</width>
                <height>750</height>
                <itemgap>3</itemgap>
                <onleft>50</onleft>
                <onright>50</onright>
				<visible>!Skin.HasSetting(KioskMode.Enabled)</visible>
				<onright>ClearProperty(ShowViewSubMenu, Home)</onright>
				<onleft>ClearProperty(ShowViewSubMenu, Home)</onleft>
				<onback>ClearProperty(ShowViewSubMenu, Home)</onback>
                <onup>9000</onup>
                <ondown>9000</ondown>
                <orientation>vertical</orientation>
                <!--Buttons-->
                <control type="label" id="200">
                    <!--Label Menu-->
                    <width>458</width>
                    <align>left</align>
                    <textoffsetx>50</textoffsetx>
                    <font>Bold40</font>
                    <textcolor>$VAR[ThemeFontColorBlack]</textcolor>
                    <label>$LOCALIZE[33061]:</label>
					<visible>skin.hastheme(classic)</visible>
                </control>
                <control type="image" id="201">
                    <!--Seperator-->
                    <width>458</width>
                    <height>10</height>
                    <align>left</align>
                    <texture>common/menu-separator.png</texture>
					<visible>skin.hastheme(classic)</visible>
                </control>
                <control type="button" id="2">
                    <!--Refresh-->
                    <description>Refresh</description>
                    <label>184</label>
                    <include>SubMenuButton</include>
                </control>
                <control type="button" id="4">
                    <!--Settings-->
                    <description>Settings</description>
                    <label>5</label>
                    <onclick>ActivateWindow(weathersettings)</onclick>
                    <include>SubMenuButton</include>
                </control>
                <control type="spincontrolex" id="3">
                    <!--Location Select-->
                    <description>Location Select</description>
                    <font>-</font>
                    <width>485</width>
                    <align>left</align>
                    <textcolor>-</textcolor>
                    <focusedcolor>-</focusedcolor>
                    <disabledcolor>-</disabledcolor>
                    <pulseonselect>false</pulseonselect>
                    <texturefocus colordiffuse="$INFO[Skin.String(ButtonFocusColor)]">colors/color_white.png</texturefocus>
                    <texturenofocus>-</texturenofocus>
					<textoffsety>50</textoffsety>
                </control>
				
				<control type="button" id="1224">
                    <!--Icons-->
                    <description>Iconpack</description>
                    <label>31063</label>
                    <onclick condition="skin.string(WeatherIconPack, set1)">Skin.SetString(WeatherIconPack, set2)</onclick>
					<onclick condition="skin.string(WeatherIconPack, set2)">Skin.SetString(WeatherIconPack, set3)</onclick>
					<onclick condition="skin.string(WeatherIconPack, set3)">Skin.SetString(WeatherIconPack, set1)</onclick>
                    <include>SubMenuButton</include>
                </control>


            </control>
            <control type="label">
                <!--Location Label UnFocus-->
                <visible>!ControlGroup(9000).HasFocus(3)</visible>
                <description>Location Label</description>
                <posx>21</posx>
                <posy>315</posy>
                <width>458</width>
				<font>Light32</font>
                <textcolor>$VAR[ThemeFontColorBlack]</textcolor>
                <label>$INFO[Control.GetLabel(3)]</label>
                <textoffsetx>40</textoffsetx>
				<animation effect="slide" end="0,76" time="0" condition="skin.hastheme(classic)">Conditional</animation>
            </control>
            <control type="label">
                <!--Location Label Focus-->
                <visible>ControlGroup(9000).HasFocus(3)</visible>
                <description>Location Label</description>
                <posx>21</posx>
                <posy>315</posy>
                <width>458</width>
                <textcolor>black</textcolor>
				<font>Light32</font>
                <label>$INFO[Control.GetLabel(3)]</label>
                <textoffsetx>40</textoffsetx>
				<animation effect="slide" end="0,76" time="0" condition="skin.hastheme(classic)">Conditional</animation>
            </control>
        </control>
    </controls>
</window>