<?xml version="1.0" encoding="utf-8"?>
<!--Titan-->
<window type="dialog">
    <defaultcontrol always="true">1</defaultcontrol>
    <controls>
        <!--Dialog Overlay-->
		<control type="group">
			<visible>!Window.IsActive(VideoFullScreen.xml)</visible>
			<include>DialogOverlayExtra</include>
			<animation effect="fade" time="250" start="0" end="100" reversible="false">WindowOpen</animation>
        </control>
		
        <!--Dialog PVR Guid Info-->
        <control type="group">
            <visible>!Window.IsVisible(yesnodialog)</visible>
			<animation type="WindowOpen">
				<effect type="slide" start="1200" end="0" time="250" tween="cubic" easing="inout" />
			</animation>
			<animation type="WindowClose">
				<effect type="slide" start="0" end="1200" time="250" tween="cubic" easing="inout" />
			</animation>
             <!--Panel-->
            <control type="image">
                <posx>630</posx>
                <posy>0</posy>
                <width>1290</width>
                <height>1080</height>
				<texture>colors/color_white.png</texture>
				<animation effect="fade" end="99" time="0" condition="true">Conditional</animation>
				<colordiffuse>$VAR[panel_color]</colordiffuse>
				<visible>!skin.hastheme(classic)</visible>
            </control>
			<control type="image">
                <posx>600</posx>
                <posy>-60</posy>
                <width>1500</width>
                <height>1240</height>
                <texture border="39">dialogs/default/bg.png</texture>
				<colordiffuse>grey</colordiffuse>
				<visible>skin.hastheme(classic)</visible>
            </control>
			<!-- close dialog -->
			<control type="button">
				<label></label>
				<include>animation_fade_visible_hidden</include>
				<width>60</width>
				<height>60</height>
				<right>60</right>
                <posy>40</posy>
				<font>-</font>
				<texturefocus colordiffuse="white">touchcontrols/icon_close.png</texturefocus>
				<texturenofocus colordiffuse="bbwhite">touchcontrols/icon_close.png</texturenofocus>
				<aspectratio aligny="bottom">keep</aspectratio>
				<onclick>back</onclick>
				<visible>Skin.HasSetting(EnableTouchSupport)</visible>
			</control>
            <!--Header-->
            <control type="label">
                <description>Heading</description>
                <posx>700</posx>
                <posy>10</posy>
                <width>1200</width>
				<font>Bold45</font>
				<shadowcolor>black</shadowcolor>
                <label>31137</label>
                <height>100</height>
                <align>left</align>
            </control>
			<!-- program title -->
			
			<control type="grouplist">
				<orientation>horizontal</orientation>
				<posx>700</posx>
				<posy>150</posy>
				<width>1200</width>
				<height>50</height>
				<control type="label" id="20">
					<width>auto</width>
					<font>Reg36</font>
					<aligny>bottom</aligny>
					<height>50</height>
					<label>$INFO[ListItem.Title]</label>
					<textcolor>aawhite</textcolor>
				</control>
			</control>
			
			<control type="button" id="22">
				  <description>hidden button needed for nextpvr</description>
				  <visible>false</visible>
			</control>
			
            <control type="group">
                <posx>680</posx>
                <posy>220</posy>
                <control type="image">
                    <posx>0</posx>
                    <posy>0</posy>
                    <width>1200</width>
                    <height>700</height>
                    <texture border="5">dialogs/default/inner.png</texture>
                </control>
                
                <control type="grouplist">
                    <posx>0</posx>
                    <posy>25</posy>
                    <itemgap>5</itemgap>
                    <width>1200</width>
                    <height>750</height>
                    <onup>9001</onup>
                    <ondown>9001</ondown>
					<control type="label" description="program description" id = "24">
						<width>1200</width>
						<height>100</height>
						<align>left</align>
						<aligny>center</aligny>
						<wrapmultiline>true</wrapmultiline>
						<visible>System.HasAddon(pvr.nextpvr)</visible>
					</control>    
                    <control type="radiobutton" id="10">
						<description>episode recording</description>
                        <width>1200</width>
                        <label>31135</label>
                        <align>left</align>
						<textoffsetx>20</textoffsetx>
						<visible>System.HasAddon(pvr.wmc) | System.HasAddon(pvr.dvblink)</visible>
                    </control>
                    <control type="radiobutton" id="11">
						<description>series recording</description>
                        <width>1200</width>
                        <label>31136</label>
                        <align>left</align>
						<textoffsetx>20</textoffsetx>
						<visible>System.HasAddon(pvr.wmc) | System.HasAddon(pvr.dvblink)</visible>
                    </control>
					<control type="spincontrolex" id="21">
                        <description>recording type</description>
                        <width>1200</width>
                        <label>$ADDON[pvr.nextpvr 30120]</label>
						<textoffsetx>20</textoffsetx>
						<visible>System.HasAddon(pvr.nextpvr)</visible>
                    </control>
					<control type="spincontrolex" id="25">
                        <description>pre padding</description>
                        <width>1200</width>
                        <label>$ADDON[pvr.nextpvr 30132]</label>
						<textoffsetx>20</textoffsetx>
						<visible>System.HasAddon(pvr.nextpvr)</visible>
                    </control>
					<control type="spincontrolex" id="26">
                        <description>post padding</description>
                        <width>1200</width>
                        <label>$ADDON[pvr.nextpvr 30133]</label>
						<textoffsetx>20</textoffsetx>
						<visible>System.HasAddon(pvr.nextpvr)</visible>
                    </control>
					<control type="spincontrolex" id="23">
						<description>keep count</description>
                        <width>1200</width>
                        <label>$ADDON[pvr.nextpvr 30130]</label>
						<textoffsetx>20</textoffsetx>
						<visible>System.HasAddon(pvr.nextpvr)</visible>
                    </control>
					<control type="spincontrolex" id="27">
						<description>keep count</description>
                        <width>1200</width>
                        <label>$ADDON[pvr.nextpvr 30134]</label>
						<textoffsetx>20</textoffsetx>
						<visible>System.HasAddon(pvr.nextpvr)</visible>
                    </control>
                    <control type="spincontrolex" id="12">
                        <description>series runtype</description>
                        <width>1200</width>
                        <label>$ADDON[pvr.wmc 30103]</label>
						<textoffsetx>20</textoffsetx>
						<visible>System.HasAddon(pvr.wmc)</visible>
                    </control>
                    <control type="spincontrolex" id="13">
                        <description>channel series choice</description>
                        <width>1200</width>
                       <label>$ADDON[pvr.wmc 30107]</label>
                        <align>left</align>
						<textoffsetx>20</textoffsetx>
						<visible>System.HasAddon(pvr.wmc)</visible>
                    </control>
                    <control type="spincontrolex" id="14">
                        <description>airtime series choice</description>
                        <width>1200</width>
                        <label>$ADDON[pvr.wmc 30110]</label>
                        <align>left</align>
						<textoffsetx>20</textoffsetx>
						<visible>System.HasAddon(pvr.wmc)</visible>
                    </control>
                </control>
            </control>
            <!--Button Group-->
            <control type="grouplist" id="9001">
                <posx>680</posx>
                <posy>940</posy>
				<orientation>horizontal</orientation>
				<itemgap>20</itemgap>
                <defaultcontrol>1</defaultcontrol>
                
                <control type="button" id="1">
                    <width>350</width>
                    <align>center</align>
					<description>OK</description>
                    <label>186</label>
                    <onup>14</onup>
                    <ondown>10</ondown>
					<font>Reg26</font>
                </control>
                <control type="button" id="2">
                    <width>350</width>
                    <description>Close</description>
                    <label>$LOCALIZE[222]</label>
                    <align>center</align>
                    <onup>14</onup>
                    <ondown>10</ondown>
					<font>Reg26</font>
                </control>
            </control>
        </control>
    </controls>
</window>
		
        