<?xml version="1.0" encoding="utf-8"?>
<window>
    <defaultcontrol always="true">500</defaultcontrol>
	<backgroundcolor>0</backgroundcolor>
	<zorder>1</zorder>
    <controls>
		
        <control type="group">
            <!-- default animation -->
			<include>animation_window_open_close</include>

			<control type="group">
				<control type="image">
					<include>DimensionsFullscreen</include>
					<texture background="true" fallback="special://skin/extras/backgrounds/global_blue.jpg">$INFO[Window.Property(movie.FanArt)]</texture>
				</control>
				<include>DialogOverlay</include>
			</control>
			
			<control type="label">
				<posx>61</posx>
				<posy>10</posy>
				<width min="80" max="1400">auto</width>
				<height>100</height>
				<font>Bold45</font>
				<align>left</align>
				<textcolor>$INFO[Skin.String(HeaderTextColor)]</textcolor>
				<label>$INFO[Window.Property(Filter_Label)]</label>
				<shadowcolor>$INFO[Skin.String(HeaderTextShadowColor)]</shadowcolor>
				<visible>!IsEmpty(Window.Property(Filter_Label))</visible>
			</control>
			<control type="label">
				<posx>61</posx>
				<posy>10</posy>
				<width min="80" max="1400">auto</width>
				<height>100</height>
				<font>Bold45</font>
				<align>left</align>
				<textcolor>$INFO[Skin.String(HeaderTextColor)]</textcolor>
				<label>$INFO[System.AddonTitle(script.extendedinfo)]</label>
				<shadowcolor>$INFO[Skin.String(HeaderTextShadowColor)]</shadowcolor>
				<visible>IsEmpty(Window.Property(Filter_Label))</visible>
			</control>
			 <control type="label">
				<posy>85</posy>
				<posx>61</posx>
				<width min="0" max="1100">auto</width>
				<height>50</height>
				<label>$INFO[Window.Property(TotalItems),[COLOR grey]$ADDON[script.extendedinfo 32124]:[/COLOR] ]$INFO[Window.Property(CurrentPage),[COLOR grey] - $ADDON[script.extendedinfo 32125]: [/COLOR]]$INFO[Window.Property(TotalPages), / ]</label>
				<font>Reg30</font>
				<textcolor>$INFO[Skin.String(HeaderTextColor)]</textcolor>
				<shadowcolor>$INFO[Skin.String(HeaderTextShadowColor)]</shadowcolor>
				<include>animation_fade_visible_hidden</include>
			</control>
			
			<include>TimeInfo</include>
            
			<include condition="!skin.hassetting(nofooterbar)">Footer</include>
			
			
			<!-- movie items -->
            <control type="panel" id="500">
                <posx>60</posx>
                <posy>160</posy>
                <width>1820</width>
                <height>850</height>
                <viewtype label="31234">icon</viewtype>
                <pagecontrol>72</pagecontrol>
                <preloaditems>2</preloaditems>
                <scrolltime tween="quadratic">300</scrolltime>
                <onleft>9000</onleft>
                <onright>72</onright>
                <onup>700</onup>
                <ondown>600</ondown>
                <orientation>vertical</orientation>
                <itemlayout height="270" width="201">
					<control type="group">
						<width>176</width>
						<height>252</height>
						<animation effect="fade" reversible="false" end="60" time="0" condition="true">Conditional</animation>
						<posy>10</posy>
						<posx>10</posx>
						<control type="image">
							<width>176</width>
							<height>252</height>
							<include>PosterThumbBG</include>
						  </control>
						  <control type="image">
							<width>176</width>
							<height>252</height>
							<texture border="0" background="true" diffuse="poster_matte.png" fallback="DefaultActor.png">$INFO[ListItem.Thumb]</texture>
							<aspectratio scalediffuse="false" aligny="center" align="center">stretch</aspectratio>
						  </control>
						<control type="image">
							<bottom>0</bottom>
							<left>0</left>
							<width>176</width>
							<height>75</height>
							<texture border="0">guide_diffuse.png</texture>
							<aspectratio>stretch</aspectratio>
						</control>
						<control type="image">
							<bottom>0</bottom>
							<left>0</left>
							<width>176</width>
							<height>75</height>
							<texture border="0">guide_diffuse.png</texture>
							<aspectratio>stretch</aspectratio>
						</control>
						<control type="image">
							<bottom>0</bottom>
							<left>0</left>
							<width>176</width>
							<height>75</height>
							<texture border="0">guide_diffuse.png</texture>
							<aspectratio>stretch</aspectratio>
						</control>
						<control type="textbox">
							<bottom>0</bottom>
							<left>10</left>
							<width>156</width>
							<height>75</height>
							<align>center</align>
							<aligny>justify</aligny>
							
							<font>Reg20</font>
							<label>$INFO[ListItem.Label]</label>
						</control>
					</control>
				</itemlayout>
				<focusedlayout height="260" width="201">
				   <control type="group">
						<width>176</width>
						<height>252</height>
						<posy>10</posy>
						<posx>10</posx>
						<control type="image">
							<width>176</width>
							<height>252</height>
							<include>PosterThumbFO</include>
						  </control>
						  <control type="image">
							<width>176</width>
							<height>252</height>
							<texture border="0" background="true" diffuse="poster_matte.png" fallback="DefaultActor.png">$INFO[ListItem.Thumb]</texture>
							<aspectratio scalediffuse="false" aligny="center" align="center">stretch</aspectratio>
						  </control>
						<control type="image">
							<bottom>0</bottom>
							<left>0</left>
							<width>176</width>
							<height>75</height>
							<texture border="0">guide_diffuse.png</texture>
							<aspectratio>stretch</aspectratio>
						</control>
						<control type="image">
							<bottom>0</bottom>
							<left>0</left>
							<width>176</width>
							<height>75</height>
							<texture border="0">guide_diffuse.png</texture>
							<aspectratio>stretch</aspectratio>
						</control>
						<control type="image">
							<bottom>0</bottom>
							<left>0</left>
							<width>176</width>
							<height>75</height>
							<texture border="0">guide_diffuse.png</texture>
							<aspectratio>stretch</aspectratio>
						</control>
						<control type="textbox">
							<bottom>0</bottom>
							<left>10</left>
							<width>156</width>
							<height>75</height>
							<align>center</align>
							<aligny>justify</aligny>
							
							<font>Reg20</font>
							<label>$INFO[ListItem.Label]</label>
						</control>
					</control>
				</focusedlayout>
			
			</control>
            
			
			<control type="button" id="600">
                <onfocus>SetFocus(500)</onfocus>
                <width>1</width>
                <height>1</height>
                <posx>-1000</posx>
            </control>
            <control type="button" id="700">
                <onfocus>SetFocus(500)</onfocus>
                <width>1</width>
                <height>1</height>
                <posx>-1000</posx>
            </control>
        </control>

        <control type="group">
            
			
			<!-- side menu -->
			<include>SubMenuTabLeft</include>
			<control type="group">
            <posx>-660</posx>
			<posy>0</posy>
			<visible>!Window.IsActive(DialogKeyboard.xml)</visible>
			<include>animation_sub_menu</include>
			<!--Panel-->
			<control type="image">
				<posy>0</posy>
				<posx>0</posx>
				<width>485</width>
				<height>1080</height>
				<texture>colors/color_white.png</texture>
				<animation effect="fade" end="99" time="0" condition="true">Conditional</animation>
				<colordiffuse>$VAR[panel_color]</colordiffuse>
				<aspectratio>stretch</aspectratio>
			</control>
			<!-- header -->
			<control type="label">
				<posx>61</posx>
				<posy>10</posy>
				<width min="80" max="1100">auto</width>
				<height>100</height>
				<font>Bold45</font>
				<align>left</align>
				<textcolor>white</textcolor>
				<label>[UPPERCASE]$ADDON[script.extendedinfo 32023][/UPPERCASE]</label>
				<visible>!Window.IsActive(DialogKaiToast.xml) + !Window.IsActive(DialogExtendedProgressBar.xml)</visible>
			</control>
			<control type="image">
				<!--Seperator-->
				<posx>21</posx>
				<posy>160</posy>
				<width>458</width>
				<height>20</height>
				<align>left</align>
				<texture>common/menu-separator.png</texture>
			</control>
			<control type="image">
				<!--Seperator-->
				<posx>21</posx>
				<posy>980</posy>
				<width>458</width>
				<height>20</height>
				<align>left</align>
				<texture>common/menu-separator.png</texture>
			</control>
			<!-- close dialog -->
			<control type="button">
				<label></label>
				<width>60</width>
				<height>60</height>
				<posx>60</posx>
				<posy>1005</posy>
				<font>-</font>
				<texturefocus colordiffuse="white">touchcontrols/icon_close.png</texturefocus>
				<texturenofocus colordiffuse="bbwhite">touchcontrols/icon_close.png</texturenofocus>
				<aspectratio aligny="bottom">keep</aspectratio>
				<onclick>ClearProperty(ShowViewSubMenu, Home)</onclick>
				<visible>StringCompare(Window(Home).Property(ShowViewSubMenu),show)</visible>
			</control>
            <!--Grouplist 9000-->
			<control type="grouplist" id="9000">
                <posx>21</posx>
                <posy>190</posy>
                <width>458</width>
                <height>750</height>
                <itemgap>3</itemgap>
                <onleft>500</onleft>
                <onright>500</onright>
				<onright>ClearProperty(ShowViewSubMenu, Home)</onright>
				<onleft>ClearProperty(ShowViewSubMenu, Home)</onleft>
				<onback>ClearProperty(ShowViewSubMenu, Home)</onback>
				<onback>500</onback>
                <onup>9000</onup>
                <ondown>9000</ondown>
                <orientation>vertical</orientation>
                <!--Buttons-->
                <control type="button" id="5007">
                    <label>$LOCALIZE[467]:</label> <!--564-->
                    <label2>[COLOR white]$INFO[Window.Property(Type)][/COLOR]</label2>
                    <include>SubMenuButton</include>
                </control>
				<control type="button" id="5001">
                    <onup>6000</onup>
                    <label>$ADDON[script.extendedinfo 32104]</label>
                    <label2>[COLOR white]$INFO[Window.Property(Sort_Label)][/COLOR]</label2>
                    <include>SubMenuButton</include>
                </control>
				<control type="button" id="5004">
                    <label>$ADDON[script.extendedinfo 32128]</label>
                    <label2>[COLOR white]$INFO[Window.Property(Order_Label)][/COLOR]</label2>
                    <include>SubMenuButton</include>
                </control>
                <control type="button" id="5002">
                    <label>$LOCALIZE[515]</label>
                    <include>SubMenuButton</include>
                </control>
                <control type="button" id="5003">
                    <label>$LOCALIZE[172]</label>
                    <include>SubMenuButton</include>
                </control>
                <control type="button" id="5006">
                    <label>$ADDON[script.extendedinfo 32127]</label>
                    <include>SubMenuButton</include>
                </control>
                <control type="button" id="5008">
                    <label>$ADDON[script.extendedinfo 32126]</label>
                    <include>SubMenuButton</include>
                </control>
                <control type="button" id="5009">
                    <label>$ADDON[script.extendedinfo 32114]</label>
                    <include>SubMenuButton</include>
                </control>
                <control type="button" id="5010">
                    <label>$LOCALIZE[572]</label>
                    <include>SubMenuButton</include>
                </control>
                <control type="button" id="5012">
                    <label>$ADDON[script.extendedinfo 32111]</label>
                    <include>SubMenuButton</include>
                </control>
                <control type="button" id="5005">
                    <label>$ADDON[script.extendedinfo 32022]</label>
                    <include>SubMenuButton</include>
                </control>
				<control type="button" id="6000">
					<label>$LOCALIZE[19140]</label>
					<include>SubMenuButton</include>
				</control>
				<control type="radiobutton" id="7000">
					<include>SubMenuButton</include>
					<label>$ADDON[script.extendedinfo 32024]</label>
				</control>
			</control>
		</control>	
			
            
		</control>
    </controls>
</window>
