<?xml version="1.0" encoding="UTF-8"?>
<window>
    <coordinates>
        <system>1</system>
        <posx>510</posx>
        <posy>352</posy>
    </coordinates>
	<allowoverlay>yes</allowoverlay>
	<include>DialogOverlayExtra</include>
    <controls>
		<include>animation_window_open_close</include>
        <control type="image">
            <description>Fade</description>
            <posx>-1050</posx>
            <posy>-750</posy>
            <width>3300</width>
            <height>3300</height>
            <texture>colors/color_white.png</texture>
			<animation effect="fade" end="20" time="0" condition="true">Conditional</animation>
			<colordiffuse>$INFO[Skin.String(ButtonFocusColor)]</colordiffuse>
        </control>
        <control type="group">
            <animation type="WindowOpen" reversible="false">
                <effect type="zoom" start="75" end="100" center="960,540" easing="out" tween="back" time="320" />
                <effect type="fade" start="0" end="100" time="175" />
            </animation>
            <animation type="WindowClose" reversible="false">
                <effect type="zoom" start="100" end="75" center="960,540" easing="in" tween="back" time="320" />
                <effect type="fade" start="100" end="0" delay="200" time="100" />
            </animation>
            <animation type="Visible" reversible="false">
                <effect type="zoom" start="75" end="100" center="960,540" easing="out" tween="back" time="320" />
                <effect type="fade" start="0" end="100" time="175" />
            </animation>
            <animation type="Hidden" reversible="false">
                <effect type="zoom" start="100" end="75" center="960,540" easing="in" tween="back" time="320" />
                <effect type="fade" start="100" end="0" delay="200" time="100" />
            </animation>
            <!-- Dialogue content -->
            <control type="group">
			  <control type="image">
                    <description>Trakt Background</description>
                    <posx>-20</posx>
                    <posy>-20</posy>
                    <width>940</width>
                    <height>415</height>
                    <colordiffuse>$INFO[Skin.String(GeneralPanelsColor)]</colordiffuse>
					<texture border="5">diffuse/panel.png</texture>
					<animation effect="fade" end="40" time="0" condition="true">Conditional</animation>
                </control>
			    <control type="image">
                    <description>Trakt Background</description>
                    <posx>-10</posx>
                    <posy>-10</posy>
                    <width>920</width>
                    <height>395</height>
                    <colordiffuse>$INFO[Skin.String(GeneralPanelsColor)]</colordiffuse>
					<texture border="5">diffuse/panel.png</texture>
					<animation effect="fade" end="80" time="0" condition="true">Conditional</animation>
                </control>
                <control type="image">
                    <description>Trakt Background</description>
                    <posx>0</posx>
                    <posy>0</posy>
                    <width>900</width>
                    <height>375</height>
                    <texture>dialogs/trakt/trakt-bg.png</texture>
                </control>
                <control type="label" id="10011">
                    <description>Trakt Question</description>
                    <posx>870</posx>
                    <posy>20</posy>
                    <width>870</width>
                    <height>38</height>
                    <label>$ADDON[script.trakt 32026]</label>
                    <align>right</align>
                    <aligny>center</aligny>
                    <font>Bold38</font>
                    <textcolor>$INFO[Skin.String(GeneralTextColor)]</textcolor>
					<shadowcolor>black</shadowcolor>
                    <scroll>true</scroll>
                </control>
                <control type="label" id="10012">
                    <label></label>
                    <description>Item to Rate Title</description>
                    <posx>867</posx>
                    <posy>114</posy>
                    <width>630</width>
                    <height>30</height>
                    <align>right</align>
                    <aligny>center</aligny>
                    <font>Bold32</font>
                    <textcolor>black</textcolor>
					<shadowcolor>grey</shadowcolor>
                    <scroll>true</scroll>
                </control>
                <control type="label" id="10013">
                    <label></label>
                    <description>Bottom Ratings text</description>
                    <posx>0</posx>
                    <posy>300</posy>
                    <width>900</width>
                    <height>38</height>
                    <align>center</align>
                    <aligny>center</aligny>
                    <font>Bold34</font>
                    <textcolor>black</textcolor>
					<shadowcolor>grey</shadowcolor>
                </control>
                <control type="button">
                    <label></label>
                    <description>Close Window button</description>
                    <posx>804</posx>
                    <posy>-39</posy>
                    <width>96</width>
                    <height>48</height>
                    <onclick>PreviousMenu</onclick>
                    <texturefocus>dialogs/trakt/close-fo.png</texturefocus>
                    <texturenofocus>dialogs/trakt/close-nofo.png</texturenofocus>
					<visible>Skin.HasSetting(EnableTouchSupport)</visible>
                </control>
            </control>
            <!-- Dialogue Button content -->
            <control type="group" id="10015">
                <control type="button" id="11030">
                    <label></label>
                    <description>1 Button</description>
                    <posx>120</posx>
                    <posy>195</posy>
                    <width>52</width>
                    <height>52</height>
                    <texturefocus>dialogs/trakt/1.png</texturefocus>
                    <texturenofocus>dialogs/trakt/1.png</texturenofocus>
					<colordiffuse>$INFO[Skin.String(ButtonFocusColor)]</colordiffuse>
                    <align>center</align>
                    <aligny>center</aligny>
                    <ondown>11039</ondown>
                    <onup>11031</onup>
                    <onleft>11039</onleft>
                    <onright>11031</onright>
                    <animation effect="zoom" end="115,115" center="auto" time="100">focus</animation>
                </control>
                <control type="button" id="11031">
                    <label></label>
                    <description>2 Button</description>
                    <posx>188</posx>
                    <posy>195</posy>
                    <width>52</width>
                    <height>52</height>
                    <texturefocus>dialogs/trakt/2.png</texturefocus>
                    <texturenofocus>dialogs/trakt/2.png</texturenofocus>
					<colordiffuse>$INFO[Skin.String(ButtonFocusColor)]</colordiffuse>
                    <align>center</align>
                    <aligny>center</aligny>
                    <ondown>11030</ondown>
                    <onup>11032</onup>
                    <onleft>11030</onleft>
                    <onright>11032</onright>
                    <visible allowhiddenfocus="true">!Control.HasFocus(11030)|!Control.HasFocus(11032)</visible>
                    <animation effect="zoom" end="115,115" center="auto" time="100">focus</animation>
                </control>
                <control type="image">
                    <description>2 Button Placeholder</description>
                    <posx>188</posx>
                    <posy>195</posy>
                    <width>52</width>
                    <height>52</height>
                    <texture>dialogs/trakt/2_b.png</texture>
                    <visible>Control.HasFocus(11030)</visible>
                </control>
                <control type="button" id="11032">
                    <label></label>
                    <description>3 Button</description>
                    <posx>255</posx>
                    <posy>195</posy>
                    <width>52</width>
                    <height>52</height>
                    <texturefocus>dialogs/trakt/3.png</texturefocus>
                    <texturenofocus>dialogs/trakt/3.png</texturenofocus>
					<colordiffuse>$INFO[Skin.String(ButtonFocusColor)]</colordiffuse>
                    <align>center</align>
                    <aligny>center</aligny>
                    <ondown>11031</ondown>
                    <onup>11033</onup>
                    <onleft>11031</onleft>
                    <onright>11033</onright>
                    <visible allowhiddenfocus="true">!Control.HasFocus(11030)|!Control.HasFocus(11031)</visible>
                    <animation effect="zoom" end="115,115" center="auto" time="100">focus</animation>
                </control>
                <control type="image">
                    <description>3 Button Placeholder</description>
                    <posx>255</posx>
                    <posy>195</posy>
                    <width>52</width>
                    <height>52</height>
                    <texture>dialogs/trakt/3_b.png</texture>
                    <visible>Control.HasFocus(11030)|Control.HasFocus(11031)</visible>
                </control>
                <control type="button" id="11033">
                    <label></label>
                    <description>4 Button</description>
                    <posx>322</posx>
                    <posy>195</posy>
                    <width>52</width>
                    <height>52</height>
                    <texturefocus>dialogs/trakt/4.png</texturefocus>
                    <texturenofocus>dialogs/trakt/4.png</texturenofocus>
					<colordiffuse>$INFO[Skin.String(ButtonFocusColor)]</colordiffuse>
                    <align>center</align>
                    <aligny>center</aligny>
                    <ondown>11032</ondown>
                    <onup>11034</onup>
                    <onleft>11032</onleft>
                    <onright>11034</onright>
                    <visible allowhiddenfocus="true">!Control.HasFocus(11030)|!Control.HasFocus(11031)|!Control.HasFocus(11032)</visible>
                    <animation effect="zoom" end="115,115" center="auto" time="100">focus</animation>
                </control>
                <control type="image">
                    <description>4 Button Placeholder</description>
                    <posx>322</posx>
                    <posy>195</posy>
                    <width>52</width>
                    <height>52</height>
                    <texture>dialogs/trakt/4_b.png</texture>
                    <visible>Control.HasFocus(11030)|Control.HasFocus(11031)|Control.HasFocus(11032)</visible>
                </control>
                <control type="button" id="11034">
                    <label></label>
                    <description>5 Button</description>
                    <posx>390</posx>
                    <posy>195</posy>
                    <width>52</width>
                    <height>52</height>
                    <texturefocus>dialogs/trakt/5.png</texturefocus>
                    <texturenofocus>dialogs/trakt/5.png</texturenofocus>
					<colordiffuse>$INFO[Skin.String(ButtonFocusColor)]</colordiffuse>
                    <align>center</align>
                    <aligny>center</aligny>
                    <ondown>11033</ondown>
                    <onup>11035</onup>
                    <onleft>11033</onleft>
                    <onright>11035</onright>
                    <visible allowhiddenfocus="true">!Control.HasFocus(11030)|!Control.HasFocus(11031)|!Control.HasFocus(11032)|!Control.HasFocus(11033)</visible>
                    <animation effect="zoom" end="115,115" center="auto" time="100">focus</animation>
                </control>
                <control type="image">
                    <description>5 Button Placeholder</description>
                    <posx>390</posx>
                    <posy>195</posy>
                    <width>52</width>
                    <height>52</height>
                    <texture>dialogs/trakt/5_b.png</texture>
                    <visible>Control.HasFocus(11030)|Control.HasFocus(11031)|Control.HasFocus(11032)|Control.HasFocus(11033)</visible>
                </control>
                <control type="button" id="11035">
                    <label></label>
                    <description>6 Button</description>
                    <posx>458</posx>
                    <posy>195</posy>
                    <width>52</width>
                    <height>52</height>
                    <texturefocus>dialogs/trakt/6.png</texturefocus>
                    <texturenofocus>dialogs/trakt/6.png</texturenofocus>
					<colordiffuse>$INFO[Skin.String(ButtonFocusColor)]</colordiffuse>
                    <align>center</align>
                    <aligny>center</aligny>
                    <ondown>11034</ondown>
                    <onup>11036</onup>
                    <onleft>11034</onleft>
                    <onright>11036</onright>
                    <visible allowhiddenfocus="true">!Control.HasFocus(11030)|!Control.HasFocus(11031)|!Control.HasFocus(11032)|!Control.HasFocus(11033)|!Control.HasFocus(11034)</visible>
                    <animation effect="zoom" end="115,115" center="auto" time="100">focus</animation>
                </control>
                <control type="image">
                    <description>6 Button Placeholder</description>
                    <posx>458</posx>
                    <posy>195</posy>
                    <width>52</width>
                    <height>52</height>
                    <texture>dialogs/trakt/6_b.png</texture>
                    <visible>Control.HasFocus(11030)|Control.HasFocus(11031)|Control.HasFocus(11032)|Control.HasFocus(11033)|Control.HasFocus(11034)</visible>
                </control>
                <control type="button" id="11036">
                    <label></label>
                    <description>7 Button</description>
                    <posx>525</posx>
                    <posy>195</posy>
                    <width>52</width>
                    <height>52</height>
                    <texturefocus>dialogs/trakt/7.png</texturefocus>
                    <texturenofocus>dialogs/trakt/7.png</texturenofocus>
					<colordiffuse>$INFO[Skin.String(ButtonFocusColor)]</colordiffuse>
                    <align>center</align>
                    <aligny>center</aligny>
                    <ondown>11035</ondown>
                    <onup>11037</onup>
                    <onleft>11035</onleft>
                    <onright>11037</onright>
                    <visible allowhiddenfocus="true">!Control.HasFocus(11030)|!Control.HasFocus(11031)|!Control.HasFocus(11032)|!Control.HasFocus(11033)|!Control.HasFocus(11034)|!Control.HasFocus(11035)</visible>
                    <animation effect="zoom" end="115,115" center="auto" time="100">focus</animation>
                </control>
                <control type="image">
                    <description>7 Button Placeholder</description>
                    <posx>525</posx>
                    <posy>195</posy>
                    <width>52</width>
                    <height>52</height>
                    <texture>dialogs/trakt/7_b.png</texture>
                    <visible>Control.HasFocus(11030)|Control.HasFocus(11031)|Control.HasFocus(11032)|Control.HasFocus(11033)|Control.HasFocus(11034)|Control.HasFocus(11035)</visible>
                </control>
                <control type="button" id="11037">
                    <label></label>
                    <description>8 Button</description>
                    <posx>592</posx>
                    <posy>195</posy>
                    <width>52</width>
                    <height>52</height>
                    <texturefocus>dialogs/trakt/8.png</texturefocus>
                    <texturenofocus>dialogs/trakt/8.png</texturenofocus>
					<colordiffuse>$INFO[Skin.String(ButtonFocusColor)]</colordiffuse>
                    <align>center</align>
                    <aligny>center</aligny>
                    <ondown>11036</ondown>
                    <onup>11038</onup>
                    <onleft>11036</onleft>
                    <onright>11038</onright>
                    <visible allowhiddenfocus="true">!Control.HasFocus(11030)|!Control.HasFocus(11031)|!Control.HasFocus(11032)|!Control.HasFocus(11033)|!Control.HasFocus(11034)|!Control.HasFocus(11035)|!Control.HasFocus(11036)</visible>
                    <animation effect="zoom" end="115,115" center="auto" time="100">focus</animation>
                </control>
                <control type="image">
                    <description>8 Button Placeholder</description>
                    <posx>592</posx>
                    <posy>195</posy>
                    <width>52</width>
                    <height>52</height>
                    <texture>dialogs/trakt/8_b.png</texture>
                    <visible>Control.HasFocus(11030)|Control.HasFocus(11031)|Control.HasFocus(11032)|Control.HasFocus(11033)|Control.HasFocus(11034)|Control.HasFocus(11035)|Control.HasFocus(11036)</visible>
                </control>
                <control type="button" id="11038">
                    <label></label>
                    <description>9 Button</description>
                    <posx>660</posx>
                    <posy>195</posy>
                    <width>52</width>
                    <height>52</height>
                    <texturefocus>dialogs/trakt/9.png</texturefocus>
                    <texturenofocus>dialogs/trakt/9.png</texturenofocus>
					<colordiffuse>$INFO[Skin.String(ButtonFocusColor)]</colordiffuse>
                    <align>center</align>
                    <aligny>center</aligny>
                    <ondown>11037</ondown>
                    <onup>11039</onup>
                    <onleft>11037</onleft>
                    <onright>11039</onright>
                    <visible allowhiddenfocus="true">!Control.HasFocus(11030)|!Control.HasFocus(11031)|!Control.HasFocus(11032)|!Control.HasFocus(11033)|!Control.HasFocus(11034)|!Control.HasFocus(11035)|!Control.HasFocus(11036)|!Control.HasFocus(11037)</visible>
                    <animation effect="zoom" end="115,115" center="auto" time="100">focus</animation>
                </control>
                <control type="image">
                    <description>9 Button Placeholder</description>
                    <posx>660</posx>
                    <posy>195</posy>
                    <width>52</width>
                    <height>52</height>
                    <texture>dialogs/trakt/9_b.png</texture>
                    <visible>Control.HasFocus(11030)|Control.HasFocus(11031)|Control.HasFocus(11032)|Control.HasFocus(11033)|Control.HasFocus(11034)|Control.HasFocus(11035)|Control.HasFocus(11036)|Control.HasFocus(11037)</visible>
                </control>
                <control type="button" id="11039">
                    <label></label>
                    <description>10 Button</description>
                    <posx>728</posx>
                    <posy>195</posy>
                    <width>52</width>
                    <height>52</height>
                    <texturefocus>dialogs/trakt/10.png</texturefocus>
                    <texturenofocus>dialogs/trakt/10.png</texturenofocus>
					<colordiffuse>$INFO[Skin.String(ButtonFocusColor)]</colordiffuse>
                    <align>center</align>
                    <aligny>center</aligny>
                    <ondown>11038</ondown>
                    <onup>11030</onup>
                    <onleft>11038</onleft>
                    <onright>11030</onright>
                    <visible allowhiddenfocus="true">!Control.HasFocus(11030)|!Control.HasFocus(11031)|!Control.HasFocus(11032)|!Control.HasFocus(11033)|!Control.HasFocus(11034)|!Control.HasFocus(11035)|!Control.HasFocus(11036)|!Control.HasFocus(11037)|!Control.HasFocus(11038)</visible>
                    <animation effect="zoom" end="115,115" center="auto" time="100">focus</animation>
                </control>
                <control type="image">
                    <description>10 Button Placeholder</description>
                    <posx>728</posx>
                    <posy>195</posy>
                    <width>52</width>
                    <height>52</height>
                    <texture>dialogs/trakt/10_b.png</texture>
                    <visible>Control.HasFocus(11030)|Control.HasFocus(11031)|Control.HasFocus(11032)|Control.HasFocus(11033)|Control.HasFocus(11034)|Control.HasFocus(11035)|Control.HasFocus(11036)|Control.HasFocus(11037)|Control.HasFocus(11038)</visible>
                </control>
            </control>
        </control>
    </controls>
</window>
