<?xml version="1.0" encoding="UTF-8"?>

<window>

	<allowoverlay>no</allowoverlay>
	<backgroundcolor>0</backgroundcolor>
	<defaultcontrol always="true">211</defaultcontrol>
	<onload>ClearProperty(shortcutDialog, Home)</onload>
	<onload>ClearProperty(customWidget, Home)</onload>
	<onunload>ClearProperty(customWidget, Home)</onunload>
	<controls>
	
	 <!--Global Background-->
        <include>GlobalBackground</include>
		<!--Time & Weather-->
        <include>TimeInfo</include>
		<!-- Now playing -->
		<include condition="!Skin.HasTheme(classic)">NowPlayingModern</include>
		 
        <!--Header-->
        <include>Header</include>
		<include condition="!skin.hassetting(nofooterbar)">Footer</include>
		
		<!--header label-->
		<control type="label" id="500"> 
			<left>20</left>
			<width>460</width>
			<label>-</label>
			<textcolor>black</textcolor>
			<font>Reg26</font>
			<scroll>false</scroll>
			<visible>false</visible>
		</control>
		
		<control type="group">
			<visible>!Window.IsActive(ShutdownMenu) + !Window.IsActive(contextmenu) + !Window.IsActive(filebrowser) + !Window.IsActive(virtualkeyboard) + !Window.IsVisible(selectdialog)</visible>
			<include>animation_window_open_close</include>
			
			<!-- Background Panel-->
			<control type="image">
				<posx>60</posx>
				<posy>160</posy>
				<width>1800</width>
				<height>750</height>
				<texture>colors/color_white.png</texture>
				<animation effect="fade" reversible="false" end="80" time="0" condition="true">Conditional</animation>
				<colordiffuse>$VAR[panel_color]</colordiffuse>
			</control>
			
			<!-- left panel -->
			<control type="group" id="200">
				<control type="image">
					<posx>80</posx>
					<posy>180</posy>
					<width>850</width>
					<height>710</height>
					<texture>colors/color_white.png</texture>
					<animation effect="fade" end="90" time="0" condition="true">Conditional</animation>
					<colordiffuse>$VAR[panel_color]</colordiffuse>
				</control>
				<control type="list" id="211"> <!--Current shortcuts -->
					<left>80</left>
					<top>180</top>
					<width>850</width>
					<height>710</height>
					<onright>300</onright>
					<orientation>vertical</orientation>
					<viewtype label="535">list</viewtype>
					<preloaditems>2</preloaditems>
					<pagecontrol>260</pagecontrol>
					<scrolltime>0</scrolltime>
					<selectedcolor>FF00b8ff</selectedcolor>
					
					
					<itemlayout width="1000" height="65">

						<control type="label"> <!--label-->
							<left>20</left>
							<width>460</width>
							<label>$VAR[customLibraryLabel]</label>
							<font>Reg26</font>
							<scroll>false</scroll>
							<textcolor>white</textcolor>
							<selectedcolor>FF00b8ff</selectedcolor>
						</control>
						
					
					</itemlayout>
					
					<focusedlayout width="1000" height="65">
						
						<control type="image"> <!--focus bg-->
							<left>0</left>
							<top>0</top>
							<width>1100</width>
							<height>60</height>
							<texture colordiffuse="$INFO[Skin.String(ButtonFocusColor)]">colors/color_white.png</texture>
							<animation effect="fade" start="100" end="35" time="100" condition="!Control.HasFocus(211)">Conditional</animation>
						</control>

						<control type="label"> <!--label-->
							<left>20</left>
							<width>460</width>
							<label>$VAR[customLibraryLabel]</label>
							<textcolor>black</textcolor>
							<font>Reg26</font>
							<scroll>false</scroll>
						</control>
						
						<control type="label"> <!--label-->
							<left>20</left>
							<width>460</width>
							<label>$VAR[customLibraryLabel]</label>
							<textcolor>white</textcolor>
							<font>Reg26</font>
							<scroll>false</scroll>
							<visible>!Control.HasFocus(211)</visible>
						</control>

						
					</focusedlayout>
					
				</control>
				
				<!--fake list -->
				<control type="list" id="111"> 
					<visible>false</visible>
					<orientation>vertical</orientation>
					<selectedcolor>FF00b8ff</selectedcolor>
					<itemlayout width="1000" height="65">
					</itemlayout>
					<focusedlayout width="1000" height="65">			
					</focusedlayout>
				</control>
				
				<control type="group">
					
					<control type="scrollbar" id="260"> <!--scrollbar-->
						<left>965</left>
						<top>180</top>
						<height>700</height>
						<onleft>211</onleft>
						<onright>211</onright>
						<showonepage>false</showonepage>
						<animation effect="slide" end="-15" time="0" condition="skin.hastheme(classic)">Conditional</animation>
						<animation effect="fade" start="0" end="100" time="400" condition="Control.HasFocus(60) | Skin.HasSetting(EnableTouchSupport) | Container.Scrolling">Conditional</animation>
						<animation effect="fade" start="100" end="0" time="400" condition="![Control.HasFocus(60) | Skin.HasSetting(EnableTouchSupport) | Container.Scrolling]">Conditional</animation>
					</control>				
				</control>
				
			</control>


			
			<control type="grouplist" id="300">
				<left>1350</left>
				<top>180</top>
				<width>500</width>
				<height>710</height>
				<itemgap>5</itemgap>
				<orientation>vertical</orientation>
				<onleft>211</onleft>
				<scrolltime>0</scrolltime>
				
				<control type="button" id="401"> <!--select shortcut-->
					<width>500</width>
					<align>center</align>
					<onclick>noop</onclick>
					<visible>false</visible>
					<onfocus>ClearProperty(customWidget, Home)</onfocus>
				</control>
				
				<control type="button" id="301"> <!--new shortcut-->
					<width>500</width>
					<align>center</align>
					<label>$ADDON[script.skinshortcuts 32000]</label>
					<onfocus>ClearProperty(customWidget, Home)</onfocus>
					<visible>false</visible>
				</control>
				
				<control type="button" id="1301"> <!--new shortcut workaround-->
					<width>500</width>
					<align>center</align>
					<onclick>XBMC.RunScript(script.titanskin.helpers,ADDSHORTCUT)</onclick>
					<onclick>ClearProperty(customWidget, Home)</onclick>
					<label>$ADDON[script.skinshortcuts 32000]</label>
					<onfocus>ClearProperty(customWidget, Home)</onfocus>
				</control>
				
				
				<control type="button" id="302"> <!--delete shortcut-->
					<width>500</width>
					<align>center</align>
					<onclick>noop</onclick>
					<label>$ADDON[script.skinshortcuts 32001]</label>
				</control>

				<control type="button" id="303"> <!--move up-->
					<width>500</width>
					<align>center</align>
					<onclick>noop</onclick>
					<label>$ADDON[script.skinshortcuts 32002]</label>
				</control>
				
				<control type="button" id="304"> <!--move down-->
					<width>500</width>
					<align>center</align>
					<onclick>noop</onclick>
					<label>$ADDON[script.skinshortcuts 32003]</label>
				</control>

				<control type="button" id="305"> <!--edit label-->
					<width>500</width>
					<align>center</align>
					<onclick>SetProperty(shortcutDialog, label, Home)</onclick>
					<label>$ADDON[script.skinshortcuts 32025]</label>
					<onfocus>ClearProperty(customWidget, Home)</onfocus>
					<visible>!SubString(Container(211).ListItem.Property(labelID),MediaBrowser.usr)</visible>
				</control>
				
				<!--edit thumbnail without selection-->
				<control type="button" id="306"> 
					<width>500</width>
					<align>center</align>
					<onclick>noop</onclick>
					<label>31011</label>
					<onfocus>ClearProperty(customWidget, Home)</onfocus>
					<visible>false</visible>
					<visible>StringCompare(Window.Property(groupname),mainmenu) | Skin.String(GadgetRows, enhanced) | Skin.HasSetting(UseSubmenuImages) | StringCompare(Window.Property(groupname),powermenu)</visible>
				</control>
				
				<!--edit thumbnail with selection (not working)-->
				<control type="button" id="311"> 
					<width>500</width>
					<align>center</align>
					<onclick>noop</onclick>
					<label>31011</label>
					<onfocus>ClearProperty(customWidget, Home)</onfocus>
					<visible>StringCompare(Window.Property(groupname),mainmenu) | Skin.String(GadgetRows, enhanced) | Skin.HasSetting(UseSubmenuImages) | StringCompare(Window.Property(groupname),powermenu)</visible>
				</control>
				
				<!-- disable label -->
				<control type="radiobutton" id="1404"> 
					<width>500</width>
					<label>31202</label>
					<align>center</align>
					<onclick condition="!StringCompare(Container(211).ListItem.Property(disableLabel), disable)">SetProperty(customProperty, disableLabel)</onclick>
					<onclick condition="!StringCompare(Container(211).ListItem.Property(disableLabel), disable)">SetProperty(customValue, disable)</onclick>
					<onclick condition="StringCompare(Container(211).ListItem.Property(disableLabel), disable)">SetProperty(customProperty, disableLabel)</onclick>
					<onclick condition="StringCompare(Container(211).ListItem.Property(disableLabel), disable)">SetProperty(customValue, "")</onclick>
					<onclick>SendClick(404)</onclick>
					<onfocus>ClearProperty(customWidget, Home)</onfocus>
					<selected>StringCompare(Container(211).ListItem.Property(disableLabel), disable)</selected>
					<visible>[StringCompare(Window.Property(groupname),mainmenu) | Skin.String(GadgetRows, enhanced) | Skin.HasSetting(UseSubmenuImages)] + !StringCompare(Window(Home).Property(powermenu), active)</visible>
				</control>
				
				<control type="button" id="1406"> <!--custom widget content-->
					<width>500</width>
					<align>center</align>
					<onclick>RunScript(script.skinshortcuts,type=shortcuts&amp;skinLabel=label&amp;skinAction=widget-$INFO[Container(211).ListItem.Property(labelID)])</onclick>
					<onclick>SetProperty(customWidget, normal, Home)</onclick>
					<onclick>SetProperty(customProperty, customcontent)</onclick>
					<onclick>SetProperty(customValue, "")</onclick>
					<onclick>SendClick(404)</onclick>
					<onfocus>SetProperty(customProperty, widget)</onfocus>
					<onfocus>SetProperty(customValue, "")</onfocus>
					<onfocus>SendClick(404)</onfocus>
					<label>31306</label>
					<visible>StringCompare(Window.Property(groupname),mainmenu)</visible>
					<visible>!Skin.String(GadgetRows, 3) + !Skin.HasSetting(DisableAllWidgets)</visible>
				</control>
				
				<control type="button" id="1407"> <!--spotlight widget content-->
					<width>500</width>
					<align>center</align>
					<onclick>RunScript(script.skinshortcuts,type=shortcuts&amp;skinLabel=label&amp;skinAction=spotlightwidget-$INFO[Container(211).ListItem.Property(labelID)])</onclick>
					<onclick>SetProperty(customWidget, spotlight, Home)</onclick>
					<label>31307</label>
					<visible>StringCompare(Window.Property(groupname),mainmenu) + Skin.String(GadgetRows, enhanced)</visible>
					<visible>!Skin.HasSetting(DisableAllWidgets)</visible>
				</control>
				
				<control type="button" id="310"> <!--background-->
					<width>500</width>
					<align>center</align>
					<onclick>SetProperty(shortcutDialog, background, Home)</onclick>
					<label>31169</label>
					<onfocus>ClearProperty(customWidget, Home)</onfocus>
					<visible>StringCompare(Window.Property(groupname),mainmenu) + Skin.HasSetting(UseSectionBackground)</visible>
				</control>

				<control type="button" id="405"> <!--sub menu-->
					<width>500</width>
					<align>center</align>
					<onclick>noop</onclick>
					<onfocus>ClearProperty(customWidget, Home)</onfocus>
					<label>$ADDON[script.skinshortcuts 32072]</label>
					<visible>StringCompare(Window.Property(groupname),mainmenu)</visible>
				</control>
							
				
				<control type="button" id="307"> <!--edit action-->
					<width>500</width>
					<align>center</align>
					<onclick>noop</onclick>
					<onfocus>ClearProperty(customWidget, Home)</onfocus>
					<label>$ADDON[script.skinshortcuts 32027]</label>
					<visible>false</visible>
				</control>
						
				<control type="button" id="1401"> <!--edit shortcut-->
					<width>500</width>
					<align>center</align>
					<onclick>Control.SetFocus(4)</onclick>
					<onclick>SetProperty(shortcutDialog, change, Home)</onclick>
					<onclick>ClearProperty(customWidget, Home)</onclick>
					<label>31175</label>
					<onfocus>ClearProperty(customWidget, Home)</onfocus>
					<visible>!SubString(Container(211).ListItem.Property(labelID),MediaBrowser.usr)</visible>
				</control>
				
				<!--fake buttons-->
				<control type="button" id="308"> 
					<label>-</label>
					<visible>false</visible>
				</control>
				<control type="button" id="309"> 
					<label>-</label>
					<visible>false</visible>
				</control>
				
				<control type="button" id="1308"> <!--reset-->
					<width>500</width>
					<align>center</align>
					<onclick>Dialog.Close(all, true)</onclick>
					<onclick>RunScript(script.skinshortcuts,type=resetall)</onclick>
					<onclick>Skin.Reset(WidgetDefaults)</onclick>
					<label>$ADDON[script.skinshortcuts 32028]</label>
					<visible>StringCompare(Window.Property(groupname),mainmenu)</visible>
				</control>
				
				<!--hidden button for properties-->
				<control type="button" id="404"> 
					<width>500</width>
					<label>-</label>
					<align>center</align>
					<onclick>SetProperty(chooseProperty, true)</onclick>
					<visible>false</visible>
				</control>
				
				<!--close button-->
				<control type="button" id="2404"> 
					<width>500</width>
					<label>$LOCALIZE[31308]</label>
					<align>center</align>
					<onclick>Dialog.Close(all,true)</onclick>
				</control>

								
			</control>

		
		</control>
		
		<control type="group">
		<include>animation_window_open_close</include>
        <!--Dialog Overlay-->
		<include>DialogOverlayExtra</include>
		<visible>StringCompare(Window(Home).Property(ShortcutDialog), change)</visible>
        <control type="group">
            <control type="group">
                <posx>590</posx>
                <posy>460</posy>
                <control type="image">
                    <posx>-650</posx>
                    <posy>-220</posy>
                    <width>2050</width>
                    <height>480</height>
                    <texture>colors/color_white.png</texture>
					<animation effect="fade" end="90" time="0" condition="true">Conditional</animation>
					<colordiffuse>$VAR[panel_color]</colordiffuse>
                </control>
				<!-- change shortcut -->
                <control type="button" id="4">
                    <posx>-230</posx>
                    <posy>65</posy>
                    <width>400</width>
                    <height>60</height>
					<onback>Control.SetFocus(1401)</onback>
                    <onright>5</onright>
					<onclick>Control.SetFocus(1401)</onclick>
					<onclick>SendClick(401)</onclick>
                    <label>$ADDON[script.skinshortcuts 32048]</label>
					<onclick>ClearProperty(shortcutDialog, Home)</onclick>
					<onback>ClearProperty(shortcutDialog, Home)</onback>
                </control>
				<!-- custom action -->
                <control type="button" id="5">
                    <posx>190</posx>
                    <posy>65</posy>
                    <width>400</width>
                    <height>60</height>
                    <onleft>4</onleft>
					<onright>6</onright>
					<onclick>Control.SetFocus(1401)</onclick>
                    <onclick>SendClick(307)</onclick>
					<onback>Control.SetFocus(1401)</onback>
                    <label>$ADDON[script.skinshortcuts 32027]</label>
					<onclick>ClearProperty(shortcutDialog, Home)</onclick>
					<onback>ClearProperty(shortcutDialog, Home)</onback>
                </control>
				<!-- cancel -->
                <control type="button" id="6">
                    <posx>610</posx>
                    <posy>65</posy>
                    <width>400</width>
                    <height>60</height>
                    <onleft>5</onleft>
                    <onback>Control.SetFocus(1401)</onback>
					<onclick>Control.SetFocus(1401)</onclick>
					<onclick>ClearProperty(shortcutDialog, Home)</onclick>
					<onback>ClearProperty(shortcutDialog, Home)</onback>
                    <label>222</label>
                </control>
            </control>
            <control type="label" id="1">
                <description>Dialog Header</description>
                <posx>100</posx>
                <posy>320</posy>
                <width>1720</width>
                <align>center</align>
                <aligny>top</aligny>
                <include>DialogHeader</include>
				<label>31175</label>
                <!--Doubles Line-->
            </control>
            <control type="label" id="2">
                <description>Line 1</description>
                <posx>100</posx>
                <posy>380</posy>
                <width>1720</width>
                <align>center</align>
                <aligny>top</aligny>
                <label>31176</label>
                <font>Reg26</font>
            </control>
        </control>
    </control>
	<!--Footer-->
        <include condition="!skin.hassetting(nofooterbar)">Footer</include>
		<!--Titan Version-->
        <include>TitanVersion</include>
		
	</controls>
	
</window>
