<?xml version="1.0" encoding="UTF-8"?>
<window>
	<defaultcontrol always="true">4012</defaultcontrol>
	<zorder>1</zorder>
	<controls>
	<include>animation_fade_visible_hidden</include>
			
		<control type="group">
			<left>40</left>
			<bottom>300</bottom>
			<width>1280</width>
			<height>264</height>			
			<control type="group">
			
			<control type="image"><!-- Dialog background -->
				<left>-10</left>
				<top>-10</top>
				<height>284</height>
				<width>1300</width>
				<colordiffuse>$INFO[Skin.String(GeneralPanelsColor)]</colordiffuse>
				<texture border="5">diffuse/panel.png</texture>
				<animation effect="fade" end="40" time="0" condition="true">Conditional</animation>
			</control>
			
			<control type="image"><!-- Dialog background -->
			<left>0</left>
			<top>0</top>
			<height>264</height>
			<width>1280</width>
			<colordiffuse>$INFO[Skin.String(GeneralPanelsColor)]</colordiffuse>
			<texture border="5">diffuse/panel.png</texture>
			<animation effect="fade" reversible="false" end="80" time="0" condition="StringCompare(Skin.String(GeneralPanelsOpacity),80)">Conditional</animation>
			<animation effect="fade" reversible="false" end="60" time="0" condition="StringCompare(Skin.String(GeneralPanelsOpacity),60)">Conditional</animation>
			<animation effect="fade" reversible="false" end="40" time="0" condition="StringCompare(Skin.String(GeneralPanelsOpacity),40)">Conditional</animation>
			<animation effect="fade" reversible="false" end="20" time="0" condition="StringCompare(Skin.String(GeneralPanelsOpacity),20)">Conditional</animation>
			<animation effect="fade" reversible="false" end="0" time="0" condition="StringCompare(Skin.String(GeneralPanelsOpacity),0)">Conditional</animation>
			</control>
				<!-- -->
				<control type="image" id="4001"><!-- Poster -->
					<left>3</left>
					<top>3</top>
					<width>144</width>
					<height>216</height>
					<fadetime>350</fadetime>
					<aspectratio scalediffuse="false">scale</aspectratio>
				</control>
				<control type="label"><!-- Still Watching ? -->
					<top>7</top>
					<left>170</left>
					<width>65%</width>
					<height>27</height>
					<font>Bold26</font>
					<textcolor>FF00a2e0</textcolor>
					<shadowcolor>black</shadowcolor>
					<label>$ADDON[service.nextup.notification 30012]</label>
				</control>
				<control type="label"><!-- Time remaining -->
					<right>20</right>
					<top>7</top>
					<width>200</width>
					<height>27</height>
					<align>right</align>
					<font>Bold26</font>
					<textcolor>FF00a2e0</textcolor>
					<shadowcolor>black</shadowcolor>
					<label>$INFO[Player.TimeRemaining(ss),,sec(s)]</label>
				</control>
				<control type="label" id="4000"><!-- Title -->
					<left>170</left>
					<top>40</top>
					<width>65%</width>
					<height>27</height>
					<font>Bold30</font>
					<textcolor>$INFO[Skin.String(GeneralTextColor)]</textcolor>
					<shadowcolor>black</shadowcolor>
				</control>
				<control type="label" id="4004"><!-- Year -->
					<left>230</left>
					<top>167</top>
					<width>65%</width>
					<height>27</height>
					<font>font12</font>
					<textcolor>$INFO[Skin.String(GeneralTextColor)]</textcolor>
					<shadowcolor>black</shadowcolor>
				</control>
				<control type="textbox" id="4006"><!-- Plot -->
					<left>170</left>
					<top>73</top>
					<width>65%</width>
					<height>175</height>
					<font>font10</font>
					<align>justify</align>
				</control>
				<!-- buttons -->
				<control type="button" id="4012"><!-- Still Watching -->
					<right>660</right>
					<bottom>10</bottom>
					<width>330</width>
					<height>50</height>
					<align>center</align>
					<onright>4013</onright>
					<textoffsetx>10</textoffsetx>
					<font>Reg20</font>
					<label>$ADDON[service.nextup.notification 30010]</label>
				</control>
				<control type="button" id="4013"><!-- Cancel -->
					<right>320</right>
					<bottom>10</bottom>
					<width>300</width>
					<height>50</height>
					<align>center</align>
					<onleft>4012</onleft>
					<textoffsetx>10</textoffsetx>
					<font>Reg20</font>
					<label>222</label>
				</control>
			</control>
		</control>
	</controls>
</window>
