<?xml version="1.0" encoding="UTF-8"?>
<window>
	<onload>ClearProperty(ShowViewSubMenu, Home)</onload>
	<onunload>ClearProperty(ShowViewSubMenu, Home)</onunload>
	<allowoverlay>no</allowoverlay>
	<backgroundcolor>0</backgroundcolor>
	<defaultcontrol always="true">5000</defaultcontrol>
    <controls>
		<!-- Video Background -->
        <include>GlobalBackground</include>

		<!--NowPlaying-->
        <include condition="Skin.HasTheme(classic)">NowPlayingMusicClassic</include>
        <include condition="Skin.HasTheme(classic)">NowPlayingVideoClassic</include>
		<include condition="!Skin.HasTheme(classic)">NowPlayingModern</include>
        
        <!--Header-->
        <include>Header</include>
		<!--Time & Weather-->
        <include>TimeInfo</include>
		<control type="group">
			<include>animation_window_open_close</include>
			
			<!-- panel background -->
			<control type="image">
				<include condition="!skin.hastheme(classic)">panelPosModern</include>
                <posx>8</posx>
                <posy>196</posy>
                <width>1902</width>
                <height>857</height>
                <texture>views/view_50_list_panel_noinfo1.png</texture>
				<animation effect="fade" reversible="false" end="80" time="0" condition="StringCompare(Skin.String(ViewDetailsPanelOpacity),80)">Conditional</animation>
				<animation effect="fade" reversible="false" end="60" time="0" condition="StringCompare(Skin.String(ViewDetailsPanelOpacity),60)">Conditional</animation>
				<animation effect="fade" reversible="false" end="40" time="0" condition="StringCompare(Skin.String(ViewDetailsPanelOpacity),40)">Conditional</animation>
				<animation effect="fade" reversible="false" end="20" time="0" condition="StringCompare(Skin.String(ViewDetailsPanelOpacity),20)">Conditional</animation>
				<animation effect="fade" reversible="false" end="0" time="0" condition="StringCompare(Skin.String(ViewDetailsPanelOpacity),0)">Conditional</animation>
            </control>
			
			<!-- weekdays -->
			<control type="list" id="5000">
				<posx>82</posx>
				<posy>280</posy>
				<width>410</width>
				<height>630</height>
				<onleft>9000</onleft>
				<onright condition="Container(5000).HasFocus(1)">200</onright>
				<onright condition="Container(5000).HasFocus(2)">201</onright>
				<onright condition="Container(5000).HasFocus(3)">202</onright>
				<onright condition="Container(5000).HasFocus(4)">203</onright>
				<onright condition="Container(5000).HasFocus(5)">204</onright>
				<onright condition="Container(5000).HasFocus(6)">205</onright>
				<onright condition="Container(5000).HasFocus(7)">206</onright>
				<onright condition="Container(5000).HasFocus(8)">207</onright>
				<onright condition="Container(5000).HasFocus(9)">208</onright>
				<onright condition="Container(5000).HasFocus(10)">209</onright>
				<onright condition="Container(5000).HasFocus(11)">210</onright>
				<onright condition="Container(5000).HasFocus(12)">211</onright>
				<onright condition="Container(5000).HasFocus(13)">212</onright>
				<onright condition="Container(5000).HasFocus(14)">213</onright>
				<onright condition="Container(5000).HasFocus(15)">214</onright>
				<onright condition="Container(5000).HasFocus(16)">215</onright>
				<onup>5000</onup>
				<ondown>5000</ondown>
				<pagecontrol>-</pagecontrol>
				<scrolltime tween="quadratic">300</scrolltime>
				<itemlayout height="90" width="400">
					<control type="image">
						 <width>400</width>
						 <texture colordiffuse="$INFO[Skin.String(ButtonFocusColor)]">colors/color_90%trans_white.png</texture>
						 <aspectratio>stretch</aspectratio>
					</control>
					<control type="label">
						<width>400</width>
						<height>90</height>
						<font>Bold30</font>
						<textoffsetx>20</textoffsetx>
						<textcolor>white</textcolor>
						<selectedcolor>mainblue</selectedcolor>
						<label>$VAR[NextAiredLabel]</label>
					</control>
					<control type="label">
						<posx>400</posx>
						<posy>0</posy>
						<width>400</width>
						<height>90</height>
						<font>Reg24</font>
						<textoffsetx>20</textoffsetx>
						<textcolor>white</textcolor>
						<selectedcolor>mainblue</selectedcolor>
						<align>right</align>
						<aligny>center</aligny>
						<label>$INFO[ListItem.Label2]</label>
					</control>
				</itemlayout>
				<focusedlayout height="90" width="400">
					<control type="image">
						 <width>400</width>
						 <texture colordiffuse="$INFO[Skin.String(ButtonFocusColor)]">colors/color_white.png</texture>
						 <aspectratio>stretch</aspectratio>
					</control>
					<control type="label">
						<width>400</width>
						<height>90</height>
						<font>Bold30</font>
						<textoffsetx>20</textoffsetx>
						<selectedcolor>black</selectedcolor>
						<textcolor>black</textcolor>
						<label>$VAR[NextAiredLabel]</label>
					</control>
					<control type="label">
						<posx>400</posx>
						<posy>0</posy>
						<width>400</width>
						<height>90</height>
						<font>Reg24</font>
						<textoffsetx>20</textoffsetx>
						<selectedcolor>black</selectedcolor>
						<textcolor>black</textcolor>
						<align>right</align>
						<aligny>center</aligny>
						<label>$INFO[ListItem.Label2]</label>
					</control>
				</focusedlayout>			
				<content>
					<item id="1">
						<label>$INFO[Window(home).Property(NextAired.200.Wday)]$INFO[Container(200).NumItems, (,)]</label>
						<label2>$INFO[Window(Home).Property(NextAired.200.Date)]</label2>
						<onclick>noop</onclick>
						<icon>-</icon>
						<visible>!IsEmpty(Window(home).Property(NextAired.200.Wday))</visible>
					</item>
					<item id="2">
						<label>[COLOR selected]$INFO[Window(home).Property(NextAired.201.Wday)]$INFO[Container(201).NumItems, (,)][/COLOR]</label>
						<label2>[COLOR selected]$INFO[Window(Home).Property(NextAired.201.Date)][/COLOR]</label2>
						<onclick>noop</onclick>
						<icon>-</icon>
					</item>
					<item id="3">
						<label>$INFO[Window(home).Property(NextAired.202.Wday)]$INFO[Container(202).NumItems, (,)]</label>
						<label2>$INFO[Window(Home).Property(NextAired.202.Date)]</label2>
						<onclick>noop</onclick>
						<icon>-</icon>
					</item>
					<item id="4">
						<label>$INFO[Window(home).Property(NextAired.203.Wday)]$INFO[Container(203).NumItems, (,)]</label>
						<label2>$INFO[Window(Home).Property(NextAired.203.Date)]</label2>
						<onclick>noop</onclick>
						<icon>-</icon>
					</item>
					<item id="5">
						<label>$INFO[Window(home).Property(NextAired.204.Wday)]$INFO[Container(204).NumItems, (,)]</label>
						<label2>$INFO[Window(Home).Property(NextAired.204.Date)]</label2>
						<onclick>noop</onclick>
						<icon>-</icon>
					</item>
					<item id="6">
						<label>$INFO[Window(home).Property(NextAired.205.Wday)]$INFO[Container(205).NumItems, (,)]</label>
						<label2>$INFO[Window(Home).Property(NextAired.205.Date)]</label2>
						<onclick>noop</onclick>
						<icon>-</icon>
					</item>
					<item id="7">
						<label>$INFO[Window(home).Property(NextAired.206.Wday)]$INFO[Container(206).NumItems, (,)]</label>
						<label2>$INFO[Window(Home).Property(NextAired.206.Date)]</label2>
						<onclick>noop</onclick>
						<icon>-</icon>
					</item>
					<item id="8">
						<label>$INFO[Window(home).Property(NextAired.207.Wday)]$INFO[Container(207).NumItems, (,)]</label>
						<label2>$INFO[Window(Home).Property(NextAired.207.Date)]</label2>
						<onclick>noop</onclick>
						<icon>-</icon>
					</item>
					<item id="9">
						<label>$INFO[Window(home).Property(NextAired.208.Wday)]$INFO[Container(208).NumItems, (,)]</label>
						<label2>$INFO[Window(Home).Property(NextAired.208.Date)]</label2>
						<onclick>noop</onclick>
						<icon>-</icon>
					</item>
					<item id="10">
						<label>$INFO[Window(home).Property(NextAired.209.Wday)]$INFO[Container(209).NumItems, (,)]</label>
						<label2>$INFO[Window(Home).Property(NextAired.209.Date)]</label2>
						<onclick>noop</onclick>
						<icon>-</icon>
					</item>
					<item id="11">
						<label>$INFO[Window(home).Property(NextAired.210.Wday)]$INFO[Container(210).NumItems, (,)]</label>
						<label2>$INFO[Window(Home).Property(NextAired.210.Date)]</label2>
						<onclick>noop</onclick>
						<icon>-</icon>
					</item>
					<item id="12">
						<label>$INFO[Window(home).Property(NextAired.211.Wday)]$INFO[Container(211).NumItems, (,)]</label>
						<label2>$INFO[Window(Home).Property(NextAired.211.Date)]</label2>
						<onclick>noop</onclick>
						<icon>-</icon>
					</item>
					<item id="13">
						<label>$INFO[Window(home).Property(NextAired.212.Wday)]$INFO[Container(212).NumItems, (,)]</label>
						<label2>$INFO[Window(Home).Property(NextAired.212.Date)]</label2>
						<onclick>noop</onclick>
						<icon>-</icon>
					</item>
					<item id="14">
						<label>$INFO[Window(home).Property(NextAired.213.Wday)]$INFO[Container(213).NumItems, (,)]</label>
						<label2>$INFO[Window(Home).Property(NextAired.213.Date)]</label2>
						<onclick>noop</onclick>
						<icon>-</icon>
					</item>
					<item id="15">
						<label>$INFO[Window(home).Property(NextAired.214.Wday)]$INFO[Container(214).NumItems, (,)]</label>
						<label2>$INFO[Window(Home).Property(NextAired.214.Date)]</label2>
						<onclick>noop</onclick>
						<icon>-</icon>
					</item>
					<item id="16">
						<label>$INFO[Window(home).Property(NextAired.215.Wday)]$INFO[Container(215).NumItems, (,)]</label>
						<label2>$INFO[Window(Home).Property(NextAired.215.Date)]</label2>
						<onclick>noop</onclick>
						<icon>-</icon>
					</item>
				</content>
			</control>
			<control type="group" id="9001">
				<posy>240</posy>
				<posx>550</posx>
				<control type="scrollbar" id="60">
					<left>0</left>
					<posy>670</posy>
					<width>1316</width>
					<height>60</height>
					<onup>9001</onup>
					<onup condition="Container(5000).HasFocus(1)">200</onup>
					<onup condition="Container(5000).HasFocus(2)">201</onup>
					<onup condition="Container(5000).HasFocus(3)">202</onup>
					<onup condition="Container(5000).HasFocus(4)">203</onup>
					<onup condition="Container(5000).HasFocus(5)">204</onup>
					<onup condition="Container(5000).HasFocus(6)">205</onup>
					<onup condition="Container(5000).HasFocus(7)">206</onup>
					<onup condition="Container(5000).HasFocus(8)">207</onup>
					<onup condition="Container(5000).HasFocus(9)">208</onup>
					<onup condition="Container(5000).HasFocus(10)">209</onup>
					<onup condition="Container(5000).HasFocus(11)">210</onup>
					<onup condition="Container(5000).HasFocus(12)">211</onup>
					<onup condition="Container(5000).HasFocus(13)">212</onup>
					<onup condition="Container(5000).HasFocus(14)">213</onup>
					<onup condition="Container(5000).HasFocus(15)">214</onup>
					<onup condition="Container(5000).HasFocus(16)">215</onup>
					<onleft>5000</onleft>
					<texturesliderbackground border="14,0,14,0">scrollbar/ScrollBarH.png</texturesliderbackground>
					<texturesliderbar border="14,0,14,0">scrollbar/ScrollBarH_bar.png</texturesliderbar>
					<texturesliderbarfocus border="14,0,14,0" colordiffuse="mainblue">scrollbar/ScrollBarH_bar_focus.png</texturesliderbarfocus>
					<textureslidernib>scrollbar/ScrollBarNib.png</textureslidernib>
					<textureslidernibfocus>scrollbar/ScrollBarNib.png</textureslidernibfocus>
					<showonepage>false</showonepage>
					<orientation>horizontal</orientation>
					<animation effect="fade" start="0" end="100" time="400" condition="Control.HasFocus(60) | Skin.HasSetting(EnableTouchSupport) | Container.Scrolling">Conditional</animation>
					<animation effect="fade" start="100" end="0" time="400" condition="![Control.HasFocus(60) | Skin.HasSetting(EnableTouchSupport) | Container.Scrolling]">Conditional</animation>
				</control>
				<control type="panel" id="200">
					<visible allowhiddenfocus="true">[Control.HasFocus(5000) + Container(5000).HasFocus(1)] | Control.HasFocus(200) | [Container(5000).HasFocus(1) + Control.HasFocus(60)]</visible>
					<include>SettingsFadeEffect</include>
					<onright>200</onright>
					<include>TVNextAiredListCommonLayout</include>				
				</control>
				<control type="panel" id="201">
					<visible allowhiddenfocus="true">[Control.HasFocus(5000) + Container(5000).HasFocus(2)] | Control.HasFocus(201) | [Container(5000).HasFocus(2) + Control.HasFocus(60)]</visible>
					<include>SettingsFadeEffect</include>
					<onright>201</onright>
					<include>TVNextAiredListCommonLayout</include>
				</control>
				<control type="panel" id="202">
					<visible allowhiddenfocus="true">[Control.HasFocus(5000) + Container(5000).HasFocus(3)] | Control.HasFocus(202) | [Container(5000).HasFocus(3) + Control.HasFocus(60)]</visible>
					<include>SettingsFadeEffect</include>
					<onright>202</onright>
					<include>TVNextAiredListCommonLayout</include>
				</control>
				<control type="panel" id="203">
					<visible allowhiddenfocus="true">[Control.HasFocus(5000) + Container(5000).HasFocus(4)] | Control.HasFocus(203) | [Container(5000).HasFocus(4) + Control.HasFocus(60)]</visible>
					<include>SettingsFadeEffect</include>
					<onright>203</onright>
					<include>TVNextAiredListCommonLayout</include>
				</control>
				<control type="panel" id="204">
					<visible allowhiddenfocus="true">[Control.HasFocus(5000) + Container(5000).HasFocus(5)] | Control.HasFocus(204) | [Container(5000).HasFocus(5) + Control.HasFocus(60)]</visible>
					<include>SettingsFadeEffect</include>
					<onright>204</onright>
					<include>TVNextAiredListCommonLayout</include>
				</control>
				<control type="panel" id="205">
					<visible allowhiddenfocus="true">[Control.HasFocus(5000) + Container(5000).HasFocus(6)] | Control.HasFocus(205) | [Container(5000).HasFocus(6) + Control.HasFocus(60)]</visible>
					<include>SettingsFadeEffect</include>
					<onright>205</onright>
					<include>TVNextAiredListCommonLayout</include>
				</control>
				<control type="panel" id="206">
					<visible allowhiddenfocus="true">[Control.HasFocus(5000) + Container(5000).HasFocus(7)] | Control.HasFocus(206) | [Container(5000).HasFocus(7) + Control.HasFocus(60)]</visible>
					<include>SettingsFadeEffect</include>
					<onright>206</onright>
					<include>TVNextAiredListCommonLayout</include>
				</control>
				<control type="panel" id="207">
					<visible allowhiddenfocus="true">[Control.HasFocus(5000) + Container(5000).HasFocus(8)] | Control.HasFocus(207) | [Container(5000).HasFocus(8) + Control.HasFocus(60)]</visible>
					<include>SettingsFadeEffect</include>
					<onright>207</onright>
					<include>TVNextAiredListCommonLayout</include>
				</control>
				<control type="panel" id="208">
					<visible allowhiddenfocus="true">[Control.HasFocus(5000) + Container(5000).HasFocus(9)] | Control.HasFocus(208) | [Container(5000).HasFocus(9) + Control.HasFocus(60)]</visible>
					<include>SettingsFadeEffect</include>
					<onright>208</onright>
					<include>TVNextAiredListCommonLayout</include>
				</control>
				<control type="panel" id="209">
					<visible allowhiddenfocus="true">[Control.HasFocus(5000) + Container(5000).HasFocus(10)] | Control.HasFocus(209) | [Container(5000).HasFocus(10) + Control.HasFocus(60)]</visible>
					<include>SettingsFadeEffect</include>
					<onright>209</onright>
					<include>TVNextAiredListCommonLayout</include>
				</control>
				<control type="panel" id="210">
					<visible allowhiddenfocus="true">[Control.HasFocus(5000) + Container(5000).HasFocus(11)] | Control.HasFocus(210) | [Container(5000).HasFocus(11) + Control.HasFocus(60)]</visible>
					<include>SettingsFadeEffect</include>
					<onright>210</onright>
					<include>TVNextAiredListCommonLayout</include>
				</control>
				<control type="panel" id="211">
					<visible allowhiddenfocus="true">[Control.HasFocus(5000) + Container(5000).HasFocus(12)] | Control.HasFocus(211) | [Container(5000).HasFocus(12) + Control.HasFocus(60)]</visible>
					<include>SettingsFadeEffect</include>
					<onright>211</onright>
					<include>TVNextAiredListCommonLayout</include>
				</control>
				<control type="panel" id="212">
					<visible allowhiddenfocus="true">[Control.HasFocus(5000) + Container(5000).HasFocus(13)] | Control.HasFocus(212) | [Container(5000).HasFocus(13) + Control.HasFocus(60)]</visible>
					<include>SettingsFadeEffect</include>
					<onright>212</onright>
					<include>TVNextAiredListCommonLayout</include>
				</control>
				<control type="panel" id="213">
					<visible allowhiddenfocus="true">[Control.HasFocus(5000) + Container(5000).HasFocus(14)] | Control.HasFocus(213) | [Container(5000).HasFocus(14) + Control.HasFocus(60)]</visible>
					<include>SettingsFadeEffect</include>
					<onright>213</onright>
					<include>TVNextAiredListCommonLayout</include>
				</control>
				<control type="panel" id="214">
					<visible allowhiddenfocus="true">[Control.HasFocus(5000) + Container(5000).HasFocus(15)] | Control.HasFocus(214) | [Container(5000).HasFocus(15) + Control.HasFocus(60)]</visible>
					<include>SettingsFadeEffect</include>
					<onright>214</onright>
					<include>TVNextAiredListCommonLayout</include>
				</control>
				<control type="panel" id="215">
					<visible allowhiddenfocus="true">[Control.HasFocus(5000) + Container(5000).HasFocus(16)] | Control.HasFocus(215) | [Container(5000).HasFocus(16) + Control.HasFocus(60)]</visible>
					<include>SettingsFadeEffect</include>
					<onright>215</onright>
					<include>TVNextAiredListCommonLayout</include>
				</control>
			</control>
		</control>
		
		<!--Footer-->
		<control type="group">
			<include>animation_window_open_close</include>
			 <include>animation_fade_visible_hidden</include>
			<include condition="!skin.hassetting(nofooterbar)">Footer</include>
		</control>
		
		<!--Sub Menu Tab Left-->
        <include>SubMenuTabLeft</include>
		
		
		<!--Sub Menu-->
        <control type="group">
            <include condition="skin.hastheme(classic)">SideBladeClassic</include>
			<include condition="!skin.hastheme(classic)">SideBladeModern</include>
            <!--Grouplist 9000-->
            <control type="grouplist" id="9000">
                <posx>21</posx>
                <posy>190</posy>
                <width>458</width>
                <height>750</height>
                <itemgap>3</itemgap>
                <onleft>5000</onleft>
                <onright>5000</onright>
				<onright>ClearProperty(ShowViewSubMenu, Home)</onright>
				<onleft>ClearProperty(ShowViewSubMenu, Home)</onleft>
				<onback>ClearProperty(ShowViewSubMenu, Home)</onback>
                <onup>9000</onup>
                <ondown>9000</ondown>
                <orientation>vertical</orientation>
                <!--Buttons-->
                <control type="label" id="1001">
                    <!--Label Menu-->
                    <width>458</width>
                    <align>left</align>
                    <textoffsetx>50</textoffsetx>
                    <font>Bold40</font>
                    <textcolor>$VAR[ThemeFontColorBlack]</textcolor>
                    <label>$LOCALIZE[33061]:</label>
					<visible>skin.hastheme(classic)</visible>
                </control>
                <control type="image" id="1002">
                    <!--Seperator-->
                    <width>458</width>
                    <height>10</height>
                    <align>left</align>
                    <texture>common/menu-separator.png</texture>
					<visible>skin.hastheme(classic)</visible>
                </control>
				<control type="button" id="8">
                    <description>Settings</description>
				    <include>SubMenuButton</include>
                    <label>5</label>
                </control>
				
				
				<control type="radiobutton" id="1004">
                    <!--Show Fanart Background-->
                    <include>SubMenuButton</include>
                    <label>31141</label>
                    <onclick>Skin.ToggleSetting(ShowFanartBackground)</onclick>
                    <selected>Skin.HasSetting(ShowFanartBackground)</selected>
					<visible>!Control.IsVisible(507)</visible>
                </control>

				
				<control type="button" id="1005">
                    <!--focus color-->
                    <include>SubMenuButton</include>
                    <label>$LOCALIZE[31180] $INFO[Skin.String(ViewDetailsFocusColor)]</label>
                    <onclick condition="skin.string(ViewDetailsFocusColor, blue)">Skin.SetString(ViewDetailsFocusColor, white)</onclick>
					<onclick condition="skin.string(ViewDetailsFocusColor, white)">Skin.SetString(ViewDetailsFocusColor, mainblue)</onclick>
					<onclick condition="skin.string(ViewDetailsFocusColor, mainblue)">Skin.SetString(ViewDetailsFocusColor, green)</onclick>
					<onclick condition="skin.string(ViewDetailsFocusColor, green)">Skin.SetString(ViewDetailsFocusColor, orange)</onclick>
					<onclick condition="skin.string(ViewDetailsFocusColor, orange)">Skin.SetString(ViewDetailsFocusColor, bluegrey)</onclick>
					<onclick condition="skin.string(ViewDetailsFocusColor, bluegrey)">Skin.SetString(ViewDetailsFocusColor, blue)</onclick>
					<visible>!Control.IsVisible(507) + !Control.IsVisible(50) + !Control.IsVisible(500) + !Control.IsVisible(54) + !Control.IsVisible(514) + !Control.IsVisible(513) + !Control.IsVisible(58) + !Control.IsVisible(508)</visible>
                </control>

            </control>
        </control>


	</controls>
</window>