<?xml version="1.0" encoding="UTF-8"?>
<window>
	<defaultcontrol always="true">3012</defaultcontrol>
	<zorder>1</zorder>
	<controls>
	<include>animation_fade_visible_hidden</include>
	
		<control type="group">
			<left>40</left>
			<bottom>300</bottom>
			<width>1280</width>
			<height>264</height>
			<control type="group">

			<control type="image"><!-- Dialog background -->
				<left>-10</left>
				<top>-10</top>
				<height>284</height>
				<width>1300</width>
				<colordiffuse>$INFO[Skin.String(GeneralPanelsColor)]</colordiffuse>
				<texture border="5">diffuse/panel.png</texture>
				<animation effect="fade" end="40" time="0" condition="true">Conditional</animation>
			</control>
			
			<control type="image"><!-- Dialog background -->
			<left>0</left>
			<top>0</top>
			<height>264</height>
			<width>1280</width>
			<colordiffuse>$INFO[Skin.String(GeneralPanelsColor)]</colordiffuse>
			<texture border="5">diffuse/panel.png</texture>
			<animation effect="fade" reversible="false" end="80" time="0" condition="StringCompare(Skin.String(GeneralPanelsOpacity),80)">Conditional</animation>
			<animation effect="fade" reversible="false" end="60" time="0" condition="StringCompare(Skin.String(GeneralPanelsOpacity),60)">Conditional</animation>
			<animation effect="fade" reversible="false" end="40" time="0" condition="StringCompare(Skin.String(GeneralPanelsOpacity),40)">Conditional</animation>
			<animation effect="fade" reversible="false" end="20" time="0" condition="StringCompare(Skin.String(GeneralPanelsOpacity),20)">Conditional</animation>
			<animation effect="fade" reversible="false" end="0" time="0" condition="StringCompare(Skin.String(GeneralPanelsOpacity),0)">Conditional</animation>
			</control>
			
				<control type="image" id="3009">
					<description>poster</description>
					<left>8</left>
					<top>3</top>
					<width>144</width>
					<height>216</height>
					<aspectratio scalediffuse="false">scale</aspectratio>
					<visible>IsEmpty(Control.GetLabel(3006))</visible>
				</control>
				<control type="image" id="3006">
					<description>clearart</description>
					<left>8</left>
					<top>40</top>
					<width>275</width>
					<height>145</height>
					<aspectratio>keep</aspectratio>
				</control>
				<control type="image" id="3010">
					<description>landscape</description>
					<visible>false</visible>
				</control>
				<control type="image">
					<visible>!Control.HasFocus(3012)</visible>
					<visible>IntegerGreaterThan(Player.TimeRemaining(ss),30)</visible>
					<right>106</right>
					<centertop>120</centertop>
					<width>128</width>
					<height>128</height>
					<aspectratio>keep</aspectratio>
					<texture colordiffuse="88ffffff">nextup/nextupicons/30.png</texture>
				</control>
				<control type="image">
					<visible>Control.HasFocus(3012)</visible>
					<visible>IntegerGreaterThan(Player.TimeRemaining(ss),30)</visible>
					<right>106</right>
					<centertop>120</centertop>
					<width>128</width>
					<height>128</height>
					<aspectratio>keep</aspectratio>
					<texture colordiffuse="FF00a2e0">nextup/nextupicons/30.png</texture>
				</control>
				<control type="image">
					<visible>!Control.HasFocus(3012)</visible>
					<visible>!IntegerGreaterThan(Player.TimeRemaining(ss),30)</visible>
					<right>106</right>
					<centertop>120</centertop>
					<width>128</width>
					<height>128</height>
					<aspectratio>keep</aspectratio>
					<texture colordiffuse="88ffffff">$INFO[Player.TimeRemaining(ss),nextup/nextupicons/,.png]</texture>
				</control>
				<control type="image">
					<visible>Control.HasFocus(3012)</visible>
					<visible>!IntegerGreaterThan(Player.TimeRemaining(ss),30)</visible>
					<right>106</right>
					<centertop>120</centertop>
					<width>128</width>
					<height>128</height>
					<aspectratio>keep</aspectratio>
					<texture colordiffuse="FF00a2e0">$INFO[Player.TimeRemaining(ss),nextup/nextupicons/,.png]</texture>
				</control>
				<control type="button" id="3012"><!-- Watch Now -->
					<right>106</right>
					<centertop>120</centertop>
					<width>128</width>
					<height>128</height>
					<ondown>3013</ondown>
					<texturefocus>noop</texturefocus>
				</control>
				<control type="group">
					<control type="button" id="3013"><!-- Cancel -->
						<right>20</right>
						<bottom>10</bottom>
						<width>300</width>
						<height>50</height>
						<onup>3012</onup>
						<align>center</align>
						<font>font13</font>
						<label>222</label>
					</control>
					<control type="label"><!-- Time remaining -->
						<right>70</right>
						<top>7</top>
						<width>200</width>
						<height>27</height>
						<align>center</align>
						<font>Bold26</font>
						<textcolor>FF00a2e0</textcolor>
						<shadowcolor>black</shadowcolor>
						<label>$INFO[Player.TimeRemaining(ss),,sec(s)]</label>
					</control>
					<control type="label">
						<left>292</left>
						<top>0</top>
						<width>670</width>
						<height>40</height>
						<font>Bold30</font>
						<textcolor>FF00a2e0</textcolor>
						<shadowcolor>black</shadowcolor>
						<label>$INFO[Control.GetLabel(3002),$ADDON[service.nextup.notification 30008]... ,]$INFO[Control.GetLabel(3000), ,]</label>
					</control>
					<control type="label" id="3002">
						<description>episode-season info</description>
						<visible>false</visible>
						<textcolor>$INFO[Skin.String(GeneralTextColor)]</textcolor>
						<shadowcolor>black</shadowcolor>
					</control>
					<control type="label" id="3000">
						<description>title</description>
						<width>100%</width>
						<left>267</left>
						<top>0</top>
						<height>40</height>
						<font>Bold30</font>
						<textcolor>$INFO[Skin.String(GeneralTextColor)]</textcolor>
						<shadowcolor>black</shadowcolor>
						<visible>false</visible>
					</control>
					<control type="label" id="3002">
						<description>episode/season info</description>
						<textcolor>$INFO[Skin.String(GeneralTextColor)]</textcolor>
						<shadowcolor>black</shadowcolor>
						<visible>false</visible>
					</control>
					<control type="label" id="3003">
						<description>rating</description>
						<textcolor>$INFO[Skin.String(GeneralTextColor)]</textcolor>
						<shadowcolor>black</shadowcolor>
						<visible>false</visible>
					</control>
					<control type="label" id="3004">
						<description>year/runtime</description>
						<textcolor>$INFO[Skin.String(GeneralTextColor)]</textcolor>
						<shadowcolor>black</shadowcolor>
						<visible>false</visible>
					</control>
					<control type="textbox" id="3001"><!-- Plot -->
						<left>292</left>
						<top>50</top>
						<width>670</width>
						<height>175</height>
						<font>font10</font>
						<align>justify</align>
					</control>
				</control>
			</control>
		</control>
	</controls>
</window>