<window>
    <coordinates>
        <system>1</system>
        <posx>705</posx>
        <posy>378</posy>
    </coordinates>
	<controls>
        <control type="image">
            <description>Fade</description>
            <posx>-1050</posx>
            <posy>-750</posy>
            <width>3300</width>
            <height>3300</height>
            <texture>colors/color_white.png</texture>
			<animation effect="fade" end="20" time="0" condition="true">Conditional</animation>
			<colordiffuse>$INFO[Skin.String(ButtonFocusColor)]</colordiffuse>
        </control>
		
		<control type="group">
			<control type="image">
				<posx>-10</posx>
				<posy>-10</posy>
				<width>510</width>
				<height>330</height>
				<colordiffuse>$INFO[Skin.String(GeneralPanelsColor)]</colordiffuse>
				<texture border="5">diffuse/panel.png</texture>
				<animation effect="fade" end="40" time="0" condition="true">Conditional</animation>
			</control>
		
			<control type="image" id="2">
				<description>background image</description>
				<posx>0</posx>
				<posy>0</posy>
	            <width>490</width>
                <height>310</height>
				<colordiffuse>$INFO[Skin.String(GeneralPanelsColor)]</colordiffuse>
				<texture border="10">diffuse/panel.png</texture>
			</control>
			<control type="list" id="111">
				<posx>20</posx>
				<posy>20</posy>
                <width>450</width>
                <height>483</height>
				<onup>111</onup>
				<ondown>111</ondown>
				<onleft>111</onleft>
				<onright>111</onright>
				<scrolltime>200</scrolltime>
				<itemlayout height="70" width="450">
					<control type="image">
						<posx>0</posx>
						<posy>0</posy>
						<width>450</width>
						<height>60</height>
						<texture border="8" colordiffuse="$INFO[Skin.String(ButtonColor)]">diffuse/panel_trans.png</texture>
					</control>
					<control type="label">
						<posx>0</posx>
						<posy>0</posy>
						<width>450</width>
						<height>60</height>
						<font>font13</font>
						<textcolor>$INFO[Skin.String(GeneralTextColor)]</textcolor>
						<shadowcolor>black</shadowcolor>
						<selectedcolor>FFFFFF33</selectedcolor>
						<align>center</align>
						<aligny>center</aligny>
						<info>ListItem.Label</info>
					</control>
				</itemlayout>
				<focusedlayout height="70" width="450">
					<control type="image">
						<posx>0</posx>
						<posy>0</posy>
						<width>450</width>
						<height>60</height>
						<texture border="8" colordiffuse="$INFO[Skin.String(ButtonColor)]">diffuse/panel_trans.png</texture>
						<visible>!Control.HasFocus(111)</visible>
						<animation effect="fade" time="300">Visible</animation>
						<animation effect="fade" time="300">Hidden</animation>
					</control>
					<control type="image">
						<posx>0</posx>
						<posy>0</posy>
						<width>450</width>
						<height>60</height>
						<texture border="8" colordiffuse="$INFO[Skin.String(ButtonFocusColor)]">diffuse/panel.png</texture>
						<visible>Control.HasFocus(111)</visible>
						<animation effect="fade" time="300">Visible</animation>
						<animation effect="fade" time="300">Hidden</animation>
					</control>
					<control type="label">
						<posx>0</posx>
						<posy>0</posy>
						<width>450</width>
						<height>60</height>
						<font>font13</font>
						<textcolor>$INFO[Skin.String(ButtonTextColor)]</textcolor>
						<shadowcolor>black</shadowcolor>
						<selectedcolor>FFFFFF33</selectedcolor>
						<align>center</align>
						<aligny>center</aligny>
						<visible>!Control.HasFocus(111)</visible>
						<info>ListItem.Label</info>
					</control>
					<control type="label">
						<posx>0</posx>
						<posy>0</posy>
						<width>450</width>
						<height>60</height>
						<font>font13</font>
						<textcolor>$INFO[Skin.String(ButtonFocusTextColor)]</textcolor>
						<shadowcolor>black</shadowcolor>
						<selectedcolor>FFFFFF33</selectedcolor>
						<align>center</align>
						<aligny>center</aligny>
						<visible>Control.HasFocus(111)</visible>
						<info>ListItem.Label</info>
					</control>
				</focusedlayout>
			</control>
		</control>
	</controls>
</window>
