<?xml version='1.0' encoding='UTF-8'?>
<includes>
	<include name="skinshortcuts-mainmenu">
		<item id="1">
			<label>Films</label>
			<label2>Aangepaste snelkoppeling</label2>
			<icon>$INFO[Window(Home).Property(mediastreamer.oscarwinners.0)]</icon>
			<thumb />
			<property name="labelID">films</property>
			<property name="defaultID">Films</property>
			<onclick condition="true">SetFocus(4444)</onclick>
			<property name="path">SetFocus(4444)</property>
			<visible>StringCompare(System.ProfileName,Master user)</visible>
			<property name="submenuVisibility">films</property>
			<property name="group">mainmenu</property>
			<property name="background">fanart</property>
			<property name="backgroundName">Globale/gemixte fanart afbeelding</property>
			<property name="hasSubmenu">True</property>
		</item>
		<item id="2">
			<label>TV-Series</label>
			<label2>Aangepaste snelkoppeling</label2>
			<icon>$INFO[Window(Home).Property(mediastreamer.popularshows.0)]</icon>
			<thumb />
			<property name="labelID">tv-series</property>
			<property name="defaultID">TV-Series</property>
			<onclick condition="true">SetFocus(4444)</onclick>
			<property name="path">SetFocus(4444)</property>
			<visible>StringCompare(System.ProfileName,Master user)</visible>
			<property name="submenuVisibility">tv-series</property>
			<property name="group">mainmenu</property>
			<property name="hasSubmenu">False</property>
		</item>
		<item id="3">
			<label>Erotiek</label>
			<label2>Video add-on</label2>
			<icon>special://home/addons/script.moviestreamer-nl/resources/skins/default/media/xxx_icon.png</icon>
			<thumb />
			<property name="labelID">plugin.video.beeg</property>
			<property name="defaultID">plugin.video.beeg</property>
			<visible>!Skin.HasSetting(moviestreamer.disablexxx)</visible>
			<onclick>ActivateWindow(10025,"plugin://plugin.video.beeg",return)</onclick>
			<property name="path">ActivateWindow(10025,"plugin://plugin.video.beeg",return)</property>
			<visible>StringCompare(System.ProfileName,Master user)</visible>
			<property name="submenuVisibility">plugin-video-beeg</property>
			<property name="group">mainmenu</property>
			<property name="hasSubmenu">False</property>
		</item>
		<item id="4">
			<label>Sport</label>
			<label2>Video add-on</label2>
			<icon>DefaultShortcut.png</icon>
			<thumb>special://home/addons/script.moviestreamer-nl/resources/skins/default/media/voetbal.png</thumb>
			<property name="labelID">sport</property>
			<property name="defaultID" />
			<onclick>ActivateWindow(10025,"plugin://plugin.video.p2p-streams/?url=https%3A%2F%2Fcode.google.com%2Fp%2Fp2p-strm%2F&amp;mode=400&amp;name=-Addon+Website-parsers&amp;iconimage=C%3A%5CUsers%5CMarcel%5CAppData%5CRoaming%5CKodi%5Caddons%5Cplugin.video.p2p-streams%2Fresources%2Fart%2Fweb-parsers-menu.png",return)</onclick>
			<property name="path">ActivateWindow(10025,"plugin://plugin.video.p2p-streams/?url=https%3A%2F%2Fcode.google.com%2Fp%2Fp2p-strm%2F&amp;mode=400&amp;name=-Addon+Website-parsers&amp;iconimage=C%3A%5CUsers%5CMarcel%5CAppData%5CRoaming%5CKodi%5Caddons%5Cplugin.video.p2p-streams%2Fresources%2Fart%2Fweb-parsers-menu.png",return)</property>
			<visible>StringCompare(System.ProfileName,Master user)</visible>
			<property name="submenuVisibility">sport</property>
			<property name="group">mainmenu</property>
			<property name="hasSubmenu">True</property>
		</item>
		<item id="5">
			<label>Kids</label>
			<label2>Aangepaste snelkoppeling</label2>
			<icon>special://home/addons/script.moviestreamer-nl/resources/skins/default/media/kids.png</icon>
			<thumb />
			<property name="labelID">kids</property>
			<property name="defaultID">plugin.video.cartoonhd</property>
			<onclick condition="true">SetFocus(4444)</onclick>
			<property name="path">SetFocus(4444)</property>
			<visible>StringCompare(System.ProfileName,Master user)</visible>
			<property name="submenuVisibility">kids</property>
			<property name="group">mainmenu</property>
			<property name="hasSubmenu">True</property>
		</item>
		<item id="6">
			<label>$LOCALIZE[10004]</label>
			<label2>Instellingen</label2>
			<icon>special://skin/extras/hometiles/settings.png</icon>
			<thumb />
			<property name="labelID">script.moviestreamer-nl</property>
			<property name="defaultID">settings</property>
			<onclick>RunScript(script.moviestreamer-nl)</onclick>
			<property name="path">RunScript(script.moviestreamer-nl)</property>
			<visible>StringCompare(System.ProfileName,Master user)</visible>
			<property name="submenuVisibility">script-moviestreamer-nl</property>
			<property name="group">mainmenu</property>
			<property name="hasSubmenu">False</property>
		</item>
		<item id="7">
			<label>Afsluiten</label>
			<label2>Aangepaste snelkoppeling</label2>
			<icon>special://skin/extras/hometiles/shutdown.png</icon>
			<thumb />
			<property name="labelID">afsluiten</property>
			<property name="defaultID">13005</property>
			<onclick>Shutdown</onclick>
			<property name="path">Shutdown</property>
			<visible>StringCompare(System.ProfileName,Master user)</visible>
			<property name="submenuVisibility">afsluiten</property>
			<property name="group">mainmenu</property>
			<property name="hasSubmenu">False</property>
		</item>
		<item id="8">
			<label>Radio</label>
			<label2>Muziek add-on</label2>
			<icon>DefaultShortcut.png</icon>
			<thumb>special://skin/extras/hometiles/radio.png</thumb>
			<property name="labelID">plugin.audio.radio_de</property>
			<property name="defaultID">plugin.audio.radio_de</property>
			<onclick>ActivateWindow(10501,"plugin://plugin.audio.radio_de",return)</onclick>
			<property name="path">ActivateWindow(10501,"plugin://plugin.audio.radio_de",return)</property>
			<visible>StringCompare(System.ProfileName,Master user)</visible>
			<property name="submenuVisibility">plugin-audio-radio-de</property>
			<property name="group">mainmenu</property>
			<property name="hasSubmenu">False</property>
		</item>
		<item id="9">
			<label>Muziekvideo's</label>
			<label2>Video add-on</label2>
			<icon>DefaultShortcut.png</icon>
			<thumb>image://C%3a%5cUsers%5cMarcel%5cAppData%5cRoaming%5cKodi%5caddons%5cplugin.video.vevo%5cicon.png/</thumb>
			<property name="labelID">plugin.video.vevo</property>
			<property name="defaultID">plugin.video.vevo</property>
			<onclick>ActivateWindow(10025,"plugin://plugin.video.vevo",return)</onclick>
			<property name="path">ActivateWindow(10025,"plugin://plugin.video.vevo",return)</property>
			<visible>StringCompare(System.ProfileName,Master user)</visible>
			<property name="submenuVisibility">plugin-video-vevo</property>
			<property name="group">mainmenu</property>
			<property name="hasSubmenu">False</property>
		</item>
		<item id="10">
			<label>Apps</label>
			<label2>Aangepaste snelkoppeling</label2>
			<icon>special://skin/extras/hometiles/addons.png</icon>
			<thumb />
			<property name="labelID">apps</property>
			<property name="defaultID">10040</property>
			<onclick condition="Skin.HasSetting(IsTitanSkin)">$VAR[AddonsButtonOnClick]</onclick>
			<property name="path">$VAR[AddonsButtonOnClick]</property>
			<onclick condition="!Skin.HasSetting(IsTitanSkin)">ActivateWindow(Programs,Addons,return)</onclick>
			<property name="path">ActivateWindow(Programs,Addons,return)</property>
			<onclick condition="Skin.HasSetting(IsTitanSkin)">$VAR[AddonsButtonOnClick]</onclick>
			<property name="path">$VAR[AddonsButtonOnClick]</property>
			<onclick condition="!Skin.HasSetting(IsTitanSkin)">ActivateWindow(Programs,Addons,return)</onclick>
			<property name="path">ActivateWindow(Programs,Addons,return)</property>
			<visible>StringCompare(System.ProfileName,Master user)</visible>
			<property name="submenuVisibility">apps</property>
			<property name="group">mainmenu</property>
			<property name="hasSubmenu">True</property>
			<property name="hasSubmenu">True</property>
		</item>
	</include>
	<include />
	<include name="skinshortcuts-submenu">
		<item id="1">
			<label>Genres</label>
			<label2>Video add-on</label2>
			<icon>special://home/addons/plugin.video.genesis/resources/art/metro/genres_shows.jpg</icon>
			<thumb />
			<property name="labelID">genres</property>
			<property name="defaultID" />
			<onclick>ActivateWindow(10025,"plugin://plugin.video.genesis/?action=genres_movies",return)</onclick>
			<property name="path">ActivateWindow(10025,"plugin://plugin.video.genesis/?action=genres_movies",return)</property>
			<visible>StringCompare(System.ProfileName,Master user) + [StringCompare(Container(300).ListItem.Property(submenuVisibility),films)]</visible>
			<property name="isSubmenu">True</property>
			<property name="group">films</property>
		</item>
		<item id="2">
			<label>Trending</label>
			<label2>Video add-on</label2>
			<icon>$INFO[Window(Home).Property(mediastreamer.trendingmovies.2)]</icon>
			<thumb />
			<property name="labelID">trending</property>
			<property name="defaultID" />
			<onclick>ActivateWindow(10025,"plugin://plugin.video.genesis/?action=movies_trending",return)</onclick>
			<property name="path">ActivateWindow(10025,"plugin://plugin.video.genesis/?action=movies_trending",return)</property>
			<visible>StringCompare(System.ProfileName,Master user) + [StringCompare(Container(300).ListItem.Property(submenuVisibility),films)]</visible>
			<property name="isSubmenu">True</property>
			<property name="group">films</property>
		</item>
		<item id="3">
			<label>Populair</label>
			<label2>Video add-on</label2>
			<icon>$INFO[Window(Home).Property(mediastreamer.popularmovies.2)]</icon>
			<thumb />
			<property name="labelID">populair</property>
			<property name="defaultID" />
			<onclick>ActivateWindow(10025,"plugin://plugin.video.genesis/?action=movies_popular",return)</onclick>
			<property name="path">ActivateWindow(10025,"plugin://plugin.video.genesis/?action=movies_popular",return)</property>
			<visible>StringCompare(System.ProfileName,Master user) + [StringCompare(Container(300).ListItem.Property(submenuVisibility),films)]</visible>
			<property name="isSubmenu">True</property>
			<property name="group">films</property>
		</item>
		<item id="4">
			<label>Oscar Winners</label>
			<label2>Video add-on</label2>
			<icon>$INFO[Window(Home).Property(mediastreamer.oscarwinners.1)]</icon>
			<thumb />
			<property name="labelID">oscarwinners</property>
			<property name="defaultID" />
			<onclick>ActivateWindow(10025,"plugin://plugin.video.genesis/?action=movies_oscars",return)</onclick>
			<property name="path">ActivateWindow(10025,"plugin://plugin.video.genesis/?action=movies_oscars",return)</property>
			<visible>StringCompare(System.ProfileName,Master user) + [StringCompare(Container(300).ListItem.Property(submenuVisibility),films)]</visible>
			<property name="isSubmenu">True</property>
			<property name="group">films</property>
		</item>
		<item id="5">
			<label>Laatste HD Films</label>
			<label2>Video add-on</label2>
			<icon>$INFO[Window(Home).Property(mediastreamer.newmovies.0)]</icon>
			<thumb />
			<property name="labelID">laatstehdfilms</property>
			<property name="defaultID" />
			<onclick>ActivateWindow(10025,"plugin://plugin.video.genesis/?action=movies_added_hd",return)</onclick>
			<property name="path">ActivateWindow(10025,"plugin://plugin.video.genesis/?action=movies_added_hd",return)</property>
			<visible>StringCompare(System.ProfileName,Master user) + [StringCompare(Container(300).ListItem.Property(submenuVisibility),films)]</visible>
			<property name="isSubmenu">True</property>
			<property name="group">films</property>
		</item>
		<item id="6">
			<label>Zoeken</label>
			<label2>Video add-on</label2>
			<icon>special://home/addons/plugin.video.genesis/resources/art/metro/shows_search.jpg</icon>
			<thumb />
			<property name="labelID">zoeken</property>
			<property name="defaultID" />
			<onclick>ActivateWindow(10025,"plugin://plugin.video.genesis/?action=movies_search",return)</onclick>
			<property name="path">ActivateWindow(10025,"plugin://plugin.video.genesis/?action=movies_search",return)</property>
			<visible>StringCompare(System.ProfileName,Master user) + [StringCompare(Container(300).ListItem.Property(submenuVisibility),films)]</visible>
			<property name="isSubmenu">True</property>
			<property name="group">films</property>
		</item>
		<item id="7">
			<label>Top Movies</label>
			<label2>Video add-on</label2>
			<icon>DefaultShortcut.png</icon>
			<thumb>image://https%3a%2f%2flh5.googleusercontent.com%2f-5svGk8XUHPc%2fVIQF4nkWrlI%2fAAAAAAAAAMM%2fYCzfx8x_vKc%2fs0%2ftopmovie.jpg/</thumb>
			<property name="labelID">topmovies</property>
			<property name="defaultID" />
			<onclick>ActivateWindow(10025,"plugin://plugin.video.cartoonhd/?url=picasa_topmovie&amp;mode=1&amp;name=%5BCOLOR+cyan%5D.Top+Movie%5B%2FCOLOR%5D&amp;iconimage=https%3A%2F%2Flh5.googleusercontent.com%2F-5svGk8XUHPc%2FVIQF4nkWrlI%2FAAAAAAAAAMM%2FYCzfx8x_vKc%2Fs0%2Ftopmovie.jpg&amp;description=",return)</onclick>
			<property name="path">ActivateWindow(10025,"plugin://plugin.video.cartoonhd/?url=picasa_topmovie&amp;mode=1&amp;name=%5BCOLOR+cyan%5D.Top+Movie%5B%2FCOLOR%5D&amp;iconimage=https%3A%2F%2Flh5.googleusercontent.com%2F-5svGk8XUHPc%2FVIQF4nkWrlI%2FAAAAAAAAAMM%2FYCzfx8x_vKc%2Fs0%2Ftopmovie.jpg&amp;description=",return)</property>
			<visible>StringCompare(System.ProfileName,Master user) + [StringCompare(Container(300).ListItem.Property(submenuVisibility),films)]</visible>
			<property name="isSubmenu">True</property>
			<property name="group">films</property>
		</item>
		<item id="8">
			<label>Top IMDB</label>
			<label2>Video add-on</label2>
			<icon>DefaultShortcut.png</icon>
			<thumb>image://https%3a%2f%2flh3.googleusercontent.com%2f-kH1CB6caefI%2fVIQF4AqOHfI%2fAAAAAAAAALs%2fWR7qsKRTGDw%2fs0%2ftopimdb.jpg/</thumb>
			<property name="labelID">topimdb</property>
			<property name="defaultID" />
			<onclick>ActivateWindow(10025,"plugin://plugin.video.cartoonhd/?url=cartoon_topimdb&amp;mode=1&amp;name=%5BCOLOR+cyan%5D.Top+IMDB%5B%2FCOLOR%5D&amp;iconimage=https%3A%2F%2Flh3.googleusercontent.com%2F-kH1CB6caefI%2FVIQF4AqOHfI%2FAAAAAAAAALs%2FWR7qsKRTGDw%2Fs0%2Ftopimdb.jpg&amp;description=",return)</onclick>
			<property name="path">ActivateWindow(10025,"plugin://plugin.video.cartoonhd/?url=cartoon_topimdb&amp;mode=1&amp;name=%5BCOLOR+cyan%5D.Top+IMDB%5B%2FCOLOR%5D&amp;iconimage=https%3A%2F%2Flh3.googleusercontent.com%2F-kH1CB6caefI%2FVIQF4AqOHfI%2FAAAAAAAAALs%2FWR7qsKRTGDw%2Fs0%2Ftopimdb.jpg&amp;description=",return)</property>
			<visible>StringCompare(System.ProfileName,Master user) + [StringCompare(Container(300).ListItem.Property(submenuVisibility),films)]</visible>
			<property name="isSubmenu">True</property>
			<property name="group">films</property>
		</item>
		<item id="9">
			<label>IceFilms</label>
			<label2>Video add-on</label2>
			<icon>DefaultShortcut.png</icon>
			<thumb>image://C%3a%5cUsers%5cMarcel%5cAppData%5cRoaming%5cKodi%5caddons%5cplugin.video.icefilms%5cresources%5cart%5cmovies.png/</thumb>
			<property name="labelID">icefilms</property>
			<property name="defaultID" />
			<onclick>ActivateWindow(10025,"plugin://plugin.video.icefilms/?url=http%3A%2F%2Fwww.icefilms.info%2Fmovies%2Fa-z%2F1&amp;mode=51&amp;name=Movies",return)</onclick>
			<property name="path">ActivateWindow(10025,"plugin://plugin.video.icefilms/?url=http%3A%2F%2Fwww.icefilms.info%2Fmovies%2Fa-z%2F1&amp;mode=51&amp;name=Movies",return)</property>
			<visible>StringCompare(System.ProfileName,Master user) + [StringCompare(Container(300).ListItem.Property(submenuVisibility),films)]</visible>
			<property name="isSubmenu">True</property>
			<property name="group">films</property>
		</item>
		<item id="10">
			<label>Mash Up</label>
			<label2>Video add-on</label2>
			<icon>DefaultShortcut.png</icon>
			<thumb>image://C%3a%5cUsers%5cMarcel%5cAppData%5cRoaming%5cKodi%5caddons%5cplugin.video.movie25%5cicon.png/</thumb>
			<property name="labelID">plugin.video.movie25</property>
			<property name="defaultID">plugin.video.movie25</property>
			<onclick>ActivateWindow(10025,"plugin://plugin.video.movie25",return)</onclick>
			<property name="path">ActivateWindow(10025,"plugin://plugin.video.movie25",return)</property>
			<visible>StringCompare(System.ProfileName,Master user) + [StringCompare(Container(300).ListItem.Property(submenuVisibility),films)]</visible>
			<property name="isSubmenu">True</property>
			<property name="group">films</property>
		</item>
		<item id="11">
			<label>Showbox</label>
			<label2>Video add-on</label2>
			<icon>DefaultShortcut.png</icon>
			<thumb>image://C%3a%5cUsers%5cMarcel%5cAppData%5cRoaming%5cKodi%5caddons%5cplugin.video.Showbox%5cicon.png/</thumb>
			<property name="labelID">plugin.video.Showbox</property>
			<property name="defaultID">plugin.video.Showbox</property>
			<onclick>ActivateWindow(10025,"plugin://plugin.video.Showbox",return)</onclick>
			<property name="path">ActivateWindow(10025,"plugin://plugin.video.Showbox",return)</property>
			<visible>StringCompare(System.ProfileName,Master user) + [StringCompare(Container(300).ListItem.Property(submenuVisibility),films)]</visible>
			<property name="isSubmenu">True</property>
			<property name="group">films</property>
		</item>
		<item id="12">
			<label>Navi-X</label>
			<label2>Video add-on</label2>
			<icon>DefaultShortcut.png</icon>
			<thumb>image://C%3a%5cUsers%5cMarcel%5cAppData%5cRoaming%5cKodi%5caddons%5cplugin.video.navi-x%5cicon.png/</thumb>
			<property name="labelID">plugin.video.navi-x</property>
			<property name="defaultID">plugin.video.navi-x</property>
			<onclick>ActivateWindow(10025,"plugin://plugin.video.navi-x",return)</onclick>
			<property name="path">ActivateWindow(10025,"plugin://plugin.video.navi-x",return)</property>
			<visible>StringCompare(System.ProfileName,Master user) + [StringCompare(Container(300).ListItem.Property(submenuVisibility),films)]</visible>
			<property name="isSubmenu">True</property>
			<property name="group">films</property>
		</item>
		<item id="13">
			<label>Meer...</label>
			<label2>Video's</label2>
			<icon>DefaultAddonVideo.png</icon>
			<thumb />
			<property name="labelID">meer</property>
			<property name="defaultID">1037</property>
			<onclick>ActivateWindow(Videos,addons://sources/video/,return)</onclick>
			<property name="path">ActivateWindow(Videos,addons://sources/video/,return)</property>
			<visible>StringCompare(System.ProfileName,Master user) + [StringCompare(Container(300).ListItem.Property(submenuVisibility),films)]</visible>
			<property name="isSubmenu">True</property>
			<property name="group">films</property>
		</item>
		<item id="1">
			<label>Dutch Sports Streams</label>
			<label2>Video add-on</label2>
			<icon>DefaultShortcut.png</icon>
			<thumb>image://C%3a%5cUsers%5cMarcel%5cAppData%5cRoaming%5cKodi%5caddons%5cplugin.video.janlul%5cicon.png/</thumb>
			<property name="labelID">plugin.video.janlul</property>
			<property name="defaultID">plugin.video.janlul</property>
			<onclick>ActivateWindow(10025,"plugin://plugin.video.janlul",return)</onclick>
			<property name="path">ActivateWindow(10025,"plugin://plugin.video.janlul",return)</property>
			<visible>StringCompare(System.ProfileName,Master user) + [StringCompare(Container(300).ListItem.Property(submenuVisibility),sport)]</visible>
			<property name="isSubmenu">True</property>
			<property name="group">sport</property>
		</item>
		<item id="2">
			<label>P2P Streams</label>
			<label2>Video add-on</label2>
			<icon>DefaultShortcut.png</icon>
			<thumb>image://C%3a%5cUsers%5cMarcel%5cAppData%5cRoaming%5cKodi%5caddons%5cplugin.video.p2p-streams%2fresources%2fart%2fweb-parsers-menu.png/</thumb>
			<property name="labelID">p2pstreams</property>
			<property name="defaultID" />
			<onclick>ActivateWindow(10025,"plugin://plugin.video.p2p-streams/?url=https%3A%2F%2Fcode.google.com%2Fp%2Fp2p-strm%2F&amp;mode=400&amp;name=-Addon+Website-parsers&amp;iconimage=C%3A%5CUsers%5CMarcel%5CAppData%5CRoaming%5CKodi%5Caddons%5Cplugin.video.p2p-streams%2Fresources%2Fart%2Fweb-parsers-menu.png",return)</onclick>
			<property name="path">ActivateWindow(10025,"plugin://plugin.video.p2p-streams/?url=https%3A%2F%2Fcode.google.com%2Fp%2Fp2p-strm%2F&amp;mode=400&amp;name=-Addon+Website-parsers&amp;iconimage=C%3A%5CUsers%5CMarcel%5CAppData%5CRoaming%5CKodi%5Caddons%5Cplugin.video.p2p-streams%2Fresources%2Fart%2Fweb-parsers-menu.png",return)</property>
			<visible>StringCompare(System.ProfileName,Master user) + [StringCompare(Container(300).ListItem.Property(submenuVisibility),sport)]</visible>
			<property name="isSubmenu">True</property>
			<property name="group">sport</property>
		</item>
		<item id="1">
			<label>[COLOR cyan].Top Cartoon[/COLOR]</label>
			<label2>Video add-on</label2>
			<icon>DefaultShortcut.png</icon>
			<thumb>image://https%3a%2f%2flh5.googleusercontent.com%2f-_OvbaUjJ9yw%2fVAad_5rzgWI%2fAAAAAAAAAJA%2fMt8pHEWlK58%2fs0%2fdisney-pixar_00326729.jpg/</thumb>
			<property name="labelID">colorcyan-topcartoon-color</property>
			<property name="defaultID" />
			<onclick>ActivateWindow(10025,"plugin://plugin.video.cartoonhd/?url=picasa_topcartoon&amp;mode=1&amp;name=%5BCOLOR+cyan%5D.Top+Cartoon%5B%2FCOLOR%5D&amp;iconimage=https%3A%2F%2Flh5.googleusercontent.com%2F-_OvbaUjJ9yw%2FVAad_5rzgWI%2FAAAAAAAAAJA%2FMt8pHEWlK58%2Fs0%2Fdisney-pixar_00326729.jpg&amp;description=",return)</onclick>
			<property name="path">ActivateWindow(10025,"plugin://plugin.video.cartoonhd/?url=picasa_topcartoon&amp;mode=1&amp;name=%5BCOLOR+cyan%5D.Top+Cartoon%5B%2FCOLOR%5D&amp;iconimage=https%3A%2F%2Flh5.googleusercontent.com%2F-_OvbaUjJ9yw%2FVAad_5rzgWI%2FAAAAAAAAAJA%2FMt8pHEWlK58%2Fs0%2Fdisney-pixar_00326729.jpg&amp;description=",return)</property>
			<visible>StringCompare(System.ProfileName,Master user) + [StringCompare(Container(300).ListItem.Property(submenuVisibility),kids)]</visible>
			<property name="isSubmenu">True</property>
			<property name="group">kids</property>
		</item>
		<item id="2">
			<label>[COLOR cyan].Disney Collection[/COLOR]</label>
			<label2>Video add-on</label2>
			<icon>DefaultShortcut.png</icon>
			<thumb>image://https%3a%2f%2flh3.googleusercontent.com%2f-MLW6NGa8R8M%2fVIQFhsJEgII%2fAAAAAAAAAGA%2fJmksavv5wJE%2fs0%2fWalt-Disney.jpg/</thumb>
			<property name="labelID">colorcyan-disneycollection-color</property>
			<property name="defaultID" />
			<onclick>ActivateWindow(10025,"plugin://plugin.video.cartoonhd/?url=picasa_disneycollection&amp;mode=1&amp;name=%5BCOLOR+cyan%5D.Disney+Collection%5B%2FCOLOR%5D&amp;iconimage=https%3A%2F%2Flh3.googleusercontent.com%2F-MLW6NGa8R8M%2FVIQFhsJEgII%2FAAAAAAAAAGA%2FJmksavv5wJE%2Fs0%2FWalt-Disney.jpg&amp;description=",return)</onclick>
			<property name="path">ActivateWindow(10025,"plugin://plugin.video.cartoonhd/?url=picasa_disneycollection&amp;mode=1&amp;name=%5BCOLOR+cyan%5D.Disney+Collection%5B%2FCOLOR%5D&amp;iconimage=https%3A%2F%2Flh3.googleusercontent.com%2F-MLW6NGa8R8M%2FVIQFhsJEgII%2FAAAAAAAAAGA%2FJmksavv5wJE%2Fs0%2FWalt-Disney.jpg&amp;description=",return)</property>
			<visible>StringCompare(System.ProfileName,Master user) + [StringCompare(Container(300).ListItem.Property(submenuVisibility),kids)]</visible>
			<property name="isSubmenu">True</property>
			<property name="group">kids</property>
		</item>
		<item id="3">
			<label>Animation</label>
			<label2>Video add-on</label2>
			<icon>DefaultShortcut.png</icon>
			<thumb>image://C%3a%5cUsers%5cMarcel%5cAppData%5cRoaming%5cKodi%5caddons%5cplugin.video.cartoonhdtwo%5cicon.png/</thumb>
			<property name="labelID">animation</property>
			<property name="defaultID" />
			<onclick>ActivateWindow(10025,"plugin://plugin.video.cartoonhdtwo/?url=Animation&amp;mode=2&amp;name=Animation&amp;iconimage=&amp;description=&amp;fanart=",return)</onclick>
			<property name="path">ActivateWindow(10025,"plugin://plugin.video.cartoonhdtwo/?url=Animation&amp;mode=2&amp;name=Animation&amp;iconimage=&amp;description=&amp;fanart=",return)</property>
			<visible>StringCompare(System.ProfileName,Master user) + [StringCompare(Container(300).ListItem.Property(submenuVisibility),kids)]</visible>
			<property name="isSubmenu">True</property>
			<property name="group">kids</property>
		</item>
		<item id="4">
			<label>Cartoon World</label>
			<label2>Video add-on</label2>
			<icon>DefaultShortcut.png</icon>
			<thumb>image://C%3a%5cUsers%5cMarcel%5cAppData%5cRoaming%5cKodi%5caddons%5cplugin.video.cartoonworld%5cicon.png/</thumb>
			<property name="labelID">plugin.video.cartoonworld</property>
			<property name="defaultID">plugin.video.cartoonworld</property>
			<onclick>ActivateWindow(10025,"plugin://plugin.video.cartoonworld",return)</onclick>
			<property name="path">ActivateWindow(10025,"plugin://plugin.video.cartoonworld",return)</property>
			<visible>StringCompare(System.ProfileName,Master user) + [StringCompare(Container(300).ListItem.Property(submenuVisibility),kids)]</visible>
			<property name="isSubmenu">True</property>
			<property name="group">kids</property>
		</item>
		<item id="5">
			<label>Super Cartoons</label>
			<label2>Video add-on</label2>
			<icon>DefaultShortcut.png</icon>
			<thumb>image://C%3a%5cUsers%5cMarcel%5cAppData%5cRoaming%5cKodi%5caddons%5cplugin.video.supercartoons%5cicon.png/</thumb>
			<property name="labelID">plugin.video.supercartoons</property>
			<property name="defaultID">plugin.video.supercartoons</property>
			<onclick>ActivateWindow(10025,"plugin://plugin.video.supercartoons",return)</onclick>
			<property name="path">ActivateWindow(10025,"plugin://plugin.video.supercartoons",return)</property>
			<visible>StringCompare(System.ProfileName,Master user) + [StringCompare(Container(300).ListItem.Property(submenuVisibility),kids)]</visible>
			<property name="isSubmenu">True</property>
			<property name="group">kids</property>
		</item>
		<item id="1">
			<label>Facebook Media</label>
			<label2>Programma</label2>
			<icon>DefaultAddon.png</icon>
			<thumb>image://C%3a%5cUsers%5cMarcel%5cAppData%5cRoaming%5cKodi%5caddons%5cscript.facebook.media%5cicon.png/</thumb>
			<property name="labelID">script.facebook.media</property>
			<property name="defaultID">script.facebook.media</property>
			<onclick>RunAddOn(script.facebook.media)</onclick>
			<property name="path">RunAddOn(script.facebook.media)</property>
			<visible>StringCompare(System.ProfileName,Master user) + [StringCompare(Container(300).ListItem.Property(submenuVisibility),apps)]</visible>
			<property name="isSubmenu">True</property>
			<property name="group">apps</property>
		</item>
		<item id="2">
			<label>Dumpert</label>
			<label2>Video add-on</label2>
			<icon>DefaultShortcut.png</icon>
			<thumb>image://C%3a%5cUsers%5cMarcel%5cAppData%5cRoaming%5cKodi%5caddons%5cplugin.video.dumpert%5cicon.png/</thumb>
			<property name="labelID">plugin.video.dumpert</property>
			<property name="defaultID">plugin.video.dumpert</property>
			<onclick>ActivateWindow(10025,"plugin://plugin.video.dumpert",return)</onclick>
			<property name="path">ActivateWindow(10025,"plugin://plugin.video.dumpert",return)</property>
			<visible>StringCompare(System.ProfileName,Master user) + [StringCompare(Container(300).ListItem.Property(submenuVisibility),apps)]</visible>
			<property name="isSubmenu">True</property>
			<property name="group">apps</property>
		</item>
		<item id="3">
			<label>YouTube</label>
			<label2>Video add-on</label2>
			<icon>DefaultShortcut.png</icon>
			<thumb>image://C%3a%5cUsers%5cMarcel%5cAppData%5cRoaming%5cKodi%5caddons%5cplugin.video.youtube%5cicon.png/</thumb>
			<property name="labelID">plugin.video.youtube</property>
			<property name="defaultID">plugin.video.youtube</property>
			<onclick>ActivateWindow(10025,"plugin://plugin.video.youtube",return)</onclick>
			<property name="path">ActivateWindow(10025,"plugin://plugin.video.youtube",return)</property>
			<visible>StringCompare(System.ProfileName,Master user) + [StringCompare(Container(300).ListItem.Property(submenuVisibility),apps)]</visible>
			<property name="isSubmenu">True</property>
			<property name="group">apps</property>
		</item>
		<item id="4">
			<label>XBMC Online TV</label>
			<label2>Video add-on</label2>
			<icon>DefaultAddon.png</icon>
			<thumb>image://C%3a%5cUsers%5cMarcel%5cAppData%5cRoaming%5cKodi%5caddons%5cnet.rieter.xot%5cicon.png/</thumb>
			<property name="labelID">net.rieter.xot</property>
			<property name="defaultID">net.rieter.xot</property>
			<onclick>RunAddOn(net.rieter.xot)</onclick>
			<property name="path">RunAddOn(net.rieter.xot)</property>
			<visible>StringCompare(System.ProfileName,Master user) + [StringCompare(Container(300).ListItem.Property(submenuVisibility),apps)]</visible>
			<property name="isSubmenu">True</property>
			<property name="group">apps</property>
		</item>
		<item id="5">
			<label>Navi-X</label>
			<label2>Programma</label2>
			<icon>DefaultAddon.png</icon>
			<thumb>image://C%3a%5cUsers%5cMarcel%5cAppData%5cRoaming%5cKodi%5caddons%5cscript.navi-x%5cicon.png/</thumb>
			<property name="labelID">script.navi-x</property>
			<property name="defaultID">script.navi-x</property>
			<onclick>RunAddOn(script.navi-x)</onclick>
			<property name="path">RunAddOn(script.navi-x)</property>
			<visible>StringCompare(System.ProfileName,Master user) + [StringCompare(Container(300).ListItem.Property(submenuVisibility),apps)]</visible>
			<property name="isSubmenu">True</property>
			<property name="group">apps</property>
		</item>
		<item id="6">
			<label>Viooz</label>
			<label2>Video add-on</label2>
			<icon>DefaultShortcut.png</icon>
			<thumb>image://C%3a%5cUsers%5cMarcel%5cAppData%5cRoaming%5cKodi%5caddons%5cplugin.video.viooz.co%5cicon.png/</thumb>
			<property name="labelID">plugin.video.viooz.co</property>
			<property name="defaultID">plugin.video.viooz.co</property>
			<onclick>ActivateWindow(10025,"plugin://plugin.video.viooz.co",return)</onclick>
			<property name="path">ActivateWindow(10025,"plugin://plugin.video.viooz.co",return)</property>
			<visible>StringCompare(System.ProfileName,Master user) + [StringCompare(Container(300).ListItem.Property(submenuVisibility),apps)]</visible>
			<property name="isSubmenu">True</property>
			<property name="group">apps</property>
		</item>
		<item id="7">
			<label>Veetle</label>
			<label2>Video add-on</label2>
			<icon>DefaultShortcut.png</icon>
			<thumb>image://C%3a%5cUsers%5cMarcel%5cAppData%5cRoaming%5cKodi%5caddons%5cplugin.video.veetle%5cicon.png/</thumb>
			<property name="labelID">plugin.video.veetle</property>
			<property name="defaultID">plugin.video.veetle</property>
			<onclick>ActivateWindow(10025,"plugin://plugin.video.veetle",return)</onclick>
			<property name="path">ActivateWindow(10025,"plugin://plugin.video.veetle",return)</property>
			<visible>StringCompare(System.ProfileName,Master user) + [StringCompare(Container(300).ListItem.Property(submenuVisibility),apps)]</visible>
			<property name="isSubmenu">True</property>
			<property name="group">apps</property>
		</item>
		<item id="8">
			<label>$LOCALIZE[31018]</label>
			<label2>netflix</label2>
			<icon>special://skin/extras/hometiles/netflix.png</icon>
			<thumb />
			<property name="labelID">plugin.video.netflixbmc</property>
			<property name="defaultID">plugin.video.netflixbmc</property>
			<onclick condition="Skin.HasSetting(IsTitanSkin) + System.HasAddon(plugin.video.netflixbmc)">$VAR[NetflixButtonOnClick]</onclick>
			<property name="path">$VAR[NetflixButtonOnClick]</property>
			<onclick condition="!Skin.HasSetting(IsTitanSkin)">ActivateWindow(Videos,plugin://plugin.video.netflixbmc,return)</onclick>
			<property name="path">ActivateWindow(Videos,plugin://plugin.video.netflixbmc,return)</property>
			<visible>StringCompare(System.ProfileName,Master user) + [StringCompare(Container(300).ListItem.Property(submenuVisibility),apps)]</visible>
			<property name="isSubmenu">True</property>
			<property name="group">apps</property>
		</item>
		<item id="9">
			<label>Nederland 24</label>
			<label2>Video add-on</label2>
			<icon>DefaultShortcut.png</icon>
			<thumb>image://C%3a%5cUsers%5cMarcel%5cAppData%5cRoaming%5cKodi%5caddons%5cplugin.video.nederland24%5cicon.png/</thumb>
			<property name="labelID">plugin.video.nederland24</property>
			<property name="defaultID">plugin.video.nederland24</property>
			<onclick>ActivateWindow(10025,"plugin://plugin.video.nederland24",return)</onclick>
			<property name="path">ActivateWindow(10025,"plugin://plugin.video.nederland24",return)</property>
			<visible>StringCompare(System.ProfileName,Master user) + [StringCompare(Container(300).ListItem.Property(submenuVisibility),apps)]</visible>
			<property name="isSubmenu">True</property>
			<property name="group">apps</property>
		</item>
		<item id="10">
			<label>RTLxl</label>
			<label2>Video add-on</label2>
			<icon>DefaultShortcut.png</icon>
			<thumb>image://C%3a%5cUsers%5cMarcel%5cAppData%5cRoaming%5cKodi%5caddons%5cplugin.video.rtlxl%5cicon.png/</thumb>
			<property name="labelID">plugin.video.rtlxl</property>
			<property name="defaultID">plugin.video.rtlxl</property>
			<onclick>ActivateWindow(10025,"plugin://plugin.video.rtlxl",return)</onclick>
			<property name="path">ActivateWindow(10025,"plugin://plugin.video.rtlxl",return)</property>
			<visible>StringCompare(System.ProfileName,Master user) + [StringCompare(Container(300).ListItem.Property(submenuVisibility),apps)]</visible>
			<property name="isSubmenu">True</property>
			<property name="group">apps</property>
		</item>
		<item id="11">
			<label>Alle apps...</label>
			<label2>Aangepaste snelkoppeling</label2>
			<icon>special://skin/extras/hometiles/videoaddons.png</icon>
			<thumb />
			<property name="labelID">alleapps</property>
			<property name="defaultID">1037</property>
			<onclick>ActivateWindow(Video,addons,return)</onclick>
			<property name="path">ActivateWindow(Video,addons,return)</property>
			<visible>StringCompare(System.ProfileName,Master user) + [StringCompare(Container(300).ListItem.Property(submenuVisibility),apps)]</visible>
			<property name="isSubmenu">True</property>
			<property name="group">apps</property>
		</item>
		<item id="1">
			<label>$LOCALIZE[20126]</label>
			<label2>Kodi Command</label2>
			<icon>common/lock.png</icon>
			<thumb />
			<property name="labelID">20126</property>
			<property name="defaultID">20126</property>
			<visible>[[System.HasLoginScreen | IntegerGreaterThan(System.ProfileCount,1)] + System.Loggedon] + [System.HasLoginScreen]</visible>
			<onclick>System.LogOff</onclick>
			<property name="path">System.LogOff</property>
			<visible>StringCompare(System.ProfileName,Master user) + [StringCompare(Container(300).ListItem.Property(submenuVisibility),powermenu)]</visible>
			<property name="isSubmenu">True</property>
			<property name="group">powermenu</property>
		</item>
		<item id="2">
			<label>Instellingen</label>
			<label2>Programma</label2>
			<icon>common/settings1.png</icon>
			<thumb />
			<property name="labelID">script.moviestreamer-nl</property>
			<property name="defaultID">script.moviestreamer-nl</property>
			<onclick>RunScript(script.moviestreamer-nl)</onclick>
			<property name="path">RunScript(script.moviestreamer-nl)</property>
			<visible>StringCompare(System.ProfileName,Master user) + [StringCompare(Container(300).ListItem.Property(submenuVisibility),powermenu)]</visible>
			<property name="isSubmenu">True</property>
			<property name="group">powermenu</property>
		</item>
		<item id="3">
			<label>$LOCALIZE[13009]</label>
			<label2>Kodi Command</label2>
			<icon>common/exit1.png</icon>
			<thumb />
			<property name="labelID">13009</property>
			<property name="defaultID">13009</property>
			<visible>System.ShowExitButton</visible>
			<onclick>Quit()</onclick>
			<property name="path">Quit()</property>
			<visible>StringCompare(System.ProfileName,Master user) + [StringCompare(Container(300).ListItem.Property(submenuVisibility),powermenu)]</visible>
			<property name="isSubmenu">True</property>
			<property name="group">powermenu</property>
		</item>
		<item id="4">
			<label>$LOCALIZE[13005]</label>
			<label2>Kodi Command</label2>
			<icon>common/shutdown1.png</icon>
			<thumb />
			<property name="labelID">13005</property>
			<property name="defaultID">13005</property>
			<onclick>ShutDown</onclick>
			<property name="path">ShutDown</property>
			<visible>StringCompare(System.ProfileName,Master user) + [StringCompare(Container(300).ListItem.Property(submenuVisibility),powermenu)]</visible>
			<property name="isSubmenu">True</property>
			<property name="group">powermenu</property>
		</item>
		<item id="5">
			<label>$LOCALIZE[13013]</label>
			<label2>Kodi Command</label2>
			<icon>common/reboot1.png</icon>
			<thumb />
			<property name="labelID">13013</property>
			<property name="defaultID">13013</property>
			<onclick>Reboot</onclick>
			<property name="path">Reboot</property>
			<visible>StringCompare(System.ProfileName,Master user) + [StringCompare(Container(300).ListItem.Property(submenuVisibility),powermenu)]</visible>
			<property name="isSubmenu">True</property>
			<property name="group">powermenu</property>
		</item>
	</include>
	<include name="skinshortcuts-group-films">
		<item id="1">
			<label>Genres</label>
			<label2>Video add-on</label2>
			<icon>special://home/addons/plugin.video.genesis/resources/art/metro/genres_shows.jpg</icon>
			<thumb />
			<property name="labelID">genres</property>
			<property name="defaultID" />
			<onclick>ActivateWindow(10025,"plugin://plugin.video.genesis/?action=genres_movies",return)</onclick>
			<property name="path">ActivateWindow(10025,"plugin://plugin.video.genesis/?action=genres_movies",return)</property>
			<visible>StringCompare(System.ProfileName,Master user)</visible>
			<property name="group">films</property>
		</item>
		<item id="2">
			<label>Trending</label>
			<label2>Video add-on</label2>
			<icon>$INFO[Window(Home).Property(mediastreamer.trendingmovies.2)]</icon>
			<thumb />
			<property name="labelID">trending</property>
			<property name="defaultID" />
			<onclick>ActivateWindow(10025,"plugin://plugin.video.genesis/?action=movies_trending",return)</onclick>
			<property name="path">ActivateWindow(10025,"plugin://plugin.video.genesis/?action=movies_trending",return)</property>
			<visible>StringCompare(System.ProfileName,Master user)</visible>
			<property name="group">films</property>
		</item>
		<item id="3">
			<label>Populair</label>
			<label2>Video add-on</label2>
			<icon>$INFO[Window(Home).Property(mediastreamer.popularmovies.2)]</icon>
			<thumb />
			<property name="labelID">populair</property>
			<property name="defaultID" />
			<onclick>ActivateWindow(10025,"plugin://plugin.video.genesis/?action=movies_popular",return)</onclick>
			<property name="path">ActivateWindow(10025,"plugin://plugin.video.genesis/?action=movies_popular",return)</property>
			<visible>StringCompare(System.ProfileName,Master user)</visible>
			<property name="group">films</property>
		</item>
		<item id="4">
			<label>Oscar Winners</label>
			<label2>Video add-on</label2>
			<icon>$INFO[Window(Home).Property(mediastreamer.oscarwinners.1)]</icon>
			<thumb />
			<property name="labelID">oscarwinners</property>
			<property name="defaultID" />
			<onclick>ActivateWindow(10025,"plugin://plugin.video.genesis/?action=movies_oscars",return)</onclick>
			<property name="path">ActivateWindow(10025,"plugin://plugin.video.genesis/?action=movies_oscars",return)</property>
			<visible>StringCompare(System.ProfileName,Master user)</visible>
			<property name="group">films</property>
		</item>
		<item id="5">
			<label>Laatste HD Films</label>
			<label2>Video add-on</label2>
			<icon>$INFO[Window(Home).Property(mediastreamer.newmovies.0)]</icon>
			<thumb />
			<property name="labelID">laatstehdfilms</property>
			<property name="defaultID" />
			<onclick>ActivateWindow(10025,"plugin://plugin.video.genesis/?action=movies_added_hd",return)</onclick>
			<property name="path">ActivateWindow(10025,"plugin://plugin.video.genesis/?action=movies_added_hd",return)</property>
			<visible>StringCompare(System.ProfileName,Master user)</visible>
			<property name="group">films</property>
		</item>
		<item id="6">
			<label>Zoeken</label>
			<label2>Video add-on</label2>
			<icon>special://home/addons/plugin.video.genesis/resources/art/metro/shows_search.jpg</icon>
			<thumb />
			<property name="labelID">zoeken</property>
			<property name="defaultID" />
			<onclick>ActivateWindow(10025,"plugin://plugin.video.genesis/?action=movies_search",return)</onclick>
			<property name="path">ActivateWindow(10025,"plugin://plugin.video.genesis/?action=movies_search",return)</property>
			<visible>StringCompare(System.ProfileName,Master user)</visible>
			<property name="group">films</property>
		</item>
		<item id="7">
			<label>Top Movies</label>
			<label2>Video add-on</label2>
			<icon>DefaultShortcut.png</icon>
			<thumb>image://https%3a%2f%2flh5.googleusercontent.com%2f-5svGk8XUHPc%2fVIQF4nkWrlI%2fAAAAAAAAAMM%2fYCzfx8x_vKc%2fs0%2ftopmovie.jpg/</thumb>
			<property name="labelID">topmovies</property>
			<property name="defaultID" />
			<onclick>ActivateWindow(10025,"plugin://plugin.video.cartoonhd/?url=picasa_topmovie&amp;mode=1&amp;name=%5BCOLOR+cyan%5D.Top+Movie%5B%2FCOLOR%5D&amp;iconimage=https%3A%2F%2Flh5.googleusercontent.com%2F-5svGk8XUHPc%2FVIQF4nkWrlI%2FAAAAAAAAAMM%2FYCzfx8x_vKc%2Fs0%2Ftopmovie.jpg&amp;description=",return)</onclick>
			<property name="path">ActivateWindow(10025,"plugin://plugin.video.cartoonhd/?url=picasa_topmovie&amp;mode=1&amp;name=%5BCOLOR+cyan%5D.Top+Movie%5B%2FCOLOR%5D&amp;iconimage=https%3A%2F%2Flh5.googleusercontent.com%2F-5svGk8XUHPc%2FVIQF4nkWrlI%2FAAAAAAAAAMM%2FYCzfx8x_vKc%2Fs0%2Ftopmovie.jpg&amp;description=",return)</property>
			<visible>StringCompare(System.ProfileName,Master user)</visible>
			<property name="group">films</property>
		</item>
		<item id="8">
			<label>Top IMDB</label>
			<label2>Video add-on</label2>
			<icon>DefaultShortcut.png</icon>
			<thumb>image://https%3a%2f%2flh3.googleusercontent.com%2f-kH1CB6caefI%2fVIQF4AqOHfI%2fAAAAAAAAALs%2fWR7qsKRTGDw%2fs0%2ftopimdb.jpg/</thumb>
			<property name="labelID">topimdb</property>
			<property name="defaultID" />
			<onclick>ActivateWindow(10025,"plugin://plugin.video.cartoonhd/?url=cartoon_topimdb&amp;mode=1&amp;name=%5BCOLOR+cyan%5D.Top+IMDB%5B%2FCOLOR%5D&amp;iconimage=https%3A%2F%2Flh3.googleusercontent.com%2F-kH1CB6caefI%2FVIQF4AqOHfI%2FAAAAAAAAALs%2FWR7qsKRTGDw%2Fs0%2Ftopimdb.jpg&amp;description=",return)</onclick>
			<property name="path">ActivateWindow(10025,"plugin://plugin.video.cartoonhd/?url=cartoon_topimdb&amp;mode=1&amp;name=%5BCOLOR+cyan%5D.Top+IMDB%5B%2FCOLOR%5D&amp;iconimage=https%3A%2F%2Flh3.googleusercontent.com%2F-kH1CB6caefI%2FVIQF4AqOHfI%2FAAAAAAAAALs%2FWR7qsKRTGDw%2Fs0%2Ftopimdb.jpg&amp;description=",return)</property>
			<visible>StringCompare(System.ProfileName,Master user)</visible>
			<property name="group">films</property>
		</item>
		<item id="9">
			<label>IceFilms</label>
			<label2>Video add-on</label2>
			<icon>DefaultShortcut.png</icon>
			<thumb>image://C%3a%5cUsers%5cMarcel%5cAppData%5cRoaming%5cKodi%5caddons%5cplugin.video.icefilms%5cresources%5cart%5cmovies.png/</thumb>
			<property name="labelID">icefilms</property>
			<property name="defaultID" />
			<onclick>ActivateWindow(10025,"plugin://plugin.video.icefilms/?url=http%3A%2F%2Fwww.icefilms.info%2Fmovies%2Fa-z%2F1&amp;mode=51&amp;name=Movies",return)</onclick>
			<property name="path">ActivateWindow(10025,"plugin://plugin.video.icefilms/?url=http%3A%2F%2Fwww.icefilms.info%2Fmovies%2Fa-z%2F1&amp;mode=51&amp;name=Movies",return)</property>
			<visible>StringCompare(System.ProfileName,Master user)</visible>
			<property name="group">films</property>
		</item>
		<item id="10">
			<label>Mash Up</label>
			<label2>Video add-on</label2>
			<icon>DefaultShortcut.png</icon>
			<thumb>image://C%3a%5cUsers%5cMarcel%5cAppData%5cRoaming%5cKodi%5caddons%5cplugin.video.movie25%5cicon.png/</thumb>
			<property name="labelID">plugin.video.movie25</property>
			<property name="defaultID">plugin.video.movie25</property>
			<onclick>ActivateWindow(10025,"plugin://plugin.video.movie25",return)</onclick>
			<property name="path">ActivateWindow(10025,"plugin://plugin.video.movie25",return)</property>
			<visible>StringCompare(System.ProfileName,Master user)</visible>
			<property name="group">films</property>
		</item>
		<item id="11">
			<label>Showbox</label>
			<label2>Video add-on</label2>
			<icon>DefaultShortcut.png</icon>
			<thumb>image://C%3a%5cUsers%5cMarcel%5cAppData%5cRoaming%5cKodi%5caddons%5cplugin.video.Showbox%5cicon.png/</thumb>
			<property name="labelID">plugin.video.Showbox</property>
			<property name="defaultID">plugin.video.Showbox</property>
			<onclick>ActivateWindow(10025,"plugin://plugin.video.Showbox",return)</onclick>
			<property name="path">ActivateWindow(10025,"plugin://plugin.video.Showbox",return)</property>
			<visible>StringCompare(System.ProfileName,Master user)</visible>
			<property name="group">films</property>
		</item>
		<item id="12">
			<label>Navi-X</label>
			<label2>Video add-on</label2>
			<icon>DefaultShortcut.png</icon>
			<thumb>image://C%3a%5cUsers%5cMarcel%5cAppData%5cRoaming%5cKodi%5caddons%5cplugin.video.navi-x%5cicon.png/</thumb>
			<property name="labelID">plugin.video.navi-x</property>
			<property name="defaultID">plugin.video.navi-x</property>
			<onclick>ActivateWindow(10025,"plugin://plugin.video.navi-x",return)</onclick>
			<property name="path">ActivateWindow(10025,"plugin://plugin.video.navi-x",return)</property>
			<visible>StringCompare(System.ProfileName,Master user)</visible>
			<property name="group">films</property>
		</item>
		<item id="13">
			<label>Meer...</label>
			<label2>Video's</label2>
			<icon>DefaultAddonVideo.png</icon>
			<thumb />
			<property name="labelID">meer</property>
			<property name="defaultID">1037</property>
			<onclick>ActivateWindow(Videos,addons://sources/video/,return)</onclick>
			<property name="path">ActivateWindow(Videos,addons://sources/video/,return)</property>
			<visible>StringCompare(System.ProfileName,Master user)</visible>
			<property name="group">films</property>
		</item>
	</include>
	<include name="skinshortcuts-group-alt-films">
		<item id="1">
			<label>Genres</label>
			<label2>Video add-on</label2>
			<icon>special://home/addons/plugin.video.genesis/resources/art/metro/genres_shows.jpg</icon>
			<thumb />
			<property name="labelID">genres</property>
			<property name="defaultID" />
			<onclick>ActivateWindow(10025,"plugin://plugin.video.genesis/?action=genres_movies",return)</onclick>
			<property name="path">ActivateWindow(10025,"plugin://plugin.video.genesis/?action=genres_movies",return)</property>
			<visible>StringCompare(System.ProfileName,Master user) + [StringCompare(Window(10000).Property(submenuVisibility),films)]</visible>
			<property name="isSubmenu">True</property>
			<property name="group">films</property>
		</item>
		<item id="2">
			<label>Trending</label>
			<label2>Video add-on</label2>
			<icon>$INFO[Window(Home).Property(mediastreamer.trendingmovies.2)]</icon>
			<thumb />
			<property name="labelID">trending</property>
			<property name="defaultID" />
			<onclick>ActivateWindow(10025,"plugin://plugin.video.genesis/?action=movies_trending",return)</onclick>
			<property name="path">ActivateWindow(10025,"plugin://plugin.video.genesis/?action=movies_trending",return)</property>
			<visible>StringCompare(System.ProfileName,Master user) + [StringCompare(Window(10000).Property(submenuVisibility),films)]</visible>
			<property name="isSubmenu">True</property>
			<property name="group">films</property>
		</item>
		<item id="3">
			<label>Populair</label>
			<label2>Video add-on</label2>
			<icon>$INFO[Window(Home).Property(mediastreamer.popularmovies.2)]</icon>
			<thumb />
			<property name="labelID">populair</property>
			<property name="defaultID" />
			<onclick>ActivateWindow(10025,"plugin://plugin.video.genesis/?action=movies_popular",return)</onclick>
			<property name="path">ActivateWindow(10025,"plugin://plugin.video.genesis/?action=movies_popular",return)</property>
			<visible>StringCompare(System.ProfileName,Master user) + [StringCompare(Window(10000).Property(submenuVisibility),films)]</visible>
			<property name="isSubmenu">True</property>
			<property name="group">films</property>
		</item>
		<item id="4">
			<label>Oscar Winners</label>
			<label2>Video add-on</label2>
			<icon>$INFO[Window(Home).Property(mediastreamer.oscarwinners.1)]</icon>
			<thumb />
			<property name="labelID">oscarwinners</property>
			<property name="defaultID" />
			<onclick>ActivateWindow(10025,"plugin://plugin.video.genesis/?action=movies_oscars",return)</onclick>
			<property name="path">ActivateWindow(10025,"plugin://plugin.video.genesis/?action=movies_oscars",return)</property>
			<visible>StringCompare(System.ProfileName,Master user) + [StringCompare(Window(10000).Property(submenuVisibility),films)]</visible>
			<property name="isSubmenu">True</property>
			<property name="group">films</property>
		</item>
		<item id="5">
			<label>Laatste HD Films</label>
			<label2>Video add-on</label2>
			<icon>$INFO[Window(Home).Property(mediastreamer.newmovies.0)]</icon>
			<thumb />
			<property name="labelID">laatstehdfilms</property>
			<property name="defaultID" />
			<onclick>ActivateWindow(10025,"plugin://plugin.video.genesis/?action=movies_added_hd",return)</onclick>
			<property name="path">ActivateWindow(10025,"plugin://plugin.video.genesis/?action=movies_added_hd",return)</property>
			<visible>StringCompare(System.ProfileName,Master user) + [StringCompare(Window(10000).Property(submenuVisibility),films)]</visible>
			<property name="isSubmenu">True</property>
			<property name="group">films</property>
		</item>
		<item id="6">
			<label>Zoeken</label>
			<label2>Video add-on</label2>
			<icon>special://home/addons/plugin.video.genesis/resources/art/metro/shows_search.jpg</icon>
			<thumb />
			<property name="labelID">zoeken</property>
			<property name="defaultID" />
			<onclick>ActivateWindow(10025,"plugin://plugin.video.genesis/?action=movies_search",return)</onclick>
			<property name="path">ActivateWindow(10025,"plugin://plugin.video.genesis/?action=movies_search",return)</property>
			<visible>StringCompare(System.ProfileName,Master user) + [StringCompare(Window(10000).Property(submenuVisibility),films)]</visible>
			<property name="isSubmenu">True</property>
			<property name="group">films</property>
		</item>
		<item id="7">
			<label>Top Movies</label>
			<label2>Video add-on</label2>
			<icon>DefaultShortcut.png</icon>
			<thumb>image://https%3a%2f%2flh5.googleusercontent.com%2f-5svGk8XUHPc%2fVIQF4nkWrlI%2fAAAAAAAAAMM%2fYCzfx8x_vKc%2fs0%2ftopmovie.jpg/</thumb>
			<property name="labelID">topmovies</property>
			<property name="defaultID" />
			<onclick>ActivateWindow(10025,"plugin://plugin.video.cartoonhd/?url=picasa_topmovie&amp;mode=1&amp;name=%5BCOLOR+cyan%5D.Top+Movie%5B%2FCOLOR%5D&amp;iconimage=https%3A%2F%2Flh5.googleusercontent.com%2F-5svGk8XUHPc%2FVIQF4nkWrlI%2FAAAAAAAAAMM%2FYCzfx8x_vKc%2Fs0%2Ftopmovie.jpg&amp;description=",return)</onclick>
			<property name="path">ActivateWindow(10025,"plugin://plugin.video.cartoonhd/?url=picasa_topmovie&amp;mode=1&amp;name=%5BCOLOR+cyan%5D.Top+Movie%5B%2FCOLOR%5D&amp;iconimage=https%3A%2F%2Flh5.googleusercontent.com%2F-5svGk8XUHPc%2FVIQF4nkWrlI%2FAAAAAAAAAMM%2FYCzfx8x_vKc%2Fs0%2Ftopmovie.jpg&amp;description=",return)</property>
			<visible>StringCompare(System.ProfileName,Master user) + [StringCompare(Window(10000).Property(submenuVisibility),films)]</visible>
			<property name="isSubmenu">True</property>
			<property name="group">films</property>
		</item>
		<item id="8">
			<label>Top IMDB</label>
			<label2>Video add-on</label2>
			<icon>DefaultShortcut.png</icon>
			<thumb>image://https%3a%2f%2flh3.googleusercontent.com%2f-kH1CB6caefI%2fVIQF4AqOHfI%2fAAAAAAAAALs%2fWR7qsKRTGDw%2fs0%2ftopimdb.jpg/</thumb>
			<property name="labelID">topimdb</property>
			<property name="defaultID" />
			<onclick>ActivateWindow(10025,"plugin://plugin.video.cartoonhd/?url=cartoon_topimdb&amp;mode=1&amp;name=%5BCOLOR+cyan%5D.Top+IMDB%5B%2FCOLOR%5D&amp;iconimage=https%3A%2F%2Flh3.googleusercontent.com%2F-kH1CB6caefI%2FVIQF4AqOHfI%2FAAAAAAAAALs%2FWR7qsKRTGDw%2Fs0%2Ftopimdb.jpg&amp;description=",return)</onclick>
			<property name="path">ActivateWindow(10025,"plugin://plugin.video.cartoonhd/?url=cartoon_topimdb&amp;mode=1&amp;name=%5BCOLOR+cyan%5D.Top+IMDB%5B%2FCOLOR%5D&amp;iconimage=https%3A%2F%2Flh3.googleusercontent.com%2F-kH1CB6caefI%2FVIQF4AqOHfI%2FAAAAAAAAALs%2FWR7qsKRTGDw%2Fs0%2Ftopimdb.jpg&amp;description=",return)</property>
			<visible>StringCompare(System.ProfileName,Master user) + [StringCompare(Window(10000).Property(submenuVisibility),films)]</visible>
			<property name="isSubmenu">True</property>
			<property name="group">films</property>
		</item>
		<item id="9">
			<label>IceFilms</label>
			<label2>Video add-on</label2>
			<icon>DefaultShortcut.png</icon>
			<thumb>image://C%3a%5cUsers%5cMarcel%5cAppData%5cRoaming%5cKodi%5caddons%5cplugin.video.icefilms%5cresources%5cart%5cmovies.png/</thumb>
			<property name="labelID">icefilms</property>
			<property name="defaultID" />
			<onclick>ActivateWindow(10025,"plugin://plugin.video.icefilms/?url=http%3A%2F%2Fwww.icefilms.info%2Fmovies%2Fa-z%2F1&amp;mode=51&amp;name=Movies",return)</onclick>
			<property name="path">ActivateWindow(10025,"plugin://plugin.video.icefilms/?url=http%3A%2F%2Fwww.icefilms.info%2Fmovies%2Fa-z%2F1&amp;mode=51&amp;name=Movies",return)</property>
			<visible>StringCompare(System.ProfileName,Master user) + [StringCompare(Window(10000).Property(submenuVisibility),films)]</visible>
			<property name="isSubmenu">True</property>
			<property name="group">films</property>
		</item>
		<item id="10">
			<label>Mash Up</label>
			<label2>Video add-on</label2>
			<icon>DefaultShortcut.png</icon>
			<thumb>image://C%3a%5cUsers%5cMarcel%5cAppData%5cRoaming%5cKodi%5caddons%5cplugin.video.movie25%5cicon.png/</thumb>
			<property name="labelID">plugin.video.movie25</property>
			<property name="defaultID">plugin.video.movie25</property>
			<onclick>ActivateWindow(10025,"plugin://plugin.video.movie25",return)</onclick>
			<property name="path">ActivateWindow(10025,"plugin://plugin.video.movie25",return)</property>
			<visible>StringCompare(System.ProfileName,Master user) + [StringCompare(Window(10000).Property(submenuVisibility),films)]</visible>
			<property name="isSubmenu">True</property>
			<property name="group">films</property>
		</item>
		<item id="11">
			<label>Showbox</label>
			<label2>Video add-on</label2>
			<icon>DefaultShortcut.png</icon>
			<thumb>image://C%3a%5cUsers%5cMarcel%5cAppData%5cRoaming%5cKodi%5caddons%5cplugin.video.Showbox%5cicon.png/</thumb>
			<property name="labelID">plugin.video.Showbox</property>
			<property name="defaultID">plugin.video.Showbox</property>
			<onclick>ActivateWindow(10025,"plugin://plugin.video.Showbox",return)</onclick>
			<property name="path">ActivateWindow(10025,"plugin://plugin.video.Showbox",return)</property>
			<visible>StringCompare(System.ProfileName,Master user) + [StringCompare(Window(10000).Property(submenuVisibility),films)]</visible>
			<property name="isSubmenu">True</property>
			<property name="group">films</property>
		</item>
		<item id="12">
			<label>Navi-X</label>
			<label2>Video add-on</label2>
			<icon>DefaultShortcut.png</icon>
			<thumb>image://C%3a%5cUsers%5cMarcel%5cAppData%5cRoaming%5cKodi%5caddons%5cplugin.video.navi-x%5cicon.png/</thumb>
			<property name="labelID">plugin.video.navi-x</property>
			<property name="defaultID">plugin.video.navi-x</property>
			<onclick>ActivateWindow(10025,"plugin://plugin.video.navi-x",return)</onclick>
			<property name="path">ActivateWindow(10025,"plugin://plugin.video.navi-x",return)</property>
			<visible>StringCompare(System.ProfileName,Master user) + [StringCompare(Window(10000).Property(submenuVisibility),films)]</visible>
			<property name="isSubmenu">True</property>
			<property name="group">films</property>
		</item>
		<item id="13">
			<label>Meer...</label>
			<label2>Video's</label2>
			<icon>DefaultAddonVideo.png</icon>
			<thumb />
			<property name="labelID">meer</property>
			<property name="defaultID">1037</property>
			<onclick>ActivateWindow(Videos,addons://sources/video/,return)</onclick>
			<property name="path">ActivateWindow(Videos,addons://sources/video/,return)</property>
			<visible>StringCompare(System.ProfileName,Master user) + [StringCompare(Window(10000).Property(submenuVisibility),films)]</visible>
			<property name="isSubmenu">True</property>
			<property name="group">films</property>
		</item>
	</include>
	<include name="skinshortcuts-group-tv-series" />
	<include name="skinshortcuts-group-alt-tv-series" />
	<include name="skinshortcuts-group-plugin-video-beeg" />
	<include name="skinshortcuts-group-alt-plugin-video-beeg" />
	<include name="skinshortcuts-group-sport">
		<item id="1">
			<label>Dutch Sports Streams</label>
			<label2>Video add-on</label2>
			<icon>DefaultShortcut.png</icon>
			<thumb>image://C%3a%5cUsers%5cMarcel%5cAppData%5cRoaming%5cKodi%5caddons%5cplugin.video.janlul%5cicon.png/</thumb>
			<property name="labelID">plugin.video.janlul</property>
			<property name="defaultID">plugin.video.janlul</property>
			<onclick>ActivateWindow(10025,"plugin://plugin.video.janlul",return)</onclick>
			<property name="path">ActivateWindow(10025,"plugin://plugin.video.janlul",return)</property>
			<visible>StringCompare(System.ProfileName,Master user)</visible>
			<property name="group">sport</property>
		</item>
		<item id="2">
			<label>P2P Streams</label>
			<label2>Video add-on</label2>
			<icon>DefaultShortcut.png</icon>
			<thumb>image://C%3a%5cUsers%5cMarcel%5cAppData%5cRoaming%5cKodi%5caddons%5cplugin.video.p2p-streams%2fresources%2fart%2fweb-parsers-menu.png/</thumb>
			<property name="labelID">p2pstreams</property>
			<property name="defaultID" />
			<onclick>ActivateWindow(10025,"plugin://plugin.video.p2p-streams/?url=https%3A%2F%2Fcode.google.com%2Fp%2Fp2p-strm%2F&amp;mode=400&amp;name=-Addon+Website-parsers&amp;iconimage=C%3A%5CUsers%5CMarcel%5CAppData%5CRoaming%5CKodi%5Caddons%5Cplugin.video.p2p-streams%2Fresources%2Fart%2Fweb-parsers-menu.png",return)</onclick>
			<property name="path">ActivateWindow(10025,"plugin://plugin.video.p2p-streams/?url=https%3A%2F%2Fcode.google.com%2Fp%2Fp2p-strm%2F&amp;mode=400&amp;name=-Addon+Website-parsers&amp;iconimage=C%3A%5CUsers%5CMarcel%5CAppData%5CRoaming%5CKodi%5Caddons%5Cplugin.video.p2p-streams%2Fresources%2Fart%2Fweb-parsers-menu.png",return)</property>
			<visible>StringCompare(System.ProfileName,Master user)</visible>
			<property name="group">sport</property>
		</item>
	</include>
	<include name="skinshortcuts-group-alt-sport">
		<item id="1">
			<label>Dutch Sports Streams</label>
			<label2>Video add-on</label2>
			<icon>DefaultShortcut.png</icon>
			<thumb>image://C%3a%5cUsers%5cMarcel%5cAppData%5cRoaming%5cKodi%5caddons%5cplugin.video.janlul%5cicon.png/</thumb>
			<property name="labelID">plugin.video.janlul</property>
			<property name="defaultID">plugin.video.janlul</property>
			<onclick>ActivateWindow(10025,"plugin://plugin.video.janlul",return)</onclick>
			<property name="path">ActivateWindow(10025,"plugin://plugin.video.janlul",return)</property>
			<visible>StringCompare(System.ProfileName,Master user) + [StringCompare(Window(10000).Property(submenuVisibility),sport)]</visible>
			<property name="isSubmenu">True</property>
			<property name="group">sport</property>
		</item>
		<item id="2">
			<label>P2P Streams</label>
			<label2>Video add-on</label2>
			<icon>DefaultShortcut.png</icon>
			<thumb>image://C%3a%5cUsers%5cMarcel%5cAppData%5cRoaming%5cKodi%5caddons%5cplugin.video.p2p-streams%2fresources%2fart%2fweb-parsers-menu.png/</thumb>
			<property name="labelID">p2pstreams</property>
			<property name="defaultID" />
			<onclick>ActivateWindow(10025,"plugin://plugin.video.p2p-streams/?url=https%3A%2F%2Fcode.google.com%2Fp%2Fp2p-strm%2F&amp;mode=400&amp;name=-Addon+Website-parsers&amp;iconimage=C%3A%5CUsers%5CMarcel%5CAppData%5CRoaming%5CKodi%5Caddons%5Cplugin.video.p2p-streams%2Fresources%2Fart%2Fweb-parsers-menu.png",return)</onclick>
			<property name="path">ActivateWindow(10025,"plugin://plugin.video.p2p-streams/?url=https%3A%2F%2Fcode.google.com%2Fp%2Fp2p-strm%2F&amp;mode=400&amp;name=-Addon+Website-parsers&amp;iconimage=C%3A%5CUsers%5CMarcel%5CAppData%5CRoaming%5CKodi%5Caddons%5Cplugin.video.p2p-streams%2Fresources%2Fart%2Fweb-parsers-menu.png",return)</property>
			<visible>StringCompare(System.ProfileName,Master user) + [StringCompare(Window(10000).Property(submenuVisibility),sport)]</visible>
			<property name="isSubmenu">True</property>
			<property name="group">sport</property>
		</item>
	</include>
	<include name="skinshortcuts-group-kids">
		<item id="1">
			<label>[COLOR cyan].Top Cartoon[/COLOR]</label>
			<label2>Video add-on</label2>
			<icon>DefaultShortcut.png</icon>
			<thumb>image://https%3a%2f%2flh5.googleusercontent.com%2f-_OvbaUjJ9yw%2fVAad_5rzgWI%2fAAAAAAAAAJA%2fMt8pHEWlK58%2fs0%2fdisney-pixar_00326729.jpg/</thumb>
			<property name="labelID">colorcyan-topcartoon-color</property>
			<property name="defaultID" />
			<onclick>ActivateWindow(10025,"plugin://plugin.video.cartoonhd/?url=picasa_topcartoon&amp;mode=1&amp;name=%5BCOLOR+cyan%5D.Top+Cartoon%5B%2FCOLOR%5D&amp;iconimage=https%3A%2F%2Flh5.googleusercontent.com%2F-_OvbaUjJ9yw%2FVAad_5rzgWI%2FAAAAAAAAAJA%2FMt8pHEWlK58%2Fs0%2Fdisney-pixar_00326729.jpg&amp;description=",return)</onclick>
			<property name="path">ActivateWindow(10025,"plugin://plugin.video.cartoonhd/?url=picasa_topcartoon&amp;mode=1&amp;name=%5BCOLOR+cyan%5D.Top+Cartoon%5B%2FCOLOR%5D&amp;iconimage=https%3A%2F%2Flh5.googleusercontent.com%2F-_OvbaUjJ9yw%2FVAad_5rzgWI%2FAAAAAAAAAJA%2FMt8pHEWlK58%2Fs0%2Fdisney-pixar_00326729.jpg&amp;description=",return)</property>
			<visible>StringCompare(System.ProfileName,Master user)</visible>
			<property name="group">kids</property>
		</item>
		<item id="2">
			<label>[COLOR cyan].Disney Collection[/COLOR]</label>
			<label2>Video add-on</label2>
			<icon>DefaultShortcut.png</icon>
			<thumb>image://https%3a%2f%2flh3.googleusercontent.com%2f-MLW6NGa8R8M%2fVIQFhsJEgII%2fAAAAAAAAAGA%2fJmksavv5wJE%2fs0%2fWalt-Disney.jpg/</thumb>
			<property name="labelID">colorcyan-disneycollection-color</property>
			<property name="defaultID" />
			<onclick>ActivateWindow(10025,"plugin://plugin.video.cartoonhd/?url=picasa_disneycollection&amp;mode=1&amp;name=%5BCOLOR+cyan%5D.Disney+Collection%5B%2FCOLOR%5D&amp;iconimage=https%3A%2F%2Flh3.googleusercontent.com%2F-MLW6NGa8R8M%2FVIQFhsJEgII%2FAAAAAAAAAGA%2FJmksavv5wJE%2Fs0%2FWalt-Disney.jpg&amp;description=",return)</onclick>
			<property name="path">ActivateWindow(10025,"plugin://plugin.video.cartoonhd/?url=picasa_disneycollection&amp;mode=1&amp;name=%5BCOLOR+cyan%5D.Disney+Collection%5B%2FCOLOR%5D&amp;iconimage=https%3A%2F%2Flh3.googleusercontent.com%2F-MLW6NGa8R8M%2FVIQFhsJEgII%2FAAAAAAAAAGA%2FJmksavv5wJE%2Fs0%2FWalt-Disney.jpg&amp;description=",return)</property>
			<visible>StringCompare(System.ProfileName,Master user)</visible>
			<property name="group">kids</property>
		</item>
		<item id="3">
			<label>Animation</label>
			<label2>Video add-on</label2>
			<icon>DefaultShortcut.png</icon>
			<thumb>image://C%3a%5cUsers%5cMarcel%5cAppData%5cRoaming%5cKodi%5caddons%5cplugin.video.cartoonhdtwo%5cicon.png/</thumb>
			<property name="labelID">animation</property>
			<property name="defaultID" />
			<onclick>ActivateWindow(10025,"plugin://plugin.video.cartoonhdtwo/?url=Animation&amp;mode=2&amp;name=Animation&amp;iconimage=&amp;description=&amp;fanart=",return)</onclick>
			<property name="path">ActivateWindow(10025,"plugin://plugin.video.cartoonhdtwo/?url=Animation&amp;mode=2&amp;name=Animation&amp;iconimage=&amp;description=&amp;fanart=",return)</property>
			<visible>StringCompare(System.ProfileName,Master user)</visible>
			<property name="group">kids</property>
		</item>
		<item id="4">
			<label>Cartoon World</label>
			<label2>Video add-on</label2>
			<icon>DefaultShortcut.png</icon>
			<thumb>image://C%3a%5cUsers%5cMarcel%5cAppData%5cRoaming%5cKodi%5caddons%5cplugin.video.cartoonworld%5cicon.png/</thumb>
			<property name="labelID">plugin.video.cartoonworld</property>
			<property name="defaultID">plugin.video.cartoonworld</property>
			<onclick>ActivateWindow(10025,"plugin://plugin.video.cartoonworld",return)</onclick>
			<property name="path">ActivateWindow(10025,"plugin://plugin.video.cartoonworld",return)</property>
			<visible>StringCompare(System.ProfileName,Master user)</visible>
			<property name="group">kids</property>
		</item>
		<item id="5">
			<label>Super Cartoons</label>
			<label2>Video add-on</label2>
			<icon>DefaultShortcut.png</icon>
			<thumb>image://C%3a%5cUsers%5cMarcel%5cAppData%5cRoaming%5cKodi%5caddons%5cplugin.video.supercartoons%5cicon.png/</thumb>
			<property name="labelID">plugin.video.supercartoons</property>
			<property name="defaultID">plugin.video.supercartoons</property>
			<onclick>ActivateWindow(10025,"plugin://plugin.video.supercartoons",return)</onclick>
			<property name="path">ActivateWindow(10025,"plugin://plugin.video.supercartoons",return)</property>
			<visible>StringCompare(System.ProfileName,Master user)</visible>
			<property name="group">kids</property>
		</item>
	</include>
	<include name="skinshortcuts-group-alt-kids">
		<item id="1">
			<label>[COLOR cyan].Top Cartoon[/COLOR]</label>
			<label2>Video add-on</label2>
			<icon>DefaultShortcut.png</icon>
			<thumb>image://https%3a%2f%2flh5.googleusercontent.com%2f-_OvbaUjJ9yw%2fVAad_5rzgWI%2fAAAAAAAAAJA%2fMt8pHEWlK58%2fs0%2fdisney-pixar_00326729.jpg/</thumb>
			<property name="labelID">colorcyan-topcartoon-color</property>
			<property name="defaultID" />
			<onclick>ActivateWindow(10025,"plugin://plugin.video.cartoonhd/?url=picasa_topcartoon&amp;mode=1&amp;name=%5BCOLOR+cyan%5D.Top+Cartoon%5B%2FCOLOR%5D&amp;iconimage=https%3A%2F%2Flh5.googleusercontent.com%2F-_OvbaUjJ9yw%2FVAad_5rzgWI%2FAAAAAAAAAJA%2FMt8pHEWlK58%2Fs0%2Fdisney-pixar_00326729.jpg&amp;description=",return)</onclick>
			<property name="path">ActivateWindow(10025,"plugin://plugin.video.cartoonhd/?url=picasa_topcartoon&amp;mode=1&amp;name=%5BCOLOR+cyan%5D.Top+Cartoon%5B%2FCOLOR%5D&amp;iconimage=https%3A%2F%2Flh5.googleusercontent.com%2F-_OvbaUjJ9yw%2FVAad_5rzgWI%2FAAAAAAAAAJA%2FMt8pHEWlK58%2Fs0%2Fdisney-pixar_00326729.jpg&amp;description=",return)</property>
			<visible>StringCompare(System.ProfileName,Master user) + [StringCompare(Window(10000).Property(submenuVisibility),kids)]</visible>
			<property name="isSubmenu">True</property>
			<property name="group">kids</property>
		</item>
		<item id="2">
			<label>[COLOR cyan].Disney Collection[/COLOR]</label>
			<label2>Video add-on</label2>
			<icon>DefaultShortcut.png</icon>
			<thumb>image://https%3a%2f%2flh3.googleusercontent.com%2f-MLW6NGa8R8M%2fVIQFhsJEgII%2fAAAAAAAAAGA%2fJmksavv5wJE%2fs0%2fWalt-Disney.jpg/</thumb>
			<property name="labelID">colorcyan-disneycollection-color</property>
			<property name="defaultID" />
			<onclick>ActivateWindow(10025,"plugin://plugin.video.cartoonhd/?url=picasa_disneycollection&amp;mode=1&amp;name=%5BCOLOR+cyan%5D.Disney+Collection%5B%2FCOLOR%5D&amp;iconimage=https%3A%2F%2Flh3.googleusercontent.com%2F-MLW6NGa8R8M%2FVIQFhsJEgII%2FAAAAAAAAAGA%2FJmksavv5wJE%2Fs0%2FWalt-Disney.jpg&amp;description=",return)</onclick>
			<property name="path">ActivateWindow(10025,"plugin://plugin.video.cartoonhd/?url=picasa_disneycollection&amp;mode=1&amp;name=%5BCOLOR+cyan%5D.Disney+Collection%5B%2FCOLOR%5D&amp;iconimage=https%3A%2F%2Flh3.googleusercontent.com%2F-MLW6NGa8R8M%2FVIQFhsJEgII%2FAAAAAAAAAGA%2FJmksavv5wJE%2Fs0%2FWalt-Disney.jpg&amp;description=",return)</property>
			<visible>StringCompare(System.ProfileName,Master user) + [StringCompare(Window(10000).Property(submenuVisibility),kids)]</visible>
			<property name="isSubmenu">True</property>
			<property name="group">kids</property>
		</item>
		<item id="3">
			<label>Animation</label>
			<label2>Video add-on</label2>
			<icon>DefaultShortcut.png</icon>
			<thumb>image://C%3a%5cUsers%5cMarcel%5cAppData%5cRoaming%5cKodi%5caddons%5cplugin.video.cartoonhdtwo%5cicon.png/</thumb>
			<property name="labelID">animation</property>
			<property name="defaultID" />
			<onclick>ActivateWindow(10025,"plugin://plugin.video.cartoonhdtwo/?url=Animation&amp;mode=2&amp;name=Animation&amp;iconimage=&amp;description=&amp;fanart=",return)</onclick>
			<property name="path">ActivateWindow(10025,"plugin://plugin.video.cartoonhdtwo/?url=Animation&amp;mode=2&amp;name=Animation&amp;iconimage=&amp;description=&amp;fanart=",return)</property>
			<visible>StringCompare(System.ProfileName,Master user) + [StringCompare(Window(10000).Property(submenuVisibility),kids)]</visible>
			<property name="isSubmenu">True</property>
			<property name="group">kids</property>
		</item>
		<item id="4">
			<label>Cartoon World</label>
			<label2>Video add-on</label2>
			<icon>DefaultShortcut.png</icon>
			<thumb>image://C%3a%5cUsers%5cMarcel%5cAppData%5cRoaming%5cKodi%5caddons%5cplugin.video.cartoonworld%5cicon.png/</thumb>
			<property name="labelID">plugin.video.cartoonworld</property>
			<property name="defaultID">plugin.video.cartoonworld</property>
			<onclick>ActivateWindow(10025,"plugin://plugin.video.cartoonworld",return)</onclick>
			<property name="path">ActivateWindow(10025,"plugin://plugin.video.cartoonworld",return)</property>
			<visible>StringCompare(System.ProfileName,Master user) + [StringCompare(Window(10000).Property(submenuVisibility),kids)]</visible>
			<property name="isSubmenu">True</property>
			<property name="group">kids</property>
		</item>
		<item id="5">
			<label>Super Cartoons</label>
			<label2>Video add-on</label2>
			<icon>DefaultShortcut.png</icon>
			<thumb>image://C%3a%5cUsers%5cMarcel%5cAppData%5cRoaming%5cKodi%5caddons%5cplugin.video.supercartoons%5cicon.png/</thumb>
			<property name="labelID">plugin.video.supercartoons</property>
			<property name="defaultID">plugin.video.supercartoons</property>
			<onclick>ActivateWindow(10025,"plugin://plugin.video.supercartoons",return)</onclick>
			<property name="path">ActivateWindow(10025,"plugin://plugin.video.supercartoons",return)</property>
			<visible>StringCompare(System.ProfileName,Master user) + [StringCompare(Window(10000).Property(submenuVisibility),kids)]</visible>
			<property name="isSubmenu">True</property>
			<property name="group">kids</property>
		</item>
	</include>
	<include name="skinshortcuts-group-script-moviestreamer-nl" />
	<include name="skinshortcuts-group-alt-script-moviestreamer-nl" />
	<include name="skinshortcuts-group-afsluiten" />
	<include name="skinshortcuts-group-alt-afsluiten" />
	<include name="skinshortcuts-group-plugin-audio-radio-de" />
	<include name="skinshortcuts-group-alt-plugin-audio-radio-de" />
	<include name="skinshortcuts-group-plugin-video-vevo" />
	<include name="skinshortcuts-group-alt-plugin-video-vevo" />
	<include name="skinshortcuts-group-apps">
		<item id="1">
			<label>Facebook Media</label>
			<label2>Programma</label2>
			<icon>DefaultAddon.png</icon>
			<thumb>image://C%3a%5cUsers%5cMarcel%5cAppData%5cRoaming%5cKodi%5caddons%5cscript.facebook.media%5cicon.png/</thumb>
			<property name="labelID">script.facebook.media</property>
			<property name="defaultID">script.facebook.media</property>
			<onclick>RunAddOn(script.facebook.media)</onclick>
			<property name="path">RunAddOn(script.facebook.media)</property>
			<visible>StringCompare(System.ProfileName,Master user)</visible>
			<property name="group">apps</property>
		</item>
		<item id="2">
			<label>Dumpert</label>
			<label2>Video add-on</label2>
			<icon>DefaultShortcut.png</icon>
			<thumb>image://C%3a%5cUsers%5cMarcel%5cAppData%5cRoaming%5cKodi%5caddons%5cplugin.video.dumpert%5cicon.png/</thumb>
			<property name="labelID">plugin.video.dumpert</property>
			<property name="defaultID">plugin.video.dumpert</property>
			<onclick>ActivateWindow(10025,"plugin://plugin.video.dumpert",return)</onclick>
			<property name="path">ActivateWindow(10025,"plugin://plugin.video.dumpert",return)</property>
			<visible>StringCompare(System.ProfileName,Master user)</visible>
			<property name="group">apps</property>
		</item>
		<item id="3">
			<label>YouTube</label>
			<label2>Video add-on</label2>
			<icon>DefaultShortcut.png</icon>
			<thumb>image://C%3a%5cUsers%5cMarcel%5cAppData%5cRoaming%5cKodi%5caddons%5cplugin.video.youtube%5cicon.png/</thumb>
			<property name="labelID">plugin.video.youtube</property>
			<property name="defaultID">plugin.video.youtube</property>
			<onclick>ActivateWindow(10025,"plugin://plugin.video.youtube",return)</onclick>
			<property name="path">ActivateWindow(10025,"plugin://plugin.video.youtube",return)</property>
			<visible>StringCompare(System.ProfileName,Master user)</visible>
			<property name="group">apps</property>
		</item>
		<item id="4">
			<label>XBMC Online TV</label>
			<label2>Video add-on</label2>
			<icon>DefaultAddon.png</icon>
			<thumb>image://C%3a%5cUsers%5cMarcel%5cAppData%5cRoaming%5cKodi%5caddons%5cnet.rieter.xot%5cicon.png/</thumb>
			<property name="labelID">net.rieter.xot</property>
			<property name="defaultID">net.rieter.xot</property>
			<onclick>RunAddOn(net.rieter.xot)</onclick>
			<property name="path">RunAddOn(net.rieter.xot)</property>
			<visible>StringCompare(System.ProfileName,Master user)</visible>
			<property name="group">apps</property>
		</item>
		<item id="5">
			<label>Navi-X</label>
			<label2>Programma</label2>
			<icon>DefaultAddon.png</icon>
			<thumb>image://C%3a%5cUsers%5cMarcel%5cAppData%5cRoaming%5cKodi%5caddons%5cscript.navi-x%5cicon.png/</thumb>
			<property name="labelID">script.navi-x</property>
			<property name="defaultID">script.navi-x</property>
			<onclick>RunAddOn(script.navi-x)</onclick>
			<property name="path">RunAddOn(script.navi-x)</property>
			<visible>StringCompare(System.ProfileName,Master user)</visible>
			<property name="group">apps</property>
		</item>
		<item id="6">
			<label>Viooz</label>
			<label2>Video add-on</label2>
			<icon>DefaultShortcut.png</icon>
			<thumb>image://C%3a%5cUsers%5cMarcel%5cAppData%5cRoaming%5cKodi%5caddons%5cplugin.video.viooz.co%5cicon.png/</thumb>
			<property name="labelID">plugin.video.viooz.co</property>
			<property name="defaultID">plugin.video.viooz.co</property>
			<onclick>ActivateWindow(10025,"plugin://plugin.video.viooz.co",return)</onclick>
			<property name="path">ActivateWindow(10025,"plugin://plugin.video.viooz.co",return)</property>
			<visible>StringCompare(System.ProfileName,Master user)</visible>
			<property name="group">apps</property>
		</item>
		<item id="7">
			<label>Veetle</label>
			<label2>Video add-on</label2>
			<icon>DefaultShortcut.png</icon>
			<thumb>image://C%3a%5cUsers%5cMarcel%5cAppData%5cRoaming%5cKodi%5caddons%5cplugin.video.veetle%5cicon.png/</thumb>
			<property name="labelID">plugin.video.veetle</property>
			<property name="defaultID">plugin.video.veetle</property>
			<onclick>ActivateWindow(10025,"plugin://plugin.video.veetle",return)</onclick>
			<property name="path">ActivateWindow(10025,"plugin://plugin.video.veetle",return)</property>
			<visible>StringCompare(System.ProfileName,Master user)</visible>
			<property name="group">apps</property>
		</item>
		<item id="8">
			<label>$LOCALIZE[31018]</label>
			<label2>netflix</label2>
			<icon>special://skin/extras/hometiles/netflix.png</icon>
			<thumb />
			<property name="labelID">plugin.video.netflixbmc</property>
			<property name="defaultID">plugin.video.netflixbmc</property>
			<onclick condition="Skin.HasSetting(IsTitanSkin) + System.HasAddon(plugin.video.netflixbmc)">$VAR[NetflixButtonOnClick]</onclick>
			<property name="path">$VAR[NetflixButtonOnClick]</property>
			<onclick condition="!Skin.HasSetting(IsTitanSkin)">ActivateWindow(Videos,plugin://plugin.video.netflixbmc,return)</onclick>
			<property name="path">ActivateWindow(Videos,plugin://plugin.video.netflixbmc,return)</property>
			<visible>StringCompare(System.ProfileName,Master user)</visible>
			<property name="group">apps</property>
		</item>
		<item id="9">
			<label>Nederland 24</label>
			<label2>Video add-on</label2>
			<icon>DefaultShortcut.png</icon>
			<thumb>image://C%3a%5cUsers%5cMarcel%5cAppData%5cRoaming%5cKodi%5caddons%5cplugin.video.nederland24%5cicon.png/</thumb>
			<property name="labelID">plugin.video.nederland24</property>
			<property name="defaultID">plugin.video.nederland24</property>
			<onclick>ActivateWindow(10025,"plugin://plugin.video.nederland24",return)</onclick>
			<property name="path">ActivateWindow(10025,"plugin://plugin.video.nederland24",return)</property>
			<visible>StringCompare(System.ProfileName,Master user)</visible>
			<property name="group">apps</property>
		</item>
		<item id="10">
			<label>RTLxl</label>
			<label2>Video add-on</label2>
			<icon>DefaultShortcut.png</icon>
			<thumb>image://C%3a%5cUsers%5cMarcel%5cAppData%5cRoaming%5cKodi%5caddons%5cplugin.video.rtlxl%5cicon.png/</thumb>
			<property name="labelID">plugin.video.rtlxl</property>
			<property name="defaultID">plugin.video.rtlxl</property>
			<onclick>ActivateWindow(10025,"plugin://plugin.video.rtlxl",return)</onclick>
			<property name="path">ActivateWindow(10025,"plugin://plugin.video.rtlxl",return)</property>
			<visible>StringCompare(System.ProfileName,Master user)</visible>
			<property name="group">apps</property>
		</item>
		<item id="11">
			<label>Alle apps...</label>
			<label2>Aangepaste snelkoppeling</label2>
			<icon>special://skin/extras/hometiles/videoaddons.png</icon>
			<thumb />
			<property name="labelID">alleapps</property>
			<property name="defaultID">1037</property>
			<onclick>ActivateWindow(Video,addons,return)</onclick>
			<property name="path">ActivateWindow(Video,addons,return)</property>
			<visible>StringCompare(System.ProfileName,Master user)</visible>
			<property name="group">apps</property>
		</item>
	</include>
	<include name="skinshortcuts-group-alt-apps">
		<item id="1">
			<label>Facebook Media</label>
			<label2>Programma</label2>
			<icon>DefaultAddon.png</icon>
			<thumb>image://C%3a%5cUsers%5cMarcel%5cAppData%5cRoaming%5cKodi%5caddons%5cscript.facebook.media%5cicon.png/</thumb>
			<property name="labelID">script.facebook.media</property>
			<property name="defaultID">script.facebook.media</property>
			<onclick>RunAddOn(script.facebook.media)</onclick>
			<property name="path">RunAddOn(script.facebook.media)</property>
			<visible>StringCompare(System.ProfileName,Master user) + [StringCompare(Window(10000).Property(submenuVisibility),apps)]</visible>
			<property name="isSubmenu">True</property>
			<property name="group">apps</property>
		</item>
		<item id="2">
			<label>Dumpert</label>
			<label2>Video add-on</label2>
			<icon>DefaultShortcut.png</icon>
			<thumb>image://C%3a%5cUsers%5cMarcel%5cAppData%5cRoaming%5cKodi%5caddons%5cplugin.video.dumpert%5cicon.png/</thumb>
			<property name="labelID">plugin.video.dumpert</property>
			<property name="defaultID">plugin.video.dumpert</property>
			<onclick>ActivateWindow(10025,"plugin://plugin.video.dumpert",return)</onclick>
			<property name="path">ActivateWindow(10025,"plugin://plugin.video.dumpert",return)</property>
			<visible>StringCompare(System.ProfileName,Master user) + [StringCompare(Window(10000).Property(submenuVisibility),apps)]</visible>
			<property name="isSubmenu">True</property>
			<property name="group">apps</property>
		</item>
		<item id="3">
			<label>YouTube</label>
			<label2>Video add-on</label2>
			<icon>DefaultShortcut.png</icon>
			<thumb>image://C%3a%5cUsers%5cMarcel%5cAppData%5cRoaming%5cKodi%5caddons%5cplugin.video.youtube%5cicon.png/</thumb>
			<property name="labelID">plugin.video.youtube</property>
			<property name="defaultID">plugin.video.youtube</property>
			<onclick>ActivateWindow(10025,"plugin://plugin.video.youtube",return)</onclick>
			<property name="path">ActivateWindow(10025,"plugin://plugin.video.youtube",return)</property>
			<visible>StringCompare(System.ProfileName,Master user) + [StringCompare(Window(10000).Property(submenuVisibility),apps)]</visible>
			<property name="isSubmenu">True</property>
			<property name="group">apps</property>
		</item>
		<item id="4">
			<label>XBMC Online TV</label>
			<label2>Video add-on</label2>
			<icon>DefaultAddon.png</icon>
			<thumb>image://C%3a%5cUsers%5cMarcel%5cAppData%5cRoaming%5cKodi%5caddons%5cnet.rieter.xot%5cicon.png/</thumb>
			<property name="labelID">net.rieter.xot</property>
			<property name="defaultID">net.rieter.xot</property>
			<onclick>RunAddOn(net.rieter.xot)</onclick>
			<property name="path">RunAddOn(net.rieter.xot)</property>
			<visible>StringCompare(System.ProfileName,Master user) + [StringCompare(Window(10000).Property(submenuVisibility),apps)]</visible>
			<property name="isSubmenu">True</property>
			<property name="group">apps</property>
		</item>
		<item id="5">
			<label>Navi-X</label>
			<label2>Programma</label2>
			<icon>DefaultAddon.png</icon>
			<thumb>image://C%3a%5cUsers%5cMarcel%5cAppData%5cRoaming%5cKodi%5caddons%5cscript.navi-x%5cicon.png/</thumb>
			<property name="labelID">script.navi-x</property>
			<property name="defaultID">script.navi-x</property>
			<onclick>RunAddOn(script.navi-x)</onclick>
			<property name="path">RunAddOn(script.navi-x)</property>
			<visible>StringCompare(System.ProfileName,Master user) + [StringCompare(Window(10000).Property(submenuVisibility),apps)]</visible>
			<property name="isSubmenu">True</property>
			<property name="group">apps</property>
		</item>
		<item id="6">
			<label>Viooz</label>
			<label2>Video add-on</label2>
			<icon>DefaultShortcut.png</icon>
			<thumb>image://C%3a%5cUsers%5cMarcel%5cAppData%5cRoaming%5cKodi%5caddons%5cplugin.video.viooz.co%5cicon.png/</thumb>
			<property name="labelID">plugin.video.viooz.co</property>
			<property name="defaultID">plugin.video.viooz.co</property>
			<onclick>ActivateWindow(10025,"plugin://plugin.video.viooz.co",return)</onclick>
			<property name="path">ActivateWindow(10025,"plugin://plugin.video.viooz.co",return)</property>
			<visible>StringCompare(System.ProfileName,Master user) + [StringCompare(Window(10000).Property(submenuVisibility),apps)]</visible>
			<property name="isSubmenu">True</property>
			<property name="group">apps</property>
		</item>
		<item id="7">
			<label>Veetle</label>
			<label2>Video add-on</label2>
			<icon>DefaultShortcut.png</icon>
			<thumb>image://C%3a%5cUsers%5cMarcel%5cAppData%5cRoaming%5cKodi%5caddons%5cplugin.video.veetle%5cicon.png/</thumb>
			<property name="labelID">plugin.video.veetle</property>
			<property name="defaultID">plugin.video.veetle</property>
			<onclick>ActivateWindow(10025,"plugin://plugin.video.veetle",return)</onclick>
			<property name="path">ActivateWindow(10025,"plugin://plugin.video.veetle",return)</property>
			<visible>StringCompare(System.ProfileName,Master user) + [StringCompare(Window(10000).Property(submenuVisibility),apps)]</visible>
			<property name="isSubmenu">True</property>
			<property name="group">apps</property>
		</item>
		<item id="8">
			<label>$LOCALIZE[31018]</label>
			<label2>netflix</label2>
			<icon>special://skin/extras/hometiles/netflix.png</icon>
			<thumb />
			<property name="labelID">plugin.video.netflixbmc</property>
			<property name="defaultID">plugin.video.netflixbmc</property>
			<onclick condition="Skin.HasSetting(IsTitanSkin) + System.HasAddon(plugin.video.netflixbmc)">$VAR[NetflixButtonOnClick]</onclick>
			<property name="path">$VAR[NetflixButtonOnClick]</property>
			<onclick condition="!Skin.HasSetting(IsTitanSkin)">ActivateWindow(Videos,plugin://plugin.video.netflixbmc,return)</onclick>
			<property name="path">ActivateWindow(Videos,plugin://plugin.video.netflixbmc,return)</property>
			<visible>StringCompare(System.ProfileName,Master user) + [StringCompare(Window(10000).Property(submenuVisibility),apps)]</visible>
			<property name="isSubmenu">True</property>
			<property name="group">apps</property>
		</item>
		<item id="9">
			<label>Nederland 24</label>
			<label2>Video add-on</label2>
			<icon>DefaultShortcut.png</icon>
			<thumb>image://C%3a%5cUsers%5cMarcel%5cAppData%5cRoaming%5cKodi%5caddons%5cplugin.video.nederland24%5cicon.png/</thumb>
			<property name="labelID">plugin.video.nederland24</property>
			<property name="defaultID">plugin.video.nederland24</property>
			<onclick>ActivateWindow(10025,"plugin://plugin.video.nederland24",return)</onclick>
			<property name="path">ActivateWindow(10025,"plugin://plugin.video.nederland24",return)</property>
			<visible>StringCompare(System.ProfileName,Master user) + [StringCompare(Window(10000).Property(submenuVisibility),apps)]</visible>
			<property name="isSubmenu">True</property>
			<property name="group">apps</property>
		</item>
		<item id="10">
			<label>RTLxl</label>
			<label2>Video add-on</label2>
			<icon>DefaultShortcut.png</icon>
			<thumb>image://C%3a%5cUsers%5cMarcel%5cAppData%5cRoaming%5cKodi%5caddons%5cplugin.video.rtlxl%5cicon.png/</thumb>
			<property name="labelID">plugin.video.rtlxl</property>
			<property name="defaultID">plugin.video.rtlxl</property>
			<onclick>ActivateWindow(10025,"plugin://plugin.video.rtlxl",return)</onclick>
			<property name="path">ActivateWindow(10025,"plugin://plugin.video.rtlxl",return)</property>
			<visible>StringCompare(System.ProfileName,Master user) + [StringCompare(Window(10000).Property(submenuVisibility),apps)]</visible>
			<property name="isSubmenu">True</property>
			<property name="group">apps</property>
		</item>
		<item id="11">
			<label>Alle apps...</label>
			<label2>Aangepaste snelkoppeling</label2>
			<icon>special://skin/extras/hometiles/videoaddons.png</icon>
			<thumb />
			<property name="labelID">alleapps</property>
			<property name="defaultID">1037</property>
			<onclick>ActivateWindow(Video,addons,return)</onclick>
			<property name="path">ActivateWindow(Video,addons,return)</property>
			<visible>StringCompare(System.ProfileName,Master user) + [StringCompare(Window(10000).Property(submenuVisibility),apps)]</visible>
			<property name="isSubmenu">True</property>
			<property name="group">apps</property>
		</item>
	</include>
	<include name="skinshortcuts-group-powermenu">
		<item id="1">
			<label>$LOCALIZE[20126]</label>
			<label2>Kodi Command</label2>
			<icon>common/lock.png</icon>
			<thumb />
			<property name="labelID">20126</property>
			<property name="defaultID">20126</property>
			<visible>[[System.HasLoginScreen | IntegerGreaterThan(System.ProfileCount,1)] + System.Loggedon] + [System.HasLoginScreen]</visible>
			<onclick>System.LogOff</onclick>
			<property name="path">System.LogOff</property>
			<visible>StringCompare(System.ProfileName,Master user)</visible>
			<property name="group">powermenu</property>
		</item>
		<item id="2">
			<label>Instellingen</label>
			<label2>Programma</label2>
			<icon>common/settings1.png</icon>
			<thumb />
			<property name="labelID">script.moviestreamer-nl</property>
			<property name="defaultID">script.moviestreamer-nl</property>
			<onclick>RunScript(script.moviestreamer-nl)</onclick>
			<property name="path">RunScript(script.moviestreamer-nl)</property>
			<visible>StringCompare(System.ProfileName,Master user)</visible>
			<property name="group">powermenu</property>
		</item>
		<item id="3">
			<label>$LOCALIZE[13009]</label>
			<label2>Kodi Command</label2>
			<icon>common/exit1.png</icon>
			<thumb />
			<property name="labelID">13009</property>
			<property name="defaultID">13009</property>
			<visible>System.ShowExitButton</visible>
			<onclick>Quit()</onclick>
			<property name="path">Quit()</property>
			<visible>StringCompare(System.ProfileName,Master user)</visible>
			<property name="group">powermenu</property>
		</item>
		<item id="4">
			<label>$LOCALIZE[13005]</label>
			<label2>Kodi Command</label2>
			<icon>common/shutdown1.png</icon>
			<thumb />
			<property name="labelID">13005</property>
			<property name="defaultID">13005</property>
			<onclick>ShutDown</onclick>
			<property name="path">ShutDown</property>
			<visible>StringCompare(System.ProfileName,Master user)</visible>
			<property name="group">powermenu</property>
		</item>
		<item id="5">
			<label>$LOCALIZE[13013]</label>
			<label2>Kodi Command</label2>
			<icon>common/reboot1.png</icon>
			<thumb />
			<property name="labelID">13013</property>
			<property name="defaultID">13013</property>
			<onclick>Reboot</onclick>
			<property name="path">Reboot</property>
			<visible>StringCompare(System.ProfileName,Master user)</visible>
			<property name="group">powermenu</property>
		</item>
	</include>
	<include name="skinshortcuts-group-alt-powermenu">
		<item id="1">
			<label>$LOCALIZE[20126]</label>
			<label2>Kodi Command</label2>
			<icon>common/lock.png</icon>
			<thumb />
			<property name="labelID">20126</property>
			<property name="defaultID">20126</property>
			<visible>[[System.HasLoginScreen | IntegerGreaterThan(System.ProfileCount,1)] + System.Loggedon] + [System.HasLoginScreen]</visible>
			<onclick>System.LogOff</onclick>
			<property name="path">System.LogOff</property>
			<visible>StringCompare(System.ProfileName,Master user) + [StringCompare(Window(10000).Property(submenuVisibility),powermenu)]</visible>
			<property name="isSubmenu">True</property>
			<property name="group">powermenu</property>
		</item>
		<item id="2">
			<label>Instellingen</label>
			<label2>Programma</label2>
			<icon>common/settings1.png</icon>
			<thumb />
			<property name="labelID">script.moviestreamer-nl</property>
			<property name="defaultID">script.moviestreamer-nl</property>
			<onclick>RunScript(script.moviestreamer-nl)</onclick>
			<property name="path">RunScript(script.moviestreamer-nl)</property>
			<visible>StringCompare(System.ProfileName,Master user) + [StringCompare(Window(10000).Property(submenuVisibility),powermenu)]</visible>
			<property name="isSubmenu">True</property>
			<property name="group">powermenu</property>
		</item>
		<item id="3">
			<label>$LOCALIZE[13009]</label>
			<label2>Kodi Command</label2>
			<icon>common/exit1.png</icon>
			<thumb />
			<property name="labelID">13009</property>
			<property name="defaultID">13009</property>
			<visible>System.ShowExitButton</visible>
			<onclick>Quit()</onclick>
			<property name="path">Quit()</property>
			<visible>StringCompare(System.ProfileName,Master user) + [StringCompare(Window(10000).Property(submenuVisibility),powermenu)]</visible>
			<property name="isSubmenu">True</property>
			<property name="group">powermenu</property>
		</item>
		<item id="4">
			<label>$LOCALIZE[13005]</label>
			<label2>Kodi Command</label2>
			<icon>common/shutdown1.png</icon>
			<thumb />
			<property name="labelID">13005</property>
			<property name="defaultID">13005</property>
			<onclick>ShutDown</onclick>
			<property name="path">ShutDown</property>
			<visible>StringCompare(System.ProfileName,Master user) + [StringCompare(Window(10000).Property(submenuVisibility),powermenu)]</visible>
			<property name="isSubmenu">True</property>
			<property name="group">powermenu</property>
		</item>
		<item id="5">
			<label>$LOCALIZE[13013]</label>
			<label2>Kodi Command</label2>
			<icon>common/reboot1.png</icon>
			<thumb />
			<property name="labelID">13013</property>
			<property name="defaultID">13013</property>
			<onclick>Reboot</onclick>
			<property name="path">Reboot</property>
			<visible>StringCompare(System.ProfileName,Master user) + [StringCompare(Window(10000).Property(submenuVisibility),powermenu)]</visible>
			<property name="isSubmenu">True</property>
			<property name="group">powermenu</property>
		</item>
	</include>
</includes>
