<?xml version="1.0" encoding="utf-8"?>
<!--Titan-->
<window type="dialog">
    <defaultcontrol always="true">2</defaultcontrol>
    <allowoverlay>yes</allowoverlay>
	<backgroundcolor>0</backgroundcolor>
    <controls>
         <!--Global Background-->
        <include>GlobalBackground</include>
        <!--Time & Weather-->
        <include>TimeInfo</include>
		<!-- Now playing -->
		<include condition="!Skin.HasTheme(classic)">NowPlayingModern</include>
		
        <!--Header-->
        <include>Header</include>
        <!--Footer-->
        <include condition="!skin.hassetting(nofooterbar)">Footer</include>
		<!--Titan Version-->
        <include>TitanVersion</include>
		
		<control type="group">
		<include>animation_window_open_close</include>
        <!--Panel-->
        <control type="image">
            <posx>5</posx>
            <posy>90</posy>
            <width>1911</width>
            <height>940</height>
            <texture>views/settings_panel.png</texture>
			<visible>skin.hastheme(classic)</visible>
        </control>
		
		
		<control type="image">
			<posx>60</posx>
			<posy>150</posy>
			<width>1800</width>
			<height>800</height>
			<texture>colors/color_white.png</texture>
			<animation effect="fade" reversible="false" end="80" time="0" condition="StringCompare(Skin.String(ViewDetailsPanelOpacity),80)">Conditional</animation>
			<animation effect="fade" reversible="false" end="60" time="0" condition="StringCompare(Skin.String(ViewDetailsPanelOpacity),60)">Conditional</animation>
			<animation effect="fade" reversible="false" end="40" time="0" condition="StringCompare(Skin.String(ViewDetailsPanelOpacity),40)">Conditional</animation>
			<animation effect="fade" reversible="false" end="20" time="0" condition="StringCompare(Skin.String(ViewDetailsPanelOpacity),20)">Conditional</animation>
			<animation effect="fade" reversible="false" end="0" time="0" condition="StringCompare(Skin.String(ViewDetailsPanelOpacity),0)">Conditional</animation>
			<colordiffuse>$VAR[panel_color]</colordiffuse>
			<visible>!skin.hastheme(classic)</visible>
		</control>
		
		<control type="image">
			<posx>60</posx>
			<posy>150</posy>
			<width>560</width>
			<height>800</height>
			<texture>colors/color_white.png</texture>
			<animation effect="fade" reversible="false" end="80" time="0" condition="StringCompare(Skin.String(ViewDetailsPanelOpacity),80)">Conditional</animation>
			<animation effect="fade" reversible="false" end="60" time="0" condition="StringCompare(Skin.String(ViewDetailsPanelOpacity),60)">Conditional</animation>
			<animation effect="fade" reversible="false" end="40" time="0" condition="StringCompare(Skin.String(ViewDetailsPanelOpacity),40)">Conditional</animation>
			<animation effect="fade" reversible="false" end="20" time="0" condition="StringCompare(Skin.String(ViewDetailsPanelOpacity),20)">Conditional</animation>
			<animation effect="fade" reversible="false" end="0" time="0" condition="StringCompare(Skin.String(ViewDetailsPanelOpacity),0)">Conditional</animation>
			<colordiffuse>$VAR[panel_color]</colordiffuse>
			<visible>!skin.hastheme(classic)</visible>
		</control>
		

            <control type="image">
                <description>List separator</description>
                <posx>660</posx>
                <posy>191</posy>
                <width>1100</width>
                <height>77</height>
                <texture border="90,3,90,3">common/profil/separator.png</texture>
            </control>
			
            <control type="radiobutton" id="4">
                <posx>80</posx>
                <posy>191</posy>
                <width>520</width>
                <label>20096</label>
                <onup>2</onup>
				<onright>2</onright>
				<align>left</align>
                <ondown>444</ondown>
            </control>
			<control type="radiobutton" id="444">
                <posx>80</posx>
                <posy>255</posy>
                <width>520</width>
                <label>31147</label>
                <onup>4</onup>
                <ondown>4</ondown>
				<onright>2</onright>
				<align>left</align>
				<onclick condition="!Skin.String(LoginBackground)">Skin.SetImage(LoginBackground)</onclick>
				<onclick condition="Skin.String(LoginBackground)">Skin.Reset(LoginBackground)</onclick>
				<selected>Skin.String(LoginBackground)</selected>
				<visible>System.HasLoginScreen </visible>
            </control>
            <control type="list" id="2">
                <description>Control Area</description>
                <posx>660</posx>
                <posy>191</posy>
                <width>1100</width>
                <height>500</height>
                <onleft>noop</onleft>
                <onright>40</onright>
                <onup>4</onup>
				<onleft>4</onleft>
                <ondown>444</ondown>
                <pagecontrol>-</pagecontrol>
                <orientation>vertical</orientation>
                <itemlayout height="76">
                    <control type="image">
                        <description>List separator</description>
                        <posx>0</posx>
                        <posy>0</posy>
                        <width>1210</width>
                        <height>77</height>
                        <texture border="90,3,90,3">common/profil/separator.png</texture>
                    </control>
                    <control type="image">
                        <posx>35</posx>
                        <posy>10</posy>
                        <width>56</width>
                        <height>56</height>
                        <texture background="true" fallback="common/profil/avatar.png">$INFO[ListItem.Icon]</texture>
                        <visible>!IsEmpty(ListItem.Icon)</visible>
                    </control>
                    <control type="label">
                        <posx>35</posx>
                        <posy>0</posy>
                        <width>700</width>
                        <height>74</height>
                        <align>left</align>
                        <aligny>center</aligny>
                        <info>ListItem.Label</info>
                        <textcolor>96FFFFFF</textcolor>
                        <font>Light32</font>
                        <animation effect="slide" start="0" end="80" time="0" condition="!IsEmpty(ListItem.Icon)">Conditional</animation>
                    </control>
                    <control type="label">
                        <posx>1175</posx>
                        <posy>0</posy>
                        <width>300</width>
                        <height>74</height>
                        <align>right</align>
                        <aligny>center</aligny>
                        <info>ListItem.Label2</info>
                        <textcolor>96FFFFFF</textcolor>
                        <font>Light32</font>
                    </control>
                </itemlayout>
                <focusedlayout height="76">
                    <control type="group">
                        <visible>Control.HasFocus(2)</visible>
                        <control type="image">
                            <height>77</height>
                            <width>1210</width>
                            <texture colordiffuse="$INFO[Skin.String(ButtonFocusColor)]">colors/color_white.png</texture>
                        </control>
                        <control type="image">
                            <posx>35</posx>
                            <posy>10</posy>
                            <width>56</width>
                            <height>56</height>
                            <texture background="true">$INFO[ListItem.Icon]</texture>
                            <visible>!IsEmpty(ListItem.Icon)</visible>
                        </control>
                        <control type="label">
                            <posx>35</posx>
                            <posy>0</posy>
                            <width>700</width>
                            <height>74</height>
                            <align>left</align>
                            <aligny>center</aligny>
                            <info>ListItem.Label</info>
                            <textcolor>black</textcolor>
                            <font>Light32</font>
                            <animation effect="slide" start="0" end="80" time="0" condition="!IsEmpty(ListItem.Icon)">Conditional</animation>
                        </control>
                        <control type="label">
                            <posx>1175</posx>
                            <posy>0</posy>
                            <width>300</width>
                            <height>74</height>
                            <align>right</align>
                            <aligny>center</aligny>
                            <info>ListItem.Label2</info>
                            <textcolor>white</textcolor>
                            <font>Light32</font>
                        </control>
                    </control>
                    <control type="group">
                        <visible>!Control.HasFocus(2)</visible>
                        <control type="image">
                            <description>List separator</description>
                            <posx>0</posx>
                            <posy>0</posy>
                            <width>1210</width>
                            <height>77</height>
                            <texture border="90,3,90,3">common/profil/separator.png</texture>
                        </control>
                        <control type="image">
                            <posx>35</posx>
                            <posy>10</posy>
                            <width>56</width>
                            <height>56</height>
                            <texture background="true" fallback="common/profil/avatar.png">$INFO[ListItem.Icon]</texture>
                            <visible>!IsEmpty(ListItem.Icon)</visible>
                        </control>
                        <control type="label">
                            <posx>35</posx>
                            <posy>0</posy>
                            <width>700</width>
                            <height>74</height>
                            <align>left</align>
                            <aligny>center</aligny>
                            <info>ListItem.Label</info>
                            <textcolor>96FFFFFF</textcolor>
                            <font>Light32</font>
                            <animation effect="slide" start="0" end="80" time="0" condition="!IsEmpty(ListItem.Icon)">Conditional</animation>
                        </control>
                        <control type="label">
                            <posx>1175</posx>
                            <posy>0</posy>
                            <width>300</width>
                            <height>74</height>
                            <align>right</align>
                            <aligny>center</aligny>
                            <info>ListItem.Label2</info>
                            <textcolor>96FFFFFF</textcolor>
                            <font>Light32</font>
                        </control>
                    </control>
                </focusedlayout>
            </control>
        </control>
    </controls>
</window>