<?xml version="1.0" encoding="utf-8"?>
<!--Titan-->
<window id="2005">
    <defaultcontrol>-</defaultcontrol>
	<backgroundcolor>0</backgroundcolor>
	<onload condition="!Skin.String(ShowInfoAtPlaybackStart,0)">XBMC.RunScript(script.titanskin.helpers,SHOWINFO)</onload>
	<onload condition="Skin.HasSetting(DisableSubtitles) + VideoPlayer.SubtitlesEnabled">ShowSubtitles</onload>
	
    <controls>
        <!-- codec info -->
        <control type="group" id="0">
			<animation effect="slide" start="0,-340" end="0,0" time="200">WindowOpen</animation>
			<animation effect="fade" time="200">WindowOpen</animation>
			<control type="image">
				<posx>0</posx>
				<posy>0</posy>
				<width>1920</width>
				<height>310</height>
				<texture>colors/color_white.png</texture>
				<animation effect="fade" end="70" time="0" condition="true">Conditional</animation>
				<colordiffuse>$VAR[panel_color]</colordiffuse>
				<animation effect="slide" start="0,0" end="0,-200" time="0" condition="![Control.isVisible(11) + Control.IsVisible(12)]">Conditional</animation>
			</control>
			<control type="grouplist" id="0">
				<posx>30</posx>
				<posy>0</posy>
				<width>1920</width>
				<height>300</height>
				<aligny>top</aligny>
				<itemgap>10</itemgap>
				<control type="label" id="10">
					<description>row 1 label</description>
					<width>1770</width>
					<height>90</height>
					<align>left</align>
					<aligny>center</aligny>
					<font>Light22</font>
					<textcolor>lightgrey</textcolor>
					<label>-</label>
				</control>
				<control type="label" id="11">
					<description>row 2 label</description>
					<width>1770</width>
					<height>90</height>
					<align>left</align>
					<aligny>center</aligny>
					<font>Light22</font>
					<label>-</label>
					<textcolor>lightgrey</textcolor>
				</control>
				<control type="label" id="12">
					<description>row 3 label</description>
					<width>1770</width>
					<height>90</height>
					<align>left</align>
					<aligny>center</aligny>
					<font>Light22</font>
					<label>-</label>
					<textcolor>lightgrey</textcolor>
				</control>
			</control>
		</control>
		<control type="group" id="1">
			<posx>560</posx>
			<posy>33</posy>
			<visible allowhiddenfocus="true">Control.IsVisible(503) + VideoPlayer.Content(LiveTV)</visible>
			<include>animation_fade_visible_hidden</include>
			<control type="image">
				<posx>0</posx>
				<posy>30</posy>
				<width>1920</width>
				<height>310</height>
				<texture>colors/color_white.png</texture>
				<animation effect="fade" end="70" time="0" condition="true">Conditional</animation>
				<colordiffuse>$VAR[panel_color]</colordiffuse>
				<animation effect="slide" start="0,0" end="0,-200" time="0" condition="![Control.isVisible(11) + Control.IsVisible(12)]">Conditional</animation>
			</control>
			<control type="fadelabel" id="1">
				<posx>140</posx>
				<posy>34</posy>
				<width>606</width>
				<height>50</height>
				<font>font15_title</font>
				<textoffsetx>15</textoffsetx>
				<textcolor>themecolor</textcolor>
				<align>center</align>
				<aligny>center</aligny>
				<scrollout>false</scrollout>
				<pauseatend>2000</pauseatend>
				<label>$LOCALIZE[31501]</label>
			</control>
			<control type="selectbutton" id="503">
				<posx>140</posx>
				<posy>84</posy>
				<width>606</width>
				<height>30</height>
				<align>left</align>
				<font>font15</font>
				<description>TV Channel Group Select Button</description>
				<texturebg>-</texturebg>
				<onleft>503</onleft>
				<onright>503</onright>
				<onup>500</onup>
				<ondown>500</ondown>
			</control>
		</control>
        <control type="group">
            <visible>Player.ShowCodec + VideoPlayer.Content(LiveTV) + system.getbool(pvrplayback.signalquality)</visible>
            <posy>750</posy>
			<animation effect="fade" time="200">WindowOpen</animation>
			<control type="image">
				<posx>0</posx>
				<posy>30</posy>
				<width>1920</width>
				<height>310</height>
				<texture>colors/color_white.png</texture>
				<animation effect="fade" end="70" time="0" condition="true">Conditional</animation>
				<colordiffuse>$VAR[panel_color]</colordiffuse>
				<animation effect="slide" start="0,0" end="0,-200" time="0" condition="![Control.isVisible(11) + Control.IsVisible(12)]">Conditional</animation>
			</control>
            <control type="label">
                <description>Header</description>
                <posx>30</posx>
                <posy>8</posy>
                <width>1800</width>
                <height>38</height>
                <label>$LOCALIZE[19005]</label>
                <align>left</align>
                <aligny>center</aligny>
                <font>font13_title</font>
                <textcolor>labelheader</textcolor>
            </control>
            <control type="label">
                <description>Backend</description>
                <posx>30</posx>
                <posy>60</posy>
                <width>248</width>
                <height>38</height>
                <label>$LOCALIZE[19012]:</label>
                <align>left</align>
                <aligny>center</aligny>
                <font>Light22</font>
                <textcolor>lightgrey</textcolor>
            </control>
            <control type="label">
                <description>Backend value</description>
                <posx>330</posx>
                <posy>60</posy>
                <width>1500</width>
                <height>38</height>
                <label>$INFO[PVR.ActStreamClient]</label>
                <align>left</align>
                <aligny>center</aligny>
                <font>Light22</font>
                <textcolor>white</textcolor>
            </control>
            <control type="label">
                <description>Device</description>
                <posx>30</posx>
                <posy>98</posy>
                <width>248</width>
                <height>38</height>
                <label>$LOCALIZE[19006]:</label>
                <align>left</align>
                <aligny>center</aligny>
                <font>Light22</font>
                <textcolor>lightgrey</textcolor>
            </control>
            <control type="label">
                <description>Device value</description>
                <posx>330</posx>
                <posy>98</posy>
                <width>1500</width>
                <height>38</height>
                <label>$INFO[PVR.ActStreamDevice]</label>
                <align>left</align>
                <aligny>center</aligny>
                <font>Light22</font>
                <textcolor>white</textcolor>
            </control>
            <control type="label">
                <description>Status</description>
                <posx>30</posx>
                <posy>135</posy>
                <width>248</width>
                <height>38</height>
                <label>$LOCALIZE[19007]:</label>
                <align>left</align>
                <aligny>center</aligny>
                <font>Light22</font>
                <textcolor>lightgrey</textcolor>
            </control>
            <control type="label">
                <description>Status value</description>
                <posx>330</posx>
                <posy>135</posy>
                <width>1500</width>
                <height>38</height>
                <label>$INFO[PVR.ActStreamStatus]</label>
                <align>left</align>
                <aligny>center</aligny>
                <font>Light22</font>
                <textcolor>white</textcolor>
            </control>
            <control type="label">
                <description>Signal</description>
                <posx>30</posx>
                <posy>172</posy>
                <width>248</width>
                <height>38</height>
                <label>$LOCALIZE[19008]:</label>
                <align>left</align>
                <aligny>center</aligny>
                <font>Light22</font>
                <textcolor>lightgrey</textcolor>
            </control>
            <control type="progress">
                <description>Progressbar</description>
                <posx>330</posx>
                <posy>183</posy>
                <width>1365</width>
                <height>21</height>
                <info>PVR.ActStreamProgrSignal</info>
            </control>
            <control type="label">
                <description>Signal value</description>
                <posx>1800</posx>
                <posy>172</posy>
                <width>270</width>
                <height>38</height>
                <label>$INFO[PVR.ActStreamSignal]</label>
                <align>left</align>
                <aligny>center</aligny>
                <font>Light22</font>
                <textcolor>white</textcolor>
            </control>
            <control type="label">
                <description>SNR</description>
                <posx>30</posx>
                <posy>210</posy>
                <width>248</width>
                <height>38</height>
                <label>$LOCALIZE[19009]:</label>
                <align>left</align>
                <aligny>center</aligny>
                <font>Light22</font>
                <textcolor>lightgrey</textcolor>
            </control>
            <control type="progress">
                <description>Progressbar</description>
                <posx>330</posx>
                <posy>220</posy>
                <width>1365</width>
                <height>21</height>
                <overlaytexture>-</overlaytexture>
                <info>PVR.ActStreamProgrSNR</info>
            </control>
            <control type="label">
                <description>SNR value</description>
                <posx>1800</posx>
                <posy>210</posy>
                <width>270</width>
                <height>38</height>
                <label>$INFO[PVR.ActStreamSNR]</label>
                <align>left</align>
                <aligny>center</aligny>
                <font>Light22</font>
                <textcolor>white</textcolor>
            </control>
            <control type="label">
                <description>BER</description>
                <posx>30</posx>
                <posy>248</posy>
                <width>248</width>
                <height>38</height>
                <label>$LOCALIZE[19010]:</label>
                <align>left</align>
                <aligny>center</aligny>
                <font>Light22</font>
                <textcolor>lightgrey</textcolor>
            </control>
            <control type="label">
                <description>BER value</description>
                <posx>330</posx>
                <posy>248</posy>
                <width>1500</width>
                <height>38</height>
                <label>$INFO[PVR.ActStreamBER]</label>
                <align>left</align>
                <aligny>center</aligny>
                <font>Light22</font>
                <textcolor>white</textcolor>
            </control>
            <control type="label">
                <description>UNC</description>
                <posx>645</posx>
                <posy>248</posy>
                <width>248</width>
                <height>38</height>
                <label>$LOCALIZE[19011]:</label>
                <align>left</align>
                <aligny>center</aligny>
                <font>Light22</font>
                <textcolor>lightgrey</textcolor>
            </control>
            <control type="label">
                <description>UNC value</description>
                <posx>900</posx>
                <posy>248</posy>
                <width>1500</width>
                <height>38</height>
                <label>$INFO[PVR.ActStreamUNC]</label>
                <align>left</align>
                <aligny>center</aligny>
                <font>Light22</font>
                <textcolor>white</textcolor>
            </control>
            <control type="label">
                <description>Encryption</description>
                <posx>30</posx>
                <posy>285</posy>
                <width>248</width>
                <height>38</height>
                <label>$LOCALIZE[19015]:</label>
                <align>left</align>
                <aligny>center</aligny>
                <font>Light22</font>
                <textcolor>lightgrey</textcolor>
            </control>
            <control type="label">
                <description>Encryption value</description>
                <posx>330</posx>
                <posy>285</posy>
                <width>1500</width>
                <height>38</height>
                <label>$INFO[PVR.ActStreamEncryptionName]</label>
                <align>left</align>
                <aligny>center</aligny>
                <font>Light22</font>
                <textcolor>white</textcolor>
            </control>
        </control>
    </controls>
</window>