<?xml version="1.0" encoding="utf-8"?>
<!--Titan-->
<includes>

    <include name="View_508_SinglePoster">

        <!--View 508-->
        <control type="group">
            <visible>Control.IsVisible(508)</visible>
            <include>animation_view_change</include>
            
			<include condition="skin.hastheme(classic)">ClassicDetailsPanel1</include>
			<control type="image">
                <visible>!IsEmpty(ListItem.Label)</visible>
                <posx>0</posx>
                <posy>720</posy>
                <width>1920</width>
                <height>265</height>
                <texture>colors/color_white.png</texture>
				<animation effect="fade" reversible="false" end="80" time="0" condition="StringCompare(Skin.String(ViewDetailsPanelOpacity),80)">Conditional</animation>
				<animation effect="fade" reversible="false" end="60" time="0" condition="StringCompare(Skin.String(ViewDetailsPanelOpacity),60)">Conditional</animation>
				<animation effect="fade" reversible="false" end="40" time="0" condition="StringCompare(Skin.String(ViewDetailsPanelOpacity),40)">Conditional</animation>
				<animation effect="fade" reversible="false" end="20" time="0" condition="StringCompare(Skin.String(ViewDetailsPanelOpacity),20)">Conditional</animation>
				<animation effect="fade" reversible="false" end="0" time="0" condition="StringCompare(Skin.String(ViewDetailsPanelOpacity),0)">Conditional</animation>
				<colordiffuse>$VAR[panel_color]</colordiffuse>
				<visible>!skin.hastheme(classic)</visible>
            </control>
			
			
			<!--Info-->
			<control type="grouplist">
				<!--Regie, Duration... Movies, TV-Shows, Sesaons, Music-Videos-->
				<visible>Container.Content(MusicVideos) | Container.Content(movies) | Container.Content(tvshows) | Container.Content(seasons)</visible>
				<include>animation_view_change</include>
				<animation effect="slide" end="-40,0" time="0" condition="!skin.hastheme(classic)">Conditional</animation>
				<itemgap>0</itemgap>
				<onup>500</onup>
				<ondown>500</ondown>
				<onleft>100</onleft>
				<onright>noop</onright>
				<orientation>vertical</orientation>
				<posx>100</posx>
				<posy>740</posy>
				<control type="label">
					<height>33</height>
					<width>1100</width>
					<font>Bold30</font>
					<textcolor>$INFO[Skin.String(ViewDetailsFocusColor)]</textcolor>
					<shadowcolor>$INFO[Skin.String(ViewDetailsFocusShadowColor)]</shadowcolor>
					<label>[UPPERCASE]$VAR[mediatitle][/UPPERCASE]</label>
				</control>
					<control type="label">
					  <height>40</height>
					  <width>1100</width>
					  <font>Reg31</font>
					  <textcolor>$INFO[Skin.String(ViewDetailsTextColor)]</textcolor>
					  <shadowcolor>$INFO[Skin.String(ViewDetailsTextShadowColor)]</shadowcolor>
					  <label>$VAR[Details]</label>
				</control>
				<control type="textbox">
					<posx>0</posx>
					<posy>0</posy>
					<width>1480</width>
					<height>155</height>
					<label>$VAR[Plots]</label>
					<textcolor>$INFO[Skin.String(ViewDetailsTextColor)]</textcolor>
					<shadowcolor>$INFO[Skin.String(ViewDetailsTextShadowColor)]</shadowcolor>
					<align>justify</align>
					<font>Light32</font>
					<visible>IsEmpty(Container.ListItem.Art(discart)) | !Skin.HasSetting(View508_ShowCDart)</visible>
				</control>
				<control type="textbox">
					<posx>0</posx>
					<posy>0</posy>
					<width>1380</width>
					<height>155</height>
					<label>$VAR[Plots]</label>
					<textcolor>$INFO[Skin.String(ViewDetailsTextColor)]</textcolor>
					<shadowcolor>$INFO[Skin.String(ViewDetailsTextShadowColor)]</shadowcolor>
					<align>justify</align>
					<font>Light32</font>
					<visible>!IsEmpty(Container.ListItem.Art(discart)) + Skin.HasSetting(View508_ShowCDart)</visible>
				</control>
			</control>
			
			<!-- ID="508" -->
            <control type="panel" id="508">
                <posx>1605</posx>
                <posy>700</posy>
                <width>260</width>
                <height>380</height>
                <onup>9000</onup>
                <ondown>9000</ondown>
                <onleft>508</onleft>
                <onright>508</onright>
                <viewtype label="31435">biglist</viewtype>
                <scrolltime tween="Cubic" easing="inout">500</scrolltime>
                <focusposition>0</focusposition>
                <orientation>horizontal</orientation>
                <preloaditems>2</preloaditems>
				<animation effect="slide" end="-10,0" time="0" condition="skin.hastheme(classic)">Conditional</animation>
				<visible>!container.content(episodes)</visible>
                <itemlayout height="380" width="259">
				  <control type="image">
					<include>BigPanelPosterDimensions</include>
					<include>PosterThumbBG</include>
				  </control>
				  <control type="image">
					<include>BigPanelPosterDimensions</include>
					<include>PosterThumb</include>
				  </control>
				  <include>BigPanelWatchedImage</include>
				  
				</itemlayout>
				<focusedlayout height="380" width="259">
					<!--cdart image-->
					<control type="image">
						<posx>18</posx>
						<posy>7</posy>
						<width>234</width>
						<height>355</height>
						<posy>0</posy>
						<posx>10</posx>
						<texture background="true">$INFO[ListItem.Art(discart)]</texture>
						<aspectratio scalediffuse="false" align="center" aligny="center">keep</aspectratio>
						<animation effect="slide" start="0,0" end="-115,0" tween="cubic" easing="inout" time="1200" delay="1800">Focus</animation>
						<animation effect="fade" start="0" end="100" delay="1200" time="800" pulse="false">Focus</animation>
						<animation effect="rotate" end="-360" center="auto" time="20000" loop="true" reversible="false" condition="Skin.HasSetting(AnimateDiscArt)">Conditional</animation>
						<visible>Skin.HasSetting(View508_ShowCDart)</visible>
					</control>
				  <control type="image">
					<include>BigPanelPosterDimensions</include>
					<include>PosterThumbBG</include>
				  </control>
				  <control type="image">
					<include>BigPanelPosterDimensions</include>
					<include>PosterThumb</include>
				  </control>
				  <include>BigPanelWatchedImage</include>
				  
				  
				</focusedlayout>
            </control>
        </control>
        
    </include>
</includes>