<?xml version="1.0" encoding="utf-8"?>
<!--Titan-->
<includes>
    <include name="View_55_BannerList">

        <!--View 55-->
        <control type="group">
            <visible>Control.IsVisible(55)</visible>
            <include>animation_view_change</include>
            <control type="group">
				<visible>Control.IsVisible(55)</visible>
				<include>MovieDetailsLeft</include>
			</control>
            <!-- ID="52" -->
            <control type="panel" id="55">
                <posx>1093</posx>
                <posy>175</posy>
                <width>800</width>
                <height>770</height>
                <onup>55</onup>
                <ondown>55</ondown>
                <onleft>9000</onleft>
                <onright>60</onright>
                <pagecontrol>60</pagecontrol>
                <viewtype label="31424">bigwide</viewtype>
                <scrolltime tween="Cubic" easing="inout">500</scrolltime>
                <focusposition>0</focusposition>
                <orientation>vertical</orientation>
                <preloaditems>4</preloaditems>
				<animation effect="slide" start="0" end="-20" time="0" condition="skin.hastheme(classic)">Conditional</animation>
				<visible>container.content(MusicVideos) | Container.Content(tvshows) | Container.Content(Movies) | container.content(seasons)</visible>
                <!-- =======-->
                <!-- Movies -->
                <!-- ======= -->
                <itemlayout height="155" width="780">
                    <control type="group">
					<posx>10</posx>
					<posy>5</posy>
						<control type="image">
							<!--Banner-->
							<width>758</width>
							<height>140</height>
							<texture fallback="special://skin/extras/defaulticonswide/DefaultVideo.png">$VAR[BannerImage]</texture>
							<aspectratio align="center" aligny="center">stretch</aspectratio>
							<visible>!IsEmpty(ListItem.Art(banner)) | !IsEmpty(ListItem.Art(tvshow.banner))</visible>
						</control>
						<control type="image">
							<!--Banner fallback-->
							<width>758</width>
							<height>140</height>
							<texture fallback="special://skin/extras/defaulticonswide/DefaultVideo.png">$VAR[BannerImageFallback]</texture>
							<aspectratio align="center" aligny="center">scale</aspectratio>
							<visible>IsEmpty(ListItem.Art(banner)) + IsEmpty(ListItem.Art(tvshow.banner))</visible>
						</control>
						<control type="image">
							<left>16</left>
							<top>12</top>
							<width>720</width>
							<height>110</height>
							<aspectratio scalediffuse="false" align="left">keep</aspectratio>
							<texture background="true">$INFO[ListItem.Art(clearlogo)]</texture>
							<visible>IsEmpty(ListItem.Art(banner)) + IsEmpty(ListItem.Art(tvshow.banner))</visible>
						</control>
						<control type="label">
							<centerleft>379</centerleft>
							<top>8</top>
							<width>758</width>
							<height>105</height>
							<align>center</align>
							<label>$INFO[ListItem.Label]</label>
							<font>Bold40</font>
							<shadowcolor>black</shadowcolor>
							<visible>IsEmpty(ListItem.Art(banner)) + IsEmpty(ListItem.Art(tvshow.banner)) + IsEmpty(ListItem.Art(clearlogo))</visible>
						</control>
						<control type="image">
							<!--Watched Overlay-->
							<posx>663</posx>
							<posy>0</posy>
							<width>95</width>
							<height>95</height>
							<colordiffuse>ccFFFFFF</colordiffuse>
							<texture>$VAR[WatchedImageBanner]</texture>
							<visible>!Skin.HasSetting(HideWatchedOverlayBanner)</visible>
						</control>
						<control type="label">
							<!--watched label-->
							<centerleft>731</centerleft>
							<posy>0</posy>
							<width>50</width>
							<height>60</height>
							<font>Reg24</font>
							<align>center</align>
							<label>$VAR[WatchedLabel]</label>
							<textcolor>white</textcolor>
							<visible>!Skin.HasSetting(HideWatchedOverlayBanner)</visible>
						</control>
					</control>
                </itemlayout>
                <focusedlayout height="155" width="780">
				<control type="group">
					<animation type="focus">
						<effect type="zoom" start="100" end="103" center="auto,auto" time="150" />
					</animation>
					<animation type="unfocus">
						<effect type="zoom" start="103" end="100" center="auto,auto" time="150" />
					</animation>
					<posx>10</posx>
					<posy>5</posy>
					<control type="image">
                        <!--focus image-->
                        <width>758</width>
                        <height>140</height>
						<bordersize>-6</bordersize>
                        <texture>colors/color_white.png</texture>
                        <aspectratio align="center" aligny="center">stretch</aspectratio>
						<colordiffuse>$INFO[Skin.String(ViewDetailsFocusColor)]</colordiffuse>
                    </control>
					<control type="image">
                        <!--Banner-->
                        <width>758</width>
                        <height>140</height>
                        <texture fallback="special://skin/extras/defaulticonswide/DefaultVideo.png">$VAR[BannerImage]</texture>
                        <aspectratio align="center" aligny="center">stretch</aspectratio>
						<visible>!IsEmpty(ListItem.Art(banner)) | !IsEmpty(ListItem.Art(tvshow.banner))</visible>
                    </control>
					<control type="image">
                        <!--Banner fallback-->
                        <width>758</width>
                        <height>140</height>
                        <texture fallback="special://skin/extras/defaulticonswide/DefaultVideo.png">$VAR[BannerImageFallback]</texture>
                        <aspectratio align="center" aligny="center">scale</aspectratio>
						<visible>IsEmpty(ListItem.Art(banner)) + IsEmpty(ListItem.Art(tvshow.banner))</visible>
                    </control>
					<control type="image">
						<left>16</left>
						<top>12</top>
						<width>720</width>
						<height>110</height>
						<aspectratio scalediffuse="false" align="left">keep</aspectratio>
						<texture background="true">$INFO[ListItem.Art(clearlogo)]</texture>
						<visible>IsEmpty(ListItem.Art(banner)) + IsEmpty(ListItem.Art(tvshow.banner))</visible>
					</control>
					<control type="label">
						<centerleft>379</centerleft>
						<top>8</top>
						<width>758</width>
						<height>105</height>
						<align>center</align>
						<label>$INFO[ListItem.Label]</label>
						<font>Bold40</font>
						<shadowcolor>black</shadowcolor>
						<visible>IsEmpty(ListItem.Art(banner)) + IsEmpty(ListItem.Art(tvshow.banner)) + IsEmpty(ListItem.Art(clearlogo))</visible>
					</control>
                    <control type="image">
						<!--Watched Overlay-->
						<posx>663</posx>
						<posy>0</posy>
						<width>95</width>
						<height>95</height>
						<colordiffuse>ccFFFFFF</colordiffuse>
						<texture>$VAR[WatchedImageBanner]</texture>
						<visible>!Skin.HasSetting(HideWatchedOverlayBanner)</visible>
					</control>
					<control type="label">
						<!--watched label-->
						<centerleft>731</centerleft>
						<posy>0</posy>
						<width>50</width>
						<height>60</height>
						<font>Reg24</font>
						<align>center</align>
						<label>$VAR[WatchedLabel]</label>
						<textcolor>white</textcolor>
						<visible>!Skin.HasSetting(HideWatchedOverlayBanner)</visible>
					</control>
				</control>
				
                </focusedlayout>
            
			</control>
        
			<!--vertical Scollbar-->
			<control type="scrollbar" id="60">
				<visible>Control.IsVisible(55)</visible>
				<right>15</right>
				<posy>175</posy>
				<width>25</width>
				<height>770</height>
				<onup>60</onup>
				<ondown>60</ondown>
				<onleft>55</onleft>
				<animation effect="fade" start="0" end="100" time="400" condition="Control.HasFocus(60) | Skin.HasSetting(EnableTouchSupport) | Container.Scrolling">Conditional</animation>
				<animation effect="fade" start="100" end="0" time="400" condition="![Control.HasFocus(60) | Skin.HasSetting(EnableTouchSupport) | Container.Scrolling]">Conditional</animation>
			</control>
    
		</control>
       
		
	
		
	</include>
</includes>