<?xml version="1.0" encoding="UTF-8"?>
<includes>
  
  <include name="View_53_PanelDetails">
	
    <control type="group">
      <visible>Control.IsVisible(53)</visible>
      <include>animation_view_change</include>
      
	  <control type="group">
        <visible>Control.IsVisible(53) + IntegerGreaterThan(Container(53).NumItems,0)</visible>
        <include>MovieDetailsLeft</include>
      </control>
	  
	  <control type="panel" id="53">
                <posx>785</posx>
				<posy>179</posy>
				<width>1136</width>
				<height>730</height>
				<orientation>vertical</orientation>
                <onup>53</onup>
                <ondown>53</ondown>
                <onleft>9000</onleft>
                <onright>60</onright>
                <pagecontrol>60</pagecontrol>
                <viewtype label="31422">biglist</viewtype>
                <scrolltime tween="Cubic" easing="inout">500</scrolltime>
                <focusposition>6</focusposition>
                <preloaditems>2</preloaditems>
				<visible>!container.content(episodes)</visible>
               <!-- itemlayout movies -->
                <itemlayout height="245" width="182" condition="container.content(MusicVideos) | Container.Content(tvshows) | Container.Content(Movies) | container.content(seasons)">
                    <control type="group">
						<posx>7</posx>
						<posy>7</posy>
						<control type="image">
							<include>SmallPanelPosterDimensions</include>
							<include>PosterThumbBG</include>
						 </control>
						  <control type="image">
							<include>SmallPanelPosterDimensions</include>
							<include>PosterThumb</include>
						  </control>
						  <include>SmallPosterViewWatchedImage</include>
					  </control>
                </itemlayout>
                <!-- focussed layout movies -->
                <focusedlayout height="245" width="182" condition="container.content(MusicVideos) | Container.Content(tvshows) | Container.Content(Movies) | container.content(seasons)">
                    <control type="group">
						<posx>7</posx>
						<posy>7</posy>
						<!--Poster-->
						<control type="image">
						<include>SmallPanelPosterDimensions</include>
						<include>PosterThumbFO</include>
					  </control>
					  <control type="image">
						<include>SmallPanelPosterDimensions</include>
						<include>PosterThumb</include>
					  </control>
					  <include>SmallPosterViewWatchedImage</include>
				  </control>
				  
                </focusedlayout>
            </control>
      
		<!--vertical Scollbar-->
		<control type="scrollbar" id="60">
			<visible>Control.IsVisible(53)</visible>
			<right>15</right>
			<posy>175</posy>
			<width>25</width>
			<height>770</height>
			<onup>60</onup>
			<ondown>60</ondown>
			<onleft>53</onleft>
			<animation effect="fade" start="0" end="100" time="400" condition="Control.HasFocus(60) | Skin.HasSetting(EnableTouchSupport) | Container.Scrolling">Conditional</animation>
			<animation effect="fade" start="100" end="0" time="400" condition="![Control.HasFocus(60) | Skin.HasSetting(EnableTouchSupport) | Container.Scrolling]">Conditional</animation>
		</control>
		
	  
    </control>
	
  </include>
</includes>
