<?xml version="1.0" encoding="UTF-8"?>

<includes>

	<include name="FontColorWhite">
	<textcolor>aawhite</textcolor>
	</include>
	<include name="FontColorGray">
	<textcolor>black</textcolor>
	</include>
	

	<include name="ViewExtendedList">
	
	
		<control type="group">
		
			<posx>30</posx>
			<bottom>110</bottom>
			<height>840</height>
			<defaultcontrol always="true">506</defaultcontrol>
			<visible>Control.IsVisible(506)</visible>
            <visible>!Window.IsActive(DialogVideoInfo.xml)</visible>
			<include>animation_view_change</include>
			

			<control type="panel" id="506">
					
				<posx>20</posx>
				<posy>-30</posy>
				<width>1820</width>
				<height>840</height>
				<onup>9000</onup>
				<ondown>60</ondown>
				<onleft>506</onleft>
				<onright>506</onright>
				<viewtype label="31433">biglist</viewtype>
				<orientation>horizontal</orientation>
				<pagecontrol>60</pagecontrol>
				<scrolltime tween="cubic" easing="out">600</scrolltime>
				<preloaditems>2</preloaditems>
				<visible>!Skin.HasSetting(ForcedViews.Enabled) | 
				[Container.Content(movies) + Skin.String(ForcedViews.movies,None)] | 
				[Container.Content(tvshows) + Skin.String(ForcedViews.tvshows,None)] | 
				[Container.Content(seasons) + Skin.String(ForcedViews.seasons,None)] | 
				[Container.Content(episodes) + Skin.String(ForcedViews.episodes,None)] | 
				[[Container.Content(sets) | StringCompare(Container.Folderpath,videodb://movies/sets/)] + Skin.String(ForcedViews.sets,506)] | 
				[Container.Content(movies) + Skin.String(ForcedViews.movies,506) + !substring(Container.FolderPath,videodb://movies/sets/,left)] | 
				[Container.Content(movies) + Skin.String(ForcedViews.setmovies,506) + substring(Container.FolderPath,setid=)] | 
				[Container.Content(tvshows) + Skin.String(ForcedViews.tvshows,506)] | 
				[Container.Content(seasons) + Skin.String(ForcedViews.seasons,506)] | 
				[Container.Content(episodes) + Skin.String(ForcedViews.episodes,506)] | 
				[!Container.Content(movies) + !Container.Content(tvshows) + !Container.Content(seasons) + !Container.Content(episodes) + !Container.Content(sets)]
				</visible>


				<itemlayout width="454" height="900" condition="skin.hastheme(classic)">
				
					<control type="group">
						<posx>0</posx>
						<posy>40</posy>
						<width>460</width>
						<height>900</height>
						
						<control type="image">
							<posx>0</posx>
							<posy>0</posy>
							<width>460</width>
							<height>780</height>
							<texture border="39">dialogs/default/bg.png</texture>
							<visible>skin.hastheme(classic)</visible>
						</control>
						
						
						<control type="image">
							<!--Panel icon image-->
							<posx>18</posx>
							<posy>18</posy>
							<width>423</width>
							<height>250</height>
							<texture background="true" diffuse="home/home_matte.png" border="5" fallback="special://skin/extras/defaulticonswide/DefaultVideo.png">$VAR[BannerLandscapeImage]</texture>
							<aspectratio scalediffuse="false" align="center" aligny="center">stretch</aspectratio>
						</control>
						<control type="image">
							<!--season image legacy-->
							<posx>18</posx>
							<posy>18</posy>
							<width>423</width>
							<height>250</height>
							<texture background="true" diffuse="home/home_matte.png">$VAR[BannerLandscapeImageSeason]</texture>
							<aspectratio scalediffuse="true" align="center" aligny="center">stretch</aspectratio>
							<visible>Container.Content(Seasons) + !substring(Container.FolderPath,plugin://plugin.video)</visible>
						</control>
						
						<control type="group">
							<!--Watched Overlay-->
							<right>18</right>
							<top>18</top>
							<include>WatchedIndicatorNormal</include>
						</control>
					
						<control type="textbox">
							<posx>30</posx>
							<posy>280</posy>
							<width>400</width>
							<height>80</height>
							<label>$VAR[View_Item_Header]</label>
							<font>Bold32</font>
							<include condition="!skin.hastheme(classic)">FontColorWhite</include>
							<include condition="skin.hastheme(classic)">FontColorGray</include>
							<aligny>top</aligny>
						</control>
						
						<control type="label">
							<posx>30</posx>
							<posy>360</posy>
							<width>400</width>
							<height>80</height>
							<label>[COLOR=mainblue]$INFO[ListItem.Genre,,[CR]][/COLOR]$VAR[ListDetails]</label>
							<font>Reg24</font>
							<include condition="!skin.hastheme(classic)">FontColorWhite</include>
							<include condition="skin.hastheme(classic)">FontColorGray</include>
						</control>
						
						<control type="textbox">
							<posx>30</posx>
							<posy>440</posy>
							<width>410</width>
							<height>305</height>
							<label>$VAR[Plots]</label>
							<font>Reg24</font>
							<include condition="!skin.hastheme(classic)">FontColorWhite</include>
							<include condition="skin.hastheme(classic)">FontColorGray</include>
							<aligny>top</aligny>
							<autoscroll>false</autoscroll>
						</control>
						
						
					</control>
				</itemlayout>
				<focusedlayout width="454" height="900" condition="skin.hastheme(classic)">
				
					<control type="group">
						<posx>0</posx>
						<posy>40</posy>
						<width>460</width>
						<height>900</height>
						
						<control type="image">
							<posx>0</posx>
							<posy>0</posy>
							<width>460</width>
							<height>780</height>
							<bordersize>8</bordersize>
							<texture border="4">diffuse/cover_panel_matte_fo.png</texture>
							<colordiffuse>$INFO[Skin.String(ViewDetailsFocusColor)]</colordiffuse>
							<animation effect="fade" reversible="false" end="80" time="0" condition="StringCompare(Skin.String(ViewDetailsPanelOpacity),80)">Conditional</animation>
							<animation effect="fade" reversible="false" end="60" time="0" condition="StringCompare(Skin.String(ViewDetailsPanelOpacity),60)">Conditional</animation>
							<animation effect="fade" reversible="false" end="40" time="0" condition="StringCompare(Skin.String(ViewDetailsPanelOpacity),40)">Conditional</animation>
							<animation effect="fade" reversible="false" end="20" time="0" condition="StringCompare(Skin.String(ViewDetailsPanelOpacity),20)">Conditional</animation>
							<animation effect="fade" reversible="false" end="0" time="0" condition="StringCompare(Skin.String(ViewDetailsPanelOpacity),0)">Conditional</animation>
						</control>
						
						<control type="image">
							<posx>0</posx>
							<posy>0</posy>
							<width>460</width>
							<height>780</height>
							<texture border="39">dialogs/default/bg.png</texture>
							<animation effect="fade" reversible="false" end="80" time="0" condition="StringCompare(Skin.String(ViewDetailsPanelOpacity),80)">Conditional</animation>
							<animation effect="fade" reversible="false" end="60" time="0" condition="StringCompare(Skin.String(ViewDetailsPanelOpacity),60)">Conditional</animation>
							<animation effect="fade" reversible="false" end="40" time="0" condition="StringCompare(Skin.String(ViewDetailsPanelOpacity),40)">Conditional</animation>
							<animation effect="fade" reversible="false" end="20" time="0" condition="StringCompare(Skin.String(ViewDetailsPanelOpacity),20)">Conditional</animation>
							<animation effect="fade" reversible="false" end="0" time="0" condition="StringCompare(Skin.String(ViewDetailsPanelOpacity),0)">Conditional</animation>
						</control>
						
						<control type="image">
							<!--Panel icon image-->
							<posx>18</posx>
							<posy>18</posy>
							<width>423</width>
							<height>250</height>
							<texture background="true" diffuse="home/home_matte.png" border="5" fallback="special://skin/extras/defaulticonswide/DefaultVideo.png">$VAR[BannerLandscapeImage]</texture>
							<aspectratio scalediffuse="false" align="center" aligny="center">stretch</aspectratio>
						</control>
						<control type="image">
							<!--season image legacy-->
							<posx>18</posx>
							<posy>18</posy>
							<width>423</width>
							<height>250</height>
							<texture background="true" diffuse="home/home_matte.png">$VAR[BannerLandscapeImageSeason]</texture>
							<aspectratio scalediffuse="true" align="center" aligny="center">stretch</aspectratio>
							<visible>Container.Content(Seasons) + !substring(Container.FolderPath,plugin://plugin.video)</visible>
						</control>
						
						
						<control type="group">
							<!--Watched Overlay-->
							<right>18</right>
							<top>18</top>
							<include>WatchedIndicatorNormal</include>
						</control>
					
						<control type="textbox">
							<posx>30</posx>
							<posy>280</posy>
							<width>400</width>
							<height>80</height>
							<label>$VAR[View_Item_Header]</label>
							<font>Bold32</font>
							<textcolor>$INFO[Skin.String(GeneralTextColor)]</textcolor>
							<aligny>top</aligny>
							<visible>!skin.hastheme(classic)</visible>
						</control>
						<control type="textbox">
							<posx>30</posx>
							<posy>280</posy>
							<width>400</width>
							<height>140</height>
							<label>$VAR[View_Item_Header]</label>
							<font>Bold32</font>
							<textcolor>black</textcolor>
							<aligny>top</aligny>
							<visible>skin.hastheme(classic)</visible>
						</control>
						
						<control type="label">
							<posx>30</posx>
							<posy>360</posy>
							<width>400</width>
							<height>80</height>
							<label>[COLOR=$VAR[ViewDetailsFocusColor]]$INFO[ListItem.Genre,,[CR]][/COLOR]$VAR[ListDetails]</label>
							<font>Reg24</font>
							<include condition="!skin.hastheme(classic)">FontColorWhite</include>
							<include condition="skin.hastheme(classic)">FontColorGray</include>
						</control>
						
						<control type="textbox">
							<posx>30</posx>
							<posy>440</posy>
							<width>410</width>
							<height>305</height>
							<label>$VAR[Plots]</label>
							<font>Reg24</font>
							<textcolor>$INFO[Skin.String(GeneralTextColor)]</textcolor>
							<aligny>top</aligny>
							<visible>!skin.hastheme(classic)</visible>
						</control>
						
						<control type="textbox">
							<posx>30</posx>
							<posy>440</posy>
							<width>410</width>
							<height>305</height>
							<label>$VAR[Plots]</label>
							<font>Reg24</font>
							<textcolor>black</textcolor>
							<aligny>top</aligny>
							<visible>skin.hastheme(classic)</visible>
						</control>
						
 
					
					</control>	
					
				</focusedlayout>
				
				<itemlayout width="454" height="900" condition="!skin.hastheme(classic)">
				
					<control type="group">
						<posx>0</posx>
						<posy>40</posy>
						<width>460</width>
						<height>900</height>

						<control type="image">
							<posx>8</posx>
							<posy>7</posy>
							<width>443</width>
							<height>765</height>
							<texture border="5">diffuse/panel.png</texture>
							<colordiffuse>$INFO[Skin.String(ViewDetailsPanelColor)]</colordiffuse>
							<animation effect="fade" reversible="false" end="80" time="0" condition="StringCompare(Skin.String(ViewDetailsPanelOpacity),80)">Conditional</animation>
							<animation effect="fade" reversible="false" end="60" time="0" condition="StringCompare(Skin.String(ViewDetailsPanelOpacity),60)">Conditional</animation>
							<animation effect="fade" reversible="false" end="40" time="0" condition="StringCompare(Skin.String(ViewDetailsPanelOpacity),40)">Conditional</animation>
							<animation effect="fade" reversible="false" end="20" time="0" condition="StringCompare(Skin.String(ViewDetailsPanelOpacity),20)">Conditional</animation>
							<animation effect="fade" reversible="false" end="0" time="0" condition="StringCompare(Skin.String(ViewDetailsPanelOpacity),0)">Conditional</animation>
						</control>
						
						<control type="image">
							<!--Panel icon image-->
							<posx>18</posx>
							<posy>18</posy>
							<width>423</width>
							<height>250</height>
							<texture background="true" diffuse="home/home_matte2.png" fallback="special://skin/extras/defaulticonswide/DefaultVideo.png">$VAR[BannerLandscapeImage]</texture>
							<aspectratio scalediffuse="true" align="center" aligny="center">stretch</aspectratio>
						</control>
						<control type="image">
							<!--season image legacy-->
							<posx>18</posx>
							<posy>18</posy>
							<width>423</width>
							<height>250</height>
							<texture background="true" diffuse="home/home_matte2.png">$VAR[BannerLandscapeImageSeason]</texture>
							<aspectratio scalediffuse="true" align="center" aligny="center">stretch</aspectratio>
							<visible>Container.Content(Seasons) + !substring(Container.FolderPath,plugin://plugin.video)</visible>
						</control>
						
						<control type="group">
							<!--Watched Overlay-->
							<right>18</right>
							<top>18</top>
							<include>WatchedIndicatorNormal</include>
						</control>
						
						<control type="label">
							<posx>30</posx>
							<posy>360</posy>
							<width>400</width>
							<height>80</height>
							<label>[COLOR=mainblue]$INFO[ListItem.Genre,,[CR]][/COLOR]$VAR[ListDetails]</label>
							<font>Reg24</font>
							<textcolor>aawhite</textcolor>
						</control>
						
						<control type="textbox">
							<posx>30</posx>
							<posy>280</posy>
							<width>400</width>
							<height>80</height>
							<label>$VAR[View_Item_Header]</label>
							<font>Bold32</font>
							<textcolor>white</textcolor>
							<aligny>top</aligny>
						</control>
						
						<control type="textbox">
							<posx>30</posx>
							<posy>440</posy>
							<width>410</width>
							<height>305</height>
							<label>$VAR[Plots]</label>
							<font>Reg24</font>
							<textcolor>aawhite</textcolor>
							<aligny>top</aligny>
							<autoscroll>false</autoscroll>
						</control>
						
						
					</control>
				</itemlayout>
				<focusedlayout width="454" height="900" condition="!skin.hastheme(classic)">
				
					<control type="group">
						<posx>0</posx>
						<posy>40</posy>
						<width>460</width>
						<height>900</height>
						
						<control type="image">
							<posx>8</posx>
							<posy>7</posy>
							<width>443</width>
							<height>765</height>
							
							<texture border="5">diffuse/panel.png</texture>
							<colordiffuse>$INFO[Skin.String(ViewDetailsFocusColor)]</colordiffuse>
							<animation effect="fade" reversible="false" end="80" time="0" condition="StringCompare(Skin.String(ViewDetailsPanelOpacity),80)">Conditional</animation>
							<animation effect="fade" reversible="false" end="60" time="0" condition="StringCompare(Skin.String(ViewDetailsPanelOpacity),60)">Conditional</animation>
							<animation effect="fade" reversible="false" end="40" time="0" condition="StringCompare(Skin.String(ViewDetailsPanelOpacity),40)">Conditional</animation>
							<animation effect="fade" reversible="false" end="20" time="0" condition="StringCompare(Skin.String(ViewDetailsPanelOpacity),20)">Conditional</animation>
							<animation effect="fade" reversible="false" end="0" time="0" condition="StringCompare(Skin.String(ViewDetailsPanelOpacity),0)">Conditional</animation>
						</control>
						
						<control type="image">
							<posx>8</posx>
							<posy>7</posy>
							<width>443</width>
							<height>765</height>
							<bordersize>8</bordersize>
							<texture border="5">diffuse/panel.png</texture>
							<colordiffuse>$INFO[Skin.String(ViewDetailsPanelColor)]</colordiffuse>
							<animation effect="fade" reversible="false" end="80" time="0" condition="StringCompare(Skin.String(ViewDetailsPanelOpacity),80)">Conditional</animation>
							<animation effect="fade" reversible="false" end="60" time="0" condition="StringCompare(Skin.String(ViewDetailsPanelOpacity),60)">Conditional</animation>
							<animation effect="fade" reversible="false" end="40" time="0" condition="StringCompare(Skin.String(ViewDetailsPanelOpacity),40)">Conditional</animation>
							<animation effect="fade" reversible="false" end="20" time="0" condition="StringCompare(Skin.String(ViewDetailsPanelOpacity),20)">Conditional</animation>
							<animation effect="fade" reversible="false" end="0" time="0" condition="StringCompare(Skin.String(ViewDetailsPanelOpacity),0)">Conditional</animation>
						</control>
						
						<control type="image">
							<!--Panel icon image-->
							<posx>18</posx>
							<posy>18</posy>
							<width>423</width>
							<height>250</height>
							<texture background="true" diffuse="home/home_matte2.png" fallback="special://skin/extras/defaulticonswide/DefaultVideo.png">$VAR[BannerLandscapeImage]</texture>
							<aspectratio scalediffuse="true" align="center" aligny="center">stretch</aspectratio>
						</control>
						<control type="image">
							<!--season image legacy-->
							<posx>18</posx>
							<posy>18</posy>
							<width>423</width>
							<height>250</height>
							<texture background="true" diffuse="home/home_matte2.png">$VAR[BannerLandscapeImageSeason]</texture>
							<aspectratio scalediffuse="true" align="center" aligny="center">stretch</aspectratio>
							<visible>Container.Content(Seasons) + !substring(Container.FolderPath,plugin://plugin.video)</visible>
						</control>
						
						
						<control type="group">
							<!--Watched Overlay-->
							<right>18</right>
							<top>18</top>
							<include>WatchedIndicatorNormal</include>
						</control>
					
						<control type="textbox">
							<posx>30</posx>
							<posy>280</posy>
							<width>400</width>
							<height>80</height>
							<label>$VAR[View_Item_Header]</label>
							<font>Bold32</font>
							<textcolor>white</textcolor>
							<aligny>top</aligny>
						</control>
						
						<control type="label">
							<posx>30</posx>
							<posy>360</posy>
							<width>400</width>
							<height>80</height>
							<label>[COLOR=$VAR[ViewDetailsFocusColor]]$INFO[ListItem.Genre,,[CR]][/COLOR]$VAR[ListDetails]</label>
							<font>Reg24</font>
							<textcolor>aawhite</textcolor>
						</control>
						
						<control type="textbox">
							<posx>30</posx>
							<posy>440</posy>
							<width>410</width>
							<height>305</height>
							<label>$VAR[Plots]</label>
							<font>Reg24</font>
							<textcolor>white</textcolor>
							<aligny>top</aligny>
						</control>
					
					</control>	
					
				</focusedlayout>

			
			</control>
		
			<!--horizontal Scrollbar-->
			<control type="group">
				<control type="scrollbar" id="60">
					<visible>Control.IsVisible(506)</visible>
					<left>30</left>
					<posy>795</posy>
					<width>1800</width>
					<height>15</height>
					<onup>506</onup>
					<onleft>60</onleft>
					<onright>60</onright>
					<orientation>horizontal</orientation>
					<animation effect="fade" start="0" end="100" time="400" condition="Control.HasFocus(60) | Skin.HasSetting(EnableTouchSupport) | Container.Scrolling | Skin.HasSetting(alwaysShowScrollbars)">Conditional</animation>
					<animation effect="fade" start="100" end="0" time="400" condition="![Control.HasFocus(60) | Skin.HasSetting(EnableTouchSupport) | Container.Scrolling | Skin.HasSetting(alwaysShowScrollbars)]">Conditional</animation>
				</control>
			</control>
			
		
		</control>
		
	</include>

</includes>
