<?xml version="1.0" encoding="UTF-8"?>
<includes>
  
  
  <include name="View_57_BigPanel">
    <control type="group">
      <visible>Control.IsVisible(57)</visible>
      <include>animation_view_change</include>
      
	  <control type="panel" id="57">
        <viewtype label="31426">icons</viewtype>
        <posx>45</posx>
        <posy>175</posy>
        <width>1836</width>
        <height>761</height>
        <orientation>vertical</orientation>
        <onleft>9000</onleft>
        <onright>60</onright>
        <onup>57</onup>
        <ondown>57</ondown>
        <preloaditems>4</preloaditems>
        <pagecontrol>60</pagecontrol>
        <itemlayout height="380" width="259">
          <control type="image">
            <include>BigPanelPosterDimensions</include>
            <include>PosterThumbBG</include>
          </control>
          <control type="image">
            <include>BigPanelPosterDimensions</include>
            <include>PosterThumb</include>
          </control>
          <include>BigPanelWatchedImage</include>
		  
        </itemlayout>
        <focusedlayout height="380" width="259">
          <control type="image">
            <include>BigPanelPosterDimensions</include>
            <include>PosterThumbFO</include>
          </control>
          <control type="image">
            <include>BigPanelPosterDimensions</include>
            <include>PosterThumb</include>
          </control>
          <include>BigPanelWatchedImage</include>
		  
		  
        </focusedlayout>
        </control>
      
		<!--vertical Scollbar-->
		<control type="scrollbar" id="60">
			<visible>Control.IsVisible(57)</visible>
			<right>15</right>
			<posy>175</posy>
			<width>25</width>
			<height>730</height>
			<onup>60</onup>
			<ondown>60</ondown>
			<onleft>57</onleft>
			<animation effect="fade" start="0" end="100" time="400" condition="Control.HasFocus(60) | Skin.HasSetting(EnableTouchSupport) | Container.Scrolling">Conditional</animation>
			<animation effect="fade" start="100" end="0" time="400" condition="![Control.HasFocus(60) | Skin.HasSetting(EnableTouchSupport) | Container.Scrolling]">Conditional</animation>
		</control>
		
    </control>
	
	
	
  </include>

  </includes>
