<?xml version="1.0" encoding="utf-8"?>
<!--Titan-->
<includes>
    <!--Default-->
    <include name="View_501_Landscape">
		<control type="group">
			<defaultcontrol always="true">501</defaultcontrol>
		    <visible>Control.IsVisible(501)</visible>
			<include>animation_view_change</include>

			<control type="panel" id="501">
				<posx>50</posx>
				<width>1810</width>
				<height>900</height>
				<posy>230</posy>
				<onup>9000</onup>
				<ondown>60</ondown>
				<onleft>501</onleft>
				<onright>501</onright>
				<pagecontrol>60</pagecontrol>
				<viewtype label="31430">bigwrap</viewtype>
				<orientation>horizontal</orientation>
				<focusposition>-</focusposition>
				<preloaditems>4</preloaditems>
				<scrolltime tween="cubic" easing="inout">500</scrolltime>
				<itemlayout width="620" height="350">
					<control type="image">
						<!--Panel Shadow-->
						<include>BannerViewImageSizeNormalShadow</include>
						<texture>home/home_shadow.png</texture>
					</control>
					<include>BannerViewImagesNormal</include>
				</itemlayout>
				<focusedlayout width="620" height="350">
					<control type="group">
						<include>BannerViewOverlayFocusNormal</include>
					</control>
					
				</focusedlayout>
			</control>

			<!--horizontal Scrollbar-->
			<control type="group">
				<control type="scrollbar" id="60">
					<visible>Control.IsVisible(501)</visible>
					<left>60</left>
					<posy>945</posy>
					<width>1800</width>
					<height>25</height>
					<onup>501</onup>
					<onleft>60</onleft>
					<onright>60</onright>
					<texturesliderbackground border="6" colordiffuse="grey">scrollbar/texturesliderbar2.png</texturesliderbackground>
					<texturesliderbar colordiffuse="darkblue">colors/color_white.png</texturesliderbar>
					<texturesliderbarfocus colordiffuse="$INFO[Skin.String(ButtonFocusColor)]">colors/color_white.png</texturesliderbarfocus>
					<textureslidernib>-</textureslidernib>
					<textureslidernibfocus>-</textureslidernibfocus>
					<showonepage>false</showonepage>
					<orientation>horizontal</orientation>
					<animation effect="fade" start="0" end="100" time="400" condition="Control.HasFocus(60) | Skin.HasSetting(EnableTouchSupport) | Container.Scrolling">Conditional</animation>
					<animation effect="fade" start="100" end="0" time="400" condition="![Control.HasFocus(60) | Skin.HasSetting(EnableTouchSupport) | Container.Scrolling]">Conditional</animation>
				</control>
			</control>
			
		</control>
	
	</include>
</includes>