<?xml version="1.0" encoding="utf-8"?>
<!--Titan-->
<includes>
    <!--Default-->
    <include name="View_502_LandscapeSingle">
	
		<control type="group">
			<include>animation_view_change</include>
			<defaultcontrol always="true">502</defaultcontrol>
		    <visible>Control.IsVisible(502)</visible>
			
			<!-- movie details -->
			<control type="group">
				<visible>Skin.HasSetting(LandscapeViewShowInfo)</visible>
				<include>MovieDetails</include>
			</control>
			
			
			<control type="panel" id="502">
				<posx>50</posx>
				<width>1810</width>
				<height>450</height>
				<posy>590</posy>
				<onup>9000</onup>
				<ondown>60</ondown>
				<onleft>502</onleft>
				<onright>502</onright>
				<pagecontrol>60</pagecontrol>
				<viewtype label="31431">bigwrap</viewtype>
				<orientation>horizontal</orientation>
				<focusposition>-</focusposition>
				<preloaditems>4</preloaditems>
				<scrolltime tween="cubic" easing="inout">500</scrolltime>
				<itemlayout width="620" height="350">
					<control type="image">
						<!--Panel Shadow-->
						<include>BannerViewImageSizeNormalShadow</include>
						<texture>home/home_shadow.png</texture>
					</control>
					<include>BannerViewImagesNormal</include>
				</itemlayout>
				<focusedlayout width="620" height="350">
					
					<control type="group">
						<control type="image">
						<!--cdart image-->
						<width>530</width>
						<height>530</height>
						<posy>10</posy>
						<posx>20</posx>
						<texture background="true" diffuse="matte_halfcd.png">$INFO[ListItem.Art(discart)]</texture>
						<aspectratio scalediffuse="false" align="center" aligny="top">keep</aspectratio>
						<animation effect="slide" start="0" end="0,-230" tween="cubic" easing="inout" time="1200" delay="1200">Focus</animation>
						<animation effect="fade" start="0" end="100" delay="800" time="1200" pulse="false">Focus</animation>
						<visible>Skin.HasSetting(View502_ShowCDart)</visible>
					</control>
					
						<include>BannerViewOverlayFocusNormal</include>
					</control>
					
				</focusedlayout>
			</control>

		
			<!--horizontal Scrollbar-->
			<control type="group">
				<control type="scrollbar" id="60">
					<visible>Control.IsVisible(502)</visible>
					<left>60</left>
					<posy>945</posy>
					<width>1800</width>
					<height>25</height>
					<onup>502</onup>
					<onleft>60</onleft>
					<onright>60</onright>
					<texturesliderbackground border="6" colordiffuse="grey">scrollbar/texturesliderbar2.png</texturesliderbackground>
					<texturesliderbar colordiffuse="darkblue">colors/color_white.png</texturesliderbar>
					<texturesliderbarfocus colordiffuse="$INFO[Skin.String(ButtonFocusColor)]">colors/color_white.png</texturesliderbarfocus>
					<textureslidernib>-</textureslidernib>
					<textureslidernibfocus>-</textureslidernibfocus>
					<showonepage>false</showonepage>
					<orientation>horizontal</orientation>
					<animation effect="fade" start="0" end="100" time="400" condition="Control.HasFocus(60) | Skin.HasSetting(EnableTouchSupport)">Conditional</animation>
					<animation effect="fade" start="100" end="0" time="400" condition="![Control.HasFocus(60) | Skin.HasSetting(EnableTouchSupport)]">Conditional</animation>
				</control>
			</control>
			
		</control>
	</include>
</includes>