<?xml version="1.0" encoding="utf-8"?>
<!--Titan-->
<includes>
    <include name="View_505_LandscapeDetails">
         <control type="group">
		<include>animation_view_change</include>
		<visible>Control.IsVisible(505)</visible>
		
		<control type="group">
			<visible>IntegerGreaterThan(Container(505).NumItems,0)</visible>
			<include>MovieDetailsLeft</include>
		  </control>
		
		<control type="panel" id="505">
			<posx>700</posx>
			<posy>165</posy>
			<width>1400</width>
			<height>740</height>
			<orientation>vertical</orientation>
			<onleft>9000</onleft>
			<onright>60</onright>
			<onup>505</onup>
			<ondown>505</ondown>
			<preloaditems>4</preloaditems>
			<pagecontrol>60</pagecontrol>
			<viewtype label="31432">bigwrap</viewtype>

			<scrolltime tween="cubic" easing="inout">500</scrolltime>
			<itemlayout width="600" height="370">
				<control type="image">
					<!--Panel Shadow-->
					<include>BannerViewImageSizeNormalShadow</include>
					<texture>home/home_shadow.png</texture>
				</control>
				<include>BannerViewImagesNormal</include>
			</itemlayout>
			<focusedlayout width="600" height="370">
				<control type="group">
					<include>BannerViewOverlayFocusNormal</include>
				</control>
				
			</focusedlayout>
		</control>
		  
		  
		  
		  <!--vertical Scollbar-->
			<control type="scrollbar" id="60">
				<visible>Control.IsVisible(505)</visible>
				<right>15</right>
				<posy>175</posy>
				<width>25</width>
				<height>770</height>
				<onup>60</onup>
				<ondown>60</ondown>
				<onleft>505</onleft>
				<animation effect="fade" start="0" end="100" time="400" condition="Control.HasFocus(60) | Skin.HasSetting(EnableTouchSupport) | Container.Scrolling">Conditional</animation>
				<animation effect="fade" start="100" end="0" time="400" condition="![Control.HasFocus(60) | Skin.HasSetting(EnableTouchSupport) | Container.Scrolling]">Conditional</animation>
			</control>
			
	  
    </control>

  </include>
</includes>
