<?xml version="1.0" encoding="UTF-8"?>
<includes>
  
  <include name="View_59_BigPanelDetails">
	
    <control type="group">
      <visible>Control.IsVisible(59)</visible>
      <include>animation_view_change</include>
	 
	  <!-- details -->
	  <control type="group">
        <visible>IntegerGreaterThan(Container(59).NumItems,0)</visible>
        <include>MovieDetailsLeft</include>
      </control>
	 
      <control type="panel" id="59">
        <viewtype label="31428">Big Panel details</viewtype>
        <posx>778</posx>
        <posy>179</posy>
        <width>1136</width>
        <height>800</height>
        <orientation>vertical</orientation>
        <onleft>9000</onleft>
        <onright>60</onright>
        <onup>59</onup>
        <ondown>59</ondown>
        <preloaditems>4</preloaditems>
        <pagecontrol>60</pagecontrol>
		<visible>!container.content(episodes)</visible>
        <itemlayout height="400" width="275">
          <control type="image">
            <include>BigPanelPosterDimensions</include>
            <include>PosterThumbBG</include>
          </control>
          <control type="image">
            <include>BigPanelPosterDimensions</include>
            <include>PosterThumb</include>
          </control>
          <include>BigPanelWatchedImage</include>
		  
        </itemlayout>
        <focusedlayout height="400" width="275">
          <control type="image">
            <include>BigPanelPosterDimensions</include>
            <include>PosterThumbFO</include>
          </control>
          <control type="image">
            <include>BigPanelPosterDimensions</include>
            <include>PosterThumb</include>
          </control>
          <include>BigPanelWatchedImage</include>
		  
		  
        </focusedlayout>
      </control>
	  
		<!--vertical Scollbar-->
		<control type="scrollbar" id="60">
			<visible>Control.IsVisible(59)</visible>
			<right>15</right>
			<posy>175</posy>
			<width>25</width>
			<height>770</height>
			<onup>60</onup>
			<ondown>60</ondown>
			<onleft>59</onleft>
			<animation effect="fade" start="0" end="100" time="400" condition="Control.HasFocus(60) | Skin.HasSetting(EnableTouchSupport)">Conditional</animation>
			<animation effect="fade" start="100" end="0" time="400" condition="![Control.HasFocus(60) | Skin.HasSetting(EnableTouchSupport)]">Conditional</animation>
		</control>
      
	
	  
		
	  
    </control>

  </include>
</includes>
