<?xml version="1.0" encoding="utf-8"?>
<!--Titan-->
<includes>

	<variable name="503_LogoImage">
		<value condition="Skin.HasSetting(LogoViewPreferClearArt) + !IsEmpty(ListItem.Art(clearart))">$INFO[ListItem.Art(clearart)]</value>
		<value condition="!IsEmpty(ListItem.Art(clearlogo))">$INFO[ListItem.Art(clearlogo)]</value>
		<value condition="!IsEmpty(ListItem.Art(landscape))">$INFO[ListItem.Art(landscape)]</value>
		<value condition="!IsEmpty(ListItem.Thumb)">$INFO[ListItem.Thumb]</value>
		<value condition="StringCompare(ListItem.Label,..)">DefaultFolderBack.png</value>
		<value>DefaultMovies.png</value>
	</variable>


    <include name="View_503_Logos">
	
		<control type="group">
			<include>animation_view_change</include>
			<defaultcontrol always="true">503</defaultcontrol>
			<visible>Control.IsVisible(503) + IntegerGreaterThan(Container.NumItems,0)</visible>
            <visible>!Window.IsActive(DialogVideoInfo.xml)</visible>
			<include>WatchedIndicatorLarge</include>

				<!-- movie details -->
				<control type="group">
					<visible>Skin.HasSetting(LogoViewShowInfo)</visible>
					<include>MovieDetails</include>
				</control>
			
				<control type="fixedlist" id="503">
					<left>100</left>
					<bottom>50</bottom>
					<width>1760</width>
					<height>525</height>
					<onleft>503</onleft>
					<onright>503</onright>
					<onup>9000</onup>
					<ondown>61</ondown>
					<focusposition>1</focusposition>
					<pagecontrol>61</pagecontrol>
					<preloaditems>2</preloaditems>
					<viewtype label="31461">list</viewtype>
					<scrolltime tween="quadratic" easing="out">300</scrolltime>
					<visible>!Skin.HasSetting(ForcedViews.Enabled) | 
					[Container.Content(movies) + Skin.String(ForcedViews.movies,None)] | 
					[Container.Content(tvshows) + Skin.String(ForcedViews.tvshows,None)] | 
					[Container.Content(seasons) + Skin.String(ForcedViews.seasons,None)] | 
					[Container.Content(episodes) + Skin.String(ForcedViews.episodes,None)] | 
					[[Container.Content(sets) | StringCompare(Container.Folderpath,videodb://movies/sets/)] + Skin.String(ForcedViews.sets,503)] | 
					[Container.Content(movies) + Skin.String(ForcedViews.movies,503) + !substring(Container.FolderPath,videodb://movies/sets/,left)] | 
					[Container.Content(movies) + Skin.String(ForcedViews.setmovies,503) + substring(Container.FolderPath,setid=)] | 
					[Container.Content(tvshows) + Skin.String(ForcedViews.tvshows,503)] | 
					[Container.Content(seasons) + Skin.String(ForcedViews.seasons,503)] | 
					[Container.Content(episodes) + Skin.String(ForcedViews.episodes,503)] | 
					[!Container.Content(movies) + !Container.Content(tvshows) + !Container.Content(seasons) + !Container.Content(episodes) + !Container.Content(sets)]
					</visible>
					<orientation>horizontal</orientation>
					<itemlayout width="570" height="450">
						<control type="group">
							<animation effect="fade" start="0" end="30" time="0" reversible="false" condition="true">Conditional</animation>
							<control type="image">
								<left>52</left>
								<top>178</top>
								<width>390</width>
								<height>164</height>
								<aspectratio aligny="center" align="center">keep</aspectratio>
								<texture background="true">$VAR[503_LogoImage]</texture>
							</control>
						</control>
					</itemlayout>
					<focusedlayout width="650" height="550">
						<control type="group">
							<animation effect="zoom" center="auto" start="100" end="140" time="480" tween="back" reversible="false">Focus</animation>
							<animation effect="zoom" center="auto" start="140" end="100" time="160" tween="back" reversible="false">UnFocus</animation>
							<control type="image">
								<left>83</left>
								<top>158</top>
								<width>430</width>
								<height>205</height>
								<aspectratio aligny="center" align="center">keep</aspectratio>
								<animation effect="fade" start="0" end="10" time="0" reversible="false" condition="true">Conditional</animation>
								<texture background="true">$VAR[503_LogoImage]</texture>
							</control>
							<control type="image">
								<left>102</left>
								<top>178</top>
								<width>390</width>
								<height>164</height>
								<aspectratio aligny="center" align="center">keep</aspectratio>
								<texture background="true">$VAR[503_LogoImage]</texture>
							</control>
						</control>
					</focusedlayout>

			</control>
		</control>
	</include>

</includes>