<?xml version="1.0" encoding="utf-8"?>
<!--Titan-->
<includes>
    <include name="View_503_Logos">
	
		<control type="group">
			<include>animation_view_change</include>
			<defaultcontrol always="true">503</defaultcontrol>
			<visible>Control.IsVisible(503) + IntegerGreaterThan(Container.NumItems,0)</visible>
            <visible>!Window.IsActive(DialogVideoInfo.xml)</visible>
			
			<include condition="skin.hastheme(classic)">ClassicDetailsPanel5</include>
				
				<!-- movie details -->
				<control type="group">
					<visible>Skin.HasSetting(LogoViewShowInfo)</visible>
					<include>MovieDetails</include>
				</control>
			
				<control type="wraplist" id="503">
					<left>-277</left>
					<top>520</top>
					<width>2475</width>
					<height>525</height>
					<onleft>503</onleft>
					<onright>503</onright>
					<onup>9000</onup>
					<ondown>61</ondown>
					<pagecontrol>61</pagecontrol>
					<preloaditems>2</preloaditems>
					<focusposition>2</focusposition>
					<viewtype label="Logo">list</viewtype>
					<scrolltime tween="quadratic" easing="out">300</scrolltime>
					<visible>Container.Content(tvshows) | Container.Content(movies)</visible>
					<orientation>horizontal</orientation>
					<itemlayout width="495" height="450">
						<control type="image">
							<left>52</left>
							<top>178</top>
							<width>390</width>
							<height>164</height>
							<animation effect="fade" start="0" end="30" time="0" reversible="false" condition="true">Conditional</animation>
							<aspectratio aligny="center" align="center">keep</aspectratio>
							<texture background="true">$INFO[ListItem.Art(clearlogo)]</texture>
						</control>
					</itemlayout>
					<focusedlayout width="495" height="450">
						<control type="group">
							<animation effect="zoom" center="auto" start="100" end="130" time="480" tween="back" reversible="false">Focus</animation>
							<animation effect="zoom" center="auto" start="130" end="100" time="160" tween="back" reversible="false">UnFocus</animation>
							<control type="image">
								<left>33</left>
								<top>158</top>
								<width>430</width>
								<height>205</height>
								<aspectratio aligny="center" align="center">keep</aspectratio>
								<animation effect="fade" start="0" end="10" time="0" reversible="false" condition="true">Conditional</animation>
								<texture background="true">$INFO[ListItem.Art(clearlogo)]</texture>
							</control>
							<control type="image">
								<left>52</left>
								<top>178</top>
								<width>390</width>
								<height>164</height>
								<aspectratio aligny="center" align="center">keep</aspectratio>
								<texture background="true">$INFO[ListItem.Art(clearlogo)]</texture>
							</control>
						</control>
					</focusedlayout>

			</control>
			
			

		</control>
		
	</include>
	
	<include name="LandscapeLogoLayout">
		<control type="image">
			<left>43</left>
			<top>158</top>
			<width>430</width>
			<height>194</height>
			<aspectratio aligny="center" align="center">keep</aspectratio>
			<animation effect="fade" start="0" end="10" time="0" reversible="false">Focus</animation>
			<animation effect="fade" start="10" end="0" time="0" reversible="false">UnFocus</animation>
			<texture background="true">$INFO[ListItem.Art(clearlogo)]</texture>
		</control>
		<control type="image">
			<left>52</left>
			<top>178</top>
			<width>390</width>
			<height>164</height>
			<aspectratio aligny="center" align="center">keep</aspectratio>
			<texture background="true">$INFO[ListItem.Art(clearlogo)]</texture>
		</control>

		<control type="group">
			<visible>IsEmpty(ListItem.Art(clearlogo))</visible>
			<control type="label">
				<left>15</left>
				<top>335</top>
				<width>470</width>
				<height>30</height>
				<align>center</align>
				<font>Reg36</font>
				<textcolor>white</textcolor>
				<label>$INFO[ListItem.Label]</label>
			</control>
		</control>
		<control type="group">
			<left>20</left>
			<top>300</top>
			<include condition="Skin.HasSetting(Disable.UnwatchedIcon)">UnwatchedIcon</include>
		</control>
	</include>


	
</includes>