<?xml version="1.0" encoding="UTF-8"?>
<includes>
	<include name="View_513_PosterRow">
	
		<control type="group">
			<visible>Control.IsVisible(513)</visible>
			<include>animation_view_change</include>
			
			<!-- movie details -->
			<control type="group">
				<posy>1200</posy>
				<include>MovieDetails</include>
				<animation type="Conditional" condition="StringCompare(Window(Home).Property(showinfopanel),show)">
					<effect type="slide" start="0,-0" end="0,-1200" time="800" tween="cubic" easing="inout" />
				</animation>
			</control>
				
			<control type="group">
				<animation type="Conditional" condition="StringCompare(Window(Home).Property(showinfopanel),show)">
					<effect type="slide" start="0,-0" end="0,240" time="800" tween="cubic" easing="inout" />
				</animation>
				<control type="group">
					<posx>12</posx>
					<posy>30</posy>
					<control type="group" id="5801">
						<visible>Container(513).OnPrevious</visible>
						<animation effect="slide" end="0,0" time="200" reversible="false">Hidden</animation>
						<!-- Hide Far Right Thumb On Move Previous -->
						<control type="group">
							<posx>1731</posx>
							<posy>498</posy>
							<width>216</width>
							<height>506</height>
							<visible>Container(513).OnPrevious</visible>
							<animation type="Hidden" reversible="false">
								<effect type="fade" start="100" end="0" time="200" />
								<effect type="slide" end="48,0" time="200" />
							</animation>
							<control type="group">
								<visible>!IsEmpty(Container.ListItemNoWrap(9).FolderPath)</visible>
								<control type="image">
									<posx>7</posx>
									<posy>4</posy>
									<width>200</width>
									<height>282</height>
									<aspectratio scalediffuse="false">scale</aspectratio>
									<texture background="true" diffuse="poster_matte.png" fallback="DefaultVideo.png">$VAR[ShowcaseItem9Var]</texture>
									<bordertexture border="20" colordiffuse="black">thumb_shadow.png</bordertexture>
									<bordersize>20</bordersize>
									<fadetime>0</fadetime>
								</control>
								<control type="image">
									<posx>187</posx>
									<posy>24</posy>
									<width>100</width>
									<height>242</height>
									<texture flipx="true" border="1">side_shadow.png</texture>
								</control>
								<control type="image">
									<posx>27</posx>
									<posy>264</posy>
									<width>160</width>
									<height>242</height>
									<aspectratio aligny="top" align="right" scalediffuse="false">stretch</aspectratio>
									<texture background="true" flipy="true" diffuse="thumb_diffuse.png" fallback="DefaultVideo.png">$VAR[ShowcaseItem9Var]</texture>
									<fadetime>0</fadetime>
								</control>
								<control type="image">
									<posx>158</posx>
									<posy>24</posy>
									<width>30</width>
									<height>30</height>
									<texture diffuse="watched_icon_matte.png">$VAR[IconOverlay9Var]</texture>
								</control>
							</control>
						</control>
						<!-- Move Panel 8 to 9-->
						<control type="group">
							<posx>1617</posx>
							<posy>468</posy>
							<width>260</width>
							<height>608</height>
							<visible>Container(513).OnPrevious</visible>
							<animation effect="zoom" start="1617,468,260,608" end="1731,498,216,506" time="200" reversible="false">Hidden</animation>
							<control type="group">
								<visible>!IsEmpty(Container.ListItemNoWrap(8).FolderPath)</visible>
								<control type="image">
									<posx>13</posx>
									<posy>8</posy>
									<width>234</width>
									<height>331</height>
									<aspectratio scalediffuse="false">scale</aspectratio>
									<texture background="true" diffuse="poster_matte.png" fallback="DefaultVideo.png">$VAR[ShowcaseItem8Var]</texture>
									<bordertexture border="20" colordiffuse="black">thumb_shadow.png</bordertexture>
									<bordersize>20</bordersize>
									<fadetime>0</fadetime>
								</control>
								<control type="image">
									<posx>227</posx>
									<posy>54</posy>
									<width>100</width>
									<height>243</height>
									<texture flipx="true" border="1">side_shadow.png</texture>
								</control>
								<control type="image">
									<posx>33</posx>
									<posy>318</posy>
									<width>194</width>
									<height>290</height>
									<aspectratio aligny="top" align="right" scalediffuse="false">stretch</aspectratio>
									<texture background="true" flipy="true" diffuse="thumb_diffuse.png" fallback="DefaultVideo.png">$VAR[ShowcaseItem8Var]</texture>
									<fadetime>0</fadetime>
								</control>
								<control type="image">
									<posx>193</posx>
									<posy>28</posy>
									<width>38</width>
									<height>38</height>
									<texture diffuse="watched_icon_matte.png">$VAR[IconOverlay8Var]</texture>
								</control>
							</control>
						</control>
						<!-- Move Panel 7 to 8-->
						<control type="group">
							<posx>1488</posx>
							<posy>436</posy>
							<width>304</width>
							<height>711</height>
							<visible>Container(513).OnPrevious</visible>
							<animation effect="zoom" start="1488,436,304,711" end="1617,468,260,608" time="200" reversible="false">Hidden</animation>
							<control type="group">
								<visible>!IsEmpty(Container.ListItemNoWrap(7).FolderPath)</visible>
								<control type="image">
									<posx>19</posx>
									<posy>13</posy>
									<width>266</width>
									<height>380</height>
									<aspectratio scalediffuse="false">scale</aspectratio>
									<texture background="true" diffuse="poster_matte.png" fallback="DefaultVideo.png">$VAR[ShowcaseItem7Var]</texture>
									<bordertexture border="20" colordiffuse="black">thumb_shadow.png</bordertexture>
									<bordersize>20</bordersize>
									<fadetime>0</fadetime>
								</control>
								<control type="image">
									<posx>265</posx>
									<posy>60</posy>
									<width>100</width>
									<height>292</height>
									<texture flipx="true" border="1">side_shadow.png</texture>
								</control>
								<control type="image">
									<posx>39</posx>
									<posy>372</posy>
									<width>226</width>
									<height>339</height>
									<aspectratio aligny="top" align="right" scalediffuse="false">stretch</aspectratio>
									<texture background="true" flipy="true" diffuse="thumb_diffuse.png" fallback="DefaultVideo.png">$VAR[ShowcaseItem7Var]</texture>
									<fadetime>0</fadetime>
								</control>
								<control type="image">
									<posx>224</posx>
									<posy>33</posy>
									<width>45</width>
									<height>45</height>
									<texture diffuse="watched_icon_matte.png">$VAR[IconOverlay7Var]</texture>
								</control>
							</control>
						</control>
						<!-- Move Panel 6 to 7-->
						<control type="group">
							<posx>1335</posx>
							<posy>406</posy>
							<width>348</width>
							<height>814</height>
							<visible>Container(513).OnPrevious</visible>
							<animation effect="zoom" start="1335,406,348,814" end="1488,436,304,711" time="200" reversible="false">Hidden</animation>
							<control type="group">
								<visible>!IsEmpty(Container.ListItemNoWrap(6).FolderPath)</visible>
								<control type="image">
									<posx>25</posx>
									<posy>19</posy>
									<width>300</width>
									<height>427</height>
									<aspectratio scalediffuse="false">scale</aspectratio>
									<texture background="true" diffuse="poster_matte.png" fallback="DefaultVideo.png">$VAR[ShowcaseItem6Var]</texture>
									<bordertexture border="20" colordiffuse="black">thumb_shadow.png</bordertexture>
									<bordersize>20</bordersize>
									<fadetime>0</fadetime>
								</control>
								<control type="image">
									<posx>305</posx>
									<posy>63</posy>
									<width>100</width>
									<height>341</height>
									<texture flipx="true" border="1">side_shadow.png</texture>
								</control>
								<control type="image">
									<posx>45</posx>
									<posy>426</posy>
									<width>260</width>
									<height>387</height>
									<aspectratio aligny="top" align="right" scalediffuse="false">stretch</aspectratio>
									<texture background="true" flipy="true" diffuse="thumb_diffuse.png" fallback="DefaultVideo.png">$VAR[ShowcaseItem6Var]</texture>
									<fadetime>0</fadetime>
								</control>
								<control type="image">
									<posx>255</posx>
									<posy>39</posy>
									<width>52</width>
									<height>52</height>
									<texture diffuse="watched_icon_matte.png">$VAR[IconOverlay6Var]</texture>
								</control>
							</control>
						</control>
						<!-- Move Panel 5 to 6-->
						<control type="group">
							<posx>1152</posx>
							<posy>375</posy>
							<width>393</width>
							<height>918</height>
							<visible>Container(513).OnPrevious</visible>
							<animation effect="zoom" start="1152,375,393,918" end="1335,406,348,814" time="200" reversible="false">Hidden</animation>
							<control type="group">
								<visible>!IsEmpty(Container.ListItemNoWrap(5).FolderPath)</visible>
								<control type="image">
									<posx>30</posx>
									<posy>24</posy>
									<width>332</width>
									<height>478</height>
									<aspectratio scalediffuse="false">scale</aspectratio>
									<texture background="true" diffuse="poster_matte.png" fallback="DefaultVideo.png">$VAR[ShowcaseItem5Var]</texture>
									<bordertexture border="20" colordiffuse="black">thumb_shadow.png</bordertexture>
									<bordersize>20</bordersize>
									<fadetime>0</fadetime>
								</control>
								<control type="image">
									<posx>342</posx>
									<posy>70</posy>
									<width>100</width>
									<height>388</height>
									<texture flipx="true" border="1">side_shadow.png</texture>
								</control>
								<control type="image">
									<posx>50</posx>
									<posy>480</posy>
									<width>292</width>
									<height>438</height>
									<aspectratio aligny="top" align="right" scalediffuse="false">stretch</aspectratio>
									<texture background="true" flipy="true" diffuse="thumb_diffuse.png" fallback="DefaultVideo.png">$VAR[ShowcaseItem5Var]</texture>
									<fadetime>0</fadetime>
								</control>
								<control type="image">
									<posx>285</posx>
									<posy>44</posy>
									<width>60</width>
									<height>60</height>
									<texture diffuse="watched_icon_matte.png">$VAR[IconOverlay5Var]</texture>
								</control>
							</control>
						</control>
						<!-- Move Panel 4 to 5-->
						<control type="group">
							<posx>933</posx>
							<posy>339</posy>
							<width>436</width>
							<height>1022</height>
							<visible>Container(513).OnPrevious</visible>
							<animation effect="zoom" start="933,339,436,1022" end="1152,375,393,918" time="200" reversible="false">Hidden</animation>
							<control type="group">
								<visible>!IsEmpty(Container.ListItemNoWrap(4).FolderPath)</visible>
								<control type="image">
									<posx>36</posx>
									<posy>28</posy>
									<width>366</width>
									<height>528</height>
									<aspectratio scalediffuse="false">scale</aspectratio>
									<texture background="true" diffuse="poster_matte.png" fallback="DefaultVideo.png">$VAR[ShowcaseItem4Var]</texture>
									<bordertexture border="20" colordiffuse="black">thumb_shadow.png</bordertexture>
									<bordersize>20</bordersize>
									<fadetime>0</fadetime>
								</control>
								<control type="image">
									<posx>382</posx>
									<posy>78</posy>
									<width>100</width>
									<height>442</height>
									<texture flipx="true" border="1">side_shadow.png</texture>
								</control>
								<control type="image">
									<posx>56</posx>
									<posy>534</posy>
									<width>326</width>
									<height>488</height>
									<aspectratio aligny="top" align="right" scalediffuse="false">stretch</aspectratio>
									<texture background="true" flipy="true" diffuse="thumb_diffuse.png" fallback="DefaultVideo.png">$VAR[ShowcaseItem4Var]</texture>
									<fadetime>0</fadetime>
								</control>
								<control type="image">
									<posx>317</posx>
									<posy>48</posy>
									<width>68</width>
									<height>68</height>
									<texture diffuse="watched_icon_matte.png">$VAR[IconOverlay4Var]</texture>
								</control>
							</control>
						</control>
						<!-- Move Panel 3 to 4-->
						<control type="group">
							<posx>669</posx>
							<posy>308</posy>
							<width>482</width>
							<height>1125</height>
							<visible>Container(513).OnPrevious</visible>
							<animation effect="zoom" start="669,308,482,1125" end="933,339,436,1022" time="200" reversible="false">Hidden</animation>
							<control type="group">
								<visible>!IsEmpty(Container.ListItemNoWrap(3).FolderPath)</visible>
								<control type="image">
									<posx>42</posx>
									<posy>32</posy>
									<width>398</width>
									<height>577</height>
									<aspectratio scalediffuse="false">scale</aspectratio>
									<texture background="true" diffuse="poster_matte.png" fallback="DefaultVideo.png">$VAR[ShowcaseItem3Var]</texture>
									<bordertexture border="20" colordiffuse="black">thumb_shadow.png</bordertexture>
									<bordersize>20</bordersize>
									<fadetime>0</fadetime>
								</control>
								<control type="image">
									<posx>420</posx>
									<posy>78</posy>
									<width>100</width>
									<height>490</height>
									<texture flipx="true" border="1">side_shadow.png</texture>
								</control>
								<control type="image">
									<posx>62</posx>
									<posy>588</posy>
									<width>358</width>
									<height>537</height>
									<aspectratio aligny="top" align="right" scalediffuse="false">stretch</aspectratio>
									<texture background="true" flipy="true" diffuse="thumb_diffuse.png" fallback="DefaultVideo.png">$VAR[ShowcaseItem3Var]</texture>
									<fadetime>0</fadetime>
								</control>
								<control type="image">
									<posx>349</posx>
									<posy>52</posy>
									<width>75</width>
									<height>75</height>
									<texture diffuse="watched_icon_matte.png">$VAR[IconOverlay3Var]</texture>
								</control>
							</control>
						</control>
						<!-- Move Panel 2 to 3-->
						<control type="group">
							<posx>354</posx>
							<posy>278</posy>
							<width>525</width>
							<height>1228</height>
							<visible>Container(513).OnPrevious</visible>
							<animation effect="zoom" start="354,278,525,1228" end="669,308,482,1125" time="200" reversible="false">Hidden</animation>
							<control type="group">
								<visible>!IsEmpty(Container.ListItemNoWrap(2).FolderPath)</visible>
								<control type="image">
									<posx>48</posx>
									<posy>37</posy>
									<width>432</width>
									<height>626</height>
									<aspectratio scalediffuse="false">scale</aspectratio>
									<texture background="true" diffuse="poster_matte.png" fallback="DefaultVideo.png">$VAR[ShowcaseItem2Var]</texture>
									<bordertexture border="20" colordiffuse="black">thumb_shadow.png</bordertexture>
									<bordersize>20</bordersize>
									<fadetime>0</fadetime>
								</control>
								<control type="image">
									<posx>460</posx>
									<posy>82</posy>
									<width>100</width>
									<height>538</height>
									<texture flipx="true" border="1">side_shadow.png</texture>
								</control>
								<control type="image">
									<posx>68</posx>
									<posy>642</posy>
									<width>392</width>
									<height>586</height>
									<aspectratio aligny="top" align="right" scalediffuse="false">stretch</aspectratio>
									<texture background="true" flipy="true" diffuse="thumb_diffuse.png" fallback="DefaultVideo.png">$VAR[ShowcaseItem2Var]</texture>
									<fadetime>0</fadetime>
								</control>
								<control type="image">
									<posx>380</posx>
									<posy>57</posy>
									<width>82</width>
									<height>82</height>
									<texture diffuse="watched_icon_matte.png">$VAR[IconOverlay2Var]</texture>
								</control>
							</control>
						</control>
						<!-- Move Panel 1 to 2-->
						<control type="group">
							<posx>-26</posx>
							<posy>246</posy>
							<width>570</width>
							<height>1334</height>
							<visible>Container(513).OnPrevious</visible>
							<animation effect="zoom" start="-26,246,570,1334" end="354,278,525,1228" time="200" reversible="false">Hidden</animation>
							<control type="group">
								<visible>!IsEmpty(Container.ListItemNoWrap(1).FolderPath)</visible>
								<control type="image">
									<posx>54</posx>
									<posy>42</posy>
									<width>466</width>
									<height>676</height>
									<aspectratio scalediffuse="false">scale</aspectratio>
									<texture background="true" diffuse="poster_matte.png" fallback="DefaultVideo.png">$VAR[ShowcaseItem1Var]</texture>
									<bordertexture border="20" colordiffuse="black">thumb_shadow.png</bordertexture>
									<bordersize>20</bordersize>
									<fadetime>0</fadetime>
								</control>
								<control type="image">
									<posx>500</posx>
									<posy>88</posy>
									<width>100</width>
									<height>588</height>
									<texture flipx="true" border="1">side_shadow.png</texture>
								</control>
								<control type="image">
									<posx>74</posx>
									<posy>698</posy>
									<width>426</width>
									<height>636</height>
									<aspectratio aligny="top" align="right" scalediffuse="false">stretch</aspectratio>
									<texture background="true" flipy="true" diffuse="thumb_diffuse.png" fallback="DefaultVideo.png">$VAR[ShowcaseItem1Var]</texture>
									<fadetime>0</fadetime>
								</control>
								<control type="image">
									<posx>413</posx>
									<posy>62</posy>
									<width>90</width>
									<height>90</height>
									<texture diffuse="watched_icon_matte.png">$VAR[IconOverlay1Var]</texture>
								</control>
							</control>
						</control>
						<!-- Show Far Left Thumb On Move Previous -->
						<control type="group">
							<posx>-218</posx>
							<posy>246</posy>
							<width>570</width>
							<height>1334</height>
							<visible>Container(513).OnPrevious</visible>
							<animation type="Hidden" reversible="false">
								<effect type="fade" end="100" time="200" />
								<effect type="slide" end="192,0" time="200" />
							</animation>
							<animation effect="fade" end="0" time="0" reversible="false">Visible</animation>
							<control type="group">
								<visible>!IsEmpty(Container.ListItemNoWrap(0).FolderPath)</visible>
								<control type="image">
									<posx>54</posx>
									<posy>42</posy>
									<width>466</width>
									<height>676</height>
									<aspectratio scalediffuse="false">scale</aspectratio>
									<texture background="true" diffuse="poster_matte.png" fallback="DefaultVideo.png">$VAR[ShowcaseItem0Var]</texture>
									<bordertexture border="20" colordiffuse="black">thumb_shadow.png</bordertexture>
									<bordersize>20</bordersize>
									<fadetime>0</fadetime>
								</control>
								<control type="image">
									<posx>500</posx>
									<posy>88</posy>
									<width>100</width>
									<height>588</height>
									<texture flipx="true" border="1">side_shadow.png</texture>
								</control>
								<control type="image">
									<posx>74</posx>
									<posy>698</posy>
									<width>426</width>
									<height>636</height>
									<aspectratio aligny="top" align="right" scalediffuse="false">stretch</aspectratio>
									<texture background="true" flipy="true" diffuse="thumb_diffuse.png" fallback="DefaultVideo.png">$VAR[ShowcaseItem0Var]</texture>
									<fadetime>0</fadetime>
								</control>
								<control type="image">
									<posx>410</posx>
									<posy>62</posy>
									<width>90</width>
									<height>90</height>
									<texture diffuse="watched_icon_matte.png">$VAR[IconOverlay0Var]</texture>
								</control>
							</control>
						</control>
					</control>
					<control type="group" id="5802">
						<visible>Container(513).OnNext</visible>
						<animation effect="slide" end="0,0" time="200" reversible="false">Hidden</animation>
						<!-- Show Far Right Thumb On Move Next -->
						<control type="group">
							<posx>1731</posx>
							<posy>498</posy>
							<width>216</width>
							<height>506</height>
							<visible>Container(513).OnNext</visible>
							<animation type="Hidden" reversible="false">
								<effect type="fade" end="100" time="200" />
								<effect type="slide" start="48,0" end="0,0" time="200" />
							</animation>
							<animation effect="fade" end="0" time="0" reversible="false">Visible</animation>
							<control type="group">
								<visible>!IsEmpty(Container.ListItemNoWrap(8).FolderPath)</visible>
								<control type="image">
									<posx>7</posx>
									<posy>4</posy>
									<width>200</width>
									<height>282</height>
									<aspectratio scalediffuse="false">scale</aspectratio>
									<texture background="true" diffuse="poster_matte.png" fallback="DefaultVideo.png">$VAR[ShowcaseItem8Var]</texture>
									<bordertexture border="20" colordiffuse="black">thumb_shadow.png</bordertexture>
									<bordersize>20</bordersize>
									<fadetime>0</fadetime>
								</control>
								<control type="image">
									<posx>187</posx>
									<posy>24</posy>
									<width>100</width>
									<height>242</height>
									<texture flipx="true" border="1">side_shadow.png</texture>
								</control>
								<control type="image">
									<posx>27</posx>
									<posy>264</posy>
									<width>160</width>
									<height>242</height>
									<aspectratio aligny="top" align="right" scalediffuse="false">stretch</aspectratio>
									<texture background="true" flipy="true" diffuse="thumb_diffuse.png" fallback="DefaultVideo.png">$VAR[ShowcaseItem8Var]</texture>
									<fadetime>0</fadetime>
								</control>
								<control type="image">
									<posx>158</posx>
									<posy>24</posy>
									<width>30</width>
									<height>30</height>
									<texture diffuse="watched_icon_matte.png">$VAR[IconOverlay8Var]</texture>
								</control>
							</control>
						</control>
						<!-- Move Panel 9 to 8-->
						<control type="group">
							<posx>1731</posx>
							<posy>498</posy>
							<width>216</width>
							<height>506</height>
							<visible>Container(513).OnNext</visible>
							<animation effect="zoom" start="1731,498,216,506" end="1617,468,260,608" time="200" reversible="false">Hidden</animation>
							<control type="group">
								<visible>!IsEmpty(Container.ListItemNoWrap(7).FolderPath)</visible>
								<control type="image">
									<posx>7</posx>
									<posy>4</posy>
									<width>200</width>
									<height>282</height>
									<aspectratio scalediffuse="false">scale</aspectratio>
									<texture background="true" diffuse="poster_matte.png" fallback="DefaultVideo.png">$VAR[ShowcaseItem7Var]</texture>
									<bordertexture border="20" colordiffuse="black">thumb_shadow.png</bordertexture>
									<bordersize>20</bordersize>
									<fadetime>0</fadetime>
								</control>
								<control type="image">
									<posx>187</posx>
									<posy>24</posy>
									<width>100</width>
									<height>242</height>
									<texture flipx="true" border="1">side_shadow.png</texture>
								</control>
								<control type="image">
									<posx>27</posx>
									<posy>264</posy>
									<width>160</width>
									<height>242</height>
									<aspectratio aligny="top" align="right" scalediffuse="false">stretch</aspectratio>
									<texture background="true" flipy="true" diffuse="thumb_diffuse.png" fallback="DefaultVideo.png">$VAR[ShowcaseItem7Var]</texture>
									<fadetime>0</fadetime>
								</control>
								<control type="image">
									<posx>155</posx>
									<posy>24</posy>
									<width>30</width>
									<height>30</height>
									<texture diffuse="watched_icon_matte.png">$VAR[IconOverlay7Var]</texture>
								</control>
							</control>
						</control>
						<!-- Move Panel 8 to 7-->
						<control type="group">
							<posx>1617</posx>
							<posy>468</posy>
							<width>260</width>
							<height>608</height>
							<visible>Container(513).OnNext</visible>
							<animation effect="zoom" start="1617,468,260,608" end="1488,436,304,711" time="200" reversible="false">Hidden</animation>
							<control type="group">
								<visible>!IsEmpty(Container.ListItemNoWrap(6).FolderPath)</visible>
								<control type="image">
									<posx>13</posx>
									<posy>8</posy>
									<width>234</width>
									<height>331</height>
									<aspectratio scalediffuse="false">scale</aspectratio>
									<texture background="true" diffuse="poster_matte.png" fallback="DefaultVideo.png">$VAR[ShowcaseItem6Var]</texture>
									<bordertexture border="20" colordiffuse="black">thumb_shadow.png</bordertexture>
									<bordersize>20</bordersize>
									<fadetime>0</fadetime>
								</control>
								<control type="image">
									<posx>227</posx>
									<posy>54</posy>
									<width>100</width>
									<height>243</height>
									<texture flipx="true" border="1">side_shadow.png</texture>
								</control>
								<control type="image">
									<posx>33</posx>
									<posy>318</posy>
									<width>194</width>
									<height>290</height>
									<aspectratio aligny="top" align="right" scalediffuse="false">stretch</aspectratio>
									<texture background="true" flipy="true" diffuse="thumb_diffuse.png" fallback="DefaultVideo.png">$VAR[ShowcaseItem6Var]</texture>
									<fadetime>0</fadetime>
								</control>
								<control type="image">
									<posx>193</posx>
									<posy>28</posy>
									<width>38</width>
									<height>38</height>
									<texture diffuse="watched_icon_matte.png">$VAR[IconOverlay6Var]</texture>
								</control>
							</control>
						</control>
						<!-- Move Panel 7 to 6-->
						<control type="group">
							<posx>1488</posx>
							<posy>436</posy>
							<width>304</width>
							<height>711</height>
							<visible>Container(513).OnNext</visible>
							<animation effect="zoom" start="1488,436,304,711" end="1335,406,348,814" time="200" reversible="false">Hidden</animation>
							<control type="group">
								<visible>!IsEmpty(Container.ListItemNoWrap(5).FolderPath)</visible>
								<control type="image">
									<posx>19</posx>
									<posy>13</posy>
									<width>266</width>
									<height>380</height>
									<aspectratio scalediffuse="false">scale</aspectratio>
									<texture background="true" diffuse="poster_matte.png" fallback="DefaultVideo.png">$VAR[ShowcaseItem5Var]</texture>
									<bordertexture border="20" colordiffuse="black">thumb_shadow.png</bordertexture>
									<bordersize>20</bordersize>
									<fadetime>0</fadetime>
								</control>
								<control type="image">
									<posx>265</posx>
									<posy>60</posy>
									<width>100</width>
									<height>292</height>
									<texture flipx="true" border="1">side_shadow.png</texture>
								</control>
								<control type="image">
									<posx>39</posx>
									<posy>372</posy>
									<width>226</width>
									<height>339</height>
									<aspectratio aligny="top" align="right" scalediffuse="false">stretch</aspectratio>
									<texture background="true" flipy="true" diffuse="thumb_diffuse.png" fallback="DefaultVideo.png">$VAR[ShowcaseItem5Var]</texture>
									<fadetime>0</fadetime>
								</control>
								<control type="image">
									<posx>224</posx>
									<posy>33</posy>
									<width>45</width>
									<height>45</height>
									<texture diffuse="watched_icon_matte.png">$VAR[IconOverlay5Var]</texture>
								</control>
							</control>
						</control>
						<!-- Move Panel 6 to 5-->
						<control type="group">
							<posx>1335</posx>
							<posy>406</posy>
							<width>348</width>
							<height>814</height>
							<visible>Container(513).OnNext</visible>
							<animation effect="zoom" start="1335,406,348,814" end="1152,375,393,918" time="200" reversible="false">Hidden</animation>
							<control type="group">
								<visible>!IsEmpty(Container.ListItemNoWrap(4).FolderPath)</visible>
								<control type="image">
									<posx>25</posx>
									<posy>19</posy>
									<width>300</width>
									<height>427</height>
									<aspectratio scalediffuse="false">scale</aspectratio>
									<texture background="true" diffuse="poster_matte.png" fallback="DefaultVideo.png">$VAR[ShowcaseItem4Var]</texture>
									<bordertexture border="20" colordiffuse="black">thumb_shadow.png</bordertexture>
									<bordersize>20</bordersize>
									<fadetime>0</fadetime>
								</control>
								<control type="image">
									<posx>305</posx>
									<posy>63</posy>
									<width>100</width>
									<height>341</height>
									<texture flipx="true" border="1">side_shadow.png</texture>
								</control>
								<control type="image">
									<posx>45</posx>
									<posy>426</posy>
									<width>260</width>
									<height>387</height>
									<aspectratio aligny="top" align="right" scalediffuse="false">stretch</aspectratio>
									<texture background="true" flipy="true" diffuse="thumb_diffuse.png" fallback="DefaultVideo.png">$VAR[ShowcaseItem4Var]</texture>
									<fadetime>0</fadetime>
								</control>
								<control type="image">
									<posx>255</posx>
									<posy>39</posy>
									<width>52</width>
									<height>52</height>
									<texture diffuse="watched_icon_matte.png">$VAR[IconOverlay4Var]</texture>
								</control>
							</control>
						</control>
						<!-- Move Panel 5 to 4-->
						<control type="group">
							<posx>1152</posx>
							<posy>375</posy>
							<width>393</width>
							<height>918</height>
							<visible>Container(513).OnNext</visible>
							<animation effect="zoom" start="1152,375,393,918" end="933,339,436,1022" time="200" reversible="false">Hidden</animation>
							<control type="group">
								<visible>!IsEmpty(Container.ListItemNoWrap(3).FolderPath)</visible>
								<control type="image">
									<posx>30</posx>
									<posy>24</posy>
									<width>332</width>
									<height>478</height>
									<aspectratio scalediffuse="false">scale</aspectratio>
									<texture background="true" diffuse="poster_matte.png" fallback="DefaultVideo.png">$VAR[ShowcaseItem3Var]</texture>
									<bordertexture border="20" colordiffuse="black">thumb_shadow.png</bordertexture>
									<bordersize>20</bordersize>
									<fadetime>0</fadetime>
								</control>
								<control type="image">
									<posx>342</posx>
									<posy>70</posy>
									<width>100</width>
									<height>388</height>
									<texture flipx="true" border="1">side_shadow.png</texture>
								</control>
								<control type="image">
									<posx>50</posx>
									<posy>480</posy>
									<width>292</width>
									<height>438</height>
									<aspectratio aligny="top" align="right" scalediffuse="false">stretch</aspectratio>
									<texture background="true" flipy="true" diffuse="thumb_diffuse.png" fallback="DefaultVideo.png">$VAR[ShowcaseItem3Var]</texture>
									<fadetime>0</fadetime>
								</control>
								<control type="image">
									<posx>285</posx>
									<posy>44</posy>
									<width>60</width>
									<height>60</height>
									<texture diffuse="watched_icon_matte.png">$VAR[IconOverlay3Var]</texture>
								</control>
							</control>
						</control>
						<!-- Move Panel 4 to 3-->
						<control type="group">
							<posx>933</posx>
							<posy>339</posy>
							<width>436</width>
							<height>1022</height>
							<visible>Container(513).OnNext</visible>
							<animation effect="zoom" start="933,339,436,1022" end="669,308,482,1125" time="200" reversible="false">Hidden</animation>
							<control type="group">
								<visible>!IsEmpty(Container.ListItemNoWrap(2).FolderPath)</visible>
								<control type="image">
									<posx>36</posx>
									<posy>28</posy>
									<width>366</width>
									<height>528</height>
									<aspectratio scalediffuse="false">scale</aspectratio>
									<texture background="true" diffuse="poster_matte.png" fallback="DefaultVideo.png">$VAR[ShowcaseItem2Var]</texture>
									<bordertexture border="20" colordiffuse="black">thumb_shadow.png</bordertexture>
									<bordersize>20</bordersize>
									<fadetime>0</fadetime>
								</control>
								<control type="image">
									<posx>382</posx>
									<posy>78</posy>
									<width>100</width>
									<height>442</height>
									<texture flipx="true" border="1">side_shadow.png</texture>
								</control>
								<control type="image">
									<posx>56</posx>
									<posy>534</posy>
									<width>326</width>
									<height>488</height>
									<aspectratio aligny="top" align="right" scalediffuse="false">stretch</aspectratio>
									<texture background="true" flipy="true" diffuse="thumb_diffuse.png" fallback="DefaultVideo.png">$VAR[ShowcaseItem2Var]</texture>
									<fadetime>0</fadetime>
								</control>
								<control type="image">
									<posx>317</posx>
									<posy>48</posy>
									<width>68</width>
									<height>68</height>
									<texture diffuse="watched_icon_matte.png">$VAR[IconOverlay2Var]</texture>
								</control>
							</control>
						</control>
						<!-- Move Panel 3 to 2-->
						<control type="group">
							<posx>669</posx>
							<posy>308</posy>
							<width>482</width>
							<height>1125</height>
							<visible>Container(513).OnNext</visible>
							<animation effect="zoom" start="669,308,482,1125" end="354,278,525,1228" time="200" reversible="false">Hidden</animation>
							<control type="group">
								<visible>!IsEmpty(Container.ListItemNoWrap(1).FolderPath)</visible>
								<control type="image">
									<posx>42</posx>
									<posy>32</posy>
									<width>398</width>
									<height>577</height>
									<aspectratio scalediffuse="false">scale</aspectratio>
									<texture background="true" diffuse="poster_matte.png" fallback="DefaultVideo.png">$VAR[ShowcaseItem1Var]</texture>
									<bordertexture border="20" colordiffuse="black">thumb_shadow.png</bordertexture>
									<bordersize>20</bordersize>
									<fadetime>0</fadetime>
								</control>
								<control type="image">
									<posx>420</posx>
									<posy>78</posy>
									<width>100</width>
									<height>490</height>
									<texture flipx="true" border="1">side_shadow.png</texture>
								</control>
								<control type="image">
									<posx>62</posx>
									<posy>588</posy>
									<width>358</width>
									<height>537</height>
									<aspectratio aligny="top" align="right" scalediffuse="false">stretch</aspectratio>
									<texture background="true" flipy="true" diffuse="thumb_diffuse.png" fallback="DefaultVideo.png">$VAR[ShowcaseItem1Var]</texture>
									<fadetime>0</fadetime>
								</control>
								<control type="image">
									<posx>349</posx>
									<posy>52</posy>
									<width>75</width>
									<height>75</height>
									<texture diffuse="watched_icon_matte.png">$VAR[IconOverlay1Var]</texture>
								</control>
							</control>
						</control>
						<!-- Move Panel 2 to 1-->
						<control type="group">
							<posx>354</posx>
							<posy>278</posy>
							<width>525</width>
							<height>1228</height>
							<visible>Container(513).OnNext</visible>
							<animation effect="zoom" start="354,278,525,1228" end="-26,246,570,1334" time="200" reversible="false">Hidden</animation>
							<control type="group">
								<visible>!IsEmpty(Container.ListItemNoWrap(0).FolderPath)</visible>
								<control type="image">
									<posx>48</posx>
									<posy>37</posy>
									<width>432</width>
									<height>626</height>
									<aspectratio scalediffuse="false">scale</aspectratio>
									<texture background="true" diffuse="poster_matte.png" fallback="DefaultVideo.png">$VAR[ShowcaseItem0Var]</texture>
									<bordertexture border="20" colordiffuse="black">thumb_shadow.png</bordertexture>
									<bordersize>20</bordersize>
									<fadetime>0</fadetime>
								</control>
								<control type="image">
									<posx>460</posx>
									<posy>82</posy>
									<width>100</width>
									<height>538</height>
									<texture flipx="true" border="1">side_shadow.png</texture>
								</control>
								<control type="image">
									<posx>68</posx>
									<posy>642</posy>
									<width>392</width>
									<height>586</height>
									<aspectratio aligny="top" align="right" scalediffuse="false">stretch</aspectratio>
									<texture background="true" flipy="true" diffuse="thumb_diffuse.png" fallback="DefaultVideo.png">$VAR[ShowcaseItem0Var]</texture>
									<fadetime>0</fadetime>
								</control>
								<control type="image">
									<posx>380</posx>
									<posy>57</posy>
									<width>82</width>
									<height>82</height>
									<texture diffuse="watched_icon_matte.png">$VAR[IconOverlay0Var]</texture>
								</control>
							</control>
						</control>
						<!-- Hide Far Left Thumb On Move Next -->
						<control type="group">
							<posx>16</posx>
							<posy>308</posy>
							<width>484</width>
							<height>1272</height>
							<visible>Container(513).OnNext</visible>
							<animation type="Hidden" reversible="false">
								<effect type="fade" start="100" end="0" time="200" />
								<effect type="slide" end="-192,0" time="200" />
							</animation>
							<control type="group">
								<visible>!IsEmpty(Container.ListItemNoWrap(-1).FolderPath)</visible>
								<control type="image">
									<posx>0</posx>
									<posy>-20</posy>
									<width>466</width>
									<height>676</height>
									<aspectratio scalediffuse="false">scale</aspectratio>
									<texture background="true" diffuse="poster_matte.png" fallback="DefaultVideo.png">$VAR[ShowcaseItem-1Var]</texture>
									<bordertexture border="20" colordiffuse="black">thumb_shadow.png</bordertexture>
									<bordersize>20</bordersize>
									<fadetime>0</fadetime>
								</control>
								<!--<control type="image">
									<posx>500</posx>
									<posy>88</posy>
									<width>100</width>
									<height>588</height>
									<texture flipx="true" border="1">side_shadow.png</texture>
								</control>-->
								<control type="image">
									<posx>30</posx>
									<posy>636</posy>
									<width>426</width>
									<height>636</height>
									<aspectratio aligny="top" align="right" scalediffuse="false">stretch</aspectratio>
									<texture background="true" flipy="true" diffuse="thumb_diffuse.png" fallback="DefaultVideo.png">$VAR[ShowcaseItem-1Var]</texture>
									<fadetime>0</fadetime>
								</control>
								<control type="image">
									<posx>369</posx>
									<width>90</width>
									<height>90</height>
									<texture diffuse="watched_icon_matte.png">$VAR[IconOverlay-1Var]</texture>
								</control>
							</control>
						</control>
					</control>
					<!-- Static Panels -->
					<control type="group" id="5800">
						<visible>!Control.IsVisible(5801) + !Control.IsVisible(5802)</visible>
						<!-- Panel 9 -->
						<control type="group">
							<posx>1731</posx>
							<posy>498</posy>
							<width>216</width>
							<height>506</height>
							<control type="group">
								<visible>!IsEmpty(Container.ListItemNoWrap(8).FolderPath)</visible>
								<control type="image">
									<posx>7</posx>
									<posy>4</posy>
									<width>200</width>
									<height>282</height>
									<aspectratio scalediffuse="false">scale</aspectratio>
									<texture background="true" diffuse="poster_matte.png" fallback="DefaultVideo.png">$VAR[ShowcaseItem8Var]</texture>
									<bordertexture border="20" colordiffuse="black">thumb_shadow.png</bordertexture>
									<bordersize>20</bordersize>
									<fadetime>0</fadetime>
								</control>
								<control type="image">
									<posx>187</posx>
									<posy>24</posy>
									<width>100</width>
									<height>242</height>
									<texture flipx="true" border="1">side_shadow.png</texture>
								</control>
								<control type="image">
									<posx>27</posx>
									<posy>264</posy>
									<width>160</width>
									<height>242</height>
									<aspectratio aligny="top" align="right" scalediffuse="false">stretch</aspectratio>
									<texture background="true" flipy="true" diffuse="thumb_diffuse.png" fallback="DefaultVideo.png">$VAR[ShowcaseItem8Var]</texture>
									<fadetime>0</fadetime>
								</control>
								<control type="image">
									<posx>156</posx>
									<posy>24</posy>
									<width>30</width>
									<height>30</height>
									<texture diffuse="watched_icon_matte.png">$VAR[IconOverlay8Var]</texture>
								</control>
							</control>
						</control>
						<!-- Panel 8 -->
						<control type="group">
							<posx>1617</posx>
							<posy>468</posy>
							<width>260</width>
							<height>608</height>
							<control type="group">
								<visible>!IsEmpty(Container.ListItemNoWrap(7).FolderPath)</visible>
								<control type="image">
									<posx>13</posx>
									<posy>8</posy>
									<width>234</width>
									<height>331</height>
									<aspectratio scalediffuse="false">scale</aspectratio>
									<texture background="true" diffuse="poster_matte.png" fallback="DefaultVideo.png">$VAR[ShowcaseItem7Var]</texture>
									<bordertexture border="20" colordiffuse="black">thumb_shadow.png</bordertexture>
									<bordersize>20</bordersize>
									<fadetime>0</fadetime>
								</control>
								<control type="image">
									<posx>227</posx>
									<posy>54</posy>
									<width>100</width>
									<height>243</height>
									<texture flipx="true" border="1">side_shadow.png</texture>
								</control>
								<control type="image">
									<posx>33</posx>
									<posy>318</posy>
									<width>194</width>
									<height>290</height>
									<aspectratio aligny="top" align="right" scalediffuse="false">stretch</aspectratio>
									<texture background="true" flipy="true" diffuse="thumb_diffuse.png" fallback="DefaultVideo.png">$VAR[ShowcaseItem7Var]</texture>
									<fadetime>0</fadetime>
								</control>
								<control type="image">
									<posx>191</posx>
									<posy>28</posy>
									<width>38</width>
									<height>38</height>
									<texture diffuse="watched_icon_matte.png">$VAR[IconOverlay7Var]</texture>
								</control>
							</control>
						</control>
						<!-- Panel 7 -->
						<control type="group">
							<posx>1488</posx>
							<posy>436</posy>
							<width>304</width>
							<height>711</height>
							<control type="group">
								<visible>!IsEmpty(Container.ListItemNoWrap(6).FolderPath)</visible>
								<control type="image">
									<posx>19</posx>
									<posy>13</posy>
									<width>266</width>
									<height>380</height>
									<aspectratio scalediffuse="false">scale</aspectratio>
									<texture background="true" diffuse="poster_matte.png" fallback="DefaultVideo.png">$VAR[ShowcaseItem6Var]</texture>
									<bordertexture border="20" colordiffuse="black">thumb_shadow.png</bordertexture>
									<bordersize>20</bordersize>
									<fadetime>0</fadetime>
								</control>
								<control type="image">
									<posx>265</posx>
									<posy>60</posy>
									<width>100</width>
									<height>292</height>
									<texture flipx="true" border="1">side_shadow.png</texture>
								</control>
								<control type="image">
									<posx>39</posx>
									<posy>372</posy>
									<width>226</width>
									<height>339</height>
									<aspectratio aligny="top" align="right" scalediffuse="false">stretch</aspectratio>
									<texture background="true" flipy="true" diffuse="thumb_diffuse.png" fallback="DefaultVideo.png">$VAR[ShowcaseItem6Var]</texture>
									<fadetime>0</fadetime>
								</control>
								<control type="image">
									<posx>222</posx>
									<posy>33</posy>
									<width>45</width>
									<height>45</height>
									<texture diffuse="watched_icon_matte.png">$VAR[IconOverlay6Var]</texture>
								</control>
							</control>
						</control>
						<!-- Panel 6 -->
						<control type="group">
							<posx>1335</posx>
							<posy>406</posy>
							<width>348</width>
							<height>814</height>
							<control type="group">
								<visible>!IsEmpty(Container.ListItemNoWrap(5).FolderPath)</visible>
								<control type="image">
									<posx>25</posx>
									<posy>19</posy>
									<width>300</width>
									<height>427</height>
									<aspectratio scalediffuse="false">scale</aspectratio>
									<texture background="true" diffuse="poster_matte.png" fallback="DefaultVideo.png">$VAR[ShowcaseItem5Var]</texture>
									<bordertexture border="20" colordiffuse="black">thumb_shadow.png</bordertexture>
									<bordersize>20</bordersize>
									<fadetime>0</fadetime>
								</control>
								<control type="image">
									<posx>305</posx>
									<posy>63</posy>
									<width>100</width>
									<height>341</height>
									<texture flipx="true" border="1">side_shadow.png</texture>
								</control>
								<control type="image">
									<posx>45</posx>
									<posy>426</posy>
									<width>260</width>
									<height>387</height>
									<aspectratio aligny="top" align="right" scalediffuse="false">stretch</aspectratio>
									<texture background="true" flipy="true" diffuse="thumb_diffuse.png" fallback="DefaultVideo.png">$VAR[ShowcaseItem5Var]</texture>
									<fadetime>0</fadetime>
								</control>
								<control type="image">
									<posx>253</posx>
									<posy>39</posy>
									<width>52</width>
									<height>52</height>
									<texture diffuse="watched_icon_matte.png">$VAR[IconOverlay5Var]</texture>
								</control>
							</control>
						</control>
						<!-- Panel 5 -->
						<control type="group">
							<posx>1152</posx>
							<posy>375</posy>
							<width>393</width>
							<height>918</height>
							<control type="group">
								<visible>!IsEmpty(Container.ListItemNoWrap(4).FolderPath)</visible>
								<control type="image">
									<posx>30</posx>
									<posy>24</posy>
									<width>332</width>
									<height>478</height>
									<aspectratio scalediffuse="false">scale</aspectratio>
									<texture background="true" diffuse="poster_matte.png" fallback="DefaultVideo.png">$VAR[ShowcaseItem4Var]</texture>
									<bordertexture border="20" colordiffuse="black">thumb_shadow.png</bordertexture>
									<bordersize>20</bordersize>
									<fadetime>0</fadetime>
								</control>
								<control type="image">
									<posx>342</posx>
									<posy>70</posy>
									<width>100</width>
									<height>388</height>
									<texture flipx="true" border="1">side_shadow.png</texture>
								</control>
								<control type="image">
									<posx>50</posx>
									<posy>480</posy>
									<width>292</width>
									<height>438</height>
									<aspectratio aligny="top" align="right" scalediffuse="false">stretch</aspectratio>
									<texture background="true" flipy="true" diffuse="thumb_diffuse.png" fallback="DefaultVideo.png">$VAR[ShowcaseItem4Var]</texture>
									<fadetime>0</fadetime>
								</control>
								<control type="image">
									<posx>283</posx>
									<posy>44</posy>
									<width>60</width>
									<height>60</height>
									<texture diffuse="watched_icon_matte.png">$VAR[IconOverlay4Var]</texture>
								</control>
							</control>
						</control>
						<!-- Panel 4 -->
						<control type="group">
							<posx>933</posx>
							<posy>339</posy>
							<width>436</width>
							<height>1022</height>
							<control type="group">
								<visible>!IsEmpty(Container.ListItemNoWrap(3).FolderPath)</visible>
								<control type="image">
									<posx>36</posx>
									<posy>28</posy>
									<width>366</width>
									<height>528</height>
									<aspectratio scalediffuse="false">scale</aspectratio>
									<texture background="true" diffuse="poster_matte.png" fallback="DefaultVideo.png">$VAR[ShowcaseItem3Var]</texture>
									<bordertexture border="20" colordiffuse="black">thumb_shadow.png</bordertexture>
									<bordersize>20</bordersize>
									<fadetime>0</fadetime>
								</control>
								<control type="image">
									<posx>382</posx>
									<posy>78</posy>
									<width>100</width>
									<height>442</height>
									<texture flipx="true" border="1">side_shadow.png</texture>
								</control>
								<control type="image">
									<posx>56</posx>
									<posy>534</posy>
									<width>326</width>
									<height>488</height>
									<aspectratio aligny="top" align="right" scalediffuse="false">stretch</aspectratio>
									<texture background="true" flipy="true" diffuse="thumb_diffuse.png" fallback="DefaultVideo.png">$VAR[ShowcaseItem3Var]</texture>
									<fadetime>0</fadetime>
								</control>
								<control type="image">
									<posx>315</posx>
									<posy>48</posy>
									<width>68</width>
									<height>68</height>
									<texture diffuse="watched_icon_matte.png">$VAR[IconOverlay3Var]</texture>
								</control>
							</control>
						</control>
						<!-- Panel 3 -->
						<control type="group">
							<posx>669</posx>
							<posy>308</posy>
							<width>482</width>
							<height>1125</height>
							<control type="group">
								<visible>!IsEmpty(Container.ListItemNoWrap(2).FolderPath)</visible>
								<control type="image">
									<posx>42</posx>
									<posy>32</posy>
									<width>398</width>
									<height>577</height>
									<aspectratio scalediffuse="false">scale</aspectratio>
									<texture background="true" diffuse="poster_matte.png" fallback="DefaultVideo.png">$VAR[ShowcaseItem2Var]</texture>
									<bordertexture border="20" colordiffuse="black">thumb_shadow.png</bordertexture>
									<bordersize>20</bordersize>
									<fadetime>0</fadetime>
								</control>
								<control type="image">
									<posx>420</posx>
									<posy>78</posy>
									<width>100</width>
									<height>490</height>
									<texture flipx="true" border="1">side_shadow.png</texture>
								</control>
								<control type="image">
									<posx>62</posx>
									<posy>588</posy>
									<width>358</width>
									<height>537</height>
									<aspectratio aligny="top" align="right" scalediffuse="false">stretch</aspectratio>
									<texture background="true" flipy="true" diffuse="thumb_diffuse.png" fallback="DefaultVideo.png">$VAR[ShowcaseItem2Var]</texture>
									<fadetime>0</fadetime>
								</control>
								<control type="image">
									<posx>347</posx>
									<posy>52</posy>
									<width>75</width>
									<height>75</height>
									<texture diffuse="watched_icon_matte.png">$VAR[IconOverlay2Var]</texture>
								</control>
							</control>
						</control>
						<!-- Panel 2 -->
						<control type="group">
							<posx>354</posx>
							<posy>278</posy>
							<width>525</width>
							<height>1228</height>
							<control type="group">
								<visible>!IsEmpty(Container.ListItemNoWrap(1).FolderPath)</visible>
								<control type="image">
									<posx>48</posx>
									<posy>37</posy>
									<width>432</width>
									<height>626</height>
									<aspectratio scalediffuse="false">scale</aspectratio>
									<texture background="true" diffuse="poster_matte.png" fallback="DefaultVideo.png">$VAR[ShowcaseItem1Var]</texture>
									<bordertexture border="20" colordiffuse="black">thumb_shadow.png</bordertexture>
									<bordersize>20</bordersize>
									<fadetime>0</fadetime>
								</control>
								<control type="image">
									<posx>460</posx>
									<posy>82</posy>
									<width>100</width>
									<height>538</height>
									<texture flipx="true" border="1">side_shadow.png</texture>
								</control>
								<control type="image">
									<posx>68</posx>
									<posy>642</posy>
									<width>392</width>
									<height>586</height>
									<aspectratio aligny="top" align="right" scalediffuse="false">stretch</aspectratio>
									<texture background="true" flipy="true" diffuse="thumb_diffuse.png" fallback="DefaultVideo.png">$VAR[ShowcaseItem1Var]</texture>
									<fadetime>0</fadetime>
								</control>
								<control type="image">
									<posx>378</posx>
									<posy>57</posy>
									<width>82</width>
									<height>82</height>
									<texture diffuse="watched_icon_matte.png">$VAR[IconOverlay1Var]</texture>
								</control>
							</control>
						</control>
						<!-- Panel 1 -->
						<control type="group">
							<posx>-26</posx>
							<posy>246</posy>
							<width>570</width>
							<height>1334</height>
							<control type="group">
								<visible>!IsEmpty(Container.ListItemNoWrap(0).FolderPath)</visible>
								
								<control type="image">
									<!--cdart image-->
									<width>420</width>
									<height>420</height>
									<posx>80</posx>
									<posy>-100</posy>
									<texture background="true">$INFO[ListItem.Art(discart)]</texture>
									<aspectratio scalediffuse="false" align="center" aligny="center">keep</aspectratio>
									<animation effect="slide" start="0,200" end="0" tween="cubic" easing="inout" time="1200" delay="1800" condition="!IsEmpty(ListItem.Art(discart))">Conditional</animation>
									<animation effect="rotate" end="-360" center="auto" time="20000" loop="true" reversible="false" condition="Skin.HasSetting(AnimateDiscArt)">Conditional</animation>
									<visible>Skin.HasSetting(View513_ShowCDart) + !IsEmpty(ListItem.Art(discart)) + !StringCompare(Window(Home).Property(showinfopanel),show)</visible>
								</control>
								
								<control type="image">
									<posx>54</posx>
									<posy>42</posy>
									<width>466</width>
									<height>676</height>
									<aspectratio scalediffuse="false">scale</aspectratio>
									<texture background="true" diffuse="poster_matte.png" fallback="DefaultVideo.png">$VAR[ShowcaseItem0Var]</texture>
									<bordertexture border="20" colordiffuse="black">thumb_shadow.png</bordertexture>
									<bordersize>20</bordersize>
									<fadetime>0</fadetime>
								</control>
								<control type="image">
									<posx>500</posx>
									<posy>88</posy>
									<width>100</width>
									<height>588</height>
									<texture flipx="true" border="1">side_shadow.png</texture>
								</control>
								<control type="image">
									<posx>74</posx>
									<posy>698</posy>
									<width>426</width>
									<height>636</height>
									<aspectratio aligny="top" align="right" scalediffuse="false">stretch</aspectratio>
									<texture background="true" flipy="true" diffuse="thumb_diffuse.png" fallback="DefaultVideo.png">$VAR[ShowcaseItem0Var]</texture>
									<fadetime>0</fadetime>
								</control>
								<control type="image">
									<posx>410</posx>
									<posy>62</posy>
									<width>90</width>
									<height>90</height>
									<texture diffuse="watched_icon_matte.png">$VAR[IconOverlay0Var]</texture>
								</control>
							</control>
						</control>
					</control>
				</control>
				<control type="fixedlist" id="513">
					<posx>10</posx>
					<posy>460</posy>
					<width>1890</width>
					<height>560</height>
					<onup condition="!StringCompare(Window(Home).Property(showinfopanel),show)">9000</onup>
					<onup condition="StringCompare(Window(Home).Property(showinfopanel),show)">SetProperty(showinfopanel, hide, Home)</onup>
					
					<ondown condition="!StringCompare(Window(Home).Property(showinfopanel),show)">SetProperty(showinfopanel, show, Home)</ondown>
					<ondown condition="StringCompare(Window(Home).Property(showinfopanel),show)">SetProperty(showinfopanel, hide, Home)</ondown>

					<orientation>horizontal</orientation>
					<viewtype label="31440">bigwrap</viewtype>
					<pagecontrol>61</pagecontrol>
					<focusposition>1</focusposition>
					<preloaditems>2</preloaditems>
					<visible>!container.content(episodes)</visible>
					<itemlayout width="210" height="750" />
					<focusedlayout width="210" height="750">
						
					</focusedlayout>
				</control>
			</control>
			
		</control>
	</include>
	
	
	
	
	<variable name="ShowcaseItem-7Var">
		<value condition="!IsEmpty(ListItem(-7).Art(poster))">$INFO[ListItem(-7).Art(poster)]</value>
		<value condition="Container.Content(genres)">$INFO[ListItem(-7).Label,special://skin/extras/moviegenres/,.jpg]</value>
		<value>$INFO[ListItem(-7).Icon]</value>
	</variable>
	<variable name="ShowcaseItem-6Var">
		<value condition="!IsEmpty(ListItem(-6).Art(poster))">$INFO[ListItem(-6).Art(poster)]</value>
		<value condition="Container.Content(genres)">$INFO[ListItem(-6).Label,special://skin/extras/moviegenres/,.jpg]</value>
		<value>$INFO[ListItem(-6).Icon]</value>
	</variable>
	<variable name="ShowcaseItem-5Var">
		<value condition="!IsEmpty(ListItem(-5).Art(poster))">$INFO[ListItem(-5).Art(poster)]</value>
		<value condition="Container.Content(genres)">$INFO[ListItem(-5).Label,special://skin/extras/moviegenres/,.jpg]</value>
		<value>$INFO[ListItem(-5).Icon]</value>
	</variable>
	<variable name="ShowcaseItem-4Var">
		<value condition="!IsEmpty(ListItem(-4).Art(poster))">$INFO[ListItem(-4).Art(poster)]</value>
		<value condition="Container.Content(genres)">$INFO[ListItem(-4).Label,special://skin/extras/moviegenres/,.jpg]</value>
		<value>$INFO[ListItem(-4).Icon]</value>
	</variable>
	<variable name="ShowcaseItem-3Var">
		<value condition="!IsEmpty(ListItem(-3).Art(poster))">$INFO[ListItem(-3).Art(poster)]</value>
		<value condition="Container.Content(genres)">$INFO[ListItem(-3).Label,special://skin/extras/moviegenres/,.jpg]</value>
		<value>$INFO[ListItem(-3).Icon]</value>
	</variable>
	<variable name="ShowcaseItem-2Var">
		<value condition="!IsEmpty(ListItem(-2).Art(poster))">$INFO[ListItem(-2).Art(poster)]</value>
		<value condition="Container.Content(genres)">$INFO[ListItem(-2).Label,special://skin/extras/moviegenres/,.jpg]</value>
		<value>$INFO[ListItem(-2).Icon]</value>
	</variable>
	<variable name="ShowcaseItem-1Var">
		<value condition="!IsEmpty(ListItem(-1).Art(poster))">$INFO[ListItem(-1).Art(poster)]</value>
		<value condition="Container.Content(genres)">$INFO[ListItem(-1).Label,special://skin/extras/moviegenres/,.jpg]</value>
		<value>$INFO[ListItem(-1).Icon]</value>
	</variable>
	<variable name="ShowcaseItem0Var">
		<value condition="!IsEmpty(ListItem.Art(poster))">$INFO[ListItem.Art(poster)]</value>
		<value condition="Container.Content(genres)">$INFO[ListItem.Label,special://skin/extras/moviegenres/,.jpg]</value>
		<value>$INFO[ListItem.Icon]</value>
	</variable>
	<variable name="ShowcaseItem1Var">
		<value condition="!IsEmpty(ListItem(1).Art(poster))">$INFO[ListItem(1).Art(poster)]</value>
		<value condition="Container.Content(genres)">$INFO[ListItem(1).Label,special://skin/extras/moviegenres/,.jpg]</value>
		<value>$INFO[ListItem(1).Icon]</value>
	</variable>
	<variable name="ShowcaseItem2Var">
		<value condition="!IsEmpty(ListItem(2).Art(poster))">$INFO[ListItem(2).Art(poster)]</value>
		<value condition="Container.Content(genres)">$INFO[ListItem(2).Label,special://skin/extras/moviegenres/,.jpg]</value>
		<value>$INFO[ListItem(2).Icon]</value>
	</variable>
	<variable name="ShowcaseItem3Var">
		<value condition="!IsEmpty(ListItem(3).Art(poster))">$INFO[ListItem(3).Art(poster)]</value>
		<value condition="Container.Content(genres)">$INFO[ListItem(3).Label,special://skin/extras/moviegenres/,.jpg]</value>
		<value>$INFO[ListItem(3).Icon]</value>
	</variable>
	<variable name="ShowcaseItem4Var">
		<value condition="!IsEmpty(ListItem(4).Art(poster))">$INFO[ListItem(4).Art(poster)]</value>
		<value condition="Container.Content(genres)">$INFO[ListItem(4).Label,special://skin/extras/moviegenres/,.jpg]</value>
		<value>$INFO[ListItem(4).Icon]</value>
	</variable>
	<variable name="ShowcaseItem5Var">
		<value condition="!IsEmpty(ListItem(5).Art(poster))">$INFO[ListItem(5).Art(poster)]</value>
		<value condition="Container.Content(genres)">$INFO[ListItem(5).Label,special://skin/extras/moviegenres/,.jpg]</value>
		<value>$INFO[ListItem(5).Icon]</value>
	</variable>
	<variable name="ShowcaseItem6Var">
		<value condition="!IsEmpty(ListItem(6).Art(poster))">$INFO[ListItem(6).Art(poster)]</value>
		<value condition="Container.Content(genres)">$INFO[ListItem(6).Label,special://skin/extras/moviegenres/,.jpg]</value>
		<value>$INFO[ListItem(6).Icon]</value>
	</variable>
	<variable name="ShowcaseItem7Var">
		<value condition="!IsEmpty(ListItem(7).Art(poster))">$INFO[ListItem(7).Art(poster)]</value>
		<value condition="Container.Content(genres)">$INFO[ListItem(7).Label,special://skin/extras/moviegenres/,.jpg]</value>
		<value>$INFO[ListItem(7).Icon]</value>
	</variable>
	<variable name="ShowcaseItem8Var">
		<value condition="!IsEmpty(ListItem(8).Art(poster))">$INFO[ListItem(8).Art(poster)]</value>
		<value condition="Container.Content(genres)">$INFO[ListItem(8).Label,special://skin/extras/moviegenres/,.jpg]</value>
		<value>$INFO[ListItem(8).Icon]</value>
	</variable>
	<variable name="ShowcaseItem9Var">
		<value condition="!IsEmpty(ListItem(9).Art(poster))">$INFO[ListItem(9).Art(poster)]</value>
		<value condition="Container.Content(genres)">$INFO[ListItem(9).Label,special://skin/extras/moviegenres/,.jpg]</value>
		<value>$INFO[ListItem(9).Icon]</value>
	</variable>
	<variable name="IconOverlay-1Var">
		<value condition="StringCompare(ListItem(-1).Overlay,OverlayWatched.png) + !Skin.HasSetting(HideWatchedOverlayLargePoster)">overlays/big/OverlayWatched.png</value>
	</variable>
	<variable name="IconOverlay0Var">
		<value condition="StringCompare(ListItem.Overlay,OverlayWatched.png) + !Skin.HasSetting(HideWatchedOverlayLargePoster)">overlays/big/OverlayWatched.png</value>
	</variable>
	<variable name="IconOverlay1Var">
		<value condition="StringCompare(ListItem(1).Overlay,OverlayWatched.png) + !Skin.HasSetting(HideWatchedOverlayLargePoster)">overlays/big/OverlayWatched.png</value>
	</variable>
	<variable name="IconOverlay2Var">
		<value condition="StringCompare(ListItem(2).Overlay,OverlayWatched.png) + !Skin.HasSetting(HideWatchedOverlayLargePoster)">overlays/big/OverlayWatched.png</value>
	</variable>
	<variable name="IconOverlay3Var">
		<value condition="StringCompare(ListItem(3).Overlay,OverlayWatched.png) + !Skin.HasSetting(HideWatchedOverlayLargePoster)">overlays/big/OverlayWatched.png</value>
	</variable>
	<variable name="IconOverlay4Var">
		<value condition="StringCompare(ListItem(4).Overlay,OverlayWatched.png) + !Skin.HasSetting(HideWatchedOverlayLargePoster)">overlays/big/OverlayWatched.png</value>
	</variable>
	<variable name="IconOverlay5Var">
		<value condition="StringCompare(ListItem(5).Overlay,OverlayWatched.png) + !Skin.HasSetting(HideWatchedOverlayLargePoster)">overlays/big/OverlayWatched.png</value>
	</variable>
	<variable name="IconOverlay6Var">
		<value condition="StringCompare(ListItem(6).Overlay,OverlayWatched.png) + !Skin.HasSetting(HideWatchedOverlayLargePoster)">overlays/big/OverlayWatched.png</value>
	</variable>
	<variable name="IconOverlay7Var">
		<value condition="StringCompare(ListItem(7).Overlay,OverlayWatched.png) + !Skin.HasSetting(HideWatchedOverlayLargePoster)">overlays/big/OverlayWatched.png</value>
	</variable>
	<variable name="IconOverlay8Var">
		<value condition="StringCompare(ListItem(8).Overlay,OverlayWatched.png) + !Skin.HasSetting(HideWatchedOverlayLargePoster)">overlays/big/OverlayWatched.png</value>
	</variable>
	<variable name="IconOverlay9Var">
		<value condition="StringCompare(ListItem(9).Overlay,OverlayWatched.png) + !Skin.HasSetting(HideWatchedOverlayLargePoster)">overlays/big/OverlayWatched.png</value>
	</variable>
	
</includes>