<?xml version="1.0" encoding="utf-8"?>
<!--Titan-->
<includes>
    <include name="View_505_LandscapeDetails">
         <control type="group">
		<include>animation_view_change</include>
		<visible>Control.IsVisible(505)</visible>
		
		<control type="group">
			<visible>IntegerGreaterThan(Container(505).NumItems,0)</visible>
			<include>MovieDetailsLeft</include>
		  </control>
		
		<control type="panel" id="505">
			<posx>700</posx>
			 <bottom>125</bottom>
			<width>1400</width>
			<height>740</height>
			<orientation>vertical</orientation>
			<onleft>9000</onleft>
			<onright>60</onright>
			<onup>505</onup>
			<ondown>505</ondown>
			<preloaditems>4</preloaditems>
			<pagecontrol>60</pagecontrol>
			<viewtype label="31432">mediainfo</viewtype>
			<visible>!Skin.HasSetting(ForcedViews.Enabled) | 
			[Container.Content(movies) + Skin.String(ForcedViews.movies,None)] | 
			[Container.Content(tvshows) + Skin.String(ForcedViews.tvshows,None)] | 
			[Container.Content(seasons) + Skin.String(ForcedViews.seasons,None)] | 
			[Container.Content(episodes) + Skin.String(ForcedViews.episodes,None)] | 
			[[Container.Content(sets) | StringCompare(Container.Folderpath,videodb://movies/sets/)] + Skin.String(ForcedViews.sets,505)] | 
			[Container.Content(movies) + Skin.String(ForcedViews.movies,505) + !substring(Container.FolderPath,videodb://movies/sets/,left)] | 
			[Container.Content(movies) + Skin.String(ForcedViews.setmovies,505) + substring(Container.FolderPath,setid=)] | 
			[Container.Content(tvshows) + Skin.String(ForcedViews.tvshows,505)] | 
			[Container.Content(seasons) + Skin.String(ForcedViews.seasons,505)] | 
			[Container.Content(episodes) + Skin.String(ForcedViews.episodes,505)] | 
			[!Container.Content(movies) + !Container.Content(tvshows) + !Container.Content(seasons) + !Container.Content(episodes) + !Container.Content(sets)]
			</visible>

			<scrolltime tween="cubic" easing="inout">500</scrolltime>
			<itemlayout width="600" height="370">
				<include>BannerViewImagesNormal</include>
			</itemlayout>
			<focusedlayout width="600" height="370">
				<control type="group">
					<include>BannerViewOverlayFocusNormal</include>
				</control>
				
			</focusedlayout>
		</control>
		  
		  
		  
		  <!--vertical Scollbar-->
			<control type="scrollbar" id="60">
				<visible>Control.IsVisible(505)</visible>
				<right>15</right>
				 <bottom>125</bottom>
				<height>770</height>
				<onup>60</onup>
				<ondown>60</ondown>
				<onleft>505</onleft>
				<animation effect="fade" start="0" end="100" time="400" condition="Control.HasFocus(60) | Skin.HasSetting(EnableTouchSupport) | Container.Scrolling | Skin.HasSetting(alwaysShowScrollbars)">Conditional</animation>
				<animation effect="fade" start="100" end="0" time="400" condition="![Control.HasFocus(60) | Skin.HasSetting(EnableTouchSupport) | Container.Scrolling | Skin.HasSetting(alwaysShowScrollbars)]">Conditional</animation>
			</control>
			
	  
    </control>

  </include>
</includes>
