<?xml version="1.0" encoding="utf-8"?>
<!--Titan-->
<includes>
    <include name="View_515_LowList">
	
		<control type="group">
			<include>animation_view_change</include>
			<defaultcontrol always="true">515</defaultcontrol>
			<visible>Control.IsVisible(515) + IntegerGreaterThan(Container.NumItems,0)</visible>
            <visible>!Window.IsActive(DialogVideoInfo.xml)</visible>
			
			<include condition="skin.hastheme(classic)">ClassicDetailsPanel5</include>
		
			<control type="panel" id="515">
					
				<posx>330</posx>
				<posy>600</posy>
				<width>1400</width>
				<height>365</height>
				<onup>515</onup>
				<ondown>515</ondown>
				<onleft>9000</onleft>
				<onright>60</onright>
				<viewtype label="31442">list</viewtype>
				<orientation>vertical</orientation>
				<pagecontrol>60</pagecontrol>
				<scrolltime tween="cubic" easing="out">600</scrolltime>
				<preloaditems>2</preloaditems>
			
				<animation type="Conditional" condition="Container.Scrolling" reversible="true">
					<effect type="fade" start="100" end="10" delay="2000" time="400" />
				</animation>

				<itemlayout width="857" height="90" condition="![Skin.HasSetting(ListViewShowBanners) + container.content(tvshows)]">		
					<control type="group">
						<posy>3</posy>
						<!--background image-->
						<control type="image">
							<posx>0</posx>
							<posy>0</posy>
							<width>857</width>
							<height>88</height>
							<texture>colors/color_white.png</texture>
							<colordiffuse>$VAR[panel_color]</colordiffuse>
							<animation effect="fade" reversible="false" end="80" time="0" condition="StringCompare(Skin.String(ViewDetailsPanelOpacity),80)">Conditional</animation>
							<animation effect="fade" reversible="false" end="60" time="0" condition="StringCompare(Skin.String(ViewDetailsPanelOpacity),60)">Conditional</animation>
							<animation effect="fade" reversible="false" end="40" time="0" condition="StringCompare(Skin.String(ViewDetailsPanelOpacity),40)">Conditional</animation>
							<animation effect="fade" reversible="false" end="20" time="0" condition="StringCompare(Skin.String(ViewDetailsPanelOpacity),20)">Conditional</animation>
							<animation effect="fade" reversible="false" end="0" time="0" condition="StringCompare(Skin.String(ViewDetailsPanelOpacity),0)">Conditional</animation>
						</control>
						
					
						<!--Title-->
						<control type="label">
							<posx>30</posx>
							<posy>0</posy>
							<height>60</height>
							<align>left</align>
							<label>$INFO[ListItem.Label]</label>
							<textcolor>$INFO[Skin.String(ViewDetailsTextColor)]</textcolor>
							<shadowcolor>$INFO[Skin.String(ViewDetailsTextShadowColor)]</shadowcolor>
							<font>Reg34</font>
						</control>
						<!--Details-->
						<control type="label">
							<posx>30</posx>
							<posy>30</posy>
							<height>60</height>
							<align>left</align>
							<label>$VAR[Details]</label>
							<textcolor>$INFO[Skin.String(ViewDetailsTextColor)]</textcolor>
							<font>Light28</font>
						</control>
						<control type="image">
							<!--Watched Overlay-->
							<right>0</right>
							<width>80</width>
							<height>80</height>
							<colordiffuse>ccFFFFFF</colordiffuse>
							<texture>$VAR[WatchedImage]</texture>
						</control>
						<control type="label">
							<!--watched label helix-->
							<right>5</right>
							<top>-10</top>
							<width>100</width>
							<align>right</align>
							<label>$VAR[WatchedLabel]</label>
							<font>Light22</font>
							<textcolor>white</textcolor>
							<visible>!SubString(System.BuildVersion,13,left)</visible>
						</control>
						<control type="label">
							<!--watched label Gotham-->
							<right>-45</right>
							<width>50</width>
							<posy>-10</posy>
							<align>right</align>
							<label>$VAR[WatchedLabel]</label>
							<font>Light20</font>
							<textcolor>white</textcolor>
							<visible>SubString(System.BuildVersion,13,left)</visible>
						</control>
					</control>
				
				</itemlayout>
				<focusedlayout width="857" height="90" condition="![Skin.HasSetting(ListViewShowBanners) + container.content(tvshows)]">
					<control type="group">
						<posy>3</posy>
						<!--background image-->
						<control type="image">
							<posx>0</posx>
							<posy>0</posy>
							<width>857</width>
							<height>88</height>
							<texture>colors/color_white.png</texture>
							<colordiffuse>$VAR[panel_color]</colordiffuse>
							<animation effect="fade" reversible="false" end="80" time="0" condition="StringCompare(Skin.String(ViewDetailsPanelOpacity),80)">Conditional</animation>
							<animation effect="fade" reversible="false" end="60" time="0" condition="StringCompare(Skin.String(ViewDetailsPanelOpacity),60)">Conditional</animation>
							<animation effect="fade" reversible="false" end="40" time="0" condition="StringCompare(Skin.String(ViewDetailsPanelOpacity),40)">Conditional</animation>
							<animation effect="fade" reversible="false" end="20" time="0" condition="StringCompare(Skin.String(ViewDetailsPanelOpacity),20)">Conditional</animation>
							<animation effect="fade" reversible="false" end="0" time="0" condition="StringCompare(Skin.String(ViewDetailsPanelOpacity),0)">Conditional</animation>
						</control>
						
						<control type="image">
							<!--Slider-->
							<posx>0</posx>
							<width>945</width>
							<height>86</height>
							<colordiffuse>$INFO[Skin.String(ButtonFocusColor)]</colordiffuse>
							<texture>views/view_50_slider_big.png</texture>
						</control>
						
						<!--Title-->
						<control type="label">
							<posx>30</posx>
							<posy>0</posy>
							<height>60</height>
							<align>left</align>
							<scroll>true</scroll>
							<label>$INFO[ListItem.Label]</label>
							<textcolor>$INFO[Skin.String(ViewDetailsFocusColor)]</textcolor>
							<shadowcolor>$INFO[Skin.String(ViewDetailsFocusShadowColor)]</shadowcolor>
							<font>Reg34</font>
						</control>
						<!--Details-->
						<control type="label">
							<posx>30</posx>
							<posy>30</posy>
							<height>60</height>
							<align>left</align>
							<scroll>true</scroll>
							<label>$VAR[Details]</label>
							<textcolor>$INFO[Skin.String(ViewDetailsTextColor)]</textcolor>
							<font>Light28</font>
						</control>
						<control type="image">
							<!--Watched Overlay-->
							<right>0</right>
							<width>80</width>
							<height>80</height>
							<colordiffuse>ccFFFFFF</colordiffuse>
							<texture>$VAR[WatchedImage]</texture>
						</control>
						<control type="label">
							<!--watched label helix-->
							<right>5</right>
							<top>-10</top>
							<width>100</width>
							<align>right</align>
							<label>$VAR[WatchedLabel]</label>
							<font>Light22</font>
							<textcolor>white</textcolor>
							<visible>!SubString(System.BuildVersion,13,left)</visible>
						</control>
						<control type="label">
							<!--watched label Gotham-->
							<right>-45</right>
							<width>50</width>
							<posy>-10</posy>
							<align>right</align>
							<label>$VAR[WatchedLabel]</label>
							<font>Light20</font>
							<textcolor>white</textcolor>
							<visible>SubString(System.BuildVersion,13,left)</visible>
						</control>
					</control>
				</focusedlayout>
				
				<itemlayout height="182" width="857" condition="[Skin.HasSetting(ListViewShowBanners) + container.content(tvshows)]">
                    <control type="group">
					<posy>10</posy>
					<posx>5</posx>
					<animation effect="fade" reversible="false" end="60" time="0" condition="true">Conditional</animation>
					<!--background image-->
					<control type="image">
						<posx>0</posx>
						<posy>0</posy>
						<width>857</width>
						<height>180</height>
						<texture>colors/color_white.png</texture>
						<colordiffuse>$VAR[panel_color]</colordiffuse>
						<animation effect="fade" reversible="false" end="80" time="0" condition="StringCompare(Skin.String(ViewDetailsPanelOpacity),80)">Conditional</animation>
						<animation effect="fade" reversible="false" end="60" time="0" condition="StringCompare(Skin.String(ViewDetailsPanelOpacity),60)">Conditional</animation>
						<animation effect="fade" reversible="false" end="40" time="0" condition="StringCompare(Skin.String(ViewDetailsPanelOpacity),40)">Conditional</animation>
						<animation effect="fade" reversible="false" end="20" time="0" condition="StringCompare(Skin.String(ViewDetailsPanelOpacity),20)">Conditional</animation>
						<animation effect="fade" reversible="false" end="0" time="0" condition="StringCompare(Skin.String(ViewDetailsPanelOpacity),0)">Conditional</animation>
					</control>
					<control type="image">
                        <!--Banner-->
                        <width>847</width>
                        <height>160</height>
                        <texture fallback="special://skin/extras/defaulticonswide/DefaultVideo.png">$VAR[BannerImage]</texture>
                        <aspectratio align="center" aligny="center">stretch</aspectratio>
						<visible>!IsEmpty(ListItem.Art(banner)) | !IsEmpty(ListItem.Art(tvshow.banner))</visible>
                    </control>
					<control type="image">
                        <!--Banner fallback-->
                        <width>847</width>
                        <height>160</height>
                        <texture fallback="special://skin/extras/defaulticonswide/DefaultVideo.png">$VAR[BannerImageFallback]</texture>
                        <aspectratio align="center" aligny="center">scale</aspectratio>
						<visible>IsEmpty(ListItem.Art(banner)) + IsEmpty(ListItem.Art(tvshow.banner))</visible>
                    </control>
					<control type="image">
						<left>0</left>
						<top>12</top>
						<width>847</width>
						<height>140</height>
						<aspectratio scalediffuse="false" align="center">keep</aspectratio>
						<texture background="true">$INFO[ListItem.Art(clearlogo)]</texture>
						<visible>IsEmpty(ListItem.Art(banner)) + IsEmpty(ListItem.Art(tvshow.banner))</visible>
					</control>
					<control type="label">
						<top>0</top>
						<width>847</width>
						<height>160</height>
						<align>center</align>
						<aligny>center</aligny>
						<label>$INFO[ListItem.Label]</label>
						<font>Bold40</font>
						<shadowcolor>black</shadowcolor>
						<visible>IsEmpty(ListItem.Art(banner)) + IsEmpty(ListItem.Art(tvshow.banner)) + IsEmpty(ListItem.Art(clearlogo))</visible>
					</control>
                    <control type="image">
						<!--Watched Overlay-->
						<right>5</right>
						<posy>0</posy>
						<width>95</width>
						<height>95</height>
						<colordiffuse>ccFFFFFF</colordiffuse>
						<texture>$VAR[WatchedImageBanner]</texture>
						<visible>!Skin.HasSetting(HideWatchedOverlayBanner)</visible>
					</control>
					<control type="label">
						<!--watched label-->
						<centerright>35</centerright>
						<posy>-7</posy>
						<width>50</width>
						<height>60</height>
						<font>Reg24</font>
						<align>center</align>
						<label>$VAR[WatchedLabel]</label>
						<textcolor>white</textcolor>
						<visible>!Skin.HasSetting(HideWatchedOverlayBanner)</visible>
					</control>
					</control>
                </itemlayout>
                <focusedlayout height="182" width="857" condition="[Skin.HasSetting(ListViewShowBanners) + container.content(tvshows)]">
				<control type="group">
					<posy>10</posy>
					<posx>5</posx>
					<!--background image-->
					<control type="image">
						<posx>0</posx>
						<posy>0</posy>
						<width>857</width>
						<height>180</height>
						<texture>colors/color_white.png</texture>
						<colordiffuse>$VAR[panel_color]</colordiffuse>
						<animation effect="fade" reversible="false" end="80" time="0" condition="StringCompare(Skin.String(ViewDetailsPanelOpacity),80)">Conditional</animation>
						<animation effect="fade" reversible="false" end="60" time="0" condition="StringCompare(Skin.String(ViewDetailsPanelOpacity),60)">Conditional</animation>
						<animation effect="fade" reversible="false" end="40" time="0" condition="StringCompare(Skin.String(ViewDetailsPanelOpacity),40)">Conditional</animation>
						<animation effect="fade" reversible="false" end="20" time="0" condition="StringCompare(Skin.String(ViewDetailsPanelOpacity),20)">Conditional</animation>
						<animation effect="fade" reversible="false" end="0" time="0" condition="StringCompare(Skin.String(ViewDetailsPanelOpacity),0)">Conditional</animation>
					</control>
					<control type="image">
                        <!--focus image-->
                        <width>847</width>
                        <height>160</height>
						<bordersize>-6</bordersize>
                        <texture>colors/color_white.png</texture>
                        <aspectratio align="center" aligny="center">stretch</aspectratio>
						<colordiffuse>$INFO[Skin.String(ViewDetailsFocusColor)]</colordiffuse>
                    </control>
					<control type="image">
                        <!--Banner-->
                        <width>847</width>
                        <height>160</height>
                        <texture fallback="special://skin/extras/defaulticonswide/DefaultVideo.png">$VAR[BannerImage]</texture>
                        <aspectratio align="center" aligny="center">stretch</aspectratio>
						<visible>!IsEmpty(ListItem.Art(banner)) | !IsEmpty(ListItem.Art(tvshow.banner))</visible>
                    </control>
					<control type="image">
                        <!--Banner fallback-->
                        <width>847</width>
                        <height>160</height>
                        <texture fallback="special://skin/extras/defaulticonswide/DefaultVideo.png">$VAR[BannerImageFallback]</texture>
                        <aspectratio align="center" aligny="center">scale</aspectratio>
						<visible>IsEmpty(ListItem.Art(banner)) + IsEmpty(ListItem.Art(tvshow.banner))</visible>
                    </control>
					<control type="image">
						<left>0</left>
						<top>12</top>
						<width>847</width>
						<height>140</height>
						<aspectratio scalediffuse="false" align="center">keep</aspectratio>
						<texture background="true">$INFO[ListItem.Art(clearlogo)]</texture>
						<visible>IsEmpty(ListItem.Art(banner)) + IsEmpty(ListItem.Art(tvshow.banner))</visible>
					</control>
					<control type="label">
						<top>0</top>
						<width>847</width>
						<height>160</height>
						<align>center</align>
						<aligny>center</aligny>
						<label>$INFO[ListItem.Label]</label>
						<font>Bold40</font>
						<shadowcolor>black</shadowcolor>
						<visible>IsEmpty(ListItem.Art(banner)) + IsEmpty(ListItem.Art(tvshow.banner)) + IsEmpty(ListItem.Art(clearlogo))</visible>
					</control>
                    <control type="image">
						<!--Watched Overlay-->
						<right>5</right>
						<posy>0</posy>
						<width>95</width>
						<height>95</height>
						<colordiffuse>ccFFFFFF</colordiffuse>
						<texture>$VAR[WatchedImageBanner]</texture>
						<visible>!Skin.HasSetting(HideWatchedOverlayBanner)</visible>
					</control>
					<control type="label">
						<!--watched label-->
						<centerright>35</centerright>
						<posy>-7</posy>
						<width>50</width>
						<height>60</height>
						<font>Reg24</font>
						<align>center</align>
						<label>$VAR[WatchedLabel]</label>
						<textcolor>white</textcolor>
						<visible>!Skin.HasSetting(HideWatchedOverlayBanner)</visible>
					</control>
				</control>
                
				</focusedlayout>
            
			
			</control>
			
			<!--info-->
			<control type="group">
				<control type="image">
					<!--focus image-->
					<right>60</right>
					<posy>600</posy>
					<width>670</width>
					<height>362</height>
					<texture>colors/color_white.png</texture>
					<colordiffuse>$VAR[panel_color]</colordiffuse>
					<visible>!skin.hastheme(classic)</visible>
					<animation effect="fade" reversible="false" end="80" time="0" condition="StringCompare(Skin.String(ViewDetailsPanelOpacity),80)">Conditional</animation>
					<animation effect="fade" reversible="false" end="60" time="0" condition="StringCompare(Skin.String(ViewDetailsPanelOpacity),60)">Conditional</animation>
					<animation effect="fade" reversible="false" end="40" time="0" condition="StringCompare(Skin.String(ViewDetailsPanelOpacity),40)">Conditional</animation>
					<animation effect="fade" reversible="false" end="20" time="0" condition="StringCompare(Skin.String(ViewDetailsPanelOpacity),20)">Conditional</animation>
					<animation effect="fade" reversible="false" end="0" time="0" condition="StringCompare(Skin.String(ViewDetailsPanelOpacity),0)">Conditional</animation>
				</control>
				<control type="image">
					<!--focus image-->
					<right>60</right>
					<posy>600</posy>
					<width>670</width>
					<height>362</height>
					<bordersize>6</bordersize>
					<texture>colors/color_white.png</texture>
					<colordiffuse>$VAR[panel_color]</colordiffuse>
					<animation effect="fade" reversible="false" end="40" time="0" condition="true">Conditional</animation>
				</control>
				
				<control type="textbox">
					<right>80</right>
					<posy>615</posy>
					<width>625</width>
					<height>335</height>
					<label>$VAR[Plots]</label>
					<font>Light30</font>
					<textcolor>$INFO[Skin.String(ViewDetailsTextColor)]</textcolor>
					<shadowcolor>$INFO[Skin.String(ViewDetailsTextShadowColor)]</shadowcolor>
					<aligny>top</aligny>
				</control>
			</control>
		
			<!--large poster-->
			<control type="group">
				<control type="image">
					<left>65</left>
					<posy>603</posy>
					<width>265</width>
					<height>358</height>
					<texture>colors/color_white.png</texture>
					<colordiffuse>$VAR[panel_color]</colordiffuse>
					<animation effect="fade" reversible="false" end="80" time="0" condition="StringCompare(Skin.String(ViewDetailsPanelOpacity),80)">Conditional</animation>
					<animation effect="fade" reversible="false" end="60" time="0" condition="StringCompare(Skin.String(ViewDetailsPanelOpacity),60)">Conditional</animation>
					<animation effect="fade" reversible="false" end="40" time="0" condition="StringCompare(Skin.String(ViewDetailsPanelOpacity),40)">Conditional</animation>
					<animation effect="fade" reversible="false" end="20" time="0" condition="StringCompare(Skin.String(ViewDetailsPanelOpacity),20)">Conditional</animation>
					<animation effect="fade" reversible="false" end="0" time="0" condition="StringCompare(Skin.String(ViewDetailsPanelOpacity),0)">Conditional</animation>
				</control>
				<control type="image">
					<left>69</left>
					<posy>607</posy>
					<width>255</width>
					<height>351</height>
					<border>5</border>
					<texture>$VAR[PosterThumb]</texture>
					<aspectratio align="center" aligny="center" scalediffuse="false">scale</aspectratio>
					<texture background="true" diffuse="poster_matte.png" fallback="DefaultVideo.png">$VAR[PosterThumb]</texture>
				</control>
			</control>
			
			<!--vertical Scollbar-->
			<control type="scrollbar" id="60">
				<visible>Control.IsVisible(515)</visible>
				<right>15</right>
				<posy>600</posy>
				<width>25</width>
				<height>365</height>
				<onup>60</onup>
				<ondown>60</ondown>
				<onleft>515</onleft>
				<animation effect="fade" start="0" end="100" time="400" condition="Control.HasFocus(60) | Skin.HasSetting(EnableTouchSupport)">Conditional</animation>
				<animation effect="fade" start="100" end="0" time="400" condition="![Control.HasFocus(60) | Skin.HasSetting(EnableTouchSupport)]">Conditional</animation>
			</control>

		</control>
		
	</include>

</includes>