<?xml version="1.0" encoding="UTF-8"?>
<addon
	id="skin.titan"
	version="3.5.47"
	name="Titan"
	provider-name="marcelveldt">
	<requires>
		<import version="5.9.0" addon="xbmc.gui"/>		
		<import addon="script.skinshortcuts" version="0.6.0"/>
		<import addon="script.skin.helper.service" version="1.0.0"/>
        <import addon="resource.uisounds.titan.modern" version="1.0.0"/>
	</requires>
	<extension
    point="xbmc.gui.skin"
    defaultthemename="Textures.xbt"
    debugging="false">		
		<res width="1920" height="1080" aspect="16:9" default="true" folder="1080i" />
		<res width="1920" height="1200" aspect="16:10" default="false" folder="1080i" />
	</extension>
	<extension point="xbmc.addon.metadata">
		<summary lang="de">MediaPortal's Titan Skin portiert für Kodi mit jeder Menge Funktionen.</summary>
		<summary lang="en">MediaPortal's Titan skin ported to Kodi enriched with lot's of features.</summary>
		<summary lang="nl">De Titanskin van MediaPortal is geconverteerd naar Kodi en verrijkt met talloze functionaliteiten</summary>
		<platform>all</platform>
		<license>GPL v2.0</license>
		<forum>http://forum.kodi.tv/forumdisplay.php?fid=212</forum>
		<website>http://forum.kodi.tv/forumdisplay.php?fid=212</website>
		<email></email>
		<source></source>
	</extension>
</addon>