<?xml version='1.0' encoding='UTF-8'?>
<shortcuts>
	<!-- all movies -->
	<shortcut>
		<label>31050</label>
		<label2>Movies</label2>
		<defaultID>135</defaultID>
		<icon>$VAR[MoviesButtonThumb]</icon>
		<thumb />
		<action>ActivateWindow(10025,videodb://movies/titles/,return)</action>
	</shortcut>
	<!-- recenty added movies -->
	<shortcut>
		<label>31127</label>
		<label2>Movies</label2>
		<defaultID>135</defaultID>
		<icon>$VAR[RecentMoviesButtonThumb]</icon>
		<thumb />
		<action>ActivateWindow(10025,videodb://recentlyaddedmovies/,return)</action>
	</shortcut>
	<!-- movie genres -->
	<shortcut>
		<label>135</label>
		<label2>Movies</label2>
		<defaultID>135</defaultID>
		<icon>$VAR[MoviesButtonThumb]</icon>
		<thumb />
		<action>ActivateWindow(10025,videodb://movies/genres/,return)</action>
	</shortcut>
	<!-- movies in progress -->
	<shortcut>
		<label>31035</label>
		<label2>Movies</label2>
		<defaultID>135</defaultID>
		<icon>$VAR[InProgressMoviesButtonThumb]</icon>
		<thumb />
		<visible>Skin.HasSetting(IsTitanSkin)</visible>
		<action>$VAR[InProgressMoviesButtonOnClick]</action>
	</shortcut>
	<!-- unwatched movies -->
	<shortcut>
		<label>16101</label>
		<label2>Movies</label2>
		<defaultID>135</defaultID>
		<icon>$VAR[UnwatchedMoviesButtonThumb]</icon>
		<thumb />
		<visible>Skin.HasSetting(IsTitanSkin)</visible>
		<action>$VAR[UnwatchedMoviesButtonOnClick]</action>
	</shortcut>
</shortcuts>
