<?xml version='1.0' encoding='UTF-8'?>
<shortcuts>
	<shortcut>
		<label>31051</label>
		<label2>TV shows</label2>
		<defaultID>369</defaultID>
		<icon>$VAR[TvseriesButtonThumb]</icon>
		<thumb />
		<action>ActivateWindow(10025,videodb://tvshows/titles/,return)</action>
	</shortcut>
	<shortcut>
		<label>20387</label>
		<label2>Videos</label2>
		<defaultID>20387</defaultID>
		<icon>$VAR[RecentTVseriesButtonThumb]</icon>
		<thumb />
		<action>ActivateWindow(10025,videodb://recentlyaddedepisodes/,return)</action>
	</shortcut>
	<shortcut>
		<label>626</label>
		<label2>Videos</label2>
		<defaultID>626</defaultID>
		<icon>$VAR[InprogressTVseriesButtonThumb]</icon>
		<thumb />
		<action>ActivateWindow(10025,library://video/inprogressshows.xml,return)</action>
	</shortcut>
	<shortcut>
		<label>135</label>
		<label2>TV shows</label2>
		<defaultID>135</defaultID>
		<icon>special://skin/extras/hometiles/tvseries.png</icon>
		<thumb />
		<action>ActivateWindow(10025,videodb://tvshows/genres/,return)</action>
	</shortcut>
</shortcuts>
