<?xml version='1.0' encoding='UTF-8'?>
<shortcuts>
	<shortcut>
		<defaultID>$INFO[Window(Home).Property(emby.nodes.9.title)]</defaultID>
		<label>$INFO[Window(Home).Property(emby.nodes.9.title)]</label>
		<label2>Video Add-ons</label2>
		<icon>special://home/addons/plugin.video.emby/icon.png</icon>
		<thumb>$INFO[Window(Home).Property(emby.nodes.9.image)]</thumb>
		<action>$INFO[Window(Home).Property(emby.nodes.9.path)]</action>
		<visible>!IsEmpty(Window(Home).Property(emby.nodes.9.path)) + !StringCompare(Window(Home).Property(emby.nodes.9.type),channels) + !StringCompare(Window(Home).Property(emby.nodes.9.type),favourites)</visible>
	</shortcut>
	<shortcut>
		<defaultID>$INFO[Window(Home).Property(emby.nodes.9.recentepisodes.title)]</defaultID>
		<label>$INFO[Window(Home).Property(emby.nodes.9.recentepisodes.title)]</label>
		<label2>Video Add-ons</label2>
		<icon>special://home/addons/plugin.video.emby/icon.png</icon>
		<thumb>$INFO[Window(Home).Property(emby.nodes.9.recentepisodes.image)]</thumb>
		<action>$INFO[Window(Home).Property(emby.nodes.9.recentepisodes.path)]</action>
		<visible>!IsEmpty(Window(Home).Property(emby.nodes.9.recentepisodes.path))</visible>
	</shortcut>
	<shortcut>
		<defaultID>$INFO[Window(Home).Property(emby.nodes.9.inprogressepisodes.title)]</defaultID>
		<label>$INFO[Window(Home).Property(emby.nodes.9.inprogressepisodes.title)]</label>
		<label2>Video Add-ons</label2>
		<icon>special://home/addons/plugin.video.emby/icon.png</icon>
		<thumb>$INFO[Window(Home).Property(emby.nodes.9.inprogressepisodes.image)]</thumb>
		<action>$INFO[Window(Home).Property(emby.nodes.9.inprogressepisodes.path)]</action>
		<visible>!IsEmpty(Window(Home).Property(emby.nodes.9.inprogressepisodes.path))</visible>
	</shortcut>
	<shortcut>
		<defaultID>$INFO[Window(Home).Property(emby.nodes.9.nextepisodes.title)]</defaultID>
		<label>$INFO[Window(Home).Property(emby.nodes.9.nextepisodes.title)]</label>
		<label2>Video Add-ons</label2>
		<icon>special://home/addons/plugin.video.emby/icon.png</icon>
		<thumb>$INFO[Window(Home).Property(emby.nodes.9.nextepisodes.image)]</thumb>
		<action>$INFO[Window(Home).Property(emby.nodes.9.nextepisodes.path)]</action>
		<visible>!IsEmpty(Window(Home).Property(emby.nodes.9.nextepisodes.path))</visible>
	</shortcut>
	<shortcut>
		<defaultID>$INFO[Window(Home).Property(emby.nodes.9.recent.title)]</defaultID>
		<label>$INFO[Window(Home).Property(emby.nodes.9.recent.title)]</label>
		<label2>Video Add-ons</label2>
		<icon>special://home/addons/plugin.video.emby/icon.png</icon>
		<thumb>$INFO[Window(Home).Property(emby.nodes.9.recent.image)]</thumb>
		<action>$INFO[Window(Home).Property(emby.nodes.9.recent.path)]</action>
		<visible>!IsEmpty(Window(Home).Property(emby.nodes.9.recent.path))</visible>
	</shortcut>
	<shortcut>
		<defaultID>$INFO[Window(Home).Property(emby.nodes.9.inprogress.title)]</defaultID>
		<label>$INFO[Window(Home).Property(emby.nodes.9.inprogress.title)]</label>
		<label2>Video Add-ons</label2>
		<icon>special://home/addons/plugin.video.emby/icon.png</icon>
		<thumb>$INFO[Window(Home).Property(emby.nodes.9.inprogress.image)]</thumb>
		<action>$INFO[Window(Home).Property(emby.nodes.9.inprogress.path)]</action>
		<visible>!IsEmpty(Window(Home).Property(emby.nodes.9.inprogress.path))</visible>
	</shortcut>
	<shortcut>
		<defaultID>$INFO[Window(Home).Property(emby.nodes.9.unwatched.title)]</defaultID>
		<label>$INFO[Window(Home).Property(emby.nodes.9.unwatched.title)]</label>
		<label2>Video Add-ons</label2>
		<icon>special://home/addons/plugin.video.emby/icon.png</icon>
		<thumb>$INFO[Window(Home).Property(emby.nodes.9.unwatched.image)]</thumb>
		<action>$INFO[Window(Home).Property(emby.nodes.9.unwatched.path)]</action>
		<visible>!IsEmpty(Window(Home).Property(emby.nodes.9.unwatched.path))</visible>
	</shortcut>
	

</shortcuts>
