<?xml version='1.0' encoding='UTF-8'?>
<shortcuts>
	<shortcut>
		<defaultID>$INFO[Window(Home).Property(plexbmc.2.title)]</defaultID>
		<label>$INFO[Window(Home).Property(plexbmc.2.title)]</label>
		<label2>Video Add-ons</label2>
		<icon>special://skin/extras/hometiles/plexbmc.png</icon>
		<thumb />
		<action>$INFO[Window(Home).Property(plexbmc.2.all)]</action>
	</shortcut>
	<shortcut>
		<defaultID>31127</defaultID>
		<label>31127</label>
		<label2>Video Add-ons</label2>
		<icon>special://skin/extras/hometiles/plexbmc.png</icon>
		<thumb />
		<action>$INFO[Window(Home).Property(plexbmc.2.recent)]</action>
	</shortcut>
	<shortcut>
		<defaultID>575</defaultID>
		<label>575</label>
		<label2>Video Add-ons</label2>
		<icon>special://skin/extras/hometiles/plexbmc.png</icon>
		<thumb />
		<action>$INFO[Window(Home).Property(plexbmc.2.viewed)]</action>
	</shortcut>
</shortcuts>
