<?xml version='1.0' encoding='UTF-8'?>
<shortcuts>
	<shortcut>
		<defaultID>$INFO[Window(Home).Property(plexbmc.1.title)]</defaultID>
		<label>$INFO[Window(Home).Property(plexbmc.1.title)]</label>
		<label2>Video Add-ons</label2>
		<icon>$INFO[Window(Home).Property(plexbmc.1.background)]</icon>
		<thumb />
		<action>$INFO[Window(Home).Property(plexbmc.1.all)]</action>
	</shortcut>
	<shortcut>
		<defaultID>31127</defaultID>
		<label>31127</label>
		<label2>Video Add-ons</label2>
		<icon>$INFO[Window(Home).Property(plexbmc.1.recent.background)]</icon>
		<thumb />
		<action>$INFO[Window(Home).Property(plexbmc.1.recent)]</action>
	</shortcut>
	<shortcut>
		<defaultID>575</defaultID>
		<label>575</label>
		<label2>Video Add-ons</label2>
		<icon>$INFO[Window(Home).Property(plexbmc.1.ondeck.background)]</icon>
		<thumb />
		<action>$INFO[Window(Home).Property(plexbmc.1.ondeck)]</action>
	</shortcut>
	<shortcut>
		<defaultID>16101</defaultID>
		<label>16101</label>
		<label2>Video Add-ons</label2>
		<icon>$INFO[Window(Home).Property(plexbmc.1.unwatched.background)]</icon>
		<thumb />
		<action>$INFO[Window(Home).Property(plexbmc.1.unwatched)]</action>
	</shortcut>
</shortcuts>
