<?xml version='1.0' encoding='UTF-8'?>
<shortcuts>
	<shortcut>
		<defaultID>$INFO[Window(Home).Property(emby.nodes.12.title)]</defaultID>
		<label>$INFO[Window(Home).Property(emby.nodes.12.title)]</label>
		<label2>Video Add-ons</label2>
		<icon>special://home/addons/plugin.video.emby/icon.png</icon>
		<thumb>$INFO[Window(Home).Property(emby.nodes.12.image)]</thumb>
		<action>$INFO[Window(Home).Property(emby.nodes.12.path)]</action>
		<visible>!IsEmpty(Window(Home).Property(emby.nodes.12.path)) + !StringCompare(Window(Home).Property(emby.nodes.12.type),channels) + !StringCompare(Window(Home).Property(emby.nodes.12.type),favourites)</visible>
	</shortcut>
	<shortcut>
		<defaultID>$INFO[Window(Home).Property(emby.nodes.12.recentepisodes.title)]</defaultID>
		<label>$INFO[Window(Home).Property(emby.nodes.12.recentepisodes.title)]</label>
		<label2>Video Add-ons</label2>
		<icon>special://home/addons/plugin.video.emby/icon.png</icon>
		<thumb>$INFO[Window(Home).Property(emby.nodes.12.recentepisodes.image)]</thumb>
		<action>$INFO[Window(Home).Property(emby.nodes.12.recentepisodes.path)]</action>
		<visible>!IsEmpty(Window(Home).Property(emby.nodes.12.recentepisodes.path))</visible>
	</shortcut>
	<shortcut>
		<defaultID>$INFO[Window(Home).Property(emby.nodes.12.inprogressepisodes.title)]</defaultID>
		<label>$INFO[Window(Home).Property(emby.nodes.12.inprogressepisodes.title)]</label>
		<label2>Video Add-ons</label2>
		<icon>special://home/addons/plugin.video.emby/icon.png</icon>
		<thumb>$INFO[Window(Home).Property(emby.nodes.12.inprogressepisodes.image)]</thumb>
		<action>$INFO[Window(Home).Property(emby.nodes.12.inprogressepisodes.path)]</action>
		<visible>!IsEmpty(Window(Home).Property(emby.nodes.12.inprogressepisodes.path))</visible>
	</shortcut>
	<shortcut>
		<defaultID>$INFO[Window(Home).Property(emby.nodes.12.nextepisodes.title)]</defaultID>
		<label>$INFO[Window(Home).Property(emby.nodes.12.nextepisodes.title)]</label>
		<label2>Video Add-ons</label2>
		<icon>special://home/addons/plugin.video.emby/icon.png</icon>
		<thumb>$INFO[Window(Home).Property(emby.nodes.12.nextepisodes.image)]</thumb>
		<action>$INFO[Window(Home).Property(emby.nodes.12.nextepisodes.path)]</action>
		<visible>!IsEmpty(Window(Home).Property(emby.nodes.12.nextepisodes.path))</visible>
	</shortcut>
	<shortcut>
		<defaultID>$INFO[Window(Home).Property(emby.nodes.12.recent.title)]</defaultID>
		<label>$INFO[Window(Home).Property(emby.nodes.12.recent.title)]</label>
		<label2>Video Add-ons</label2>
		<icon>special://home/addons/plugin.video.emby/icon.png</icon>
		<thumb>$INFO[Window(Home).Property(emby.nodes.12.recent.image)]</thumb>
		<action>$INFO[Window(Home).Property(emby.nodes.12.recent.path)]</action>
		<visible>!IsEmpty(Window(Home).Property(emby.nodes.12.recent.path))</visible>
	</shortcut>
	<shortcut>
		<defaultID>$INFO[Window(Home).Property(emby.nodes.12.inprogress.title)]</defaultID>
		<label>$INFO[Window(Home).Property(emby.nodes.12.inprogress.title)]</label>
		<label2>Video Add-ons</label2>
		<icon>special://home/addons/plugin.video.emby/icon.png</icon>
		<thumb>$INFO[Window(Home).Property(emby.nodes.12.inprogress.image)]</thumb>
		<action>$INFO[Window(Home).Property(emby.nodes.12.inprogress.path)]</action>
		<visible>!IsEmpty(Window(Home).Property(emby.nodes.12.inprogress.path))</visible>
	</shortcut>
	<shortcut>
		<defaultID>$INFO[Window(Home).Property(emby.nodes.12.unwatched.title)]</defaultID>
		<label>$INFO[Window(Home).Property(emby.nodes.12.unwatched.title)]</label>
		<label2>Video Add-ons</label2>
		<icon>special://home/addons/plugin.video.emby/icon.png</icon>
		<thumb>$INFO[Window(Home).Property(emby.nodes.12.unwatched.image)]</thumb>
		<action>$INFO[Window(Home).Property(emby.nodes.12.unwatched.path)]</action>
		<visible>!IsEmpty(Window(Home).Property(emby.nodes.12.unwatched.path))</visible>
	</shortcut>
	

</shortcuts>
