<?xml version='1.0' encoding='UTF-8'?>
<shortcuts>
	<shortcut>
		<defaultID>$INFO[Window(Home).Property(emby.nodes.3.title)]</defaultID>
		<label>$INFO[Window(Home).Property(emby.nodes.3.title)]</label>
		<label2>Video Add-ons</label2>
		<icon>special://home/addons/plugin.video.emby/icon.png</icon>
		<thumb>$INFO[Window(Home).Property(emby.nodes.3.image)]</thumb>
		<action>$INFO[Window(Home).Property(emby.nodes.3.path)]</action>
		<visible>!IsEmpty(Window(Home).Property(emby.nodes.3.path)) + !StringCompare(Window(Home).Property(emby.nodes.3.type),channels) + !StringCompare(Window(Home).Property(emby.nodes.3.type),favourites)</visible>
	</shortcut>
	<shortcut>
		<defaultID>$INFO[Window(Home).Property(emby.nodes.3.recentepisodes.title)]</defaultID>
		<label>$INFO[Window(Home).Property(emby.nodes.3.recentepisodes.title)]</label>
		<label2>Video Add-ons</label2>
		<icon>special://home/addons/plugin.video.emby/icon.png</icon>
		<thumb>$INFO[Window(Home).Property(emby.nodes.3.recentepisodes.image)]</thumb>
		<action>$INFO[Window(Home).Property(emby.nodes.3.recentepisodes.path)]</action>
		<visible>!IsEmpty(Window(Home).Property(emby.nodes.3.recentepisodes.path))</visible>
	</shortcut>
	<shortcut>
		<defaultID>$INFO[Window(Home).Property(emby.nodes.3.inprogressepisodes.title)]</defaultID>
		<label>$INFO[Window(Home).Property(emby.nodes.3.inprogressepisodes.title)]</label>
		<label2>Video Add-ons</label2>
		<icon>special://home/addons/plugin.video.emby/icon.png</icon>
		<thumb>$INFO[Window(Home).Property(emby.nodes.3.inprogressepisodes.image)]</thumb>
		<action>$INFO[Window(Home).Property(emby.nodes.3.inprogressepisodes.path)]</action>
		<visible>!IsEmpty(Window(Home).Property(emby.nodes.3.inprogressepisodes.path))</visible>
	</shortcut>
	<shortcut>
		<defaultID>$INFO[Window(Home).Property(emby.nodes.3.nextepisodes.title)]</defaultID>
		<label>$INFO[Window(Home).Property(emby.nodes.3.nextepisodes.title)]</label>
		<label2>Video Add-ons</label2>
		<icon>special://home/addons/plugin.video.emby/icon.png</icon>
		<thumb>$INFO[Window(Home).Property(emby.nodes.3.nextepisodes.image)]</thumb>
		<action>$INFO[Window(Home).Property(emby.nodes.3.nextepisodes.path)]</action>
		<visible>!IsEmpty(Window(Home).Property(emby.nodes.3.nextepisodes.path))</visible>
	</shortcut>
	<shortcut>
		<defaultID>$INFO[Window(Home).Property(emby.nodes.3.recent.title)]</defaultID>
		<label>$INFO[Window(Home).Property(emby.nodes.3.recent.title)]</label>
		<label2>Video Add-ons</label2>
		<icon>special://home/addons/plugin.video.emby/icon.png</icon>
		<thumb>$INFO[Window(Home).Property(emby.nodes.3.recent.image)]</thumb>
		<action>$INFO[Window(Home).Property(emby.nodes.3.recent.path)]</action>
		<visible>!IsEmpty(Window(Home).Property(emby.nodes.3.recent.path))</visible>
	</shortcut>
	<shortcut>
		<defaultID>$INFO[Window(Home).Property(emby.nodes.3.inprogress.title)]</defaultID>
		<label>$INFO[Window(Home).Property(emby.nodes.3.inprogress.title)]</label>
		<label2>Video Add-ons</label2>
		<icon>special://home/addons/plugin.video.emby/icon.png</icon>
		<thumb>$INFO[Window(Home).Property(emby.nodes.3.inprogress.image)]</thumb>
		<action>$INFO[Window(Home).Property(emby.nodes.3.inprogress.path)]</action>
		<visible>!IsEmpty(Window(Home).Property(emby.nodes.3.inprogress.path))</visible>
	</shortcut>
	<shortcut>
		<defaultID>$INFO[Window(Home).Property(emby.nodes.3.unwatched.title)]</defaultID>
		<label>$INFO[Window(Home).Property(emby.nodes.3.unwatched.title)]</label>
		<label2>Video Add-ons</label2>
		<icon>special://home/addons/plugin.video.emby/icon.png</icon>
		<thumb>$INFO[Window(Home).Property(emby.nodes.3.unwatched.image)]</thumb>
		<action>$INFO[Window(Home).Property(emby.nodes.3.unwatched.path)]</action>
		<visible>!IsEmpty(Window(Home).Property(emby.nodes.3.unwatched.path))</visible>
	</shortcut>
	

</shortcuts>
