<?xml version='1.0' encoding='UTF-8'?>
<shortcuts>
	<shortcut>
		<defaultID>$INFO[Window(Home).Property(MediaBrowser.usr.0.title)]</defaultID>
		<label>$INFO[Window(Home).Property(MediaBrowser.usr.0.title)]</label>
		<label2>Video Add-ons</label2>
		<icon>special://skin/extras/hometiles/mediabrowser.png</icon>
		<thumb />
		<action>$INFO[Window(Home).Property(MediaBrowser.usr.0.path)]</action>
	</shortcut>
	<shortcut>
		<defaultID>31127</defaultID>
		<label>31127</label>
		<label2>Video Add-ons</label2>
		<icon>special://skin/extras/hometiles/mediabrowser.png</icon>
		<thumb />
		<action>$INFO[Window(Home).Property(MediaBrowser.usr.0.recent.path)]</action>
	</shortcut>
	<shortcut>
		<defaultID>16101</defaultID>
		<label>16101</label>
		<label2>Video Add-ons</label2>
		<icon>special://skin/extras/hometiles/mediabrowser.png</icon>
		<thumb />
		<action>$INFO[Window(Home).Property(MediaBrowser.usr.0.unwatched.path)]</action>
	</shortcut>
	<shortcut>
		<defaultID>135</defaultID>
		<label>135</label>
		<label2>Video Add-ons</label2>
		<icon>special://skin/extras/hometiles/mediabrowser.png</icon>
		<thumb />
		<action>$INFO[Window(Home).Property(MediaBrowser.usr.0.genre.path)]</action>
	</shortcut>
	<shortcut>
		<defaultID>575</defaultID>
		<label>575</label>
		<label2>Video Add-ons</label2>
		<icon>special://skin/extras/hometiles/mediabrowser.png</icon>
		<thumb />
		<action>$INFO[Window(Home).Property(MediaBrowser.usr.0.inprogress.path)]</action>
	</shortcut>
</shortcuts>
