<?xml version='1.0' encoding='UTF-8'?>
<shortcuts>
	<shortcut>
		<defaultID>$INFO[Window(Home).Property(emby.nodes.2.title)]</defaultID>
		<label>$INFO[Window(Home).Property(emby.nodes.2.title)]</label>
		<label2>Video Add-ons</label2>
		<icon>special://home/addons/plugin.video.emby/icon.png</icon>
		<thumb>$INFO[Window(Home).Property(emby.nodes.2.image)]</thumb>
		<action>$INFO[Window(Home).Property(emby.nodes.2.path)]</action>
		<visible>!IsEmpty(Window(Home).Property(emby.nodes.2.path)) + !StringCompare(Window(Home).Property(emby.nodes.2.type),channels) + !StringCompare(Window(Home).Property(emby.nodes.2.type),favourites)</visible>
	</shortcut>
	<shortcut>
		<defaultID>$INFO[Window(Home).Property(emby.nodes.2.recentepisodes.title)]</defaultID>
		<label>$INFO[Window(Home).Property(emby.nodes.2.recentepisodes.title)]</label>
		<label2>Video Add-ons</label2>
		<icon>special://home/addons/plugin.video.emby/icon.png</icon>
		<thumb>$INFO[Window(Home).Property(emby.nodes.2.recentepisodes.image)]</thumb>
		<action>$INFO[Window(Home).Property(emby.nodes.2.recentepisodes.path)]</action>
		<visible>!IsEmpty(Window(Home).Property(emby.nodes.2.recentepisodes.path))</visible>
	</shortcut>
	<shortcut>
		<defaultID>$INFO[Window(Home).Property(emby.nodes.2.inprogressepisodes.title)]</defaultID>
		<label>$INFO[Window(Home).Property(emby.nodes.2.inprogressepisodes.title)]</label>
		<label2>Video Add-ons</label2>
		<icon>special://home/addons/plugin.video.emby/icon.png</icon>
		<thumb>$INFO[Window(Home).Property(emby.nodes.2.inprogressepisodes.image)]</thumb>
		<action>$INFO[Window(Home).Property(emby.nodes.2.inprogressepisodes.path)]</action>
		<visible>!IsEmpty(Window(Home).Property(emby.nodes.2.inprogressepisodes.path))</visible>
	</shortcut>
	<shortcut>
		<defaultID>$INFO[Window(Home).Property(emby.nodes.2.nextepisodes.title)]</defaultID>
		<label>$INFO[Window(Home).Property(emby.nodes.2.nextepisodes.title)]</label>
		<label2>Video Add-ons</label2>
		<icon>special://home/addons/plugin.video.emby/icon.png</icon>
		<thumb>$INFO[Window(Home).Property(emby.nodes.2.nextepisodes.image)]</thumb>
		<action>$INFO[Window(Home).Property(emby.nodes.2.nextepisodes.path)]</action>
		<visible>!IsEmpty(Window(Home).Property(emby.nodes.2.nextepisodes.path))</visible>
	</shortcut>
	<shortcut>
		<defaultID>$INFO[Window(Home).Property(emby.nodes.2.recent.title)]</defaultID>
		<label>$INFO[Window(Home).Property(emby.nodes.2.recent.title)]</label>
		<label2>Video Add-ons</label2>
		<icon>special://home/addons/plugin.video.emby/icon.png</icon>
		<thumb>$INFO[Window(Home).Property(emby.nodes.2.recent.image)]</thumb>
		<action>$INFO[Window(Home).Property(emby.nodes.2.recent.path)]</action>
		<visible>!IsEmpty(Window(Home).Property(emby.nodes.2.recent.path))</visible>
	</shortcut>
	<shortcut>
		<defaultID>$INFO[Window(Home).Property(emby.nodes.2.inprogress.title)]</defaultID>
		<label>$INFO[Window(Home).Property(emby.nodes.2.inprogress.title)]</label>
		<label2>Video Add-ons</label2>
		<icon>special://home/addons/plugin.video.emby/icon.png</icon>
		<thumb>$INFO[Window(Home).Property(emby.nodes.2.inprogress.image)]</thumb>
		<action>$INFO[Window(Home).Property(emby.nodes.2.inprogress.path)]</action>
		<visible>!IsEmpty(Window(Home).Property(emby.nodes.2.inprogress.path))</visible>
	</shortcut>
	<shortcut>
		<defaultID>$INFO[Window(Home).Property(emby.nodes.2.unwatched.title)]</defaultID>
		<label>$INFO[Window(Home).Property(emby.nodes.2.unwatched.title)]</label>
		<label2>Video Add-ons</label2>
		<icon>special://home/addons/plugin.video.emby/icon.png</icon>
		<thumb>$INFO[Window(Home).Property(emby.nodes.2.unwatched.image)]</thumb>
		<action>$INFO[Window(Home).Property(emby.nodes.2.unwatched.path)]</action>
		<visible>!IsEmpty(Window(Home).Property(emby.nodes.2.unwatched.path))</visible>
	</shortcut>
	

</shortcuts>
