<?xml version='1.0' encoding='UTF-8'?>
<shortcuts>
	<shortcut>
		<defaultID>$INFO[Window(Home).Property(emby.nodes.14.title)]</defaultID>
		<label>$INFO[Window(Home).Property(emby.nodes.14.title)]</label>
		<label2>Video Add-ons</label2>
		<icon>special://home/addons/plugin.video.emby/icon.png</icon>
		<thumb>$INFO[Window(Home).Property(emby.nodes.14.image)]</thumb>
		<action>$INFO[Window(Home).Property(emby.nodes.14.path)]</action>
		<visible>!IsEmpty(Window(Home).Property(emby.nodes.14.path)) + !StringCompare(Window(Home).Property(emby.nodes.14.type),channels) + !StringCompare(Window(Home).Property(emby.nodes.14.type),favourites)</visible>
	</shortcut>
	<shortcut>
		<defaultID>$INFO[Window(Home).Property(emby.nodes.14.recentepisodes.title)]</defaultID>
		<label>$INFO[Window(Home).Property(emby.nodes.14.recentepisodes.title)]</label>
		<label2>Video Add-ons</label2>
		<icon>special://home/addons/plugin.video.emby/icon.png</icon>
		<thumb>$INFO[Window(Home).Property(emby.nodes.14.recentepisodes.image)]</thumb>
		<action>$INFO[Window(Home).Property(emby.nodes.14.recentepisodes.path)]</action>
		<visible>!IsEmpty(Window(Home).Property(emby.nodes.14.recentepisodes.path))</visible>
	</shortcut>
	<shortcut>
		<defaultID>$INFO[Window(Home).Property(emby.nodes.14.inprogressepisodes.title)]</defaultID>
		<label>$INFO[Window(Home).Property(emby.nodes.14.inprogressepisodes.title)]</label>
		<label2>Video Add-ons</label2>
		<icon>special://home/addons/plugin.video.emby/icon.png</icon>
		<thumb>$INFO[Window(Home).Property(emby.nodes.14.inprogressepisodes.image)]</thumb>
		<action>$INFO[Window(Home).Property(emby.nodes.14.inprogressepisodes.path)]</action>
		<visible>!IsEmpty(Window(Home).Property(emby.nodes.14.inprogressepisodes.path))</visible>
	</shortcut>
	<shortcut>
		<defaultID>$INFO[Window(Home).Property(emby.nodes.14.nextepisodes.title)]</defaultID>
		<label>$INFO[Window(Home).Property(emby.nodes.14.nextepisodes.title)]</label>
		<label2>Video Add-ons</label2>
		<icon>special://home/addons/plugin.video.emby/icon.png</icon>
		<thumb>$INFO[Window(Home).Property(emby.nodes.14.nextepisodes.image)]</thumb>
		<action>$INFO[Window(Home).Property(emby.nodes.14.nextepisodes.path)]</action>
		<visible>!IsEmpty(Window(Home).Property(emby.nodes.14.nextepisodes.path))</visible>
	</shortcut>
	<shortcut>
		<defaultID>$INFO[Window(Home).Property(emby.nodes.14.recent.title)]</defaultID>
		<label>$INFO[Window(Home).Property(emby.nodes.14.recent.title)]</label>
		<label2>Video Add-ons</label2>
		<icon>special://home/addons/plugin.video.emby/icon.png</icon>
		<thumb>$INFO[Window(Home).Property(emby.nodes.14.recent.image)]</thumb>
		<action>$INFO[Window(Home).Property(emby.nodes.14.recent.path)]</action>
		<visible>!IsEmpty(Window(Home).Property(emby.nodes.14.recent.path))</visible>
	</shortcut>
	<shortcut>
		<defaultID>$INFO[Window(Home).Property(emby.nodes.14.inprogress.title)]</defaultID>
		<label>$INFO[Window(Home).Property(emby.nodes.14.inprogress.title)]</label>
		<label2>Video Add-ons</label2>
		<icon>special://home/addons/plugin.video.emby/icon.png</icon>
		<thumb>$INFO[Window(Home).Property(emby.nodes.14.inprogress.image)]</thumb>
		<action>$INFO[Window(Home).Property(emby.nodes.14.inprogress.path)]</action>
		<visible>!IsEmpty(Window(Home).Property(emby.nodes.14.inprogress.path))</visible>
	</shortcut>
	<shortcut>
		<defaultID>$INFO[Window(Home).Property(emby.nodes.14.unwatched.title)]</defaultID>
		<label>$INFO[Window(Home).Property(emby.nodes.14.unwatched.title)]</label>
		<label2>Video Add-ons</label2>
		<icon>special://home/addons/plugin.video.emby/icon.png</icon>
		<thumb>$INFO[Window(Home).Property(emby.nodes.14.unwatched.image)]</thumb>
		<action>$INFO[Window(Home).Property(emby.nodes.14.unwatched.path)]</action>
		<visible>!IsEmpty(Window(Home).Property(emby.nodes.14.unwatched.path))</visible>
	</shortcut>
	

</shortcuts>
