<?xml version='1.0' encoding='UTF-8'?>
<shortcuts>
	<shortcut>
		<defaultID>$INFO[Window(Home).Property(emby.nodes.7.title)]</defaultID>
		<label>$INFO[Window(Home).Property(emby.nodes.7.title)]</label>
		<label2>Video Add-ons</label2>
		<icon>special://home/addons/plugin.video.emby/icon.png</icon>
		<thumb>$INFO[Window(Home).Property(emby.nodes.7.image)]</thumb>
		<action>$INFO[Window(Home).Property(emby.nodes.7.path)]</action>
		<visible>!IsEmpty(Window(Home).Property(emby.nodes.7.path)) + !StringCompare(Window(Home).Property(emby.nodes.7.type),channels) + !StringCompare(Window(Home).Property(emby.nodes.7.type),favourites)</visible>
	</shortcut>
	<shortcut>
		<defaultID>$INFO[Window(Home).Property(emby.nodes.7.recentepisodes.title)]</defaultID>
		<label>$INFO[Window(Home).Property(emby.nodes.7.recentepisodes.title)]</label>
		<label2>Video Add-ons</label2>
		<icon>special://home/addons/plugin.video.emby/icon.png</icon>
		<thumb>$INFO[Window(Home).Property(emby.nodes.7.recentepisodes.image)]</thumb>
		<action>$INFO[Window(Home).Property(emby.nodes.7.recentepisodes.path)]</action>
		<visible>!IsEmpty(Window(Home).Property(emby.nodes.7.recentepisodes.path))</visible>
	</shortcut>
	<shortcut>
		<defaultID>$INFO[Window(Home).Property(emby.nodes.7.inprogressepisodes.title)]</defaultID>
		<label>$INFO[Window(Home).Property(emby.nodes.7.inprogressepisodes.title)]</label>
		<label2>Video Add-ons</label2>
		<icon>special://home/addons/plugin.video.emby/icon.png</icon>
		<thumb>$INFO[Window(Home).Property(emby.nodes.7.inprogressepisodes.image)]</thumb>
		<action>$INFO[Window(Home).Property(emby.nodes.7.inprogressepisodes.path)]</action>
		<visible>!IsEmpty(Window(Home).Property(emby.nodes.7.inprogressepisodes.path))</visible>
	</shortcut>
	<shortcut>
		<defaultID>$INFO[Window(Home).Property(emby.nodes.7.nextepisodes.title)]</defaultID>
		<label>$INFO[Window(Home).Property(emby.nodes.7.nextepisodes.title)]</label>
		<label2>Video Add-ons</label2>
		<icon>special://home/addons/plugin.video.emby/icon.png</icon>
		<thumb>$INFO[Window(Home).Property(emby.nodes.7.nextepisodes.image)]</thumb>
		<action>$INFO[Window(Home).Property(emby.nodes.7.nextepisodes.path)]</action>
		<visible>!IsEmpty(Window(Home).Property(emby.nodes.7.nextepisodes.path))</visible>
	</shortcut>
	<shortcut>
		<defaultID>$INFO[Window(Home).Property(emby.nodes.7.recent.title)]</defaultID>
		<label>$INFO[Window(Home).Property(emby.nodes.7.recent.title)]</label>
		<label2>Video Add-ons</label2>
		<icon>special://home/addons/plugin.video.emby/icon.png</icon>
		<thumb>$INFO[Window(Home).Property(emby.nodes.7.recent.image)]</thumb>
		<action>$INFO[Window(Home).Property(emby.nodes.7.recent.path)]</action>
		<visible>!IsEmpty(Window(Home).Property(emby.nodes.7.recent.path))</visible>
	</shortcut>
	<shortcut>
		<defaultID>$INFO[Window(Home).Property(emby.nodes.7.inprogress.title)]</defaultID>
		<label>$INFO[Window(Home).Property(emby.nodes.7.inprogress.title)]</label>
		<label2>Video Add-ons</label2>
		<icon>special://home/addons/plugin.video.emby/icon.png</icon>
		<thumb>$INFO[Window(Home).Property(emby.nodes.7.inprogress.image)]</thumb>
		<action>$INFO[Window(Home).Property(emby.nodes.7.inprogress.path)]</action>
		<visible>!IsEmpty(Window(Home).Property(emby.nodes.7.inprogress.path))</visible>
	</shortcut>
	<shortcut>
		<defaultID>$INFO[Window(Home).Property(emby.nodes.7.unwatched.title)]</defaultID>
		<label>$INFO[Window(Home).Property(emby.nodes.7.unwatched.title)]</label>
		<label2>Video Add-ons</label2>
		<icon>special://home/addons/plugin.video.emby/icon.png</icon>
		<thumb>$INFO[Window(Home).Property(emby.nodes.7.unwatched.image)]</thumb>
		<action>$INFO[Window(Home).Property(emby.nodes.7.unwatched.path)]</action>
		<visible>!IsEmpty(Window(Home).Property(emby.nodes.7.unwatched.path))</visible>
	</shortcut>
	

</shortcuts>
