<?xml version='1.0' encoding='UTF-8'?>
<shortcuts>
	<shortcut>
		<defaultID>$INFO[Window(Home).Property(emby.nodes.8.title)]</defaultID>
		<label>$INFO[Window(Home).Property(emby.nodes.8.title)]</label>
		<label2>Video Add-ons</label2>
		<icon>special://home/addons/plugin.video.emby/icon.png</icon>
		<thumb>$INFO[Window(Home).Property(emby.nodes.8.image)]</thumb>
		<action>$INFO[Window(Home).Property(emby.nodes.8.path)]</action>
		<visible>!IsEmpty(Window(Home).Property(emby.nodes.8.path)) + !StringCompare(Window(Home).Property(emby.nodes.8.type),channels) + !StringCompare(Window(Home).Property(emby.nodes.8.type),favourites)</visible>
	</shortcut>
	<shortcut>
		<defaultID>$INFO[Window(Home).Property(emby.nodes.8.recentepisodes.title)]</defaultID>
		<label>$INFO[Window(Home).Property(emby.nodes.8.recentepisodes.title)]</label>
		<label2>Video Add-ons</label2>
		<icon>special://home/addons/plugin.video.emby/icon.png</icon>
		<thumb>$INFO[Window(Home).Property(emby.nodes.8.recentepisodes.image)]</thumb>
		<action>$INFO[Window(Home).Property(emby.nodes.8.recentepisodes.path)]</action>
		<visible>!IsEmpty(Window(Home).Property(emby.nodes.8.recentepisodes.path))</visible>
	</shortcut>
	<shortcut>
		<defaultID>$INFO[Window(Home).Property(emby.nodes.8.inprogressepisodes.title)]</defaultID>
		<label>$INFO[Window(Home).Property(emby.nodes.8.inprogressepisodes.title)]</label>
		<label2>Video Add-ons</label2>
		<icon>special://home/addons/plugin.video.emby/icon.png</icon>
		<thumb>$INFO[Window(Home).Property(emby.nodes.8.inprogressepisodes.image)]</thumb>
		<action>$INFO[Window(Home).Property(emby.nodes.8.inprogressepisodes.path)]</action>
		<visible>!IsEmpty(Window(Home).Property(emby.nodes.8.inprogressepisodes.path))</visible>
	</shortcut>
	<shortcut>
		<defaultID>$INFO[Window(Home).Property(emby.nodes.8.nextepisodes.title)]</defaultID>
		<label>$INFO[Window(Home).Property(emby.nodes.8.nextepisodes.title)]</label>
		<label2>Video Add-ons</label2>
		<icon>special://home/addons/plugin.video.emby/icon.png</icon>
		<thumb>$INFO[Window(Home).Property(emby.nodes.8.nextepisodes.image)]</thumb>
		<action>$INFO[Window(Home).Property(emby.nodes.8.nextepisodes.path)]</action>
		<visible>!IsEmpty(Window(Home).Property(emby.nodes.8.nextepisodes.path))</visible>
	</shortcut>
	<shortcut>
		<defaultID>$INFO[Window(Home).Property(emby.nodes.8.recent.title)]</defaultID>
		<label>$INFO[Window(Home).Property(emby.nodes.8.recent.title)]</label>
		<label2>Video Add-ons</label2>
		<icon>special://home/addons/plugin.video.emby/icon.png</icon>
		<thumb>$INFO[Window(Home).Property(emby.nodes.8.recent.image)]</thumb>
		<action>$INFO[Window(Home).Property(emby.nodes.8.recent.path)]</action>
		<visible>!IsEmpty(Window(Home).Property(emby.nodes.8.recent.path))</visible>
	</shortcut>
	<shortcut>
		<defaultID>$INFO[Window(Home).Property(emby.nodes.8.inprogress.title)]</defaultID>
		<label>$INFO[Window(Home).Property(emby.nodes.8.inprogress.title)]</label>
		<label2>Video Add-ons</label2>
		<icon>special://home/addons/plugin.video.emby/icon.png</icon>
		<thumb>$INFO[Window(Home).Property(emby.nodes.8.inprogress.image)]</thumb>
		<action>$INFO[Window(Home).Property(emby.nodes.8.inprogress.path)]</action>
		<visible>!IsEmpty(Window(Home).Property(emby.nodes.8.inprogress.path))</visible>
	</shortcut>
	<shortcut>
		<defaultID>$INFO[Window(Home).Property(emby.nodes.8.unwatched.title)]</defaultID>
		<label>$INFO[Window(Home).Property(emby.nodes.8.unwatched.title)]</label>
		<label2>Video Add-ons</label2>
		<icon>special://home/addons/plugin.video.emby/icon.png</icon>
		<thumb>$INFO[Window(Home).Property(emby.nodes.8.unwatched.image)]</thumb>
		<action>$INFO[Window(Home).Property(emby.nodes.8.unwatched.path)]</action>
		<visible>!IsEmpty(Window(Home).Property(emby.nodes.8.unwatched.path))</visible>
	</shortcut>
	

</shortcuts>
