<?xml version='1.0' encoding='UTF-8'?>
<shortcuts>
	<shortcut>
		<defaultID>$INFO[Window(Home).Property(emby.nodes.6.title)]</defaultID>
		<label>$INFO[Window(Home).Property(emby.nodes.6.title)]</label>
		<label2>Video Add-ons</label2>
		<icon>special://home/addons/plugin.video.emby/icon.png</icon>
		<thumb>$INFO[Window(Home).Property(emby.nodes.6.image)]</thumb>
		<action>$INFO[Window(Home).Property(emby.nodes.6.path)]</action>
		<visible>!IsEmpty(Window(Home).Property(emby.nodes.6.path)) + !StringCompare(Window(Home).Property(emby.nodes.6.type),channels) + !StringCompare(Window(Home).Property(emby.nodes.6.type),favourites)</visible>
	</shortcut>
	<shortcut>
		<defaultID>$INFO[Window(Home).Property(emby.nodes.6.recentepisodes.title)]</defaultID>
		<label>$INFO[Window(Home).Property(emby.nodes.6.recentepisodes.title)]</label>
		<label2>Video Add-ons</label2>
		<icon>special://home/addons/plugin.video.emby/icon.png</icon>
		<thumb>$INFO[Window(Home).Property(emby.nodes.6.recentepisodes.image)]</thumb>
		<action>$INFO[Window(Home).Property(emby.nodes.6.recentepisodes.path)]</action>
		<visible>!IsEmpty(Window(Home).Property(emby.nodes.6.recentepisodes.path))</visible>
	</shortcut>
	<shortcut>
		<defaultID>$INFO[Window(Home).Property(emby.nodes.6.inprogressepisodes.title)]</defaultID>
		<label>$INFO[Window(Home).Property(emby.nodes.6.inprogressepisodes.title)]</label>
		<label2>Video Add-ons</label2>
		<icon>special://home/addons/plugin.video.emby/icon.png</icon>
		<thumb>$INFO[Window(Home).Property(emby.nodes.6.inprogressepisodes.image)]</thumb>
		<action>$INFO[Window(Home).Property(emby.nodes.6.inprogressepisodes.path)]</action>
		<visible>!IsEmpty(Window(Home).Property(emby.nodes.6.inprogressepisodes.path))</visible>
	</shortcut>
	<shortcut>
		<defaultID>$INFO[Window(Home).Property(emby.nodes.6.nextepisodes.title)]</defaultID>
		<label>$INFO[Window(Home).Property(emby.nodes.6.nextepisodes.title)]</label>
		<label2>Video Add-ons</label2>
		<icon>special://home/addons/plugin.video.emby/icon.png</icon>
		<thumb>$INFO[Window(Home).Property(emby.nodes.6.nextepisodes.image)]</thumb>
		<action>$INFO[Window(Home).Property(emby.nodes.6.nextepisodes.path)]</action>
		<visible>!IsEmpty(Window(Home).Property(emby.nodes.6.nextepisodes.path))</visible>
	</shortcut>
	<shortcut>
		<defaultID>$INFO[Window(Home).Property(emby.nodes.6.recent.title)]</defaultID>
		<label>$INFO[Window(Home).Property(emby.nodes.6.recent.title)]</label>
		<label2>Video Add-ons</label2>
		<icon>special://home/addons/plugin.video.emby/icon.png</icon>
		<thumb>$INFO[Window(Home).Property(emby.nodes.6.recent.image)]</thumb>
		<action>$INFO[Window(Home).Property(emby.nodes.6.recent.path)]</action>
		<visible>!IsEmpty(Window(Home).Property(emby.nodes.6.recent.path))</visible>
	</shortcut>
	<shortcut>
		<defaultID>$INFO[Window(Home).Property(emby.nodes.6.inprogress.title)]</defaultID>
		<label>$INFO[Window(Home).Property(emby.nodes.6.inprogress.title)]</label>
		<label2>Video Add-ons</label2>
		<icon>special://home/addons/plugin.video.emby/icon.png</icon>
		<thumb>$INFO[Window(Home).Property(emby.nodes.6.inprogress.image)]</thumb>
		<action>$INFO[Window(Home).Property(emby.nodes.6.inprogress.path)]</action>
		<visible>!IsEmpty(Window(Home).Property(emby.nodes.6.inprogress.path))</visible>
	</shortcut>
	<shortcut>
		<defaultID>$INFO[Window(Home).Property(emby.nodes.6.unwatched.title)]</defaultID>
		<label>$INFO[Window(Home).Property(emby.nodes.6.unwatched.title)]</label>
		<label2>Video Add-ons</label2>
		<icon>special://home/addons/plugin.video.emby/icon.png</icon>
		<thumb>$INFO[Window(Home).Property(emby.nodes.6.unwatched.image)]</thumb>
		<action>$INFO[Window(Home).Property(emby.nodes.6.unwatched.path)]</action>
		<visible>!IsEmpty(Window(Home).Property(emby.nodes.6.unwatched.path))</visible>
	</shortcut>
	

</shortcuts>
