<shortcuts>
	<shortcut>
		<label>31130</label>
		<label2>Netflix</label2>
		<icon>special://skin/extras/hometiles/netflix.png</icon>
		<thumb />
		<action>ActivateWindow(10025,"plugin://plugin.video.netflixbmc/?mode=listVideos&amp;thumb&amp;type=movie&amp;url=http%3a%2f%2fwww.netflix.com%2fMyList%3fleid%3d595%26link%3dseeall",return)</action>
	</shortcut>
	<shortcut>
		<label>31129</label>
		<label2>Netflix</label2>
		<icon>special://skin/extras/hometiles/netflix.png</icon>
		<thumb />
		<action>ActivateWindow(10025,"plugin://plugin.video.netflixbmc/?mode=listVideos&amp;thumb&amp;type=tv&amp;url=http%3a%2f%2fwww.netflix.com%2fMyList%3fleid%3d595%26link%3dseeall",return)</action>
	</shortcut>
	<shortcut>
		<label>31131</label>
		<label2>Netflix</label2>
		<icon>special://skin/extras/hometiles/netflix.png</icon>
		<thumb />
		<action>ActivateWindow(10025,"plugin://plugin.video.netflixbmc/?mode=wiHome&amp;thumb&amp;type=both&amp;url",return)</action>
	</shortcut>
	<shortcut>
		<label>31048</label>
		<label2>Netflix</label2>
		<icon>special://skin/extras/hometiles/netflix.png</icon>
		<thumb />
		<action>ActivateWindow(10025,"plugin://plugin.video.netflixbmc/?mode=listVideos&amp;thumb&amp;type=movie&amp;url=http%3a%2f%2fwww.netflix.com%2fWiRecentAdditionsGallery%3fnRR%3dreleaseDate%26nRT%3dall%26pn%3d1%26np%3d1%26actionMethod%3djson",return)</action>
	</shortcut>
	<shortcut>
		<label>31049</label>
		<label2>Netflix</label2>
		<icon>special://skin/extras/hometiles/netflix.png</icon>
		<thumb />
		<action>ActivateWindow(10025,"plugin://plugin.video.netflixbmc/?mode=listVideos&amp;thumb&amp;type=tv&amp;url=http%3a%2f%2fwww.netflix.com%2fWiRecentAdditionsGallery%3fnRR%3dreleaseDate%26nRT%3dall%26pn%3d1%26np%3d1%26actionMethod%3djson",return)</action>
	</shortcut>
	<shortcut>
		<label>31050</label>
		<label2>Netflix</label2>
		<icon>special://skin/extras/hometiles/netflix.png</icon>
		<thumb />
		<action>ActivateWindow(10025,"plugin://plugin.video.netflixbmc/?mode=main&amp;thumb&amp;type=movie&amp;url",return)</action>
	</shortcut>
	<shortcut>
		<label>31051</label>
		<label2>Netflix</label2>
		<icon>special://skin/extras/hometiles/netflix.png</icon>
		<thumb />
		<action>ActivateWindow(10025,"plugin://plugin.video.netflixbmc/?mode=main&amp;thumb&amp;type=tv&amp;url",return)</action>
	</shortcut>
</shortcuts>
