<?xml version='1.0' encoding='UTF-8'?>
<shortcuts>
	<shortcut>
		<label>744</label>
		<label2>Videos</label2>
		<defaultID>744</defaultID>
		<icon>special://skin/extras/defaulticonswide/defaultvideoplaylists.png</icon>
		<thumb />
		<action>ActivateWindow(Videos,Files,return)</action>
	</shortcut>
	<shortcut>
		<label>1037</label>
		<label2>Videos</label2>
		<defaultID>1037</defaultID>
		<icon>special://skin/extras/defaulticonswide/defaultvideoplugins.png</icon>
		<thumb />
		<action>ActivateWindow(Videos,Addons,return)</action>
	</shortcut>
	<shortcut>
		<label>342</label>
		<label2 />
		<defaultID>movies</defaultID>
		<icon>$VAR[MoviesButtonThumb]</icon>
		<thumb />
		<action>ActivateWindow(Videos,videodb://movies/titles/,return)</action>
	</shortcut>
	<shortcut>
		<label>20343</label>
		<label2 />
		<defaultID>tvshows</defaultID>
		<icon>$VAR[TvseriesButtonThumb]</icon>
		<thumb />
		<action>ActivateWindow(Videos,videodb://tvshows/titles/,return)</action>
	</shortcut>
	<shortcut>
		<label>20389</label>
		<label2>Common Shortcut</label2>
		<defaultID>musicvideos</defaultID>
		<icon>$VAR[MusicVideosButtonThumb]</icon>
		<thumb />
		<action>ActivateWindow(Videos,videodb://musicvideos/titles/,return)</action>
	</shortcut>
</shortcuts>
