<!--Titan-->
<colors>

	<!-- All others -->
	<color name="black">FF1b1b1b</color>	
	<color name="red">FFFF0000</color>
	<color name="blue">FF0000FF</color>
	<color name="darkblue">ff011222</color>
	<color name="green">FF00FF00</color>	
	<color name="WidgetPosterDiffuse">aaFFFFFF</color>
	<color name="PrimaryM">FFFFFFFF</color>
	
	<color name="pink">ffffc0cb</color>
	<color name="purple">ff3a0079</color>
	<color name="lime">ff32cd32</color>
	<color name="yellow">ffffff00</color>
	<color name="cyan">ff00ffff</color>
	<color name="magenta">ffff00ff</color>

	
	<!--Global-->
	<!--Titan 00b8ff-->
	<!--Avalon 6aa5cb-->
	<color name="mainblue">FF00b8ff</color>			<!--Main Blue-->	
	<color name="ccmainblue">cc00b8ff</color>		<!--Main Blue-->		
	<color name="orange">FFff7800</color>			<!--Orange-->		
	
	<!--List 50, and all other List Views-->
	<color name="list_label_1_fo">cc00b8ff</color>		<!--CC Main Blue-->
	<color name="list_label_1_nf">$VAR[ThemeFontColorMidGrey]</color>		<!--Mid Grey-->
	<color name="list_label_1_select">cc00b8ff</color>	<!--CC Main Blue-->
	<color name="list_label_2_first">7700b8ff</color>	<!--77 Main Blue-->
	<color name="list_label_2_second">FF858585</color>	<!--Light Grey-->	
	<color name="list_label_info">FF686868</color>		<!--Mid Grey-->		
	<color name="list_separator">BBFFFFFF</color>		<!--Diffuse-->	
	<color name="list_flag">77FFFFFF</color>			<!--Diffuse-->
	<color name="panel_color">ff011222</color>
	<!--Video Info-->
	<color name="video_info_flag">77FFFFFF</color>		<!--Diffuse-->
	
	<!--Grey-->
	<color name="grey">FFC0C2C2</color>
	<color name="lightgrey">FF858585</color>      
	<color name="midgrey">FF686868</color>      
	<color name="bluegrey">ffC6C6C8</color>
	<color name="darkgrey">FF3e3e3e</color>
	<color name="darkgrey2">FF666769</color>		
	
	<!--White-->
	<color name="white">FFfffeff</color>
	<color name="77white">77FFFFFF</color>	
	<color name="aawhite">AAFFFFFF</color>  
	<color name="bbwhite">BBFFFFFF</color>  
	<color name="ddwhite">DDFFFFFF</color>  
	<color name="eewhite">EEFFFFFF</color>
	
</colors>