<?xml version='1.0' encoding='UTF-8'?>
<shortcuts>
	<shortcut>
		<defaultID>31051</defaultID>
		<label>31051</label>
		<label2>netflix</label2>
		<icon>$INFO[Window(Home).Property(Netflix.alltv)]</icon>
		<thumb />
		<action>ActivateWindow(10025,"plugin://plugin.video.netflixbmc/?mode=main&amp;thumb&amp;type=tv&amp;url",return)</action>
	</shortcut>
	<shortcut>
		<defaultID>31535</defaultID>
		<label>31535</label>
		<label2>netflix</label2>
		<icon>$INFO[Window(Home).Property(Netflix.progresstv)]</icon>
		<thumb />
		<action>ActivateWindow(10025,"plugin://plugin.video.netflixbmc/?mode=listSliderVideos&amp;thumb&amp;type=tv&amp;url=slider_4",return)</action>
	</shortcut>
	<shortcut>
		<defaultID>31534</defaultID>
		<label>31534</label>
		<label2>netflix</label2>
		<icon>$INFO[Window(Home).Property(Netflix.mylisttv)]</icon>
		<thumb />
		<action>ActivateWindow(10025,"plugin://plugin.video.netflixbmc/?mode=listVideos&amp;thumb&amp;type=tv&amp;url=http%3a%2f%2fwww.netflix.com%2fMyList%3fleid%3d595%26link%3dseeall",return)</action>
	</shortcut>
	<shortcut>
		<defaultID>31131</defaultID>
		<label>31131</label>
		<label2>netflix</label2>
		<icon>$INFO[Window(Home).Property(Netflix.suggestionstv)]</icon>
		<thumb />
		<action>ActivateWindow(10025,"plugin://plugin.video.netflixbmc/?mode=wiHome&amp;thumb&amp;type=tv&amp;url",return)</action>
	</shortcut>
	<shortcut>
		<defaultID>31049</defaultID>
		<label>31049</label>
		<label2>netflix</label2>
		<icon>$INFO[Window(Home).Property(Netflix.recenttv)]</icon>
		<thumb />
		<action>ActivateWindow(10025,"plugin://plugin.video.netflixbmc/?mode=listVideos&amp;thumb&amp;type=tv&amp;url=http%3a%2f%2fwww.netflix.com%2fWiRecentAdditionsGallery%3fnRR%3dreleaseDate%26nRT%3dall%26pn%3d1%26np%3d1%26actionMethod%3djson",return)</action>
	</shortcut>
</shortcuts>
