<?xml version="1.0" encoding="UTF-8"?>


<template>
	
	<other include="widget">
		<!-- Match our custom widgets with a widgetType of media, or a node with mediaType of movies or tvshows -->
		<condition tag="property" attribute="name|widgetTarget"></condition>
		<match>any</match>

		<!-- For nodes, set the content property to the value of widgetPath -->
		<property name="content" tag="property" attribute="name|widgetPath" />
		<property name="target" tag="property" attribute="name|widgetTarget" />
        <property name="submenuVisibility" tag="property" attribute="name|submenuVisibility" />

		<controls>
            <control type="label" id="600">
                <label>widget-0</label>
                <width>1</width>
                <heigth>1</heigth>
                <posx>-1</posx>
                <posy>-1</posy>
                <skinshortcuts>visibility</skinshortcuts>
                <visible>Skin.String(widgetvalue-$SKINSHORTCUTS[submenuVisibility],0) | !Skin.String(widgetvalue-$SKINSHORTCUTS[submenuVisibility])</visible>
            </control>
			<control type="panel" id="510">
				<skinshortcuts>visibility</skinshortcuts>
                <visible>Skin.String(widgetvalue-$SKINSHORTCUTS[submenuVisibility],0) | !Skin.String(widgetvalue-$SKINSHORTCUTS[submenuVisibility])</visible>
                <include condition="!Skin.String(HomeLayout, enhanced) + Skin.String(widgetstyle, poster) + Skin.String(HomeLayout, simplever)">widget_layout_vertical_poster</include>
                <include condition="!Skin.String(HomeLayout, enhanced) + Skin.String(widgetstyle, landscape) + Skin.String(HomeLayout, simplever)">widget_layout_vertical_landscape</include>
                <include condition="!Skin.String(HomeLayout, enhanced) + Skin.String(widgetstyle, poster) + !Skin.String(HomeLayout, simplever)">widget_layout_horizontal_poster</include>
                <include condition="!Skin.String(HomeLayout, enhanced) + Skin.String(widgetstyle, landscape) + !Skin.String(HomeLayout, simplever)">widget_layout_horizontal_landscape</include>
                <include condition="!Skin.String(HomeLayout, enhanced) + Skin.String(widgetstyle, single box)">widget_layout_single_box</include>
				<include condition="Skin.String(HomeLayout, enhanced)">panel_layout_enhanced</include>
				<content target="$SKINSHORTCUTS[target]">$SKINSHORTCUTS[content]</content>
			</control>
		</controls>
	</other>
	
	<other include="widget.1">
		<!-- Match our custom widgets with a widgetType of media, or a node with mediaType of movies or tvshows -->
		<condition tag="property" attribute="name|widgetTarget.1"></condition>
		<match>any</match>
		<!-- For nodes, set the content property to the value of widgetPath -->
		<property name="content" tag="property" attribute="name|widgetPath.1" />
		<property name="target" tag="property" attribute="name|widgetTarget.1" />
        <property name="submenuVisibility" tag="property" attribute="name|submenuVisibility" />

		<controls>
            <control type="label" id="600">
                <label>widget-1</label>
                <width>1</width>
                <heigth>1</heigth>
                <posx>-1</posx>
                <posy>-1</posy>
                <skinshortcuts>visibility</skinshortcuts>
                <visible>Skin.String(widgetvalue-$SKINSHORTCUTS[submenuVisibility],1)</visible>
            </control>
			<control type="panel" id="510">
				<skinshortcuts>visibility</skinshortcuts>
				<visible>Skin.String(widgetvalue-$SKINSHORTCUTS[submenuVisibility],1)</visible>
				<include condition="!Skin.String(HomeLayout, enhanced) + Skin.String(widgetstyle, poster) + Skin.String(HomeLayout, simplever)">widget_layout_vertical_poster</include>
                <include condition="!Skin.String(HomeLayout, enhanced) + Skin.String(widgetstyle, landscape) + Skin.String(HomeLayout, simplever)">widget_layout_vertical_landscape</include>
                <include condition="!Skin.String(HomeLayout, enhanced) + Skin.String(widgetstyle, poster) + !Skin.String(HomeLayout, simplever)">widget_layout_horizontal_poster</include>
                <include condition="!Skin.String(HomeLayout, enhanced) + Skin.String(widgetstyle, landscape) + !Skin.String(HomeLayout, simplever)">widget_layout_horizontal_landscape</include>
                <include condition="!Skin.String(HomeLayout, enhanced) + Skin.String(widgetstyle, single box)">widget_layout_single_box</include>
				<include condition="Skin.String(HomeLayout, enhanced)">panel_layout_enhanced</include>
				<content target="$SKINSHORTCUTS[target]">$SKINSHORTCUTS[content]</content>
			</control>
		</controls>
	</other>
    
    <other include="widget.2">
		<!-- Match our custom widgets with a widgetType of media, or a node with mediaType of movies or tvshows -->
		<condition tag="property" attribute="name|widgetTarget.2"></condition>
		<match>any</match>
		<!-- For nodes, set the content property to the value of widgetPath -->
		<property name="content" tag="property" attribute="name|widgetPath.2" />
		<property name="target" tag="property" attribute="name|widgetTarget.2" />
        <property name="submenuVisibility" tag="property" attribute="name|submenuVisibility" />

		<controls>
            <control type="label" id="600">
                <label>widget-2</label>
                <width>1</width>
                <heigth>1</heigth>
                <posx>-1</posx>
                <posy>-1</posy>
                <skinshortcuts>visibility</skinshortcuts>
                <visible>Skin.String(widgetvalue-$SKINSHORTCUTS[submenuVisibility],2)</visible>
            </control>
			<control type="panel" id="510">
				<skinshortcuts>visibility</skinshortcuts>
				<visible>Skin.String(widgetvalue-$SKINSHORTCUTS[submenuVisibility],2)</visible>
				<include condition="!Skin.String(HomeLayout, enhanced) + Skin.String(widgetstyle, poster) + Skin.String(HomeLayout, simplever)">widget_layout_vertical_poster</include>
                <include condition="!Skin.String(HomeLayout, enhanced) + Skin.String(widgetstyle, landscape) + Skin.String(HomeLayout, simplever)">widget_layout_vertical_landscape</include>
                <include condition="!Skin.String(HomeLayout, enhanced) + Skin.String(widgetstyle, poster) + !Skin.String(HomeLayout, simplever)">widget_layout_horizontal_poster</include>
                <include condition="!Skin.String(HomeLayout, enhanced) + Skin.String(widgetstyle, landscape) + !Skin.String(HomeLayout, simplever)">widget_layout_horizontal_landscape</include>
                <include condition="!Skin.String(HomeLayout, enhanced) + Skin.String(widgetstyle, single box)">widget_layout_single_box</include>
				<include condition="Skin.String(HomeLayout, enhanced)">panel_layout_enhanced</include>
				<content target="$SKINSHORTCUTS[target]">$SKINSHORTCUTS[content]</content>
			</control>
		</controls>
	</other>
    
    <other include="widget.3">
		<!-- Match our custom widgets with a widgetType of media, or a node with mediaType of movies or tvshows -->
		<condition tag="property" attribute="name|widgetTarget.3"></condition>
		<match>any</match>
		<!-- For nodes, set the content property to the value of widgetPath -->
		<property name="content" tag="property" attribute="name|widgetPath.3" />
		<property name="target" tag="property" attribute="name|widgetTarget.3" />
        <property name="submenuVisibility" tag="property" attribute="name|submenuVisibility" />

		<controls>
            <control type="label" id="600">
                <label>widget-3</label>
                <width>1</width>
                <heigth>1</heigth>
                <posx>-1</posx>
                <posy>-1</posy>
                <skinshortcuts>visibility</skinshortcuts>
                <visible>Skin.String(widgetvalue-$SKINSHORTCUTS[submenuVisibility],3)</visible>
            </control>
			<control type="panel" id="510">
				<skinshortcuts>visibility</skinshortcuts>
				<visible>Skin.String(widgetvalue-$SKINSHORTCUTS[submenuVisibility],3)</visible>
				<include condition="!Skin.String(HomeLayout, enhanced) + Skin.String(widgetstyle, poster) + Skin.String(HomeLayout, simplever)">widget_layout_vertical_poster</include>
                <include condition="!Skin.String(HomeLayout, enhanced) + Skin.String(widgetstyle, landscape) + Skin.String(HomeLayout, simplever)">widget_layout_vertical_landscape</include>
                <include condition="!Skin.String(HomeLayout, enhanced) + Skin.String(widgetstyle, poster) + !Skin.String(HomeLayout, simplever)">widget_layout_horizontal_poster</include>
                <include condition="!Skin.String(HomeLayout, enhanced) + Skin.String(widgetstyle, landscape) + !Skin.String(HomeLayout, simplever)">widget_layout_horizontal_landscape</include>
                <include condition="!Skin.String(HomeLayout, enhanced) + Skin.String(widgetstyle, single box)">widget_layout_single_box</include>
				<include condition="Skin.String(HomeLayout, enhanced)">panel_layout_enhanced</include>
				<content target="$SKINSHORTCUTS[target]">$SKINSHORTCUTS[content]</content>
			</control>
		</controls>
	</other>
	
	<other include="spotlightwidget">
		<!-- Match our custom widgets with a widgetType of media, or a node with mediaType of movies or tvshows -->
		<condition tag="property" attribute="name|widgetTarget.99"></condition>
		<match>any</match>

		<!-- For nodes, set the content property to the value of widgetPath -->
		<property name="content" tag="property" attribute="name|widgetPath.99" />
		<property name="target" tag="property" attribute="name|widgetTarget.99" />
        <property name="submenuVisibility" tag="property" attribute="name|submenuVisibility" />

		<controls>
			<control type="panel" id="1508">
				<skinshortcuts>visibility</skinshortcuts>
				<include>SpotLightWidgetLayout</include>
				<content target="$SKINSHORTCUTS[target]">$SKINSHORTCUTS[content]</content>
			</control>
		</controls>
	</other>


</template>
