<views>
    <view id="List" value="50" />
    <view id="Big List" value="51" />
    <view id="Horizontal Panel" value="52" />
    <view id="Panel details" value="53" />
	<view id="Panel Wall" value="54" />
    <view id="Banner list" value="55" />
    <view id="Banner Plex" value="56" />
    <view id="Big Panel" value="57" />
    <view id="Large Poster" value="58" />
    <view id="Big Panel details" value="59" />
    <view id="Landscape" value="501" />
	<view id="Landscape Single Row" value="502" />
	<view id="Landscape details" value="505" />	
	<view id="Extended" value="506" />	
	<view id="FanArt" value="507" />	
	<view id="Single Poster" value="508" />	
	<view id="Panel Square" value="509" />	
	<view id="Panel Square details" value="510" />	
	<view id="Thumbs" value="511" />	
	<view id="Thumbs details" value="512" />	
	<view id="Poster Row" value="513" />	
	<view id="Poster Shift" value="514" />
	<view id="Low List" value="515" />	
</views>