<views>
    <view id="List" value="50" languageid="31443" type="all"/>
    <view id="Big List" value="51" languageid="31444" type="all" />
    <view id="Horizontal Panel" value="52" languageid="31445" type="movies,setmovies,tvshows,musicvideos,seasons,sets" />
    <view id="Panel details" value="53" languageid="31422" type="movies,setmovies,tvshows,musicvideos,seasons,sets" />
	<view id="Panel Wall" value="54" languageid="31423" type="movies,setmovies,tvshows,musicvideos,seasons,sets" />
    <view id="Banner list" value="55" languageid="31424" type="movies,setmovies,tvshows,musicvideos,seasons,sets,artists" />
    <view id="Banner Plex" value="56" languageid="31425" type="movies,setmovies,tvshows,musicvideos,seasons,sets,artists" />
    <view id="Big Panel" value="57" languageid="31426" type="movies,setmovies,tvshows,musicvideos,seasons,sets" />
    <view id="Large Poster" value="58" languageid="31427" type="movies,setmovies,tvshows,musicvideos,seasons,sets" />
	<view id="Showcase" value="500" languageid="31429" type="movies,setmovies,tvshows,musicvideos,seasons,sets" />
    <view id="Big Panel details" value="59" languageid="31428" type="movies,setmovies,tvshows,musicvideos,seasons,sets" />
    <view id="Landscape" value="501" languageid="31430" type="movies,setmovies,tvshows,musicvideos,seasons,sets,episodes,tvchannels,tvrecordings,pictures" />
	<view id="Landscape Single Row" value="502" languageid="31431" type="movies,setmovies,tvshows,musicvideos,seasons,sets,episodes,tvchannels,tvrecordings,pictures" />
	<view id="Logos" value="503" languageid="31461" type="movies,setmovies,tvshows,musicvideos,artists" />
	<view id="Landscape details" value="505" languageid="31432" type="movies,setmovies,tvshows,musicvideos,seasons,sets,episodes,tvchannels,tvrecordings" />
	<view id="Extended" value="506" languageid="31433" type="movies,setmovies,tvshows,musicvideos,seasons,sets,episodes,tvchannels,tvrecordings,programs,pictures,artists" />	
	<view id="FanArt" value="507" languageid="31434" type="movies,setmovies,tvshows,musicvideos,seasons,sets,pictures" />	
	<view id="Single Poster" value="508" languageid="31435" type="movies,setmovies,tvshows,musicvideos,seasons,sets" />	
	<view id="Panel Square" value="509" languageid="31436" type="all" />	
	<view id="Panel Square details" value="510" languageid="31437" type="all" />	
	<view id="Thumbs" value="511" languageid="31438" type="movies,setmovies,tvshows,musicvideos,seasons,sets,episodes,artists,albums,songs,tvchannels,tvrecordings,programs,pictures" />
	<view id="Thumbs details" value="512" languageid="31439" type="movies,setmovies,tvshows,musicvideos,seasons,sets,episodes,artists,albums,songs,tvchannels,tvrecordings,programs,pictures" />
	<view id="Poster Row" value="513" languageid="31440" type="movies,setmovies,tvshows,musicvideos,seasons,sets" />	
	<view id="Poster Shift" value="514" languageid="31441" type="movies,setmovies,tvshows,musicvideos,seasons,sets" />
	<view id="Low List" value="515" languageid="31442" type="all" />	
	<view id="Slim List" value="516" languageid="31450" type="all" />
</views>