<?xml version="1.0" encoding="utf-8"?>
<!--Titan-->
<window>
    <defaultcontrol always="true">11</defaultcontrol>
    <controls>
        <!--Dialog Overlay-->
        <include>DialogOverlayExtra</include>
        <!--Dialog Yes/No-->
        <control type="group">
            <include>animation_window_open_close</include>
			 <control type="image">
				<posx>0</posx>
				<posy>275</posy>
				<width>100%</width>
				<height>450</height>
				<texture border="5">diffuse/panel.png</texture>
				<colordiffuse>$INFO[Skin.String(GeneralPanelsColor)]</colordiffuse>
			</control>
            <control type="image">
				<posx>0</posx>
				<posy>280</posy>
				<width>100%</width>
				<height>440</height>
				<texture border="5">diffuse/panel.png</texture>
				<colordiffuse>$INFO[Skin.String(GeneralPanelsColor)]</colordiffuse>
			</control>
            <control type="group">
                <posx>590</posx>
                <posy>520</posy>
                <control type="button" id="11">
                    <description>Yes button</description>
                    <posx>71</posx>
                    <posy>65</posy>
                    <width>300</width>
                    <height>90</height>
                    <onleft>10</onleft>
                    <onright>10</onright>
					<label>107</label>
                    <font>Reg36</font>
                    <include>DialogButtonOther</include>
                </control>
                <control type="button" id="10">
                    <description>No button</description>
                    <posx>368</posx>
                    <posy>65</posy>
                    <width>300</width>
                    <height>90</height>
                    <onleft>11</onleft>
                    <onright>11</onright>
                    <font>Reg36</font>
                    <label>106</label>
                    <include>DialogButtonOther</include>
                </control>
            </control>
            <control type="label" id="1">
                <description>Dialog Header</description>
                <posx>100</posx>
                <posy>300</posy>
                <width>1720</width>
                <font>Bold55</font>
				<align>center</align>
				<textcolor>$INFO[Skin.String(GeneralTextColor)]</textcolor>
                <aligny>top</aligny>
                <!--Doubles Line-->
            </control>
			<control type="textbox" id="9">
                <description>Dialog Header</description>
                <posx>100</posx>
                <posy>380</posy>
                <width>1720</width>
				<height>150</height>
                <align>center</align>
                <aligny>top</aligny>
                <include>DialogHeader2</include>
                <!--Doubles Line-->
            </control>
           
        </control>
    </controls>
</window>