<?xml version="1.0" encoding="utf-8"?>
<!--Titan-->
<window type="buttonMenu">
    <defaultcontrol always="true">9001</defaultcontrol>
	<onload>SetProperty(shutdownmenuactive,true,Home)</onload>
	<onunload>ClearProperty(shutdownmenuactive,Home)</onunload>
    <allowoverlay>yes</allowoverlay>
    <controls>
	
	<include>DialogOverlayExtra</include>


	<!-- hidden button to exit dialog in touchscreen mode -->
	<control type="button">
		<posx>0</posx>
		<posy>0</posy>
		<width>100%</width>
		<height>100%</height>
		<align>center</align>
		<aligny>center</aligny>
		<font>Light28</font>
		<label>-</label>
		<textcolor>-</textcolor>
		<focusedcolor>-</focusedcolor>
		<disabledcolor>-</disabledcolor>
		<texturefocus>colors/color_transparent.png</texturefocus>
		<texturenofocus>-</texturenofocus>
		<onclick>back</onclick>
		<visible>Skin.HasSetting(EnableTouchSupport)</visible>
	</control>
    
    <control type="button" id="9001">
        <description>Make sure we hit the first button in the group list and not the close window button</description>
        <left>-16</left>
        <top>-16</top>
        <width>4</width>
        <height>4</height>
        <label>-</label>
        <font>-</font>
        <onfocus>3110</onfocus>
        <texturefocus>-</texturefocus>
        <texturenofocus>-</texturenofocus>
        <onleft>3110</onleft>
        <onright>3110</onright>
        <onup>3110</onup>
        <ondown>3110</ondown>
        <onfocus>SetFocus(3110)</onfocus>
    </control>
	
	
	 <control type="group">
		<bottom>0</bottom>
		<height>110</height>
		
		<include condition="skin.hastheme(classic)">animation_dialog_button</include>
		<include condition="!skin.hastheme(classic)">animation_dialog_button_modern</include>
	 
        <!--Panel-->
        <control type="image">
            <posx>-5</posx>
            <posy>-70</posy>
            <width>1930</width>
            <height>260</height>
            <texture>dialogs/button/panel.png</texture>
			<visible>skin.hastheme(classic)</visible>
        </control>
		
		<control type="image">
			<posx>0</posx>
			<bottom>0</bottom>
			<width>100%</width>
			<height>110</height>
			<texture border="15">diffuse/bgpanel.png</texture>
			
			<colordiffuse>$INFO[Skin.String(GeneralPanelsColor)]</colordiffuse>
			<visible>!skin.hastheme(classic)</visible>
		</control>
		
		
        <!--Menu-Label-->
		<control type="label">
			<posx>130</posx>
			<label>$INFO[Container(3110).ListItem.Label]</label>
			<width>560</width>
			<height>110</height>
			<align>left</align>
			<aligny>center</aligny>
			<font>Reg42</font>
			<textcolor>$INFO[Skin.String(GeneralTextColor)]</textcolor>
			<animation effect="fade" time="250" delay="250">Visible</animation>
        </control>
        <!--Button Grouplist-->
        <control type="list" id="3110">
            <posx>720</posx>
            <posy>25</posy>
            <width>1130</width>
            <height>75</height>
            <align>center</align>
			<onup>Dialog.Close(shutdownmenu)</onup>
			<ondown>Dialog.Close(shutdownmenu)</ondown>
			<onup>300</onup>
			<ondown>300</ondown>
			<onback>300</onback>
            <orientation>horizontal</orientation>
            <focusposition>-</focusposition>
            <scrolltime tween="cubic" easing="inout">500</scrolltime>
			<itemlayout width="170" height="64">
				<control type="image">
					<width>64</width>
					<height>64</height>
					<texture>$INFO[ListItem.Icon]</texture>
					<colordiffuse>$INFO[Skin.String(GeneralTextColor)]</colordiffuse>
                    <animation end="50" effect="fade" time="0" delay="0" condition="true">Conditional</animation>
				</control>
			</itemlayout>
			<focusedlayout width="170" height="64">
				<control type="image">
					<width>64</width>
					<height>64</height>
					<texture>$INFO[ListItem.Icon]</texture>
					<colordiffuse>$INFO[Skin.String(GeneralTextColor)]</colordiffuse>
				</control>
			</focusedlayout>
			<content>
				<include>skinshortcuts-group-powermenu</include>
            </content>
        </control>
	 </control>
    </controls>
</window>