<?xml version="1.0" encoding="utf-8"?>
<!--Titan-->
<window id="3">
    <defaultcontrol always="true">20</defaultcontrol>
    <allowoverlay>yes</allowoverlay>
    <controls>
        <!--Globalbackground-->
        <include>GlobalBackground</include>
		<!--Time & Weather-->
        <include condition="!Skin.HasSetting(DisableHeader)">TimeInfo</include>
		<!--NowPlaying-->
        <include condition="Skin.HasTheme(classic)">NowPlayingMusicClassic</include>
        <include condition="Skin.HasTheme(classic)">NowPlayingVideoClassic</include>
		<include condition="!Skin.HasTheme(classic)">NowPlayingModern</include>

        <!--Header-->
        <include condition="!Skin.HasSetting(DisableHeader) + !Skin.HasSetting(AlwaysShowWeather)">Header</include>
        <include condition="Skin.HasSetting(AlwaysShowWeather)">WeatherInfo</include>
		
		<!-- footer bar -->
		<control type="group">
			<visible>!Control.IsVisible(514)</visible>
			<include condition="!skin.hassetting(nofooterbar)">Footer</include>
		</control>
		
		<control type="group">
			<include>animation_window_open_close</include>
		
			<!--Panel-->
			<control type="image">
				<posx>50</posx>
				<posy>240</posy>
				<width>1820</width>
				<height>718</height>
				<texture border="15">diffuse/bgpanel.png</texture>
				
				<colordiffuse>$INFO[Skin.String(GeneralPanelsColor)]</colordiffuse>
			</control>
			<control type="group">
				<!--Start Left Panel-->
				<description>Left panel</description>
				<posx>20</posx>
				<posy>300</posy>
				<control type="image">
					<posx>80</posx>
					<posy>-20</posy>
					<width>850</width>
					<height>600</height>
					<texture border="5">diffuse/panel.png</texture>
					
					<colordiffuse>$INFO[Skin.String(GeneralPanelsColor)]</colordiffuse>
				</control>
				<control type="label" id="101">
					<!--Header-->
					<description>Header Label</description>
					<posx>150</posx>
					<width>700</width>
					<align>left</align>
					<label>-</label>
					<textcolor>$INFO[Skin.String(GeneralHighlightTextColor)]</textcolor>
					<font>Bold38</font>
				</control>
				<control type="list" id="20">
					<!--List 20-->
					<description>Left File List</description>
					<posx>0</posx>
					<posy>100</posy>
					<width>950</width>
					<height>420</height>
					<onleft>21</onleft>
					<onright>21</onright>
					<onup>20</onup>
					<ondown>20</ondown>
					<itemlayout height="69" width="900">
						<control type="image">
							<posx>140</posx>
							<posy>13</posy>
							<width>40</width>
							<height>40</height>
							<texture>common/folder.png</texture>
							<colordiffuse>$INFO[Skin.String(GeneralTextColor)]</colordiffuse>
							<visible>ListItem.IsFolder + !ListItem.IsSelected</visible>
						</control>
						<control type="image">
							<posx>140</posx>
							<posy>13</posy>
							<width>40</width>
							<height>40</height>
							<texture>common/file.png</texture>
							<colordiffuse>$INFO[Skin.String(GeneralTextColor)]</colordiffuse>
							<visible>!ListItem.IsFolder + !ListItem.IsSelected</visible>
						</control>
						<control type="image">
							<posx>140</posx>
							<posy>13</posy>
							<width>40</width>
							<height>40</height>
							<texture>common/checkbox.png</texture>
							<colordiffuse>$INFO[Skin.String(GeneralTextColor)]</colordiffuse>
							<visible>ListItem.IsSelected</visible>
						</control>
						<control type="label">
							<posx>210</posx>
							<width>480</width>
							<align>left</align>
							<font>Reg30</font>
							<info>ListItem.Label</info>
							<textcolor>$INFO[Skin.String(GeneralTextColor)]</textcolor>
						</control>
						<control type="label">
							<posx>210</posx>
							<width>670</width>
							<align>right</align>
							<font>Reg24</font>
							<info>ListItem.Label2</info>
							<textcolor>$INFO[Skin.String(GeneralTextColor)]</textcolor>
						</control>
					</itemlayout>
					<focusedlayout height="69" width="900">
						<control type="image">
							<visible>Control.HasFocus(20)</visible>
							<posx>100</posx>
							<posy>7</posy>
							<width>810</width>
							<height>50</height>
							<colordiffuse>$INFO[Skin.String(ButtonFocusColor)]</colordiffuse>
							<texture border="5">diffuse/panel.png</texture>
						</control>
                        <control type="image">
							<visible>!Control.HasFocus(20)</visible>
							<posx>100</posx>
							<posy>7</posy>
							<width>810</width>
							<height>50</height>
							<colordiffuse>$INFO[Skin.String(ButtonFocusColor)]</colordiffuse>
							<texture border="5">diffuse/panel_trans.png</texture>
						</control>
						<control type="image">
							<posx>140</posx>
							<posy>13</posy>
							<width>40</width>
							<height>40</height>
							<texture>common/folder.png</texture>
							<colordiffuse>$INFO[Skin.String(ButtonFocusTextColor)]</colordiffuse>
							<visible>ListItem.IsFolder + !ListItem.IsSelected</visible>
						</control>
						<control type="image">
							<posx>140</posx>
							<posy>13</posy>
							<width>40</width>
							<height>40</height>
							<texture>common/file.png</texture>
							<colordiffuse>$INFO[Skin.String(ButtonFocusTextColor)]</colordiffuse>
							<visible>!ListItem.IsFolder + !ListItem.IsSelected</visible>
						</control>
						<control type="image">
							<posx>140</posx>
							<posy>13</posy>
							<width>40</width>
							<height>40</height>
							<texture>common/checkbox.png</texture>
							<visible>ListItem.IsSelected</visible>
                            <colordiffuse>$INFO[Skin.String(ButtonFocusTextColor)]</colordiffuse>
						</control>
						<control type="label">
							<posx>210</posx>
							<width>480</width>
							<align>left</align>
							<font>Reg30</font>
							<info>ListItem.Label</info>
							<scrollspeed>30</scrollspeed>
							<textcolor>$INFO[Skin.String(ButtonFocusTextColor)]</textcolor>
						</control>
						<control type="label">
							<posx>210</posx>
							<width>670</width>
							<align>right</align>
							<font>Reg24</font>
							<info>ListItem.Label2</info>
							<textcolor>$INFO[Skin.String(ButtonFocusTextColor)]</textcolor>
						</control>
					</focusedlayout>
				</control>
				
				<control type="label" id="12">
					<label></label>
					<!--Object Info RSS-->
					<description>Header Label</description>
					<posx>80</posx>
					<posy>580</posy>
					<width>480</width>
					<align>left</align>
					<font>Reg30</font>
					<textcolor>$INFO[Skin.String(GeneralTextColor)]</textcolor>
				</control>
			</control>
			<control type="group">
				<!--Start Right Panel-->
				<description>Right panel</description>
				<posx>900</posx>
				<posy>300</posy>
				<control type="image">
					<posx>80</posx>
					<posy>-20</posy>
					<width>850</width>
					<height>600</height>
					<texture border="5">diffuse/panel.png</texture>
					
					<colordiffuse>$INFO[Skin.String(GeneralPanelsColor)]</colordiffuse>
				</control>
				<control type="label" id="102">
					<!--Header-->
					<description>Header Label</description>
					<posx>150</posx>
					<width>700</width>
					<align>left</align>
					<label>-</label>
					<textcolor>$INFO[Skin.String(GeneralHighlightTextColor)]</textcolor>
					<font>Bold38</font>
				</control>
				<control type="list" id="21">
					<!--List 21-->
					<description>Right File List</description>
					<posx>0</posx>
					<posy>100</posy>
					<width>950</width>
					<height>420</height>
					<onleft>20</onleft>
					<onright>20</onright>
					<onup>21</onup>
					<ondown>21</ondown>
					<itemlayout height="69" width="900">
						<control type="image">
							<posx>140</posx>
							<posy>13</posy>
							<width>40</width>
							<height>40</height>
							<texture>common/folder.png</texture>
							<colordiffuse>$INFO[Skin.String(GeneralTextColor)]</colordiffuse>
							<visible>ListItem.IsFolder + !ListItem.IsSelected</visible>
						</control>
						<control type="image">
							<posx>140</posx>
							<posy>13</posy>
							<width>40</width>
							<height>40</height>
							<texture>common/file.png</texture>
							<colordiffuse>$INFO[Skin.String(GeneralTextColor)]</colordiffuse>
							<visible>!ListItem.IsFolder + !ListItem.IsSelected</visible>
						</control>
						<control type="image">
							<posx>140</posx>
							<posy>13</posy>
							<width>40</width>
							<height>40</height>
                            <colordiffuse>$INFO[Skin.String(GeneralTextColor)]</colordiffuse>
							<texture>common/checkbox.png</texture>
							<visible>ListItem.IsSelected</visible>
						</control>
						<control type="label">
							<posx>210</posx>
							<width>480</width>
							<align>left</align>
							<font>Reg30</font>
							<info>ListItem.Label</info>
							<textcolor>$INFO[Skin.String(GeneralTextColor)]</textcolor>
						</control>
						<control type="label">
							<posx>210</posx>
							<width>670</width>
							<align>right</align>
							<font>Reg24</font>
							<info>ListItem.Label2</info>
							<textcolor>$INFO[Skin.String(GeneralTextColor)]</textcolor>
						</control>
					</itemlayout>
					<focusedlayout height="69" width="900">
						<control type="image">
							<visible>Control.HasFocus(21)</visible>
							<posx>100</posx>
							<posy>7</posy>
							<width>810</width>
							<height>50</height>
							<colordiffuse>$INFO[Skin.String(ButtonFocusColor)]</colordiffuse>
							<texture border="5">diffuse/panel.png</texture>
						</control>
                        <control type="image">
							<visible>!Control.HasFocus(21)</visible>
							<posx>100</posx>
							<posy>7</posy>
							<width>810</width>
							<height>50</height>
							<colordiffuse>$INFO[Skin.String(ButtonFocusColor)]</colordiffuse>
							<texture border="5">diffuse/panel_trans.png</texture>
						</control>
                        <control type="image">
							<posx>140</posx>
							<posy>13</posy>
							<width>40</width>
							<height>40</height>
							<texture>common/folder.png</texture>
							<colordiffuse>$INFO[Skin.String(ButtonFocusTextColor)]</colordiffuse>
							<visible>ListItem.IsFolder + !ListItem.IsSelected</visible>
						</control>
						<control type="image">
							<posx>140</posx>
							<posy>13</posy>
							<width>40</width>
							<height>40</height>
							<texture>common/file.png</texture>
							<colordiffuse>$INFO[Skin.String(ButtonFocusTextColor)]</colordiffuse>
							<visible>!ListItem.IsFolder + !ListItem.IsSelected</visible>
						</control>
						<control type="image">
							<posx>140</posx>
							<posy>13</posy>
							<width>40</width>
							<height>40</height>
                            <colordiffuse>$INFO[Skin.String(ButtonFocusTextColor)]</colordiffuse>
							<texture>common/checkbox.png</texture>
							<visible>ListItem.IsSelected</visible>
						</control>
						<control type="label">
							<posx>210</posx>
							<width>480</width>
							<align>left</align>
							<font>Reg30</font>
							<info>ListItem.Label</info>
							<scrollspeed>30</scrollspeed>
							<textcolor>$INFO[Skin.String(ButtonFocusTextColor)]</textcolor>
						</control>
						<control type="label">
							<posx>210</posx>
							<width>670</width>
							<align>right</align>
							<font>Reg24</font>
							<info>ListItem.Label2</info>
							<textcolor>$INFO[Skin.String(ButtonFocusTextColor)]</textcolor>
						</control>
					</focusedlayout>
				</control>
				<control type="label" id="13">
					<!--Object Info RSS-->
					<description>Header Label</description>
					<right>90</right>
					<posy>580</posy>
					<width>480</width>
					<align>right</align>
					<label>-</label>
					<font>Reg30</font>
					<textcolor>$INFO[Skin.String(GeneralTextColor)]</textcolor>
				</control>
			</control>
		</control>
	</controls>
</window>