<?xml version="1.0" encoding="utf-8"?>
<!--Titan-->
<window  >
    
    <defaultcontrol always="true">1000</defaultcontrol>
    <include>defaultskinsettings</include>
    <onload condition="![Skin.String(ColorTheme) | Skin.String(GadgetRows)]">RunScript(script.skinshortcuts,type=buildxml&amp;mainmenuID=300&amp;group=mainmenu|powermenu|netflixmenu)</onload>
	<onunload>CancelAlarm(SpotlightMove,true)</onunload>
    <onunload>SetProperty(SectionBackground,$INFO[Control.GetLabel(99004)])</onunload>
    <!-- auto close homemenu and focus mainmenu when home is unloaded -->
    <onunload condition="!Skin.String(HomeLayout, netflix)">SetFocus(300)</onunload>
    <onunload>ClearProperty(submenu)</onunload>
    <onunload>ClearProperty(ShowWidget)</onunload>
	<controls>
	
	<!--Global Background-->
	<include>GlobalBackground</include>
    
        <control type="button" id="1000">
			<description>hidden button for onload actions as placing them in onload causes strange behaviour</description>
            <onfocus condition="Skin.String(HomeLayout, enhanced)">AlarmClock(SpotlightMove,Control.Move(1508,1),00:08,silent,loop)</onfocus>
            <onfocus condition="!Skin.String(HomeLayout, enhanced) + Skin.String(widgetstyle, single box)">AlarmClock(SpotlightMove,Control.Move(510,1),00:30,silent,loop)</onfocus>
            <onfocus condition="Skin.String(HomeLayout, netflix)">AlarmClock(SpotlightMove,Control.Move(510,1),00:30,silent,loop)</onfocus>
            <onfocus condition="Skin.String(HomeLayout, netflix)">SetFocus(51)</onfocus>
            <onfocus condition="!Skin.String(HomeLayout, netflix)">SetFocus(300)</onfocus>
			<texturenofocus>-</texturenofocus>
			<texturefocus>-</texturefocus>
            <onleft>300</onleft>
            <onright>300</onright>
            <onup>300</onup>
            <ondown>300</ondown>
            <visible allowhiddenfocus="true">false</visible>
		</control>

		<!-- Header -->
		<include condition="Skin.HasSetting(EnableTouchSupport)">TouchScreenWorkaround</include>
		
		<!--NowPlaying-->
		<include condition="Skin.HasTheme(classic)">NowPlayingMusicClassic</include>
		<include condition="Skin.HasTheme(classic)">NowPlayingVideoClassic</include>
		<include condition="!Skin.HasTheme(classic)">NowPlayingModern</include>
		
        <!-- Hidden control to load weather conditions -->
		<control type="label">
			<font>-</font>
			<label>$INFO[Weather.Conditions]</label>
		</control>
        
		<!--Footer-->
		<control type="group">
			<include condition="[!skin.hassetting(nofooterbar) + !Skin.String(HomeLayout, enhanced) + !Skin.String(HomeLayout, simplever) + !Skin.String(HomeLayout, netflix)] + ![Skin.String(HomeLayout, simplehor) + !system.getbool(lookandfeel.enablerssfeeds) + !Skin.HasSetting(EnableTouchSupport)]">Footer</include>
		</control>
		
		<!--Time-->
		<control type="group">
			<animation effect="slide" end="-20" time="0" condition="Skin.HasSetting(HideWidgetPanelBackground) + Skin.String(HomeLayout, enhanced)">Conditional</animation>
			<include>TimeInfo</include>
		</control>
        
        <!-- hidden submenu for count calculations -->
        <include condition="!Skin.String(HomeLayout, enhanced) + !Skin.HasSetting(DisableAllSubmenus)">hiddenSubmenu</include>
	
		<!-- Home Screen -->
		<control type="group">
			<include>animation_window_open_close</include>
			<include condition="Skin.HasSetting(WeatherOnHome)">WeatherInfo</include>
			<include>ProfileInfo</include>
			<defaultcontrol always="true">300</defaultcontrol>
			<!-- Kodi Logo image -->
			<control type="image">
				<posx>35</posx>
				<posy>10</posy>
				<height>110</height>
				<aspectratio align="left">keep</aspectratio>
				<colordiffuse>$INFO[Skin.String(HeaderTextColor)]</colordiffuse>
				<texture>home/kodi_logo_light.png</texture>
				<visible>!Window.IsActive(DialogKaiToast.xml) + !Window.IsActive(DialogExtendedProgressBar.xml) + !Skin.HasSetting(WeatherOnHome) + !Skin.HasSetting(ShowProfile) + ![ControlGroup(77777).HasFocus | StringCompare(Window(Home).Property(ShowWidget),show)] + !Control.IsVisible(88888)</visible>
				<visible>!Skin.String(HomeLayout, simplever)</visible>
				<visible>!Skin.HasSetting(ShowProfile) + !Skin.HasSetting(WeatherOnHome)</visible>
				<visible>!Skin.String(CustomLogoImage)</visible>
			</control>
			<!-- custom Logo image -->
			<control type="image">
				<posx>35</posx>
				<posy>10</posy>
				<height>110</height>
				<aspectratio align="left">keep</aspectratio>
				<colordiffuse></colordiffuse>
				<texture>$INFO[Skin.String(CustomLogoImage)]</texture>
				<visible>!Window.IsActive(DialogKaiToast.xml) + !Window.IsActive(DialogExtendedProgressBar.xml) + !Skin.HasSetting(WeatherOnHome) + !Skin.HasSetting(ShowProfile) + ![ControlGroup(77777).HasFocus | StringCompare(Window(Home).Property(ShowWidget),show)] + !Control.IsVisible(88888)</visible>
				<visible>!Skin.String(HomeLayout, simplever)</visible>
				<visible>!Skin.HasSetting(ShowProfile) + !Skin.HasSetting(WeatherOnHome)</visible>
				<visible>Skin.String(CustomLogoImage)</visible>
			</control>
			
			<!--Home tiles List 300-->
			<include condition="[!Skin.HasSetting(UseFixedHomeFocus) + Skin.String(HomeLayout, 1)] | Skin.String(HomeLayout, 2) | Skin.String(HomeLayout, 3)">HomeLayoutNormal</include>
			<include condition="Skin.HasSetting(UseFixedHomeFocus) + Skin.String(HomeLayout, 1)">HomeLayoutFixedFocus</include>
			
			<include condition="Skin.String(HomeLayout, enhanced)">EnhancedHomeScreen</include>
			<include condition="Skin.String(HomeLayout, simplehor)">simplehome_horizontal</include>
			<include condition="Skin.String(HomeLayout, simplever)">simplehome_vertical</include>
			<include condition="Skin.String(HomeLayout, netflix)">HomeLayoutNetflix</include>
		
		
			<control type="scrollbar" id="60">
				<posx>1835</posx>
				<posy>390</posy>
				<height>570</height>
				<onleft>50</onleft>
				<onright>noop</onright>
				<visible>false</visible>
			</control>
			
	
			<!-- submenu -->
			<include condition="!Skin.HasSetting(DisableAllSubmenus) + Skin.String(SubmenuLayout, vertical) + [Skin.String(HomeLayout, 1) | Skin.String(HomeLayout, 2) | Skin.String(HomeLayout, 3)]">HomeMenuSubMenuVertical</include>
			<include condition="!Skin.HasSetting(DisableAllSubmenus) + Skin.String(SubmenuLayout, horizontal) + [Skin.String(HomeLayout, 1) | Skin.String(HomeLayout, 2) | Skin.String(HomeLayout, 3)]">HomeMenuSubMenuHorizontal</include>
			<include condition="!Skin.HasSetting(DisableAllSubmenus) + Skin.String(SubmenuLayout, tiles) + [Skin.String(HomeLayout, 1) | Skin.String(HomeLayout, 2) | Skin.String(HomeLayout, 3)]">HomeMenuSubMenuSmallTiles</include>

			<!-- subpages submenu -->
			<include condition="!Skin.HasSetting(DisableAllSubmenus) + Skin.String(SubmenuLayout, subpage) + [Skin.String(HomeLayout, 1) | Skin.String(HomeLayout, 2) | Skin.String(HomeLayout, 3)]">HomeMenuSubMenuPage</include>


		</control>
		
		
		
		
	</controls>
</window>
