<?xml version="1.0" encoding="utf-8"?>
<includes>

    <include name="defaultskinsettings">
        <include condition="!Skin.HasSetting(HomeMenuDefaults39) | IsEmpty(Window(Home).Property(startupDone))">defaultskinsettingsValues</include>
        <!-- run migration if an old setting is found -->
        <onload condition="Skin.String(ColorTheme) | Skin.String(GadgetRows)">RunScript(script.titanskin.helpers,migrate)</onload>
        <!-- initialize some addons on startup -->
        <include condition="IsEmpty(Window(Home).Property(startupDone))">startupskinsettingsvalues</include>
    </include>
    
    <include name="startupskinsettingsvalues">
        <!-- initialize 3th party addons -->
        <onload condition="System.HasAddon(script.games.rom.collection.browser)">RunScript(script.games.rom.collection.browser,limit=10)</onload>
        <onload>Skin.SetBool(enable.smartish.widgets)</onload>
        <onload>SetProperty(SkinHelper.WidgetContainer,510)</onload>
        <onload>SetProperty(SkinIsCompatible,true,Home)</onload>
        <!-- (optional) automatic run of the artwork downloader on startup -->
        <onload condition="Skin.HasSetting(EnableArtworkDownloader)">XBMC.runscript(script.artwork.downloader, silent=true)</onload>
        <onload>SetProperty(startupDone,loaded,Home)</onload>
    </include>
	
	<include name="defaultskinsettingsValues">
		
		<!-- various default settings  -->
		<onload condition="!Skin.HasSetting(HomeMenuDefaults32)">RunScript(script.skinshortcuts,type=resetall&amp;warning=false)</onload>
		<onload condition="!Skin.HasSetting(HomeMenuDefaults32)">Skin.SetString(CustomBackgroundSetting, default)</onload>
        <onload condition="!Skin.String(HomeLayout) + !Skin.String(GadgetRows)">Skin.SetBool(OpenSubMenuOnClick)</onload>
        <onload condition="!Skin.String(HomeLayout)">Skin.SetString(HomeLayout, 2)</onload>
		<onload condition="!Skin.HasSetting(HomeMenuDefaults32)">Skin.SetBool(UseSectionBackground)</onload>
		<onload condition="!Skin.HasSetting(HomeMenuDefaults32)">Skin.SetBool(ShowFanartBackground)</onload>
		<onload condition="!Skin.HasSetting(HomeMenuDefaults32)">Skin.SetString(CustomBackgroundSetting, default)</onload>
		<onload condition="!Skin.HasSetting(HomeMenuDefaults32)">Skin.SetBool(DetailsShowFanart)</onload>
		<onload condition="!Skin.HasSetting(HomeMenuDefaults32)">Skin.SetBool(View502_ShowCDart)</onload>
		<onload condition="!Skin.HasSetting(HomeMenuDefaults32)">Skin.SetBool(View514_ShowCDart)</onload>
		<onload condition="!Skin.HasSetting(HomeMenuDefaults32)">Skin.SetBool(View513_ShowCDart)</onload>
		<onload condition="!Skin.HasSetting(HomeMenuDefaults32)">Skin.SetBool(View508_ShowCDart)</onload>
		<onload condition="!Skin.HasSetting(HomeMenuDefaults32)">Skin.SetBool(View58_ShowCDart)</onload>
		<onload condition="!Skin.HasSetting(HomeMenuDefaults32)">Skin.SetBool(PanelViewShowInfo)</onload>
		<onload condition="!Skin.HasSetting(HomeMenuDefaults32)">Skin.SetBool(ShowlabelsLandscape)</onload>
		<onload condition="!Skin.HasSetting(HomeMenuDefaults32)">Skin.SetBool(AnimateDiscArt)</onload>
		<onload condition="!Skin.HasSetting(HomeMenuDefaults32)">Skin.SetString(SkinHelper.ShowInfoAtPlaybackStart, 6)</onload>
		<onload condition="!Skin.HasSetting(HomeMenuDefaults32)">Skin.SetString(GuideRows, 9)</onload>
		<onload condition="!Skin.HasSetting(HomeMenuDefaults32)">Skin.SetBool(GuideShowInfo)</onload>
		<onload condition="!Skin.HasSetting(HomeMenuDefaults32)">Skin.SetBool(ShowWeatherVideoInfoOSD)</onload>
		<onload condition="!Skin.HasSetting(HomeMenuDefaults32)">Skin.SetBool(HideWatchedRecentlyAdded)</onload>
		<onload condition="!Skin.HasSetting(HomeMenuDefaults32)">Skin.SetBool(IsTitanSkin)</onload>
		<onload condition="!Skin.HasSetting(HomeMenuDefaults32)">Skin.SetString(SubmenuLayout, horizontal)</onload>
		<onload condition="!Skin.HasSetting(HomeMenuDefaults32)">Skin.SetBool(SmartShortcuts.playlists)</onload>
		<onload condition="!Skin.HasSetting(HomeMenuDefaults32)">Skin.SetString(ClearLogoLocation, footer)</onload>
		<onload condition="!Skin.HasSetting(HomeMenuDefaults32)">Skin.SetBool(OSDShowInfoOnPause)</onload>
		<onload condition="!Skin.HasSetting(HomeMenuDefaults32)">Skin.SetBool(PVRShowPreview)</onload>
		<onload condition="!Skin.HasSetting(HomeMenuDefaults32)">Skin.SetBool(SmartShortcuts.emby)</onload>
		<onload condition="!Skin.HasSetting(HomeMenuDefaults32) + System.HasAddon(script.artistslideshow)">Skin.SetBool(enableArtistSlideshow)</onload>
		<onload condition="!Skin.HasSetting(HomeMenuDefaults32)">Skin.SetBool(useExtendedWeatherScreen)</onload>
		<onload condition="!Skin.HasSetting(HomeMenuDefaults32)">Skin.SetBool(OSDUseLargeIcons)</onload>
		<onload condition="!Skin.HasSetting(HomeMenuDefaults32) + System.HasAddon(plugin.video.plexbmc)">Skin.SetBool(SmartShortcuts.plex)</onload>
		<onload condition="!Skin.HasSetting(HomeMenuDefaults32) + System.HasAddon(plugin.video.netflixbmc)">Skin.SetBool(SmartShortcuts.netflix)</onload>
		<onload condition="!Skin.HasSetting(HomeMenuDefaults33)">Skin.SetBool(PVRGuideBackSideblade)</onload>
		<onload condition="!Skin.HasSetting(HomeMenuDefaults35) + [Skin.String(HomeLayout, 2) | Skin.String(HomeLayout, 3)]">Skin.SetBool(OpenSubMenuOnClick)</onload>
        <onload condition="!Skin.HasSetting(HomeMenuDefaults36)">Skin.SetBool(SkinHelper.EnablePVRThumbs)</onload>
        <onload condition="!Skin.HasSetting(HomeMenuDefaults38)">Skin.SetBool(enableMusicWall)</onload>
        <onload condition="!Skin.HasSetting(HomeMenuDefaults38)">Skin.SetBool(pvrGuideOnFullscreenVideo)</onload>
        <onload condition="!Skin.HasSetting(HomeMenuDefaults39)">Skin.SetString(SkinHelper.AutoCloseVideoOSD, 4)</onload>
        <onload condition="!Skin.String(RSSScrollSpeed)">Skin.SetString(RSSScrollSpeed, 40)</onload>
        <onload condition="!Skin.String(WeatherIconPack)">Skin.SetString(WeatherIconPack, set1)</onload>
        <onload condition="!Skin.String(extrafanartdelay)">Skin.SetString(extrafanartdelay,6)</onload>
        <onload condition="!Skin.String(SkinHelper.RandomFanartDelay)">Skin.SetString(SkinHelper.RandomFanartDelay,30)</onload>
        <onload condition="!Skin.String(BackgroundOverlayTexture)">Skin.SetString(BackgroundOverlayTexture,Default)</onload>
        <onload condition="!Skin.String(WatchedIndicator.Watched.Color)">Skin.SetBool(WatchedIndicator.Watched)</onload>
        <onload condition="!Skin.String(WatchedIndicator.Progress.Color)">Skin.SetBool(WatchedIndicator.Progress)</onload>
        <onload condition="!Skin.String(WatchedIndicator.Sets.Color)">Skin.SetBool(WatchedIndicator.Sets)</onload>
        <onload condition="!Skin.String(WatchedIndicator.Episodes.Color)">Skin.SetBool(WatchedIndicator.Episodes)</onload>
        <onload condition="!Skin.String(CaseOverlays.Fallback)">Skin.SetString(CaseOverlays.Fallback,Bluray)</onload>
        <onload condition="!Skin.String(SkinHelper.ForcedViews.movies)">Skin.SetString(SkinHelper.ForcedViews.movies,50)</onload>
		<onload condition="!Skin.String(SkinHelper.ForcedViews.tvshows)">Skin.SetString(SkinHelper.ForcedViews.tvshows,50)</onload>
		<onload condition="!Skin.String(SkinHelper.ForcedViews.seasons)">Skin.SetString(SkinHelper.ForcedViews.seasons,50)</onload>
		<onload condition="!Skin.String(SkinHelper.ForcedViews.episodes)">Skin.SetString(SkinHelper.ForcedViews.episodes,50)</onload>
		<onload condition="!Skin.String(SkinHelper.ForcedViews.sets)">Skin.SetString(SkinHelper.ForcedViews.sets,50)</onload>
		<onload condition="!Skin.String(SkinHelper.ForcedViews.setmovies)">Skin.SetString(SkinHelper.ForcedViews.setmovies,50)</onload>
        <onload condition="!Skin.String(SkinHelper.SpinnerTexture)">Skin.SetString(SkinHelper.SpinnerTexture,default)</onload>
		<onload condition="!Skin.String(SkinHelper.SpinnerTexturePath)">Skin.SetString(SkinHelper.SpinnerTexturePath,special://skin/extras/busy_spinners/default)</onload>
		<onload condition="!Skin.String(SpinnerTextureColor)">Skin.SetString(SpinnerTextureColor, FF00b8ff)</onload>
		<onload condition="!Skin.String(widgetstyle) + Skin.String(HomeLayout, vertical)">Skin.SetString(widgetstyle,poster)</onload>
		<onload condition="!Skin.String(widgetstyle) + !Skin.String(HomeLayout, vertical)">Skin.SetString(widgetstyle,landscape)</onload>
        <onload condition="!Skin.String(LogoImageAlignment)">Skin.SetString(LogoImageAlignment,right)</onload>
        <onload condition="!Skin.String(thumbsborder_unfocused)">Skin.SetString(thumbsborder_unfocused,4)</onload>
        <onload condition="!Skin.String(thumbsborder_focused)">Skin.SetString(thumbsborder_focused,8)</onload>
        <onload condition="!Skin.String(mediaflagsstyle)">Skin.SetString(mediaflagsstyle, textbased - full info)</onload>
        <onload condition="!Skin.String(osdmediaflagsstyle)">Skin.SetString(osdmediaflagsstyle, textbased - full info)</onload>
		
		<!-- default color settings (titan default theme blue) -->
        
		<onload condition="!Skin.String(HomeViewDetailsFocusColor)">Skin.SetString(HomeViewDetailsFocusColor, FF00b8ff)</onload>
        <onload condition="!Skin.String(HomeViewDetailsFocusColor.name)">Skin.SetString(HomeViewDetailsFocusColor.name, mainblue)</onload>
        
		<onload condition="!Skin.String(HeaderTextColor)">Skin.SetString(HeaderTextColor,ffffffff)</onload>
        <onload condition="!Skin.String(HeaderTextColor.name)">Skin.SetString(HeaderTextColor.name, white)</onload>
        
		<onload condition="!Skin.String(HeaderTextShadowColor)">Skin.SetString(HeaderTextShadowColor, ff000000)</onload>
        <onload condition="!Skin.String(HeaderTextShadowColor.name)">Skin.SetString(HeaderTextShadowColor.name, black)</onload>
        
		<onload condition="!Skin.String(ViewDetailsTextShadowColor)">Skin.SetString(ViewDetailsTextShadowColor, none)</onload>
        <onload condition="!Skin.String(ViewDetailsTextShadowColor.name)">Skin.SetString(ViewDetailsTextShadowColor.name, none)</onload>
        
		<onload condition="!Skin.String(ViewDetailsTextColor)">Skin.SetString(ViewDetailsTextColor,ffffffff)</onload>
        <onload condition="!Skin.String(ViewDetailsTextColor.name)">Skin.SetString(ViewDetailsTextColor.name, white)</onload>
        
        <onload condition="!Skin.String(ViewDetailsHighlightTextColor)">Skin.SetString(ViewDetailsHighlightTextColor,FF00b8ff)</onload>
        <onload condition="!Skin.String(ViewDetailsHighlightTextColor.name)">Skin.SetString(ViewDetailsHighlightTextColor.name, mainblue)</onload>
        
        <onload condition="!Skin.String(ViewDetailsHighlightTextShadowColor)">Skin.SetString(ViewDetailsHighlightTextShadowColor,none)</onload>
        <onload condition="!Skin.String(ViewDetailsHighlightTextShadowColor.name)">Skin.SetString(ViewDetailsHighlightTextShadowColor.name, none)</onload>
        
        <onload condition="!Skin.String(ViewDetailsListItemTextColor)">Skin.SetString(ViewDetailsListItemTextColor,ffffffff)</onload>
        <onload condition="!Skin.String(ViewDetailsListItemTextColor.name)">Skin.SetString(ViewDetailsListItemTextColor.name, white)</onload>
        
        <onload condition="!Skin.String(ViewDetailsListItemTextFocusColor)">Skin.SetString(ViewDetailsListItemTextFocusColor,ff000000)</onload>
        <onload condition="!Skin.String(ViewDetailsListItemTextFocusColor.name)">Skin.SetString(ViewDetailsListItemTextFocusColor.name, black)</onload>
        
		<onload condition="!Skin.String(ViewDetailsFocusColor)">Skin.SetString(ViewDetailsFocusColor, FF00b8ff)</onload>
        <onload condition="!Skin.String(ViewDetailsFocusColor.name)">Skin.SetString(ViewDetailsFocusColor.name, mainblue)</onload>
        
		<onload condition="!Skin.String(ButtonFocusColor)">Skin.SetString(ButtonFocusColor, FF00b8ff)</onload>
        <onload condition="!Skin.String(ButtonFocusColor.name)">Skin.SetString(ButtonFocusColor.name, mainblue)</onload>
		
		<onload condition="!Skin.String(GeneralPanelsColor)">Skin.SetString(GeneralPanelsColor,cc011222)</onload>
        <onload condition="!Skin.String(GeneralPanelsColor.name)">Skin.SetString(GeneralPanelsColor.name,darkblue)</onload>
        
		<onload condition="!Skin.String(FooterTextColor)">Skin.SetString(FooterTextColor,ffffffff)</onload>
        <onload condition="!Skin.String(FooterTextColor.name)">Skin.SetString(FooterTextColor.name,white)</onload>
        
		<onload condition="!Skin.String(ButtonTextColor)">Skin.SetString(ButtonTextColor,ffffffff)</onload>
        <onload condition="!Skin.String(ButtonTextColor.name)">Skin.SetString(ButtonTextColor.name,white)</onload>
        
		<onload condition="!Skin.String(ButtonFocusTextColor)">Skin.SetString(ButtonFocusTextColor, ff000000)</onload>
        <onload condition="!Skin.String(ButtonFocusTextColor.name)">Skin.SetString(ButtonFocusTextColor.name,black)</onload>
        
		<onload condition="!Skin.String(GeneralTextColor)">Skin.SetString(GeneralTextColor,ffffffff)</onload>
        <onload condition="!Skin.String(GeneralTextColor.name)">Skin.SetString(GeneralTextColor.name,white)</onload>
        
        <onload condition="!Skin.String(GeneralHighlightTextColor)">Skin.SetString(GeneralHighlightTextColor,FF00b8ff)</onload>
        <onload condition="!Skin.String(GeneralHighlightTextColor.name)">Skin.SetString(GeneralHighlightTextColor.name,mainblue)</onload>
        	
		<onload condition="!Skin.String(BackgroundOverlayColor)">Skin.SetString(BackgroundOverlayColor,dd4d86a6)</onload>
        <onload condition="!Skin.String(BackgroundOverlayColor.name)">Skin.SetString(BackgroundOverlayColor.name,Custom)</onload>
        <onload condition="!Skin.String(BackgroundOverlayColor.base)">Skin.SetString(BackgroundOverlayColor.base,ff4d86a6)</onload>
        
        <onload condition="!Skin.String(BackgroundDiffuseColor)">Skin.SetString(BackgroundDiffuseColor,None)</onload>
        <onload condition="!Skin.String(BackgroundDiffuseColor.name)">Skin.SetString(BackgroundDiffuseColor.name,None)</onload>
        
		<onload condition="!Skin.String(FooterPanelColor)">Skin.SetString(FooterPanelColor,cc011222)</onload>
        <onload condition="!Skin.String(FooterPanelColor.name)">Skin.SetString(FooterPanelColor.name,darkblue)</onload>
        
		<onload condition="!Skin.String(GeneralPanelsColor)">Skin.SetString(GeneralPanelsColor,cc011222)</onload>
        <onload condition="!Skin.String(GeneralPanelsColor.name)">Skin.SetString(GeneralPanelsColor.name,darkblue)</onload>
        
		<onload condition="!Skin.String(ViewDetailsPanelColor)">Skin.SetString(ViewDetailsPanelColor,cc011222)</onload>
        <onload condition="!Skin.String(ViewDetailsPanelColor.name)">Skin.SetString(ViewDetailsPanelColor.name,darkblue)</onload>
        
		<onload condition="!Skin.String(OSDPanelColor)">Skin.SetString(OSDPanelColor,cc011222)</onload>
        <onload condition="!Skin.String(OSDPanelColor.name)">Skin.SetString(OSDPanelColor.name,darkblue)</onload>
        
		<onload condition="!Skin.String(ButtonColor)">Skin.SetString(ButtonColor,ff40404f)</onload>
        <onload condition="!Skin.String(ButtonColor.name)">Skin.SetString(ButtonColor.name,payne's grey)</onload>
        
		<onload condition="!Skin.String(FooterTextShadowColor)">Skin.SetString(FooterTextShadowColor,None)</onload>
        <onload condition="!Skin.String(FooterTextShadowColor.name)">Skin.SetString(FooterTextShadowColor.name,None)</onload>
        
		<onload condition="!Skin.String(OSDPrimaryTextColor)">Skin.SetString(OSDPrimaryTextColor,ffffffff)</onload>
        <onload condition="!Skin.String(OSDPrimaryTextColor.name)">Skin.SetString(OSDPrimaryTextColor.name,white)</onload>
        
		<onload condition="!Skin.String(OSDPrimaryTextShadowColor)">Skin.SetString(OSDPrimaryTextShadowColor,None)</onload>
        <onload condition="!Skin.String(OSDPrimaryTextShadowColor.name)">Skin.SetString(OSDPrimaryTextShadowColor.name,None)</onload>
        
		<onload condition="!Skin.String(OSDSecondaryTextColor)">Skin.SetString(OSDSecondaryTextColor, FF00b8ff)</onload>
        <onload condition="!Skin.String(OSDSecondaryTextColor.name)">Skin.SetString(OSDSecondaryTextColor.name,mainblue)</onload>
        
		<onload condition="!Skin.String(OSDSecondaryTextShadowColor)">Skin.SetString(OSDSecondaryTextShadowColor,None)</onload>
        <onload condition="!Skin.String(OSDSecondaryTextShadowColor.name)">Skin.SetString(OSDSecondaryTextShadowColor.name,None)</onload>
        
		<onload condition="!Skin.String(OSDProgressBarColor)">Skin.SetString(OSDProgressBarColor,FF00b8ff)</onload>
        <onload condition="!Skin.String(OSDProgressBarColor.name)">Skin.SetString(OSDProgressBarColor.name,mainblue)</onload>
        
		<onload condition="!Skin.String(OSDProgressBarBackgroundColor)">Skin.SetString(OSDProgressBarBackgroundColor,None)</onload>
        <onload condition="!Skin.String(OSDProgressBarBackgroundColor.name)">Skin.SetString(OSDProgressBarBackgroundColor.name,None)</onload>
		
		<onload condition="!Skin.String(OSDProgressBarCacheColor)">Skin.SetString(OSDProgressBarCacheColor,ffffffff)</onload>
        <onload condition="!Skin.String(OSDProgressBarCacheColor.name)">Skin.SetString(OSDProgressBarCacheColor.name,white)</onload>
        
		<onload condition="!Skin.String(OSDProgressBarBorderColor)">Skin.SetString(OSDProgressBarBorderColor,ffffffff)</onload>
        <onload condition="!Skin.String(OSDProgressBarBorderColor.name)">Skin.SetString(OSDProgressBarBorderColor.name,white)</onload>
        
		<onload condition="!Skin.String(OSDButtonsFocusColor)">Skin.SetString(OSDButtonsFocusColor, FF00b8ff)</onload>
        <onload condition="!Skin.String(OSDButtonsFocusColor.name)">Skin.SetString(OSDButtonsFocusColor.name,mainblue)</onload>
        
		<onload condition="!Skin.String(OSDButtonsColor)">Skin.SetString(OSDButtonsColor,AAFFFFFF)</onload>
        <onload condition="!Skin.String(OSDButtonsColor.name)">Skin.SetString(OSDButtonsColor.name,white)</onload>
        
		<onload condition="!Skin.String(ScrollbarBackgroundColor)">Skin.SetString(ScrollbarBackgroundColor,aa003153)</onload>
        <onload condition="!Skin.String(ScrollbarBackgroundColor.name)">Skin.SetString(ScrollbarBackgroundColor.name,prussian blue)</onload>
        
		<onload condition="!Skin.String(ScrollbarUnfocusedColor)">Skin.SetString(ScrollbarUnfocusedColor,aa00b8ff)</onload>
        <onload condition="!Skin.String(ScrollbarUnfocusedColor.name)">Skin.SetString(ScrollbarUnfocusedColor.name,mainblue)</onload>
        
		<onload condition="!Skin.String(ScrollbarFocusedColor)">Skin.SetString(ScrollbarFocusedColor,ff00b8ff)</onload>
        <onload condition="!Skin.String(ScrollbarFocusedColor.name)">Skin.SetString(ScrollbarFocusedColor.name,mainblue)</onload>

		<onload condition="!Skin.String(WatchedIndicator.Watched.Color)">Skin.SetString(WatchedIndicator.Watched.Color,cc00b8ff)</onload>
        <onload condition="!Skin.String(WatchedIndicator.Watched.Color.name)">Skin.SetString(WatchedIndicator.Watched.Color.name,mainblue)</onload>
        
		<onload condition="!Skin.String(WatchedIndicator.Watched.TextColor)">Skin.SetString(WatchedIndicator.Watched.TextColor,ffffffff)</onload>
        <onload condition="!Skin.String(WatchedIndicator.Watched.TextColor.name)">Skin.SetString(WatchedIndicator.Watched.TextColor.name,white)</onload>
        
        <onload condition="!Skin.String(WatchedIndicator.UnWatched.Color)">Skin.SetString(WatchedIndicator.UnWatched.Color,cc00b8ff)</onload>
        <onload condition="!Skin.String(WatchedIndicator.UnWatched.Color.name)">Skin.SetString(WatchedIndicator.UnWatched.Color.name,mainblue)</onload>
        
		<onload condition="!Skin.String(WatchedIndicator.UnWatched.TextColor)">Skin.SetString(WatchedIndicator.UnWatched.TextColor,ffffffff)</onload>
        <onload condition="!Skin.String(WatchedIndicator.UnWatched.TextColor.name)">Skin.SetString(WatchedIndicator.UnWatched.TextColor.name,white)</onload>
		
		<onload condition="!Skin.String(WatchedIndicator.Progress.Color)">Skin.SetString(WatchedIndicator.Progress.Color,cc00b8ff)</onload>
        <onload condition="!Skin.String(WatchedIndicator.Progress.Color.name)">Skin.SetString(WatchedIndicator.Progress.Color.name,mainblue)</onload>
        
		<onload condition="!Skin.String(WatchedIndicator.Progress.TextColor)">Skin.SetString(WatchedIndicator.Progress.TextColor,ffffffff)</onload>
        <onload condition="!Skin.String(WatchedIndicator.Progress.TextColor.name)">Skin.SetString(WatchedIndicator.Progress.TextColor.name,white)</onload>
		
		<onload condition="!Skin.String(WatchedIndicator.Sets.Color)">Skin.SetString(WatchedIndicator.Sets.Color,cc00b8ff)</onload>
        <onload condition="!Skin.String(WatchedIndicator.Sets.Color.name)">Skin.SetString(WatchedIndicator.Sets.Color.name,mainblue)</onload>
        
		<onload condition="!Skin.String(WatchedIndicator.Sets.TextColor)">Skin.SetString(WatchedIndicator.Sets.TextColor,ffffffff)</onload>
        <onload condition="!Skin.String(WatchedIndicator.Sets.TextColor.name)">Skin.SetString(WatchedIndicator.Sets.TextColor.name,white)</onload>
        
		<onload condition="!Skin.String(WatchedIndicator.Episodes.Color)">Skin.SetString(WatchedIndicator.Episodes.Color,cc00b8ff)</onload>
        <onload condition="!Skin.String(WatchedIndicator.Episodes.Color.name)">Skin.SetString(WatchedIndicator.Episodes.Color.name,mainblue)</onload>
        
		<onload condition="!Skin.String(WatchedIndicator.Episodes.TextColor)">Skin.SetString(WatchedIndicator.Episodes.TextColor,ffffffff)</onload>
        <onload condition="!Skin.String(WatchedIndicator.Episodes.TextColor.name)">Skin.SetString(WatchedIndicator.Episodes.TextColor.name,white)</onload>
		
		<onload condition="!Skin.String(CaseOverlays.Color)">Skin.SetString(CaseOverlays.Color,dd0047ab)</onload>
        <onload condition="!Skin.String(CaseOverlays.Color.name)">Skin.SetString(CaseOverlays.Color.name,cobalt)</onload>
        
		<onload condition="!Skin.String(CaseOverlays.TextColor)">Skin.SetString(CaseOverlays.TextColor,DDFFFFFF)</onload>
        <onload condition="!Skin.String(CaseOverlays.TextColor.name)">Skin.SetString(CaseOverlays.TextColor.name,white)</onload>
        
        <onload condition="!Skin.String(SideBladePanelColor) + Skin.String(GeneralPanelsColor.base)">Skin.SetString(SideBladePanelColor,$INFO[Skin.String(GeneralPanelsColor.base)])</onload>
        <onload condition="!Skin.String(SideBladePanelColor.name) + Skin.String(GeneralPanelsColor.base)">Skin.SetString(SideBladePanelColor.name,$INFO[Skin.String(GeneralPanelsColor.name)])</onload>
        <onload condition="!Skin.String(SideBladePanelColor) + !Skin.String(GeneralPanelsColor.base)">Skin.SetString(SideBladePanelColor,ff011222)</onload>
        <onload condition="!Skin.String(SideBladePanelColor.name) + !Skin.String(GeneralPanelsColor.base)">Skin.SetString(SideBladePanelColor.name,darkblue)</onload>

        <onload condition="!Skin.String(SideBladeTextColor)">Skin.SetString(SideBladeTextColor,$INFO[Skin.String(GeneralTextColor)])</onload>
        <onload condition="!Skin.String(SideBladeTextColor.name)">Skin.SetString(SideBladeTextColor.name,$INFO[Skin.String(GeneralTextColor.name)])</onload>
        
        <onload condition="!Skin.String(LabelOverlaysPanelColor)">Skin.SetString(LabelOverlaysPanelColor,dd000000)</onload>
        <onload condition="!Skin.String(LabelOverlaysPanelColor.name)">Skin.SetString(LabelOverlaysPanelColor.name,black)</onload>
        <onload condition="!Skin.String(LabelOverlaysTextColor)">Skin.SetString(LabelOverlaysTextColor,ffffffff)</onload>
        <onload condition="!Skin.String(LabelOverlaysTextColor.name)">Skin.SetString(LabelOverlaysTextColor.name,white)</onload>
        
        
		<!-- finish default settings -->
		<onload condition="!Skin.HasSetting(HomeMenuDefaults32)">Skin.SetBool(HomeMenuDefaults32)</onload>
		<onload condition="!Skin.HasSetting(HomeMenuDefaults33)">Skin.SetBool(HomeMenuDefaults33)</onload>
		<onload condition="!Skin.HasSetting(HomeMenuDefaults35)">Skin.SetBool(HomeMenuDefaults35)</onload>
        <onload condition="!Skin.HasSetting(HomeMenuDefaults36)">Skin.SetBool(HomeMenuDefaults36)</onload>
        <onload condition="!Skin.HasSetting(HomeMenuDefaults38)">Skin.SetBool(HomeMenuDefaults38)</onload>
        <onload condition="!Skin.HasSetting(HomeMenuDefaults39)">Skin.SetBool(HomeMenuDefaults39)</onload>

		<!-- correct some stuff -->
		<onload condition="Skin.HasSetting(AutoFocusUnwatchedEpisode) + !SubString(System.BuildVersion,14,left)">Skin.Reset(AutoFocusUnwatchedEpisode)</onload>


    </include>
	
</includes>