<includes>
	 
	 <variable name="SpotLightWidgetImage">
        <value condition="!IsEmpty(Window(home).Property(SkinHelper.PVR.FanArt))">$INFO[Window(home).Property(SkinHelper.PVR.FanArt)]</value>
        <value condition="!IsEmpty(Window(home).Property(SkinHelper.PVR.Thumb))">$INFO[Window(home).Property(SkinHelper.PVR.Thumb)]</value>
        <value condition="!IsEmpty(ListItem.ChannelName)">special://skin/extras/backgrounds/hover_my tv.jpg</value>
        <value condition="!IsEmpty(ListItem.Art(fanart))">$INFO[ListItem.Art(fanart)]</value>
		<value condition="!IsEmpty(ListItem.Art(tvshow.fanart))">$INFO[ListItem.Art(tvshow.fanart)]</value>
		<value condition="!IsEmpty(ListItem.Property(fanart))">$INFO[ListItem.Property(fanart)]</value>
		<value condition="!IsEmpty(ListItem.Thumb)">$INFO[ListItem.Thumb]</value>
		<value condition="!IsEmpty(Container(510).ListItem.Art(fanart)) + !StringCompare(Container(300).ListItem.Property(widget),youtube)">$INFO[Container(510).ListItem.Art(fanart)]</value>
		<value condition="!IsEmpty(Container(510).ListItem.Art(tvshow.fanart))">$INFO[Container(510).ListItem.Art(tvshow.fanart)]</value>
		<value condition="!IsEmpty(Container(510).ListItem.Property(fanart))">$INFO[Container(510).ListItem.Property(fanart)]</value>
		<value condition="!IsEmpty(Container(510).ListItem.Icon)">$INFO[Container(510).ListItem.Icon]</value>
    </variable>
	
	<variable name="SpotLightWidgetButtonText">
		<value condition="Control.HasFocus(510) + !IsEmpty(Container(510).ListItem.Season) + !IsEmpty(Container(510).ListItem.Episode) + IntegerGreaterThan(Container(510).ListItem.Episode,9) + IntegerGreaterThan(Container(510).ListItem.Season,9)">$INFO[Container(510).ListItem.TvShowTitle] $INFO[Container(510).ListItem.Season,S]$INFO[Container(510).ListItem.Episode,E]: $INFO[Container(510).ListItem.Title]</value>
		<value condition="Control.HasFocus(510) + !IsEmpty(Container(510).ListItem.Season) + !IsEmpty(Container(510).ListItem.Episode) + !IntegerGreaterThan(Container(510).ListItem.Episode,9) + IntegerGreaterThan(Container(510).ListItem.Season,9)">$INFO[Container(510).ListItem.TvShowTitle] $INFO[Container(510).ListItem.Season,S]$INFO[Container(510).ListItem.Episode,E0]: $INFO[Container(510).ListItem.Title]</value>
		<value condition="Control.HasFocus(510) + !IsEmpty(Container(510).ListItem.Season) + !IsEmpty(Container(510).ListItem.Episode) + IntegerGreaterThan(Container(510).ListItem.Episode,9)">$INFO[Container(510).ListItem.TvShowTitle] $INFO[Container(510).ListItem.Season,S0]$INFO[Container(510).ListItem.Episode,E]: $INFO[Container(510).ListItem.Title]</value>
		<value condition="Control.HasFocus(510) + !IsEmpty(Container(510).ListItem.Season) + !IsEmpty(Container(510).ListItem.Episode) + !IntegerGreaterThan(Container(510).ListItem.Episode,9)">$INFO[Container(510).ListItem.TvShowTitle] $INFO[Container(510).ListItem.Season,S0]$INFO[Container(510).ListItem.Episode,E0]: $INFO[Container(510).ListItem.Title]</value>
		<value condition="Control.HasFocus(510)">$INFO[Container(510).ListItem.Title]</value>
		<value condition="!IsEmpty(Container(300).ListItem.Property(widgetName.99))">$INFO[Container(300).ListItem.Property(widgetName.99)]</value>
        <value>$LOCALIZE[31185]</value>
	</variable>
    
    <variable name="EnhancedHomeButtonUpAction">
		<value condition="Control.IsVisible(4445)">SetFocus(4445)</value>
        <value condition="!IntegerGreaterThan(Container(4444).NumItems,0) + !IsEmpty(Container(300).ListItem.Property(widget.99))">SetFocus(1508)</value>
		<value condition="!IntegerGreaterThan(Container(4444).NumItems,0) + !IsEmpty(Container(300).ListItem.Property(widget))">SetFocus(510,0)</value>
		<value>SetFocus(4444)</value>
   </variable>
   
	<include name="EnhancedHomeScreen">
	
		<control type="image">
			<!--Panel-->
			<posx>50</posx>
			<bottom>0</bottom>
			<width>1820</width>
			<height>930</height>
			<texture border="5">diffuse/panel.png</texture>
			<colordiffuse>$VAR[ViewDetailsPanelColor]</colordiffuse>
			<aspectratio>stretch</aspectratio>
			<visible>!skin.hastheme(classic)</visible>
			<visible>!Skin.HasSetting(HideWidgetPanelBackground)</visible>
			<animation type="Conditional" condition="Control.IsVisible(4445) + IntegerGreaterThan(Container(4445).NumItems,0)">
                <effect type="slide" start="0,0" end="0,530" time="100" tween="cubic" easing="inout" delay="0" />
            </animation>
            <animation type="Conditional" condition="Control.IsVisible(4445) + !IntegerGreaterThan(Container(4445).NumItems,0)">
                <effect type="slide" start="0,0" end="0,620" time="100" tween="cubic" easing="inout" delay="0" />
            </animation>
		</control>
				
		<!-- touchscreen support -->
		<include condition="Skin.HasSetting(EnableTouchSupport)">TouchControlsHome</include>
		
        <!-- main menu -->
        <control type="panel" id="300">
            <posx>70</posx>
            <bottom>70</bottom>
            <width>1800</width>
            <height>195</height>
            <orientation>horizontal</orientation>
            <onleft>300</onleft>
            <onright>300</onright>
            <pagecontrol>60</pagecontrol>
            <onup>$VAR[EnhancedHomeButtonUpAction]</onup>
            <ondown condition="!Skin.HasSetting(DisablePowerMenu)">2</ondown>
            <itemlayout width="360" height="205">
                <control type="group">
                    <width>337</width>
                    <height>195</height>
                    <include>ThumbsViewLayout</include>
                </control>
            </itemlayout>
            <focusedlayout width="360" height="205" condition="!Control.HasFocus(300)">
                <control type="group">
                    <width>337</width>
                    <height>195</height>
                    <include>ThumbsViewLayout</include>
                </control>
            </focusedlayout>
            <focusedlayout width="360" height="205" condition="Control.HasFocus(300)">
                <control type="group">
                    <width>337</width>
                    <height>195</height>
                    <include>ThumbsViewLayoutFocus</include>
                </control>
            </focusedlayout>
            <content><include>skinshortcuts-mainmenu</include></content>
        </control>
		
		<!-- widgets -->
		<control type="group">
			<posx>60</posx>
			<bottom>310</bottom>
			<width>1790</width>
			<height>615</height>
			<visible>!IsEmpty(Container(300).ListItem.Property(widget)) | !IsEmpty(Container(300).ListItem.Property(widget.99))</visible>
			<!-- change spotlight widget button -->
			<control type="button" id="513">
				<posy>0</posy>
				<posx>10</posx>
				<width>1070</width>
				<height>40</height>
				<font>Reg26</font>
				<align>left</align>
				<aligny>center</aligny>
				<textoffsetx>0</textoffsetx>
				<textcolor>$INFO[Skin.String(ViewDetailsTextColor)]</textcolor>
				<texturenofocus>-</texturenofocus>
				<texturefocus>-</texturefocus>
				<focusedcolor>darkgrey</focusedcolor>
				<label>$VAR[SpotLightWidgetButtonText]</label>
				<onclick>noop</onclick>
				<onleft>4444</onleft>
				<onright>Control.Move(300,1)</onright>
				<onright>300</onright>
				<onup>noop</onup>
				<ondown>510</ondown>
				<animation effect="slide" end="360,0" time="0" delay="0" condition="IntegerGreaterThan(Container(4444).NumItems,0)">Conditional</animation>
			</control>
	
			
			<!-- alt spotlight submenu+widget present-->
			<control type="group">
			<posy>40</posy>
			<posx>370</posx>
			<width>1060</width>
			<height>605</height>
			<animation time="200" effect="fade">Visible</animation>
			<animation time="200" effect="fade">Hidden</animation>
			<visible>[!Control.IsVisible(1508) | Control.HasFocus(510)] + IntegerGreaterThan(Container(4444).NumItems,0) + !IsEmpty(Container(300).ListItem.Property(widget))</visible>
				<include>spotLightWidgetLayoutAlt</include>
			</control>
            
            <!-- busy image while widget loading -->
            <control type="multiimage">
                <posy>300</posy>
                <right>140</right>
                <width>100</width>
                <height>100</height>
				<aspectratio>keep</aspectratio>
                <imagepath>$INFO[Skin.String(SkinHelper.SpinnerTexturePath)]</imagepath>
                <timeperimage>100</timeperimage>
                <colordiffuse>$INFO[Skin.String(SpinnerTextureColor)]</colordiffuse>
                <fadetime>0</fadetime>
				<visible>!Skin.String(SkinHelper.SpinnerTexturePath,None)</visible>
                <visible>Container(510).IsUpdating</visible>
            </control>
            <!-- busy image while widget loading -->
            <control type="multiimage">
                <posy>300</posy>
                <left>850</left>
                <width>100</width>
                <height>100</height>
				<aspectratio>keep</aspectratio>
                <imagepath>$INFO[Skin.String(SkinHelper.SpinnerTexturePath)]</imagepath>
                <timeperimage>100</timeperimage>
                <colordiffuse>$INFO[Skin.String(SpinnerTextureColor)]</colordiffuse>
                <fadetime>0</fadetime>
				<visible>!Skin.String(SkinHelper.SpinnerTexturePath,None)</visible>
                <visible>Container(1508).IsUpdating</visible>
            </control>
            
            <!-- alt spotlight no submenu+widget present-->
			<control type="group">
			<posy>40</posy>
			<posx>10</posx>
			<width>1415</width>
			<height>605</height>
			<animation time="200" effect="fade">Visible</animation>
			<animation time="200" effect="fade">Hidden</animation>
			<visible>[!Control.IsVisible(1508) | Control.HasFocus(510)] + !IsEmpty(Container(300).ListItem.Property(widget)) + !IntegerGreaterThan(Container(4444).NumItems,0)</visible>
				<include>spotLightWidgetLayoutAlt</include>
			</control>
			
			
			<!-- alt spotlight only widget present-->
			<control type="group">
			<posy>40</posy>
			<posx>10</posx>
			<width>1415</width>
			<height>605</height>
			<animation time="200" effect="fade">Visible</animation>
			<animation time="200" effect="fade">Hidden</animation>
			<visible>!IntegerGreaterThan(Container(4444).NumItems,0) + !Control.IsVisible(1508) + !IsEmpty(Container(300).ListItem.Property(widget))</visible>
				<include>spotLightWidgetLayoutAlt</include>
			</control>
	
			<!-- spotlight widget -->
			<include>skinshortcuts-template-spotlightwidget</include>
		
			<!-- widget right -->
			<control type="group">
			<right>0</right>
			<width>350</width>
			<height>750</height>
			
			<!-- change widget button -->
			<control type="button" id="511">
				<posy>0</posy>
				<posx>10</posx>
				<width>337</width>
				<height>40</height>
				<font>Reg26</font>
				<align>left</align>
				<aligny>center</aligny>
				<textoffsetx>0</textoffsetx>
				<textcolor>$INFO[Skin.String(ViewDetailsTextColor)]</textcolor>
				<texturenofocus>-</texturenofocus>
				<label>$VAR[changeWidgetLabel]</label>
                <onclick>$VAR[changeWidgetClickActions]</onclick>
				<onleft condition="!IntegerGreaterThan(Container(1508).NumItems,0)">4444</onleft>
				<onleft condition="IntegerGreaterThan(Container(1508).NumItems,0)">1508</onleft>
                <ondown>510</ondown>
				<visible>!IsEmpty(Control.GetLabel(511))</visible>
			</control>
			
			<!-- widgets -->
			<include>skinshortcuts-template-widget</include>
            <include>skinshortcuts-template-widget.1</include>
            <include>skinshortcuts-template-widget.2</include>
            <include>skinshortcuts-template-widget.3</include>
		
		</control>
		
		</control>
		
		<!-- sub menu -->
		<control type="group">
			<posx>60</posx>
			<bottom>310</bottom>
			<width>1800</width>
			<height>615</height>
			
			<!-- submenu dummy button -->
			<control type="button" id="513">
				<posy>0</posy>
				<posx>10</posx>
				<width>350</width>
				<height>40</height>
				<font>Reg26</font>
				<align>left</align>
				<aligny>center</aligny>
				<textoffsetx>0</textoffsetx>
				<textcolor>$INFO[Skin.String(ViewDetailsTextColor)]</textcolor>
				<texturenofocus>-</texturenofocus>
				<texturefocus>-</texturefocus>
				<focusedcolor>darkgrey</focusedcolor>
				<label>1034</label>
				<onclick>noop</onclick>
				<onleft>4444</onleft>
				<onright>Control.Move(300,1)</onright>
				<onup>noop</onup>
				<ondown>510</ondown>
				<visible>IntegerGreaterThan(Container(4444).NumItems,0) + Control.IsVisible(4444)</visible>
			</control>
			
			<control type="panel" id="4444">
				<posx>10</posx>
				<posy>40</posy>
				<height>615</height>
				<width>365</width>
				<orientation>vertical</orientation>
				<onright>1508</onright>
				<onleft condition="!Skin.HasSetting(EnhancedHome_Circular)">Control.Move(300,-1)</onleft>
                <onleft condition="Skin.HasSetting(EnhancedHome_Circular)">510</onleft>
                <onleft>300</onleft>
				<ondown>300</ondown>
				<itemgap>0</itemgap>
				<onback>300</onback>
				<onup condition="Skin.HasSetting(ShowProfile)">Control.SetFocus(891,0)</onup>
				<include>animation_fade_visible_hidden</include>
				<visible allowhiddenfocus="true">IntegerGreaterThan(Container(4444).NumItems,0) + [!IsEmpty(Container(300).ListItem.Property(widget)) | !IsEmpty(Container(300).ListItem.Property(widget.1))]</visible>
				<itemlayout width="362" height="205">
					<control type="group">
                        <width>337</width>
                        <height>195</height>
                        <include>ThumbsViewLayout</include>
                    </control>
				</itemlayout>
				<focusedlayout width="362" height="205" condition="!Control.HasFocus(4444)">
					<control type="group">
                        <width>337</width>
                        <height>195</height>
                        <include>ThumbsViewLayout</include>
                    </control>
				</focusedlayout>
				<focusedlayout width="362" height="205" condition="Control.HasFocus(4444)">
					<control type="group">
						<control type="group">
                        <width>337</width>
                        <height>195</height>
                        <include>ThumbsViewLayoutFocus</include>
                    </control>
					</control>
				</focusedlayout>
				<content>
					<include>skinshortcuts-submenu</include>
				</content>
			</control>
		
		</control>
	
		<!-- alternative lowlist sub menu -->
		<control type="group">
			<control type="list" id="4445">
				<posx>70</posx>
				<bottom>300</bottom>
				<width>1800</width>
				<height>60</height>
				<orientation>horizontal</orientation>
				<onleft>4445</onleft>
				<onright>4445</onright>
				<itemgap>0</itemgap>
				<ondown>300</ondown>
				<onup condition="Skin.HasSetting(ShowProfile)">Control.SetFocus(891,0)</onup>
				<include>animation_fade_visible_hidden</include>
				<visible>IsEmpty(Container(300).ListItem.Property(widget)) + IsEmpty(Container(300).ListItem.Property(widget.1))</visible>
				<itemlayout width="360" height="60">
					<control type="button">
						<label></label>
						<width>337</width>
						<height>60</height>
						<font>Reg24</font>
						<textcolor>blue</textcolor>
						<align>center</align>
						<aligny>center</aligny>
					</control>
					<control type="label"> <!--label-->
						<left>20</left>
						<width>300</width>
						<label>$INFO[ListItem.Label]</label>
						<font>Reg24</font>
						<scroll>false</scroll>
						<textcolor>$INFO[Skin.String(ButtonTextColor)]</textcolor>
						<selectedcolor>$INFO[Skin.String(ButtonTextColor)]</selectedcolor>
						<disabledcolor>midgrey</disabledcolor>
					</control>
				</itemlayout>
				<focusedlayout width="360" height="60">
					<control type="button">
						<label></label>
						<width>337</width>
						<height>60</height>
						<font>Reg24</font>
						<textcolor>blue</textcolor>
						<align>center</align>
						<aligny>center</aligny>
						<visible>!Control.HasFocus(4445)</visible>
					</control>
                    
					<control type="label"> <!--label-->
						<left>20</left>
						<width>300</width>
						<label>$INFO[ListItem.Label]</label>
						<font>Reg24</font>
						<scroll>false</scroll>
						<textcolor>$INFO[Skin.String(ButtonTextColor)]</textcolor>
						<selectedcolor>$INFO[Skin.String(ButtonTextColor)]</selectedcolor>
						<disabledcolor>midgrey</disabledcolor>
						<visible>!Control.HasFocus(4445)</visible>
					</control>
					
					<control type="image">
						<width>337</width>
						<height>60</height>
						<texture diffuse="diffuse/panel.png" border="5" colordiffuse="$INFO[Skin.String(ButtonFocusColor)]">colors/color_white.png</texture>
						<visible>Control.HasFocus(4445)</visible>
					</control>
					<control type="label"> <!--label-->
						<left>20</left>
						<width>300</width>
						<label>$INFO[ListItem.Label]</label>
						<font>Reg24</font>
						<scroll>false</scroll>
						<textcolor>$INFO[Skin.String(ButtonFocusTextColor)]</textcolor>
						<selectedcolor>$INFO[Skin.String(ButtonFocusTextColor)]</selectedcolor>
						<disabledcolor>midgrey</disabledcolor>
						<visible>Control.HasFocus(4445)</visible>
					</control>
				</focusedlayout>

				<content><include>skinshortcuts-submenu</include></content>
			</control>
		</control>
		
        
		<!--RSS Text without touch-->			
		<control type="rss">	
			<description>RSS Feed</description>
			<posx>80</posx>
			<bottom>10</bottom>
			<width>1760</width>
			<height>50</height>
			<font>Reg28</font>
			<urlset>1</urlset>
			<titlecolor>$INFO[Skin.String(ViewDetailsHighlightTextColor)]</titlecolor>
			<headlinecolor>$INFO[Skin.String(ViewDetailsTextColor)]</headlinecolor>
			<textcolor>$INFO[Skin.String(ViewDetailsHighlightTextColor)]</textcolor>
			<scrollspeed>40</scrollspeed>
			<visible>!Window.IsVisible(DialogButtonMenu.xml) + !Skin.HasSetting(EnableTouchSupport)</visible>
			<animation time="1500" effect="fade" delay="1500">Visible</animation>
			<animation time="200" effect="fade">Hidden</animation>	
		</control>
		<!--RSS Text with touch-->			
		<control type="rss">	
			<description>RSS Feed</description>
			<posx>315</posx>
			<bottom>5</bottom>
			<width>1390</width>
			<height>50</height>
			<font>Reg28</font>
			<urlset>1</urlset>
			<titlecolor>$INFO[Skin.String(ViewDetailsHighlightTextColor)]</titlecolor>
			<headlinecolor>$INFO[Skin.String(ViewDetailsTextColor)]</headlinecolor>
			<textcolor>$INFO[Skin.String(ViewDetailsHighlightTextColor)]</textcolor>
			<scrollspeed>40</scrollspeed>
			<visible>!Window.IsVisible(DialogButtonMenu.xml) + Skin.HasSetting(EnableTouchSupport)</visible>
			<animation time="1500" effect="fade" delay="1500">Visible</animation>
			<animation time="200" effect="fade">Hidden</animation>	
		</control>
		
		<!-- touchscreen support -->
		<include condition="Skin.HasSetting(EnableTouchSupport)">TouchControlsFooter</include>
		
		<!-- Power button -->
		<include condition="!Skin.HasSetting(EnableTouchSupport) + !Skin.HasSetting(DisablePowerMenu)">PowerButton</include>
		
	</include>
	
	<include name="panel_layout_enhanced">
		<posy>40</posy>
		<posx>10</posx>
		<width>350</width>
		<height>615</height>
		<onleft>1508</onleft>
		<onright condition="!Skin.HasSetting(EnhancedHome_Circular)">Control.Move(300,1)</onright>
        <onright condition="Skin.HasSetting(EnhancedHome_Circular)">4444</onright>
        <onright>300</onright>
		<ondown>300</ondown>
		<onback>300</onback>
		<onup condition="!IsEmpty(Container(300).ListItem.Property(widget.1))">511</onup>
		<orientation>vertical</orientation>
		<focusposition>2</focusposition>
		<animation time="200" effect="fade">Visible</animation>
		<animation time="200" effect="fade">Hidden</animation>
		<scrolltime tween="cubic" easing="inout">500</scrolltime>
		<itemlayout width="350" height="205">
			<control type="group">
                <width>337</width>
                <height>195</height>
                <include>ThumbsViewLayout</include>
            </control>
		</itemlayout>
		<focusedlayout width="350" height="205" condition="Control.HasFocus(510)">
			<control type="group">
                <width>337</width>
                <height>195</height>
                <include>ThumbsViewLayoutFocus</include>
            </control>
		</focusedlayout>
		<focusedlayout width="350" height="205" condition="!Control.HasFocus(510)">
			<control type="group">
                <width>337</width>
                <height>195</height>
                <include>ThumbsViewLayout</include>
            </control>
		</focusedlayout>
	</include>
	
	<include name="SpotLightWidgetLayout">
		<posy>40</posy>
		<posx>0</posx>
		<width>1790</width>
		<height>607</height>
		<onleft condition="IntegerGreaterThan(Container(4444).NumItems,0)">4444</onleft>
		<onleft condition="!IntegerGreaterThan(Container(4444).NumItems,0)">300</onleft>
		<onright condition="IntegerGreaterThan(Container(510).NumItems,0)">510</onright>
		<onright condition="!IntegerGreaterThan(Container(510).NumItems,0) + !IsEmpty(Control.GetLabel(511))">511</onright>
		<onright condition="!IntegerGreaterThan(Container(510).NumItems,0) + IsEmpty(Control.GetLabel(511))">300</onright>
		<ondown>1508</ondown>
		<onback>300</onback>
		<onup>1508</onup>
		<orientation>vertical</orientation>
		<focusposition>2</focusposition>
		<animation time="200" effect="fade" begin="100" end="0" reversible="false" condition="Control.HasFocus(510)">Conditional</animation>
		<animation time="200" effect="fade" begin="0" end="100" reversible="false" condition="!Control.HasFocus(510)">Conditional</animation>
		<scrolltime tween="cubic" easing="inout">500</scrolltime>
		<animation time="200" effect="fade">Visible</animation>
		<animation time="200" effect="fade">Hidden</animation>
		<itemlayout width="1790" height="607" condition="Control.IsVisible(510) + Control.IsVisible(4444)">
			<control type="group">
				<width>1055</width>
				<right>365</right>
				<include>spotLightWidgetItemLayout</include>
			</control>
		</itemlayout>
		<focusedlayout width="1790" height="607" condition="Control.IsVisible(510) + Control.IsVisible(4444)">
			<control type="group">
				<width>1055</width>
				<right>365</right>
				<include>spotLightWidgetItemLayout</include>
			</control>
		</focusedlayout>
		<itemlayout width="1790" height="607" condition="Control.IsVisible(510) + !Control.IsVisible(4444)">
			<control type="group">
				<width>1415</width>
				<right>360</right>
				<include>spotLightWidgetItemLayout</include>
			</control>
		</itemlayout>
		<focusedlayout width="1790" height="607" condition="Control.IsVisible(510) + !Control.IsVisible(4444)">
			<control type="group">
				<width>1415</width>
				<right>360</right>
				<include>spotLightWidgetItemLayout</include>
			</control>
		</focusedlayout>
		<itemlayout width="1790" height="607" condition="!Control.IsVisible(510) + !Control.IsVisible(4444)">
			<control type="group">
				<width>1775</width>
				<right>0</right>
				<include>spotLightWidgetItemLayout</include>
			</control>
		</itemlayout>
		<focusedlayout width="1790" height="607" condition="!Control.IsVisible(510) + !Control.IsVisible(4444)">
			<control type="group">
				<width>1775</width>
				<right>0</right>
				<include>spotLightWidgetItemLayout</include>
			</control>
		</focusedlayout>
	</include>
	
	<include name="spotLightWidgetItemLayout">
        <control type="image">
            <!--Panel Normal-->
            <posx>0</posx>
            <posy>0</posy>
            <texture>diffuse/wide.png</texture>
            <colordiffuse>$VAR[ViewDetailsPanelColor]</colordiffuse>
            <include condition="Skin.String(thumbsborder_unfocused, 0)">thumbborder_0</include>
            <include condition="Skin.String(thumbsborder_unfocused, 2)">thumbborder_2</include>
            <include condition="Skin.String(thumbsborder_unfocused, 4)">thumbborder_4</include>
            <include condition="Skin.String(thumbsborder_unfocused, 6)">thumbborder_6</include>
            <visible>!Control.HasFocus(1508)</visible>
        </control>
        <control type="image">
			<!--Panel Focus-->
			<width>100%</width>
			<height>100%</height>
			<colordiffuse>$VAR[ViewDetailsFocusColor]</colordiffuse>
			<texture>diffuse/wide.png</texture>
            <include condition="Skin.String(thumbsborder_focused, 2)">thumbborder_2</include>
            <include condition="Skin.String(thumbsborder_focused, 4)">thumbborder_4</include>
            <include condition="Skin.String(thumbsborder_focused, 6)">thumbborder_6</include>
            <visible>Control.HasFocus(1508)</visible>
		</control>
		<!-- spotlight image -->
		<control type="image">
			<width>100%</width>
			<height>100%</height>
			<bordersize>8</bordersize>
			<texture background="true" diffuse="diffuse/wide.png">$VAR[SpotLightWidgetImage]</texture>
			<aspectratio scalediffuse="false" align="center" aligny="top">scale</aspectratio>
		</control>
        <!--pvr thumb image-->
        <control type="image">
			<width>100%</width>
			<height>100%</height>
			<bordersize>8</bordersize>
			<texture background="true" diffuse="diffuse/wide.png">$VAR[PVRListItemThumb]</texture>
			<aspectratio scalediffuse="false" align="center" aligny="top">scale</aspectratio>
            <visible>Skin.HasSetting(SkinHelper.EnablePVRThumbs) + SubString(ListItem.FolderPath,pvr://)</visible>
		</control>
		<!--info Overlay-->
		<control type="image">
            <!--Panel Ovelay-->
            <bottom>0</bottom>
            <height>185</height>
            <bordersize>8</bordersize>
            <colordiffuse>$VAR[ViewDetailsPanelColor]</colordiffuse>
            <texture border="5">colors/color_white.png</texture>
        </control>
		<!-- plot-->
		<control type="textbox">
			<bottom>15</bottom>
			<posx>20</posx>
			<width>70%</width>
			<height>155</height>
			<align>left</align>
            <include condition="SubString(System.BuildVersion,14,left) | SubString(System.BuildVersion,15.0,left) | SubString(System.BuildVersion,15.1,left)">textcolorworkaround</include>
			<label>[B]$INFO[ListItem.Title,,[CR]][/B]$VAR[HomeMenuWidgetInfoPlotAlt]</label>
            <textcolor>$VAR[SpotLightWidgetTextColor]</textcolor>
			<font>Light26</font>
		</control>

		<!-- clearlogo -->
		<control type="image">
			<right>20</right>
			<bottom>15</bottom>
			<width>25%</width>
			<height>135</height>
			<aspectratio align="right" aligny="center">keep</aspectratio>
			<texture background="true">$VAR[SpotLightWidgetInfoThumb]</texture>
		</control>
	</include>
	
	<include name="spotLightWidgetLayoutAlt">
		<control type="image">
            <!--Panel Normal-->
            <posx>0</posx>
            <posy>0</posy>
            <texture background="true">diffuse/wide.png</texture>
            <colordiffuse>$VAR[ViewDetailsPanelColor]</colordiffuse>
            <include condition="Skin.String(thumbsborder_unfocused, 0)">thumbborder_0</include>
            <include condition="Skin.String(thumbsborder_unfocused, 2)">thumbborder_2</include>
            <include condition="Skin.String(thumbsborder_unfocused, 4)">thumbborder_4</include>
            <include condition="Skin.String(thumbsborder_unfocused, 6)">thumbborder_6</include>
        </control>
        <control type="image">
			<width>100%</width>
			<height>100%</height>
			<bordersize>8</bordersize>
			<texture background="true" diffuse="diffuse/wide.png">$VAR[SpotLightWidgetImage]</texture>
			<aspectratio scalediffuse="false" align="center" aligny="top">scale</aspectratio>
		</control>
		<!--info Overlay-->
		<control type="image">
            <!--Panel Ovelay-->
            <bottom>0</bottom>
            <height>185</height>
            <bordersize>8</bordersize>
            <colordiffuse>$VAR[ViewDetailsPanelColor]</colordiffuse>
            <texture border="5">colors/color_white.png</texture>
        </control>
		<!-- plot-->
		<control type="textbox">
			<bottom>15</bottom>
			<posx>20</posx>
			<width>70%</width>
			<height>155</height>
			<align>left</align>
			<label>$VAR[HomeMenuWidgetInfoLabel][CR]$VAR[HomeMenuWidgetInfoPlotAlt]</label>
            <textcolor>$VAR[SpotLightWidgetTextColor]</textcolor>
			<font>Light26</font>
		</control>

		<!-- clearlogo -->
		<control type="image">
			<right>20</right>
			<bottom>10</bottom>
			<width>25%</width>
			<height>170</height>
			<aspectratio align="right" aligny="center">keep</aspectratio>
			<texture background="true">$VAR[SpotLightWidgetInfoThumbAlt]</texture>
		</control>

	</include>
	
</includes>