<?xml version="1.0" encoding="UTF-8"?>
<includes>

  <include name="simplehome_horizontal">
		<control type="group">
		  <control type="group">
			<posy>90</posy>
			<animation type="Conditional" condition="ControlGroup(77777).HasFocus | StringCompare(Window(Home).Property(ShowWidget),show)">
                <effect type="slide" start="0,0" end="0,600" time="400" tween="cubic" easing="inout" delay="0"/>
            </animation>
            
            <animation type="Conditional" condition="!Skin.HasSetting(EnableTouchSupport) + [Skin.HasSetting(DisablePowerMenu) | Skin.HasSetting(HidePowerMenu)] + !system.getbool(lookandfeel.enablerssfeeds)">
                <effect type="slide" start="0,0" end="0,140" time="500" tween="cubic" easing="inout" delay="0"/>
            </animation>
            
			<control type="group">
			 
			 <control type="image">
			    <posx>0</posx>
				<posy>710</posy>
				<width>100%</width>
				<height>140</height>
				<texture border="5">diffuse/panel.png</texture>
				<colordiffuse>$INFO[Skin.String(GeneralPanelsColor)]</colordiffuse>
			  </control>

			  <control type="image">
				<posx>0</posx>
				<posy>710</posy>
				<width>100%</width>
				<height>100</height>
				<texture border="5">diffuse/panel.png</texture>
				<colordiffuse>$INFO[Skin.String(GeneralPanelsColor)]</colordiffuse>
			  </control>
			</control>
			<control type="fixedlist" id="300">
			  <animation effect="fade" time="200" start="100" end="25" reversible="true" condition="!Control.HasFocus(300)">Conditional</animation>
			  <posx>-338</posx>
			  <width>3069</width>
			  <posy>725</posy>
			  <height>72</height>
			  <onleft>300</onleft>
			  <onright>300</onright>
			  <ondown>4444</ondown>
			  <onup>77777</onup>
			  <pagecontrol>-</pagecontrol>
			  <focusposition>2</focusposition>
			  <movement>1</movement>
			  <preloaditems>4</preloaditems>
			  <orientation>horizontal</orientation>
			  <itemlayout height="70" width="519">
				<control type="label">
				  <posx>0</posx>
				  <posy>0</posy>
				  <width>519</width>
				  <textcolor>grey</textcolor>
				  <shadowcolor>black</shadowcolor>
				  <height>70</height>
				  <align>center</align>
				  <aligny>top</aligny>
				  <textoffsety>2</textoffsety>
				  <scroll>false</scroll>
				  <label>[B][UPPERCASE]$INFO[ListItem.Label][/UPPERCASE][/B]</label>
				  <font>Reg50</font>
				</control>
			  </itemlayout>
			  <focusedlayout height="70" width="519">
				<control type="label">
					  <posx>0</posx>
					  <posy>0</posy>
					  <width>519</width>
					  <textcolor>$VAR[ViewDetailsFocusColor]</textcolor>
					  <shadowcolor>black</shadowcolor>
					  <height>70</height>
					  <align>center</align>
					  <aligny>top</aligny>
					  <textoffsety>2</textoffsety>
					  <label>[B][UPPERCASE]$INFO[ListItem.Label][/UPPERCASE][/B]</label>
					  <font>Reg50</font>
				</control>
				<control type="button">
					<visible>false</visible>
					<onfocus condition="!Skin.HasSetting(DisableAllSubmenus) + Skin.HasSetting(AutoShowSubmenu) + skin.hastheme(classic)">SetFocus(4444)</onfocus>
					<onfocus condition="!Skin.HasSetting(DisableAllSubmenus) + Skin.HasSetting(AutoShowSubmenu) + !skin.hastheme(classic)">SetProperty(submenu,show,home)</onfocus>
				</control>
			  </focusedlayout>
			  <content><include>skinshortcuts-mainmenu</include></content>
			</control>
			<control type="list" id="4444">
			  <animation effect="fade" time="200" start="100" end="25" reversible="true" condition="!Control.HasFocus(4444)">Conditional</animation>
			  <visible>!Skin.HasSetting(DisableAllSubmenus)</visible>
			  <posx>0</posx>
			  <width>1920</width>
			  <posy>803</posy>
			  <height>50</height>
			  <onleft>4444</onleft>
			  <onright>4444</onright>
			  <viewtype>list</viewtype>
			  <orientation>horizontal</orientation>
			  <focusposition>3</focusposition>
			  <movement>3</movement>
			  <onup>300</onup>
			  <itemgap>6</itemgap>
			  <onback>SetFocus(300)</onback>
			  <ondown condition="!Skin.HasSetting(DisablePowerMenu)">ActivateWindow(ShutdownMenu)</ondown>
              <animation type="Conditional" condition="StringCompare(Container(4444).Numitems,1)">
				<effect type="slide" end="768" time="0" delay="0" />
              </animation>
              <animation type="Conditional" condition="StringCompare(Container(4444).Numitems,2)">
				<effect type="slide" end="576" time="0" delay="0" />
              </animation>
              <animation type="Conditional" condition="StringCompare(Container(4444).Numitems,3)">
				<effect type="slide" end="384" time="0" delay="0" />
              </animation>
              <animation type="Conditional" condition="StringCompare(Container(4444).Numitems,4)">
				<effect type="slide" end="192" time="0" delay="0" />
              </animation>
			  <itemlayout width="384" height="50">
				<control type="label">
				  <posx>3</posx>
				  <posy>1</posy>
				  <height>50</height>
				  <width>384</width>
				  <align>center</align>
				  <aligny>center</aligny>
				  <font>Reg26</font>
				  <scroll>false</scroll>
				  <label>$INFO[ListItem.Label]</label>
				  <textcolor>black</textcolor>
				  <shadowcolor>-</shadowcolor>
				</control>
				<control type="label">
				  <posx>3</posx>
				  <posy>0</posy>
				  <height>50</height>
				  <width>384</width>
				  <align>center</align>
				  <aligny>center</aligny>
				  <font>Reg26</font>
				  <scroll>false</scroll>
				  <label>$INFO[ListItem.Label]</label>
				  <textcolor>$INFO[Skin.String(GeneralTextColor)]</textcolor>
				  <shadowcolor>-</shadowcolor>
				</control>
			  </itemlayout>
			  <focusedlayout width="384" height="50">
				<control type="label">
				  <posx>3</posx>
				  <posy>1</posy>
				  <height>50</height>
				  <width>384</width>
				  <align>center</align>
				  <aligny>center</aligny>
				  <font>Reg26</font>
				  <label>$INFO[ListItem.Label]</label>
				  <textcolor>black</textcolor>
				  <shadowcolor>-</shadowcolor>
				</control>
				<control type="label">
				  <visible>!Control.HasFocus(4444)</visible>
				  <posx>3</posx>
				  <posy>0</posy>
				  <height>50</height>
				  <width>384</width>
				  <align>center</align>
				  <aligny>center</aligny>
				  <font>Reg26</font>
				  <label>$INFO[ListItem.Label]</label>
				  <textcolor>$INFO[Skin.String(GeneralTextColor)]</textcolor>
				  <shadowcolor>-</shadowcolor>
				</control>
				<control type="label">
				  <visible>Control.HasFocus(4444)</visible>
				  <posx>3</posx>
				  <posy>0</posy>
				  <height>50</height>
				  <width>384</width>
				  <align>center</align>
				  <aligny>center</aligny>
				  <font>Reg26</font>
				  <label>$INFO[ListItem.Label]</label>
				  <textcolor>$VAR[ViewDetailsFocusColor]</textcolor>
				  <shadowcolor>-</shadowcolor>
				</control>
			  </focusedlayout>
			  <content>
				<include condition="!Skin.HasSetting(DisableAllSubmenus)">skinshortcuts-submenu</include>
			  </content>
			</control>
		  </control>
		
		
		
		<!-- widgets -->
		<control type="group" id="77777">
			<include condition="!Skin.HasSetting(DisableAllWidgets)">HomeMenuWidget</include>
		</control>
		
		<!-- Power button -->
		<include condition="!Skin.HasSetting(EnableTouchSupport) + !Skin.HasSetting(DisablePowerMenu)">PowerButton</include>
		
		</control>
	</include>

</includes>