<?xml version="1.0" encoding="UTF-8"?>
<includes>

	<include name="verticalhome_focusedmainmenuitem">
		<!-- menu label -->
		<control type="label">
			<right>0</right>
			<width>350</width>
			<height>80</height>
			<align>right</align>
			<aligny>center</aligny>
			<textcolor>$VAR[ViewDetailsFocusColor]</textcolor>
			<label>[B]$INFO[ListItem.Label][/B]</label>
			<font>Reg38</font>
            <animation effect="zoom" start="80" end="102" center="left" time="300" tween="elastic" easing="inout" pulse="false" condition="Skin.HasSetting(Vertical_Home_Animation)">Focus</animation>
		</control>
	  <control type="button">
			<visible>false</visible>	
			<onfocus condition="!Skin.HasSetting(AutoShowSubmenu)">SetProperty(submenu,hide,home)</onfocus>
			<onfocus condition="!Skin.HasSetting(DisableAllSubmenus) + Skin.HasSetting(AutoShowSubmenu) + IntegerGreaterThan(Container(4444).NumItems,0)">SetProperty(submenu,show,home)</onfocus>
			<onfocus condition="!Skin.HasSetting(DisableAllSubmenus) + Skin.HasSetting(AutoShowSubmenu) + !IntegerGreaterThan(Container(4444).NumItems,0)">SetProperty(submenu,hide,home)</onfocus>
		</control>
	</include>
	
	<include name="verticalhome_focusedmainmenuitem_tile">
		<control type="group">
			<width>375</width>
			<height>150</height>
			<control type="image">
				<texture>home/home_matte2.png</texture>
				<colordiffuse>$VAR[ViewDetailsFocusColor]</colordiffuse>
			</control>
			<control type="image">
				<bordersize>5</bordersize>
				<texture background="true" diffuse="home/home_matte2.png" fallback="special://skin/extras/hometiles/addons.png">$INFO[ListItem.Icon]</texture>
				<aspectratio scalediffuse="false" align="center" aligny="top">scale</aspectratio>
			</control>
			<control type="image">
				<texture>home/home_overlay2.png</texture>
				<bordersize>5</bordersize>
				
				<colordiffuse>$VAR[ViewDetailsPanelColor]</colordiffuse>
				<visible>!Skin.HasSetting(NoTitleOnHomeMenuTiles) + !StringCompare(ListItem.Property(disableLabel), disable)</visible>
			</control>
			<control type="label">
				<bottom>8</bottom>
				<left>10</left>
				<width>350</width>
				<height>40</height>
				<align>center</align>
				<info>ListItem.Label</info>
				<font>Reg38</font>
				<textcolor>$VAR[ViewDetailsFocusColor]</textcolor>
				<shadowcolor>black</shadowcolor>
				<visible>!Skin.HasSetting(NoTitleOnHomeMenuTiles) + !StringCompare(ListItem.Property(disableLabel), disable)</visible>
			</control>
			<control type="button">
				<visible>false</visible>	
				<onfocus condition="!Skin.HasSetting(AutoShowSubmenu)">SetProperty(submenu,hide,home)</onfocus>
				<onfocus condition="!Skin.HasSetting(DisableAllSubmenus) + Skin.HasSetting(AutoShowSubmenu) + IntegerGreaterThan(Container(4444).NumItems,0)">SetProperty(submenu,show,home)</onfocus>
				<onfocus condition="!Skin.HasSetting(DisableAllSubmenus) + Skin.HasSetting(AutoShowSubmenu) + !IntegerGreaterThan(Container(4444).NumItems,0)">SetProperty(submenu,hide,home)</onfocus>
			</control>
		</control>
	</include>
  
   <include name="verticalhome_altheight">
		<height>850</height>
   </include>
   
   <include name="customlogo_align_center">
        <aspectratio align="center">keep</aspectratio>
   </include>
   <include name="customlogo_align_left">
        <aspectratio align="left">keep</aspectratio>
   </include>
   
   <include name="simplehome_vertical">
		
    <control type="group">
	
	<!--Panel-->
	<control type="image">
		<posy>0</posy>
		<posx>0</posx>
		<width>400</width>
		<height>100%</height>
		<texture>colors/color_white.png</texture>
        <visible>!Skin.HasSetting(HideWidgetPanelBackground)</visible>
		<colordiffuse>$VAR[ViewDetailsPanelColor]</colordiffuse>
		<aspectratio>stretch</aspectratio>
	</control>

	
	<!-- kodi logo -->
	<control type="image">
		<right>1520</right>
		<posy>10</posy>
		<height>120</height>
		<width>375</width>
        <include condition="Skin.String(CustomLogoImage) + Skin.String(LogoImageAlignment,center)">customlogo_align_center</include>
        <include condition="Skin.String(CustomLogoImage) + Skin.String(LogoImageAlignment,left)">customlogo_align_left</include>
		<aspectratio align="right">keep</aspectratio>
		<texture>$VAR[LogoImage]</texture>
        <colordiffuse>$INFO[Skin.String(ViewDetailsListItemTextColor)]</colordiffuse>
	</control>
		
	<!--submenu normal-->
	<include condition="!Skin.HasSetting(VerticalHomeInlineSubmenu)">VerticalHomeSubMenuNormal</include>
	
	
	<!-- Main menu -->
    <control type="list" id="300">
        <animation effect="fade" time="200" start="100" end="70" reversible="true" condition="!Control.HasFocus(300)">Conditional</animation>
        <animation effect="fade" time="200" start="100" end="20" reversible="true" condition="Control.HasFocus(4444) + Skin.HasSetting(VerticalHomeInlineSubmenu)">Conditional</animation>
        <posx>10</posx>
        <posy>160</posy>
        <width>375</width>
		<include condition="Skin.HasSetting(VerticalHomeTiles)">verticalhome_altheight</include>
        <height>800</height>
		<onup condition="!Skin.HasSetting(ShowProfile)">300</onup>
		<onup condition="Skin.HasSetting(ShowProfile)">Control.SetFocus(891,0)</onup>
		<ondown>300</ondown>
        <onleft condition="!Skin.HasSetting(DisablePowerMenu)">2</onleft>
		<onright condition="!IntegerGreaterThan(Container(4444).NumItems,0)">77777</onright>	
		<onright condition="IntegerGreaterThan(Container(4444).NumItems,0)">SetProperty(submenu,show,home)</onright>
		<onright condition="IntegerGreaterThan(Container(4444).NumItems,0)">Control.SetFocus(4444,0)</onright>
		<scrolltime tween="quadratic">200</scrolltime>
        <movement>0</movement>
        <preloaditems>4</preloaditems>
        <itemlayout height="80" width="370" condition="!Skin.HasSetting(VerticalHomeTiles)">
          <control type="label">
            <right>0</right>
            <posy>0</posy>
            <width>350</width>
            <height>80</height>
            <align>right</align>
            <aligny>center</aligny>
            <textcolor>$INFO[Skin.String(ViewDetailsListItemTextColor)]</textcolor>
			<focusedcolor>$INFO[Skin.String(ViewDetailsListItemTextColor)]</focusedcolor>
			<selectedcolor>$INFO[Skin.String(ViewDetailsListItemTextColor)]</selectedcolor>
             <label>$INFO[ListItem.Label]</label>
              <font>Reg34</font>
			<scroll>false</scroll>
          </control>
        </itemlayout>
        
		<itemlayout height="170" width="375" condition="Skin.HasSetting(VerticalHomeTiles)">
			<control type="group">
				<width>375</width>
				<height>150</height>
				<control type="image">
					<texture background="true" diffuse="home/home_matte2.png" fallback="special://skin/extras/hometiles/addons.png">$INFO[ListItem.Icon]</texture>
					<aspectratio scalediffuse="false" align="center" aligny="top">scale</aspectratio>
					<bordersize>5</bordersize>
				</control>
				<control type="image">
					<texture>home/home_overlay2.png</texture>
					<bordersize>5</bordersize>
					<colordiffuse>$VAR[ViewDetailsPanelColor]</colordiffuse>
					<visible>!Skin.HasSetting(NoTitleOnHomeMenuTiles) + !StringCompare(ListItem.Property(disableLabel), disable)</visible>
				</control>
				<control type="label">
					<bottom>8</bottom>
					<left>10</left>
					<width>350</width>
					<height>40</height>
					<align>center</align>
					<info>ListItem.Label</info>
					<font>Reg38</font>
					<shadowcolor>black</shadowcolor>
					<visible>!Skin.HasSetting(NoTitleOnHomeMenuTiles) + !StringCompare(ListItem.Property(disableLabel), disable)</visible>
				</control>
			</control>
        </itemlayout>
		<focusedlayout height="170" width="375" condition="Skin.HasSetting(VerticalHomeTiles) + !Skin.HasSetting(VerticalHomeInlineSubmenu)">
			<include>verticalhome_focusedmainmenuitem_tile</include>
        </focusedlayout>
        
		<focusedlayout height="80" width="370" condition="[StringCompare(Container(4444).NumItems,0) | IsEmpty(Container(4444).NumItems) | !StringCompare(Window(Home).Property(submenu),show) | !Skin.HasSetting(VerticalHomeInlineSubmenu)] + !Skin.HasSetting(VerticalHomeTiles)">
			<include>verticalhome_focusedmainmenuitem</include>
        </focusedlayout>
		
		<focusedlayout height="140" width="370" condition="StringCompare(Window(Home).Property(submenu),show) + StringCompare(Container(4444).NumItems,1) + Skin.HasSetting(VerticalHomeInlineSubmenu) + !Skin.HasSetting(VerticalHomeTiles)">
			<include>verticalhome_focusedmainmenuitem</include>
        </focusedlayout>
		<focusedlayout height="205" width="370" condition="StringCompare(Window(Home).Property(submenu),show) + StringCompare(Container(4444).NumItems,2) + Skin.HasSetting(VerticalHomeInlineSubmenu) + !Skin.HasSetting(VerticalHomeTiles)">
			<include>verticalhome_focusedmainmenuitem</include>
        </focusedlayout>
		<focusedlayout height="270" width="370" condition="StringCompare(Window(Home).Property(submenu),show) + StringCompare(Container(4444).NumItems,3) + Skin.HasSetting(VerticalHomeInlineSubmenu) + !Skin.HasSetting(VerticalHomeTiles)">
			<include>verticalhome_focusedmainmenuitem</include>
        </focusedlayout>
		<focusedlayout height="335" width="370" condition="StringCompare(Window(Home).Property(submenu),show) + StringCompare(Container(4444).NumItems,4) + Skin.HasSetting(VerticalHomeInlineSubmenu) + !Skin.HasSetting(VerticalHomeTiles)">
			<include>verticalhome_focusedmainmenuitem</include>
        </focusedlayout>
		<focusedlayout height="380" width="370" condition="StringCompare(Window(Home).Property(submenu),show) + StringCompare(Container(4444).NumItems,5) + Skin.HasSetting(VerticalHomeInlineSubmenu) + !Skin.HasSetting(VerticalHomeTiles)">
			<include>verticalhome_focusedmainmenuitem</include>
        </focusedlayout>
		<focusedlayout height="460" width="370" condition="StringCompare(Window(Home).Property(submenu),show) + IntegerGreaterThan(Container(4444).NumItems,5) + Skin.HasSetting(VerticalHomeInlineSubmenu) + !Skin.HasSetting(VerticalHomeTiles)">
			<include>verticalhome_focusedmainmenuitem</include>
        </focusedlayout>
		
		<focusedlayout height="510" width="370" condition="StringCompare(Window(Home).Property(submenu),show) + IntegerGreaterThan(Container(4444).NumItems,5) + Skin.HasSetting(VerticalHomeInlineSubmenu) + Skin.HasSetting(VerticalHomeTiles)">
			<include>verticalhome_focusedmainmenuitem_tile</include>
        </focusedlayout>
		<focusedlayout height="450" width="370" condition="StringCompare(Window(Home).Property(submenu),show) + StringCompare(Container(4444).NumItems,5) + Skin.HasSetting(VerticalHomeInlineSubmenu) + Skin.HasSetting(VerticalHomeTiles)">
			<include>verticalhome_focusedmainmenuitem_tile</include>
        </focusedlayout>
		<focusedlayout height="450" width="310" condition="StringCompare(Window(Home).Property(submenu),show) + StringCompare(Container(4444).NumItems,4) + Skin.HasSetting(VerticalHomeInlineSubmenu) + Skin.HasSetting(VerticalHomeTiles)">
			<include>verticalhome_focusedmainmenuitem_tile</include>
        </focusedlayout>
		<focusedlayout height="390" width="370" condition="StringCompare(Window(Home).Property(submenu),show) + StringCompare(Container(4444).NumItems,4) + Skin.HasSetting(VerticalHomeInlineSubmenu) + Skin.HasSetting(VerticalHomeTiles)">
			<include>verticalhome_focusedmainmenuitem_tile</include>
        </focusedlayout>
		<focusedlayout height="330" width="370" condition="StringCompare(Window(Home).Property(submenu),show) + StringCompare(Container(4444).NumItems,3) + Skin.HasSetting(VerticalHomeInlineSubmenu) + Skin.HasSetting(VerticalHomeTiles)">
			<include>verticalhome_focusedmainmenuitem_tile</include>
        </focusedlayout>
		<focusedlayout height="270" width="370" condition="StringCompare(Window(Home).Property(submenu),show) + StringCompare(Container(4444).NumItems,2) + Skin.HasSetting(VerticalHomeInlineSubmenu) + Skin.HasSetting(VerticalHomeTiles)">
			<include>verticalhome_focusedmainmenuitem_tile</include>
        </focusedlayout>
		<focusedlayout height="210" width="370" condition="StringCompare(Window(Home).Property(submenu),show) + StringCompare(Container(4444).NumItems,1) + Skin.HasSetting(VerticalHomeInlineSubmenu) + Skin.HasSetting(VerticalHomeTiles)">
			<include>verticalhome_focusedmainmenuitem_tile</include>
        </focusedlayout>

        <content><include>skinshortcuts-mainmenu</include></content>
      </control>
    </control>
	
	<!--submenu inline-->
	<include condition="Skin.HasSetting(VerticalHomeInlineSubmenu)">VerticalHomeSubMenuInLine</include>
	
	<!-- Power button -->
	<include condition="!Skin.HasSetting(EnableTouchSupport) + !Skin.HasSetting(DisablePowerMenu)">PowerButton</include>
	
	<!-- widgets -->
	<control type="group" id="77777">
		<posy>180</posy>
		<posx>530</posx>
		<visible>!IsEmpty(Container(300).ListItem.Property(widget)) + !Skin.HasSetting(DisableAllWidgets)</visible>
		
		<!-- slide when submenu active -->
		<animation type="Conditional" condition="[SubString(Window(Home).Property(submenu),show) | Control.HasFocus(4444)] + IntegerGreaterThan(Container(510).NumItems,4) + !Skin.HasSetting(VerticalHomeInlineSubmenu)">
            <effect type="slide" start="0" end="310" time="300" delay="0" tween="cubic" easing="inout" />
        </animation>
		
		<control type="group">
            <include condition="!Skin.HasSetting(DisableAllWidgets)">skinshortcuts-template-widget</include>
            <include condition="!Skin.HasSetting(DisableAllWidgets)">skinshortcuts-template-widget.1</include>
            <include condition="!Skin.HasSetting(DisableAllWidgets)">skinshortcuts-template-widget.2</include>
            <include condition="!Skin.HasSetting(DisableAllWidgets)">skinshortcuts-template-widget.3</include>
        </control>

		<control type="group" id="77551">
            <visible>Skin.String(widgetstyle, poster)</visible>
			<visible>[Control.HasFocus(510) | Control.HasFocus(511)] + !StringCompare(Container(300).ListItem.Property(widget),submenuaswidget)</visible>
			<visible>!Window.IsActive(DialogKaiToast.xml) + !Window.IsActive(DialogExtendedProgressBar.xml) + !Control.IsVisible(88888)</visible>
			<animation effect="slide" end="0,-50" time="0" condition="StringCompare(Container(300).ListItem.Property(widget),music)">Conditional</animation>
			<control type="image">
				<posx>50</posx>
				<posy>-300</posy>
				<width>1270</width>
				<texture border="15">diffuse/bgpanel.png</texture>
                <visible>!Skin.HasSetting(HideWidgetPanelBackground)</visible>
				<colordiffuse>$VAR[ViewDetailsPanelColor]</colordiffuse>
				<aspectratio>stretch</aspectratio>
				<height>325</height>
			</control>
			<control type="textbox">
				<posx>60</posx>
				<posy>-160</posy>
				<width>1250</width>
				<height>166</height>
				<label fallback="19055">[B]$INFO[Container(510).ListItem.Label][/B][CR]$VAR[HomeMenuWidgetInfoPlotAlt]</label>
				<textcolor>$INFO[Skin.String(ViewDetailsTextColor)]</textcolor>
                <shadowcolor>$INFO[Skin.String(ViewDetailsTextShadowColor)]</shadowcolor>
				<align>justify</align>
				<font>Reg24</font>
				<visible>!StringCompare(Container(300).ListItem.Property(widget),music)</visible>
			</control>
			<control type="textbox">
				<posx>60</posx>
				<posy>-110</posy>
				<width>1250</width>
				<height>133</height>
				<label fallback="19055">[B]$INFO[Container(510).ListItem.Label][/B][CR]$VAR[HomeMenuWidgetInfoPlotAlt]</label>
				<textcolor>$INFO[Skin.String(ViewDetailsTextColor)]</textcolor>
			<shadowcolor>$INFO[Skin.String(ViewDetailsTextShadowColor)]</shadowcolor>
				<align>justify</align>
				<font>Reg24</font>
				<visible>StringCompare(Container(300).ListItem.Property(widget),music)</visible>
			</control>
		</control>
        <control type="group" id="77552">
            <visible>Skin.String(widgetstyle, landscape)</visible>
			<visible>[Control.HasFocus(510) | Control.HasFocus(511)] + !StringCompare(Container(300).ListItem.Property(widget),submenuaswidget)</visible>
			<visible>!Window.IsActive(DialogKaiToast.xml) + !Window.IsActive(DialogExtendedProgressBar.xml) + !Control.IsVisible(88888)</visible>
			<animation effect="slide" end="0,-50" time="0" condition="StringCompare(Container(300).ListItem.Property(widget),music)">Conditional</animation>
			<control type="image">
				<right>60</right>
				<posy>-300</posy>
				<width>1100</width>
				<texture border="15">diffuse/bgpanel.png</texture>
                <visible>!Skin.HasSetting(HideWidgetPanelBackground)</visible>
				<colordiffuse>$VAR[ViewDetailsPanelColor]</colordiffuse>
				<aspectratio>stretch</aspectratio>
				<height>405</height>
			</control>
			<control type="textbox">
				<right>70</right>
				<posy>-160</posy>
				<width>1080</width>
				<height>255</height>
				<label fallback="19055">[B]$INFO[Container(510).ListItem.Label][/B][CR]$VAR[HomeMenuWidgetInfoPlotAlt]</label>
				<textcolor>$INFO[Skin.String(ViewDetailsTextColor)]</textcolor>
                <shadowcolor>$INFO[Skin.String(ViewDetailsTextShadowColor)]</shadowcolor>
				<align>justify</align>
				<font>Reg24</font>
				<visible>!StringCompare(Container(300).ListItem.Property(widget),music)</visible>
			</control>
			<control type="textbox">
				<right>70</right>
				<posy>-110</posy>
				<width>1080</width>
				<height>223</height>
				<label fallback="19055">[B]$INFO[Container(510).ListItem.Label][/B][CR]$VAR[HomeMenuWidgetInfoPlotAlt]</label>
				<textcolor>$INFO[Skin.String(ViewDetailsTextColor)]</textcolor>
			<shadowcolor>$INFO[Skin.String(ViewDetailsTextShadowColor)]</shadowcolor>
				<align>justify</align>
				<font>Reg24</font>
				<visible>StringCompare(Container(300).ListItem.Property(widget),music)</visible>
			</control>
		</control>
		
		<!--change widget button -->
		<control type="group">
			<right>60</right>
			<bottom>60</bottom>
			<width>800</width>
			<height>45</height>
            <visible>!Skin.String(DisableAllWidgets)</visible>
			<include condition="!Skin.String(widgetstyle, single box)">changeWidgetButton</include>
		</control>
        <!-- busy image while widget loading -->
        <control type="multiimage">
            <right>60</right>
			<bottom>120</bottom>
            <width>100</width>
            <height>100</height>
            <aspectratio>keep</aspectratio>
            <imagepath>$INFO[Skin.String(SkinHelper.SpinnerTexturePath)]</imagepath>
            <timeperimage>100</timeperimage>
            <colordiffuse>$INFO[Skin.String(SpinnerTextureColor)]</colordiffuse>
            <fadetime>0</fadetime>
            <visible>!Skin.String(SkinHelper.SpinnerTexturePath,None)</visible>
            <visible>Container(510).IsUpdating</visible>
        </control>
        
	</control>
    
    <control type="group">
        <bottom>80</bottom>
        <right>60</right>
        <width>940</width>
        <height>341</height>
        <include condition="Skin.String(widgetstyle, single box)">widgetpanel_singlebox</include>
    </control>
	
	<!--RSS -->			
	<control type="rss">	
		<description>RSS Feed</description>
		<right>60</right>
		<bottom>0</bottom>
		<width>1410</width>
		<height>50</height>
		<font>rss</font>
		<urlset>1</urlset>
		<titlecolor>$INFO[Skin.String(GeneralHighlightTextColor)]</titlecolor>
        <headlinecolor>$INFO[Skin.String(FooterTextColor)]</headlinecolor>
        <textcolor>$INFO[Skin.String(GeneralHighlightTextColor)]</textcolor>
        <shadowcolor>$INFO[Skin.String(FooterTextShadowColor)]</shadowcolor>
		<visible>system.getbool(lookandfeel.enablerssfeeds)</visible>
	</control>
	
	<!-- touchscreen support -->
	<include condition="Skin.HasSetting(EnableTouchSupport)">TouchControlsFooter</include>
    
 </include>
 
	<include name="VerticalHomeSubMenuNormal">
		<!-- submenu -->
		<control type="group">
			<posx>420</posx>
			<posy>170</posy>

			<animation type="Conditional" condition="Control.IsVisible(4444)">
				<effect type="fade" start="0" end="100" time="250" delay="0" />
			</animation>
			<animation type="Conditional" condition="!Control.IsVisible(4444)">
				<effect type="fade" start="100" end="0" time="250" delay="0" />
			</animation>
			<animation type="Conditional" condition="IntegerGreaterThan(Container(300).Position,0) + !Skin.HasSetting(VerticalHomeTiles)">
				<effect type="slide" end="0,80" time="0" delay="0" />
			</animation>
			<animation type="Conditional" condition="IntegerGreaterThan(Container(300).Position,1) + !Skin.HasSetting(VerticalHomeTiles)">
				<effect type="slide" end="0,80" time="0" delay="0" />
			</animation>
			<animation type="Conditional" condition="IntegerGreaterThan(Container(300).Position,2) + !Skin.HasSetting(VerticalHomeTiles)">
				<effect type="slide" end="0,80" time="0" delay="0" />
			</animation>
			<animation type="Conditional" condition="IntegerGreaterThan(Container(300).Position,3) + !Skin.HasSetting(VerticalHomeTiles)">
				<effect type="slide" end="0,80" time="0" delay="0" />
			</animation>
			<animation type="Conditional" condition="IntegerGreaterThan(Container(300).Position,4) + !Skin.HasSetting(VerticalHomeTiles)">
				<effect type="slide" end="0,80" time="0" delay="0" />
			</animation>

			<animation type="Conditional" condition="IntegerGreaterThan(Container(300).Position,0) + Skin.HasSetting(VerticalHomeTiles)">
				<effect type="slide" end="0,170" time="0" delay="0" />
			</animation>
			<animation type="Conditional" condition="IntegerGreaterThan(Container(300).Position,1) + Skin.HasSetting(VerticalHomeTiles)">
				<effect type="slide" end="0,170" time="0" delay="0" />
			</animation>
			<animation type="Conditional" condition="IntegerGreaterThan(Container(300).Position,2) + Skin.HasSetting(VerticalHomeTiles)">
				<effect type="slide" end="0,170" time="0" delay="0" />
			</animation>
			<animation type="Conditional" condition="IntegerGreaterThan(Container(300).Position,3) + Skin.HasSetting(VerticalHomeTiles)">
				<effect type="slide" end="0,10" time="0" delay="0" />
			</animation>


			<!--Panel-->
			<control type="image">
				<posy>-10</posy>
				<posx>-20</posx>
				<width>360</width>
				<height>400</height>
				<texture border="5">diffuse/panel.png</texture>
                <visible>!Skin.HasSetting(HideWidgetPanelBackground)</visible>
				<colordiffuse>$VAR[ViewDetailsPanelColor]</colordiffuse>
				<aspectratio>stretch</aspectratio>
			</control>
			<control type="list" id="4444">
				<visible allowhiddenfocus="true">[SubString(Window(Home).Property(submenu),show) | control.hasfocus(4444)] + IntegerGreaterThan(Container(4444).NumItems,0)</visible>
				<visible>!Skin.HasSetting(DisableAllSubmenus)</visible>
				<width>310</width>
				<height>380</height>
				<itemgap>3</itemgap>
				<onleft>300</onleft>
				<onleft>ClearProperty(submenu,home)</onleft>
				<onright>ClearProperty(submenu,home)</onright>
				<onright>77777</onright>
				<onup>4444</onup>
				<ondown>4444</ondown>
				<onback>300</onback>
				<onback>ClearProperty(submenu,home)</onback>
				<focusposition>0</focusposition>
				<movement>3</movement>
				<itemlayout width="320" height="65">

				<control type="label">
					<posx>10</posx>
					<width>315</width>
					<align>left</align>
					<font>Reg26</font>
					<height>60</height>
					<textcolor>$INFO[Skin.String(ViewDetailsListItemTextColor)]</textcolor>
				    <label>$INFO[ListItem.Label]</label>
				</control>
				</itemlayout>
				<focusedlayout width="320" height="65">
				<control type="label">
				    <posx>10</posx>
					<width>315</width>
					<align>left</align>
					<font>Reg28</font>
					<height>60</height>
				    <textcolor>$VAR[ViewDetailsFocusColor]</textcolor>
				    <label>[B]$INFO[ListItem.Label][/B]</label>
                    <scroll>true</scroll>
				</control>
				</focusedlayout>
				<content>
				<include condition="!Skin.HasSetting(DisableAllSubmenus)">skinshortcuts-submenu</include>
				</content>
			</control>
		</control>

	</include>
 
	<include name="VerticalHomeSubMenuInLine">
		<!-- submenu -->
		<control type="group">
			<posx>25</posx>
			<posy>150</posy>
			
			<animation type="Conditional" condition="IntegerGreaterThan(Container(300).Position,0) + !Skin.HasSetting(VerticalHomeTiles)">
				<effect type="slide" end="0,80" time="0" delay="0" />
			</animation>
			<animation type="Conditional" condition="IntegerGreaterThan(Container(300).Position,1) + !Skin.HasSetting(VerticalHomeTiles)">
				<effect type="slide" end="0,80" time="0" delay="0" />
			</animation>
			<animation type="Conditional" condition="IntegerGreaterThan(Container(300).Position,2) + !Skin.HasSetting(VerticalHomeTiles)">
				<effect type="slide" end="0,80" time="0" delay="0" />
			</animation>
			<animation type="Conditional" condition="IntegerGreaterThan(Container(300).Position,3) + !Skin.HasSetting(VerticalHomeTiles)">
				<effect type="slide" end="0,80" time="0" delay="0" />
			</animation>
			<animation type="Conditional" condition="IntegerGreaterThan(Container(300).Position,4) + !Skin.HasSetting(VerticalHomeTiles)">
				<effect type="slide" end="0,80" time="0" delay="0" />
			</animation>
			<animation type="Conditional" condition="IntegerGreaterThan(Container(300).Position,5) + !Skin.HasSetting(VerticalHomeTiles)">
				<effect type="slide" end="0,80" time="0" delay="0" />
			</animation>
			<animation type="Conditional" condition="Skin.HasSetting(VerticalHomeTiles)">
				<effect type="slide" end="0,70" time="0" delay="0" />
			</animation>
			<animation type="Conditional" condition="IntegerGreaterThan(Container(300).Position,0) + Skin.HasSetting(VerticalHomeTiles)">
				<effect type="slide" end="0,170" time="0" delay="0" />
			</animation>
			<animation type="Conditional" condition="IntegerGreaterThan(Container(300).Position,1) + Skin.HasSetting(VerticalHomeTiles)">
				<effect type="slide" end="0,170" time="0" delay="0" />
			</animation>
			<animation type="Conditional" condition="IntegerGreaterThan(Container(300).Position,2) + Skin.HasSetting(VerticalHomeTiles)">
				<effect type="slide" end="0,170" time="0" delay="0" />
			</animation>
			<animation type="Conditional" condition="IntegerGreaterThan(Container(300).Position,3) + Skin.HasSetting(VerticalHomeTiles)">
				<effect type="slide" end="0,170" time="0" delay="0" />
			</animation>
			<animation type="Conditional" condition="IntegerGreaterThan(Container(300).Position,4) + Skin.HasSetting(VerticalHomeTiles)">
				<effect type="slide" end="0,170" time="0" delay="0" />
			</animation>
			<animation type="Conditional" condition="IntegerGreaterThan(Container(300).Position,5) + Skin.HasSetting(VerticalHomeTiles)">
				<effect type="slide" end="0,170" time="0" delay="0" />
			</animation>
		
			<control type="list" id="4444">
				<visible allowhiddenfocus="true">SubString(Window(Home).Property(submenu),show)</visible>
				<animation effect="slide" end="-580" time="0" condition="!SubString(Window(Home).Property(submenu),show)">Conditional</animation>
				<animation effect="slide" start="0" end="0,80" time="0" reversible="false" condition="Skin.HasSetting(VerticalHomeInlineSubmenu)">Conditional</animation>
				<visible>!Skin.HasSetting(DisableAllSubmenus)</visible>
				<width>350</width>
				<posx>0</posx>
				<posy>0</posy>
				<height>440</height>
				<itemgap>3</itemgap>
				<onleft>300</onleft>
				<onleft>ClearProperty(submenu,home)</onleft>
				<onright>510</onright>
				<onright>ClearProperty(submenu,home)</onright>
				<onup>ClearProperty(submenu,home)</onup>
				<ondown>ClearProperty(submenu,home)</ondown>
				<onup>300</onup>
				<ondown>Control.Move(300,1)</ondown>
				<ondown>300</ondown>
				<onback>300</onback>
				<onback>ClearProperty(submenu,home)</onback>
				<focusposition>0</focusposition>
				<movement>3</movement>
				<itemlayout width="400" height="65">

				<control type="label">
					<posx>0</posx>
					<width>350</width>
					<align>right</align>
					<font>Reg28</font>
					<height>60</height>
					<textcolor>$INFO[Skin.String(ViewDetailsListItemTextColor)]</textcolor>
				  <label>$INFO[ListItem.Label]</label>
				  <animation effect="fade" time="200" start="100" end="60" reversible="true" condition="!Control.HasFocus(4444)">Conditional</animation>
				</control>
				</itemlayout>
				<focusedlayout width="320" height="65">
				<control type="label">
				  <posx>0</posx>
					<width>350</width>
					<align>right</align>
					<font>Reg28</font>
					<height>60</height>
				  <textcolor>$INFO[Skin.String(ViewDetailsListItemTextColor)]</textcolor>
				  <label>$INFO[ListItem.Label]</label>
				  <visible>!Control.HasFocus(4444)</visible>
				  <animation effect="fade" time="200" start="100" end="60" reversible="true" condition="!Control.HasFocus(4444)">Conditional</animation>
				</control>
				<control type="label">
				  <posx>0</posx>
					<width>350</width>
					<align>right</align>
					<font>Reg28</font>
					<height>60</height>
				  <textcolor>$VAR[ViewDetailsFocusColor]</textcolor>
				  <label>[B]$INFO[ListItem.Label][/B]</label>
                  <scroll>true</scroll>
				  <visible>Control.HasFocus(4444)</visible>
				</control>
				</focusedlayout>
				<content>
				<include condition="!Skin.HasSetting(DisableAllSubmenus)">skinshortcuts-submenu</include>
				</content>
				</control>

		</control>

	</include>
 
 
 </includes>