<?xml version="1.0" encoding="utf-8"?>
<includes>
    <include file="Defaults.xml" />
    <include file="IncludesVariables.xml" />
    <include file="IncludesHomeTitanTiles.xml" />
    <include file="IncludesHomeMenuWidgets.xml" />
	<include file="IncludesHomeMenuSubMenu.xml" />
    <include file="IncludesNowPlaying.xml" />
    <include file="View_10_SimplePVR.xml" />
    <include file="View_50_List.xml" />
	<include file="View_51_BigList.xml" />
    <include file="View_55_BannerList.xml" />
    <include file="View_500_Showcase.xml" />
	<include file="View_52_HorizontalPanel.xml" />
    <include file="View_53_PanelDetails.xml" />
	<include file="View_54_PanelWall.xml" />
	<include file="View_56_BannerPlex.xml" />
	<include file="View_57_BigPanel.xml" />
	<include file="View_58_LargePoster.xml" />
	<include file="View_59_BigPanelDetails.xml" />
	<include file="View_501_Landscape.xml" />
	<include file="View_502_LandscapeSingle.xml" />
	<include file="View_503_Logos.xml" />
    <include file="View_505_LandscapeDetails.xml" />
	<include file="View_506_ExtendedList.xml" />
	<include file="View_507_FanArt.xml" />
	<include file="View_508_SinglePoster.xml" />
	<include file="View_509_PanelSquare.xml" />
	<include file="View_510_PanelSquareDetails.xml"/>
	<include file="View_511_Thumbs.xml"/>
	<include file="View_512_ThumbsDetails.xml" />
	<include file="View_513_PosterRow.xml" />
	<include file="View_514_PosterShift.xml" />
	<include file="View_515_LowList.xml" />
	<include file="View_516_SlimList.xml" />
    <include file="IncludesViews.xml" />
	<include file="IncludesThemes.xml" />
	<include file="IncludesHomeExtended.xml" />
	<include file="IncludesHomeSimpleHorizontal.xml" />
	<include file="IncludesHomeSimpleVertical.xml" />
	<include file="IncludesHomeNetflix.xml" />
	<include file="IncludesTouchSupport.xml" />
	<include file="IncludesDefaultSkinSettings.xml" />
	<include file="IncludesBackgroundBuilding.xml" />
	<include file="IncludesAnimations.xml" />
	<include file="IncludesWeather.xml" />
	<include file="script-skinshortcuts-includes.xml"/>

	<!--Titan Version-->
    <include name="TitanVersion">
        <control type="label">
            <right>60</right>
            <bottom>35</bottom>
            <width>1000</width>
            <align>right</align>
            <font>Light34</font>
            <textcolor>$INFO[Skin.String(FooterTextColor)]</textcolor>
            <label>$INFO[Window(Home).Property(SkinHelper.skinTitle)]</label>
			<animation type="Conditional" condition="skin.hastheme(classic)">
                <effect type="slide" start="0,0" end="0,-30" time="0" tween="cubic" easing="inout" delay="0" />
            </animation>
        </control>
    </include>

    <!--Common-->
    <include name="HiddenButton">
        <posx>-20</posx>
        <posy>-20</posy>
        <width>1</width>
        <height>1</height>
        <label>-</label>
        <texturenofocus>-</texturenofocus>
        <texturefocus>-</texturefocus>
    </include>
    <include name="DimensionsFullscreen">
        <posx>0</posx>
        <posy>0</posy>
        <width>100%</width>
        <height>100%</height>
    </include>
	
	<!-- Footer -->
	<include name="Footer">
		<control type="group">
			<animation type="Conditional" condition="[ControlGroup(77777).HasFocus | StringCompare(Window(Home).Property(ShowWidget),show)] + !Skin.HasSetting(EnableTouchSupport)">
                <effect type="slide" start="0,0" end="0,800" time="400" tween="cubic" easing="inout" delay="0" />
            </animation>
			<animation type="Conditional" condition="skin.hastheme(classic)">
                <effect type="slide" start="0,0" end="0,-30" time="0" tween="cubic" easing="inout" delay="0" />
            </animation>
            <animation type="Conditional" condition="StringCompare(Window(Home).Property(showinfopanel),show)">
                <effect type="slide" start="0,0" end="0,300" time="800" tween="cubic" easing="inout" delay="0" />
            </animation>

			<!--Footer Background-->
			<control type="group">						
				<control type="image">	
					<posx>50</posx>
					<bottom>40</bottom>
					<width>1820</width>
					<height>84</height>
					<animation type="Conditional" condition="window.isactive(home)">
						<effect type="slide" start="0,0" end="0,15" time="0" tween="cubic" easing="inout" delay="0" />
					</animation>
					<texture>home/home_rss.png</texture>
					<visible>[!Skin.HasSetting(NoFooterBar) + skin.hastheme(classic)]</visible>
					<visible>![window.isactive(home) + Skin.HasSetting(NoFooterBarOnHome)]</visible>
					<visible>![[Skin.String(HomeLayout, 1) | Skin.String(HomeLayout, 2) | Skin.String(HomeLayout, 3)] + Control.IsVisible(4444) + [Skin.String(SubmenuLayout, horizontal) | Skin.String(SubmenuLayout, tiles)]]</visible>
				</control>
				<control type="image">
					<posx>0</posx>
					<bottom>0</bottom>
					<width>100%</width>
					<height>110</height>
					<texture border="5">diffuse/panel.png</texture>
					<colordiffuse>$INFO[Skin.String(FooterPanelColor)]</colordiffuse>
					<visible>!skin.hastheme(classic) + !skin.hassetting(nofooterbar)</visible>
					<visible>![window.isactive(home) + Skin.HasSetting(NoFooterBarOnHome)]</visible>
				</control>
			</control>
			
			<!-- touchscreen support -->
			<include condition="Skin.HasSetting(EnableTouchSupport)">TouchControlsFooter</include>

			<!-- PVR Content -->
            <include condition="Window.IsActive(MyPVRChannels.xml) | Window.IsActive(MyPVRGuide.xml) | Window.IsActive(MyPVRRecordings.xml) | Window.IsActive(MyPVRTimers.xml) | Window.IsActive(MyPVRSearch.xml)">FooterContentPVR</include>

            <!-- Normal Content -->
            <include condition="![Window.IsActive(MyPVRChannels.xml) | Window.IsActive(MyPVRGuide.xml) | Window.IsActive(MyPVRRecordings.xml) | Window.IsActive(MyPVRTimers.xml) | Window.IsActive(MyPVRSearch.xml)] + !Window.IsActive(home)">FooterContentGeneral</include>

            <!--RSS feed on home -->
            <include condition="Window.IsActive(Home) + system.getbool(lookandfeel.enablerssfeeds) + [Skin.String(HomeLayout, 1) | Skin.String(HomeLayout, 2) | Skin.String(HomeLayout, 3) | Skin.String(HomeLayout, simplehor)]">FooterContentHome</include>
            
			<!-- codec info normal-->
			<control type="group">
				<posx>60</posx>
				<height>50</height>
				<bottom>20</bottom>
				<include condition="Window.IsActive(MyVideoNav.xml) + !Skin.HasSetting(EnableTouchSupport)">mediaflags</include>
                <animation type="Conditional" condition="skin.hastheme(classic)">
                    <effect type="slide" start="0,0" end="0,-12" time="0" tween="cubic" easing="inout" delay="0" />
                </animation>
            </control>
			
			<!-- codec info with touch enabled-->
			<control type="group">
				<posx>60</posx>
				<height>50</height>
				<top>100</top>
				<include condition="Window.IsActive(MyVideoNav.xml) + !skin.hastheme(classic) + Skin.HasSetting(EnableTouchSupport)">mediaflags</include>
				<visible>!Window.IsActive(DialogKaiToast.xml)</visible>
                <visible>!Control.IsVisible(88888)</visible>
			</control>
			
			<!--Rating normal-->
			<include condition="window.isactive(videolibrary) + !skin.hastheme(classic) + ![Skin.HasSetting(StudioInFooter) | Skin.HasSetting(IMDBRatingInFooter)]">StarRatingFooter</include>
            <include condition="window.isactive(videolibrary) + !skin.hastheme(classic) + [Skin.HasSetting(StudioInFooter) | Skin.HasSetting(IMDBRatingInFooter)]">AltRatingFooter</include>
			
			
		</control>
	</include>
    
    <include name="AltRatingFooter">
        <!--Rating + Studio-->
			<control type="group">
				<visible>[Skin.HasSetting(StudioInFooter) | Skin.HasSetting(IMDBRatingInFooter)]</visible>
				<control type="image">
					<!--studio logo -->
					<right>50</right>
					<bottom>5</bottom>
					<width>400</width>
					<height>90</height>
					<aspectratio aligny="center" align="right">keep</aspectratio>
					<fadetime>250</fadetime>
					<colordiffuse>$INFO[Skin.String(FooterTextColor)]</colordiffuse>
					<bordersize>2</bordersize>
					<texture>$INFO[Window(home).Property(SkinHelper.ListItemStudioLogo)]</texture>
                    <visible>Skin.HasSetting(StudioInFooter)</visible>
                    <animation effect="slide" end="-100" time="0" condition="!IsEmpty(ListItem.Rating) + Skin.HasSetting(IMDBRatingInFooter)">Conditional</animation>
				</control>
                <!-- IMDB rating -->
                <control type="group">
                    <visible>!IsEmpty(ListItem.Rating) + Skin.HasSetting(IMDBRatingInFooter)</visible>
                    <control type="image">
                        <right>50</right>
                        <height>70</height>
                        <width>84</width>
                        <bottom>15</bottom>
                        <texture border="5">diffuse/panel.png</texture>
                        <colordiffuse>black</colordiffuse>
                        <aspectratio>stretch</aspectratio>
                    </control>
                    <control type="image">
                        <right>50</right>
                        <height>70</height>
                        <width>85</width>
                        <bottom>15</bottom>
                        <bordersize>2</bordersize>
                        <texture border="5">diffuse/panel.png</texture>
                        <colordiffuse>darkgrey</colordiffuse>
                        <aspectratio>stretch</aspectratio>
                    </control>
                    <control type="image">
                        <!--imdb logo-->
                        <right>50</right>
                        <bottom>45</bottom>
                        <width>84</width>
                        <height>40</height>
                        <bordersize>2</bordersize>
                        <texture>flags/imdb_logo.png</texture>
                    </control>
                    <control type="label">
                        <!--Rating modern-->
                        <right>50</right>
                        <bottom>17</bottom>
                        <width>84</width>
                        <height>30</height>
                        <align>center</align>
                        <aligny>center</aligny>
                        <font>flags</font>
                        <textcolor>white</textcolor>
                        <label fallback="0.0">$INFO[ListItem.Rating]</label>
                    </control>
                </control>

			</control>	

    </include>
    
    <include name="FooterContentPVR">
        <!--Progress (PVR)-->
        <control type="group">
            <animation effect="slide" end="-30,15" time="0" condition="!skin.hastheme(classic)">Conditional</animation>
            <visible>[window.isactive(mypvrchannels.xml) | window.isactive(mypvrguide.xml)] + !Skin.HasSetting(EnableTouchSupport)</visible>
            <bottom>35</bottom>
            <height>65</height>
            <control type="label">
                <!--Start-->
                <posx>90</posx>
                <posy>0</posy>
                <width>400</width>
                <font>Reg30</font>
                <textcolor>$INFO[Skin.String(FooterTextColor)]</textcolor>
                <shadowcolor>$INFO[Skin.String(FooterTextShadowColor)]</shadowcolor>
                <info>ListItem.StartTime</info>
            </control>
            <control type="progress">
                <!--Progress Bar-->
                <posx>230</posx>
                <posy>25</posy>
                <width>150</width>
                <info>ListItem.Progress</info>
                <visible>Skin.HasTheme(classic)</visible>
            </control>
            <control type="progress">
                <!--Progress Bar-->
                <posx>230</posx>
                <posy>23</posy>
                <width>150</width>
                <height>20</height>
                <info>ListItem.Progress</info>
                <visible>!Skin.HasTheme(classic)</visible>
            </control>
            <control type="label">
                <!--End-->
                <posx>405</posx>
                <posy>0</posy>
                <width>400</width>
                <font>Reg30</font>
                <textcolor>$INFO[Skin.String(FooterTextColor)]</textcolor>
                <shadowcolor>$INFO[Skin.String(FooterTextShadowColor)]</shadowcolor>
                <info>ListItem.EndTime</info>
            </control>
        </control>
        <!-- Programname etc -->
        <control type="group">
            <animation effect="slide" end="-20,-16" time="0" condition="skin.hastheme(classic)">Conditional</animation>
            <bottom>35</bottom>
            <height>65</height>
            <control type="label">
                <!--live tv channel-->
                <visible>IsEmpty(Window(home).Property(SkinHelper.PVR.ChannelLogo)) + [window.isactive(mypvrchannels.xml) | window.isactive(mypvrguide.xml)]</visible>
                <right>60</right>
                <posy>16</posy>
                <width>500</width>
                <align>right</align>
                <font>Reg30</font>
                <textcolor>$INFO[Skin.String(FooterTextColor)]</textcolor>
                <shadowcolor>$INFO[Skin.String(FooterTextShadowColor)]</shadowcolor>
                <label>$INFO[ListItem.ChannelName]</label>
            </control>
            
            <control type="label">
                <!--live tv programname-->
                <posx>610</posx>
                <posy>16</posy>
                <width>700</width>
                <align>center</align>
                <font>Bold30</font>
                <textcolor>$INFO[Skin.String(FooterTextColor)]</textcolor>
                <shadowcolor>$INFO[Skin.String(FooterTextShadowColor)]</shadowcolor>
                <label>$INFO[ListItem.Title]</label>
                <visible>!Control.IsVisible(884)</visible>
            </control>
            
            <control type="image">
                <visible>!skin.hastheme(classic) + [window.isactive(mypvrchannels.xml) | window.isactive(mypvrguide.xml) | window.isactive(mypvrsearch.xml) | window.isactive(mypvrtimers.xml) | window.isactive(mypvrrecordings.xml)]</visible>
                <right>60</right>
                <posy>0</posy>
                <width>260</width>
                <height>100</height>
                <texture>$INFO[Window(home).Property(SkinHelper.PVR.ChannelLogo)]</texture>
                <aspectratio align="right" aligny="center">keep</aspectratio>
            </control>
            <control type="label">
                <!--live tv diskspace-->
                <visible>window.isactive(mypvrrecordings.xml) | window.isactive(mypvrtimers.xml) | window.isactive(mypvrsearch.xml)</visible>
                <left>60</left>
                <posy>16</posy>
                <width>500</width>
                <align>left</align>
                <font>Reg30</font>
                <textcolor>$INFO[Skin.String(FooterTextColor)]</textcolor>
                <shadowcolor>$INFO[Skin.String(FooterTextShadowColor)]</shadowcolor>
                <label>$INFO[PVR.backenddiskspace]</label>
                <visible>!Skin.HasSetting(EnableTouchSupport)</visible>
            </control>
            
        </control>
    </include>

    <include name="FooterContentGeneral">
        <control type="group">
            <!--Title-->
            <visible>!Window.IsActive(DialogVideoInfo.xml) + !Window.IsVisible(DialogFavourites.xml)</visible>
            <animation effect="slide" end="0,16" time="0" condition="!skin.hastheme(classic)">Conditional</animation>
            <height>80</height>
            <bottom>20</bottom>
            <control type="label">
                <!--Label (classic only)-->
                <posx>610</posx>
                <posy>0</posy>
                <width>700</width>
                <align>center</align>
                <font>Bold30</font>
                <textcolor>$INFO[Skin.String(FooterTextColor)]</textcolor>
                <shadowcolor>$INFO[Skin.String(FooterTextShadowColor)]</shadowcolor>
                <label>$INFO[ListItem.label]</label>
                <visible>!Control.IsVisible(884)</visible>
                <visible>!Window.IsActive(MyVideoNav.xml) | ListItem.IsCollection | Skin.HasTheme(classic)</visible>
            </control>
            <control type="label">
                <visible>Container.Content(songs)</visible>
                <visible>!Skin.HasSetting(EnableTouchSupport)</visible>
                <!--Album, Songs-->
                <left>60</left>
                <align>left</align>
                <posy>0</posy>
                <width>500</width>
                <font>Reg30</font>
                <textcolor>$INFO[Skin.String(FooterTextColor)]</textcolor>
                <shadowcolor>$INFO[Skin.String(FooterTextShadowColor)]</shadowcolor>
                <label>$INFO[ListItem.Album]</label>
            </control>
            
            <control type="label">
                <!--Artist-->
                <visible>Container.Content(albums) | Container.Content(songs)</visible>
                <right>60</right>
                <posy>0</posy>
                <width>500</width>
                <align>right</align>
                <font>Reg30</font>
                <textcolor>$INFO[Skin.String(FooterTextColor)]</textcolor>
                <shadowcolor>$INFO[Skin.String(FooterTextShadowColor)]</shadowcolor>
                <label>$INFO[ListItem.Artist]</label>
            </control>
            
            <control type="label">
                <!--Playlist length-->
                <visible>Window.IsActive(MyVideoPlaylist.xml)</visible>
                <right>60</right>
                <posy>0</posy>
                <width>500</width>
                <align>right</align>
                <font>Reg30</font>
                <textcolor>$INFO[Skin.String(FooterTextColor)]</textcolor>
                <shadowcolor>$INFO[Skin.String(FooterTextShadowColor)]</shadowcolor>
                <label>$INFO[Container.Totaltime,$LOCALIZE[31597]: ]</label>
            </control>
            
            <!-- repo last updated label -->
            <control type="label">
                <right>60</right>
                <align>right</align>
                <posy>0</posy>
                <width>550</width>
                <font>Reg30</font>
                <textcolor>$INFO[Skin.String(FooterTextColor)]</textcolor>
                <shadowcolor>$INFO[Skin.String(FooterTextShadowColor)]</shadowcolor>
                <label>$LOCALIZE[31334]: $INFO[Window().Property(Updated)]</label>
                <visible>Window.IsActive(AddonBrowser)</visible>
                <visible>!Skin.HasSetting(EnableTouchSupport)</visible>
            </control>
        </control>
    </include>

    <include name="FooterContentHome">
        <!--RSS Text without touch classic-->			
        <control type="rss">	
            <description>RSS Feed</description>
            <posx>80</posx>
            <bottom>20</bottom>
            <width>1760</width>
            <height>50</height>
            <font>rss</font>
            <urlset>1</urlset>
            <titlecolor>$INFO[Skin.String(GeneralHighlightTextColor)]</titlecolor>
            <headlinecolor>$INFO[Skin.String(FooterTextColor)]</headlinecolor>
            <textcolor>$INFO[Skin.String(GeneralHighlightTextColor)]</textcolor>
            <shadowcolor>$INFO[Skin.String(FooterTextShadowColor)]</shadowcolor>
            <visible>skin.hastheme(classic)</visible>
            <visible>!Skin.HasSetting(EnableTouchSupport)</visible>
            <visible>!Window.IsVisible(DialogButtonMenu.xml)</visible>
            <visible>![[Control.IsVisible(4444) + IntegerGreaterThan(Container(4444).NumItems,0)] + [Skin.String(SubmenuLayout, horizontal) | Skin.String(SubmenuLayout, tiles)]] | Skin.String(HomeLayout, simplehor)</visible>
        </control>
        <!--RSS Text without touch normal-->
        <control type="rss">	
            <description>RSS Feed</description>
            <posx>50</posx>
            <bottom>22</bottom>
            <width>1820</width>
            <height>50</height>
            <font>rss</font>
            <urlset>1</urlset>
            <titlecolor>$INFO[Skin.String(GeneralHighlightTextColor)]</titlecolor>
            <headlinecolor>$INFO[Skin.String(FooterTextColor)]</headlinecolor>
            <textcolor>$INFO[Skin.String(GeneralHighlightTextColor)]</textcolor>
            <shadowcolor>$INFO[Skin.String(FooterTextShadowColor)]</shadowcolor>
            <visible>!skin.hastheme(classic)</visible>
            <visible>![[Control.IsVisible(4444) + IntegerGreaterThan(Container(4444).NumItems,0)] + [Skin.String(SubmenuLayout, horizontal) | Skin.String(SubmenuLayout, tiles)]] | Skin.String(HomeLayout, simplehor)</visible>
            <visible>!Window.IsVisible(DialogButtonMenu.xml) + !Skin.HasSetting(EnableTouchSupport)</visible>
        </control>
        <!--RSS Text with touch-->
        <control type="rss">	
            <description>RSS Feed</description>
            <posx>380</posx>
            <bottom>19</bottom>
            <width>1340</width>
            <height>50</height>
            <font>rss</font>
            <urlset>1</urlset>
            <titlecolor>$INFO[Skin.String(GeneralHighlightTextColor)]</titlecolor>
            <headlinecolor>$INFO[Skin.String(FooterTextColor)]</headlinecolor>
            <textcolor>$INFO[Skin.String(GeneralHighlightTextColor)]</textcolor>
            <shadowcolor>$INFO[Skin.String(FooterTextShadowColor)]</shadowcolor>
            <visible>system.getbool(lookandfeel.enablerssfeeds)</visible>
            <visible>!StringCompare(Window(home).Property(ShowFastAllMovies), show)</visible>
            <visible>![[Control.IsVisible(4444) + IntegerGreaterThan(Container(4444).NumItems,0)] + [Skin.String(SubmenuLayout, horizontal) | Skin.String(SubmenuLayout, tiles)]] | Skin.String(HomeLayout, simplehor)</visible>
            <visible>!Window.IsVisible(DialogButtonMenu.xml) + Skin.HasSetting(EnableTouchSupport)</visible>
            <animation effect="slide" start="0,0" end="-15,-2" center="auto" easing="out" tween="back" time="0" condition="skin.hastheme(classic)">Conditional</animation>
        </control>
    </include>
    
    <!-- Power button -->
	<include name="PowerButton">
		<control type="button" id="2">
			<description>powerbutton</description>
			<posx>930</posx>
			<bottom>20</bottom>
			<width>60</width>
			<height>60</height>
			<onup>300</onup>
			<onright>300</onright>
			<onleft>300</onleft>
			<texturefocus colordiffuse="$INFO[Skin.String(ButtonFocusColor)]">common/shutdown2.png</texturefocus>
			<texturenofocus colordiffuse="white">common/shutdown2.png</texturenofocus>
			<onclick>ActivateWindow(111)</onclick>
			<onfocus>ActivateWindow(111)</onfocus>
			<include>animation_fade_visible_hidden</include>
			<visible allowhiddenfocus="true">![[ControlGroup(77777).HasFocus | StringCompare(Window(Home).Property(ShowWidget),show)] + [Skin.String(HomeLayout, 1) | Skin.String(HomeLayout, 2) | Skin.String(HomeLayout, simplehor)]] + !Control.IsVisible(4446) + !system.getbool(lookandfeel.enablerssfeeds) + !Skin.HasSetting(HidePowerMenu)</visible>

			<animation effect="slide" end="0,-33" time="0" condition="skin.hastheme(classic) + !Skin.String(HomeLayout, simplever)">Conditional</animation>
			<animation effect="slide" end="-610" time="0" condition="Skin.String(HomeLayout, simplever)">Conditional</animation>
            <animation effect="slide" end="0,15" time="0" condition="Skin.String(HomeLayout, enhanced)">Conditional</animation>
			<!-- <visible allowhiddenfocus="true">Skin.String(HomeLayout, simplever) + Skin.HasSetting(VerticalHomeInlineSubmenu)</visible> -->
		</control>
	</include>
	
	<!--Header-->
    <include name="Header">
	
		<!-- touchscreen workaround for windows tablets -->
		<include condition="Skin.HasSetting(EnableTouchSupport)">TouchScreenWorkaround</include>
		
		<!-- PVR recording icon -->
		<control type="image">
			<posx>887</posx>
			<posy>0</posy>
			<width>146</width>
			<height>37</height>
			<texture>home/basichome_isrecording_bg.png</texture>
			<visible>Pvr.IsRecording + window.isactive(home)</visible>
		</control>
		
        <control type="image">
            <visible>skin.hastheme(classic) + !Window.IsActive(DialogKaiToast.xml) + !Window.IsActive(DialogExtendedProgressBar.xml) + !Control.IsVisible(88888) + ![ControlGroup(77777).HasFocus | StringCompare(Window(Home).Property(ShowWidget),show)]</visible>
			<posx>61</posx>
            <posy>41</posy>
            <height>64</height>
            <width>64</width>
            <aligny>center</aligny>
            <colordiffuse>$INFO[Skin.String(HeaderTextShadowColor)]</colordiffuse>
            <texture>$VAR[value_header_icon]</texture>
			<visible>!Control.IsVisible(882)</visible>
        </control>
		<control type="image">
            <visible>skin.hastheme(classic) + !Window.IsActive(DialogKaiToast.xml) + !Window.IsActive(DialogExtendedProgressBar.xml) + !Control.IsVisible(88888) + ![ControlGroup(77777).HasFocus | StringCompare(Window(Home).Property(ShowWidget),show)] + ![Skin.HasSetting(AutoShowWidgets) + !IsEmpty(Container(300).ListItem.Property(widget)) +window.isactive(home)]</visible>
            <posx>60</posx>
            <posy>40</posy>
            <height>64</height>
            <width>64</width>
            <aligny>center</aligny>
            <colordiffuse>$INFO[Skin.String(HeaderTextColor)]</colordiffuse>
            <texture>$VAR[value_header_icon]</texture>
			<visible>!Control.IsVisible(882)</visible>
        </control>
        <control type="label">
            <visible>!Window.IsActive(DialogKaiToast.xml) + !Window.IsActive(DialogExtendedProgressBar.xml) + !Control.IsVisible(88888) + ![ControlGroup(77777).HasFocus | StringCompare(Window(Home).Property(ShowWidget),show)] + ![Skin.HasSetting(AutoShowWidgets) + !IsEmpty(Container(300).ListItem.Property(widget)) +window.isactive(home)]</visible>
            <posx>61</posx>
            <posy>10</posy>
            <width min="80" max="1400">auto</width>
            <height>100</height>
            <font>Bold45</font>
            <align>left</align>
            <textcolor>$INFO[Skin.String(HeaderTextColor)]</textcolor>
            <label>$VAR[value_header]</label>
			<visible>!Control.IsVisible(882)</visible>
			<shadowcolor>$INFO[Skin.String(HeaderTextShadowColor)]</shadowcolor>
			<animation effect="slide" end="80,15" time="0" condition="skin.hastheme(classic)">Conditional</animation>
        </control>
		 <control type="label">
			<visible>!skin.hastheme(classic) + !Window.IsActive(DialogKaiToast.xml) + !Window.IsActive(DialogExtendedProgressBar.xml) + !Control.IsVisible(88888) + ![ControlGroup(77777).HasFocus | StringCompare(Window(Home).Property(ShowWidget),show)] + ![Skin.HasSetting(AutoShowWidgets) + !IsEmpty(Container(300).ListItem.Property(widget)) +window.isactive(home)]</visible>
			<posy>85</posy>
			<posx>61</posx>
			<width min="0" max="1400">auto</width>
			<height>50</height>
			<label>$VAR[value_subheader]</label>
			<font>Reg30</font>
			<textcolor>$INFO[Skin.String(HeaderTextColor)]</textcolor>
			<shadowcolor>$INFO[Skin.String(HeaderTextShadowColor)]</shadowcolor>
			<visible>![Skin.HasSetting(EnableTouchSupport) + Window.IsActive(MyVideoNav.xml)]</visible>
			<visible>!Control.IsVisible(882)</visible>
		</control>
    </include>
    
	<include name="ClearLogo">
		<!--clearlogo top right-->
		<control type="image" id="881">
			<right>60</right>
			<top>20</top>
			<width>550</width>
			<height>110</height>
			<fadetime>600</fadetime>
			<aspectratio align="right" aligny="center">keep</aspectratio>
			<texture>$VAR[ListItemClearLogo]</texture>
			<visible>!IsEmpty(Control.GetLabel(881)) + Skin.String(ClearLogoLocation, topright)</visible>
            <visible>!Window.IsActive(DialogKaiToast.xml) + !Window.IsActive(DialogExtendedProgressBar.xml)</visible>
			<animation type="Conditional" condition="Window.IsActive(DialogMuteBug.xml) | Window.IsActive(DialogVolumeBar.xml)">
                <effect type="slide" start="0,0" end="-120,0" time="400" tween="cubic" easing="inout" delay="0" />
            </animation>
		</control>
		
		<!--clearlogo top left-->
		<control type="image" id="882">
			<left>60</left>
			<top>20</top>
			<width>550</width>
			<height>110</height>
			<fadetime>600</fadetime>
			<aspectratio align="left" aligny="center">keep</aspectratio>
			<texture>$VAR[ListItemClearLogo]</texture>
			<visible>!IsEmpty(Control.GetLabel(882)) + Skin.String(ClearLogoLocation, topleft)</visible>
            <visible>!Window.IsActive(DialogKaiToast.xml) + !Window.IsActive(DialogExtendedProgressBar.xml)</visible>
		</control>
		
		<!--clearlogo top center-->
		<control type="image" id="883">
			<left>760</left>
			<top>20</top>
			<width>400</width>
			<height>110</height>
			<fadetime>600</fadetime>
			<aspectratio align="center" aligny="center">keep</aspectratio>
			<texture>$VAR[ListItemClearLogo]</texture>
            <visible>!Window.IsActive(DialogKaiToast.xml) + !Window.IsActive(DialogExtendedProgressBar.xml)</visible>
			<visible>!IsEmpty(Control.GetLabel(883)) + Skin.String(ClearLogoLocation, topcenter) + !Skin.HasSetting(ShowMovieTitleHeader)</visible>
		</control>
		
		<!--clearlogo footer-->
		<control type="image" id="884">
			<left>810</left>
			<bottom>10</bottom>
			<width>300</width>
			<height>80</height>
			<fadetime>600</fadetime>
			<aspectratio>keep</aspectratio>
			<texture>$VAR[ListItemClearLogo]</texture>
            <visible>!skin.hassetting(nofooterbar)</visible>
			<visible>!IsEmpty(Control.GetLabel(884)) + Skin.String(ClearLogoLocation, footer) + !skin.hastheme(classic) + !StringCompare(Window(Home).Property(showinfopanel),show)</visible>
		</control>
		
	</include>
	
	<include name="TimeInfo">
		
        <control type="group">
            <visible>![ControlGroup(77777).HasFocus | StringCompare(Window(Home).Property(ShowWidget),show)]</visible>
			<visible>!Control.IsVisible(881)</visible>
			<visible>!Control.IsVisible(77551)</visible>
            <visible>!Control.IsVisible(88888)</visible>
            <visible>!Window.IsActive(DialogKaiToast.xml) + !Window.IsActive(DialogExtendedProgressBar.xml)</visible>
			<animation type="Conditional" condition="Window.IsActive(DialogMuteBug.xml) | Window.IsActive(DialogVolumeBar.xml)">
                <effect type="slide" start="0,0" end="-120,0" time="400" tween="cubic" easing="inout" delay="0" />
            </animation>
            <control type="grouplist">
                <!--Time Grouplist Line 1-->
                <posx>1260</posx>
                <posy>10</posy>
                <width>600</width>
                <height>100</height>
                <align>right</align>
                <itemgap>4</itemgap>
                <orientation>horizontal</orientation>
                <usecontrolcoords>true</usecontrolcoords>
				<animation type="Conditional" condition="Skin.HasSetting(EnableTouchSupport) + Control.IsVisible(88888)">
					<effect type="slide" start="0,0" end="0,-20" time="400" tween="cubic" easing="inout" delay="0" />
				</animation>
                <control type="label">
                    <!--Time-->
                    <width min="0" max="300">auto</width>
                    <height>100</height>
                    <info>System.Time(hh:mm)</info>
                    <font>Bold55</font>
                    <textcolor>$INFO[Skin.String(HeaderTextColor)]</textcolor>
					<shadowcolor>$INFO[Skin.String(HeaderTextShadowColor)]</shadowcolor>
                </control>
                <control type="label">
                    <!--AM-->
                    <visible>substring(system.time,AM,right)</visible>
                    <width min="0" max="150">auto</width>
                    <height>100</height>
                    <label>378</label>
                    <font>Bold55</font>
                    <textcolor>$INFO[Skin.String(HeaderTextColor)]</textcolor>
					<shadowcolor>$INFO[Skin.String(HeaderTextShadowColor)]</shadowcolor>
                </control>
                <control type="label">
                    <!--PM-->
                    <visible>substring(system.time,PM,right)</visible>
                    <width min="0" max="150">auto</width>
                    <height>100</height>
                    <label>379</label>
                    <font>Bold55</font>
                    <textcolor>$INFO[Skin.String(HeaderTextColor)]</textcolor>
					<shadowcolor>$INFO[Skin.String(HeaderTextShadowColor)]</shadowcolor>
                </control>
            </control>
            <control type="grouplist">
                <!--Date Grouplist Line 2-->
                <posx>1260</posx>
                <posy>85</posy>
                <width>600</width>
                <height>50</height>
                <align>right</align>
                <itemgap>4</itemgap>
                <orientation>horizontal</orientation>
                <usecontrolcoords>true</usecontrolcoords>
                <visible>!ControlGroup(400).HasFocus</visible>
				<visible>![Skin.HasSetting(EnableTouchSupport) + Control.IsVisible(88888)]</visible>
                <control type="label">
                    <!--Day-->
                    <width min="0" max="400">auto</width>
                    <height>50</height>
                    <info>System.Date(DDD)</info>
                    <font>Reg30</font>
                    <textcolor>$INFO[Skin.String(HeaderTextColor)]</textcolor>
					<shadowcolor>$INFO[Skin.String(HeaderTextShadowColor)]</shadowcolor>
                </control>
                <control type="label">
                    <width min="0" max="400">auto</width>
                    <height>50</height>
                    <label>, </label>
                    <font>Reg30</font>
                    <textcolor>$INFO[Skin.String(HeaderTextColor)]</textcolor>
					<shadowcolor>$INFO[Skin.String(HeaderTextShadowColor)]</shadowcolor>
                </control>
                <control type="label">
                    <!--Date-->
                    <width min="0" max="400">auto</width>
                    <height>50</height>
                    <info>System.Date(d)</info>
                    <font>Reg30</font>
                    <textcolor>$INFO[Skin.String(HeaderTextColor)]</textcolor>
					<shadowcolor>$INFO[Skin.String(HeaderTextShadowColor)]</shadowcolor>
                </control>
                <control type="label">
                    <visible>SubString(System.Language,German)</visible>
                    <width min="0" max="400">auto</width>
                    <height>50</height>
                    <label>. </label>
                    <font>Reg30</font>
                    <textcolor>$INFO[Skin.String(HeaderTextColor)]</textcolor>
					<shadowcolor>$INFO[Skin.String(HeaderTextShadowColor)]</shadowcolor>
                </control>
                <control type="label">
                    <label></label>
                    <visible>!SubString(System.Language,German)</visible>
                    <width min="0" max="400">auto</width>
                    <height>50</height>
                    <font>Reg30</font>
                    <textcolor>$INFO[Skin.String(HeaderTextColor)]</textcolor>
					<shadowcolor>$INFO[Skin.String(HeaderTextShadowColor)]</shadowcolor>
                </control>
                <control type="label">
                    <!--Month-->
                    <width min="0" max="400">auto</width>
                    <height>50</height>
                    <info>System.Date(MMM)</info>
                    <font>Reg30</font>
                    <textcolor>$INFO[Skin.String(HeaderTextColor)]</textcolor>
					<shadowcolor>$INFO[Skin.String(HeaderTextShadowColor)]</shadowcolor>
					
                </control>
            </control>
        </control>
    
	</include>
    
	<include name="ProfileInfo">
		<control type="group" id="891">
			<animation effect="slide" end="440" time="0" condition="Skin.String(HomeLayout, simplever)">Conditional</animation>
			<defaultcontrol>890</defaultcontrol>
			<posx>60</posx>
			<posy>30</posy>
			<visible>!Control.IsVisible(882)</visible>
			<visible>!Control.IsVisible(77551)</visible>
			<visible>!Window.IsActive(DialogKaiToast.xml) + !Window.IsActive(DialogExtendedProgressBar.xml) + Skin.HasSetting(ShowProfile) + ![ControlGroup(77777).HasFocus | StringCompare(Window(Home).Property(ShowWidget),show)] + !Control.IsVisible(88888)</visible>
            <width>150</width>
			<height>80</height>
			<control type="image">
				<posx>-10</posx>
				<posy>-10</posy>
				<width>170</width>
				<height>130</height>
				<texture diffuse="home/home_matte2.png">colors/color_white.png</texture>
				<colordiffuse>$INFO[Skin.String(GeneralPanelsColor)]</colordiffuse>
				
				<visible>!Control.HasFocus(890)</visible>	
			</control>
			<control type="image">
				<posx>-10</posx>
				<posy>-10</posy>
				<width>170</width>
				<height>130</height>
				<texture diffuse="home/home_matte2.png">colors/color_white.png</texture>
				<colordiffuse>$INFO[Skin.String(ButtonFocusColor)]</colordiffuse>
				
				<visible>Control.HasFocus(890)</visible>	
			</control>
			<control type="image" id="888">	
				<width>150</width>
				<height>80</height>
				<texture fallback="common/profil/avatar.png">$INFO[System.ProfileThumb]</texture>
				<aspectratio>keep</aspectratio>
				<visible>!Control.HasFocus(890)</visible>	
			</control>
			<control type="image" id="889">
				<width>150</width>
				<height>80</height>
				<texture fallback="common/profil/avatar.png">$INFO[System.ProfileThumb]</texture>
				<aspectratio>keep</aspectratio>
				<visible>Control.HasFocus(890)</visible>			
			</control>
			<control type="button" id="890">
				<ondown>300</ondown>
				<width>150</width>
				<height>80</height>
				<texturefocus></texturefocus>
				<texturenofocus></texturenofocus>
				<onclick>System.LogOff</onclick>
			</control>
			<control type="label">
				<!--Profile name-->
				<posx>-50</posx>
				<posy>70</posy>
				<width>250</width>
				<height>50</height>
				<label>$VAR[ProfileLabel]</label>
				<align>center</align>
				<font>Reg24</font>
				<textcolor>$INFO[Skin.String(HeaderTextColor)]</textcolor>
				<shadowcolor>$INFO[Skin.String(HeaderTextShadowColor)]</shadowcolor>
			</control>
		</control>
	</include>

	<include name="WeatherInfo">
        <!-- weather info -->
        <control type="group">
			<animation effect="slide" end="440" time="0" condition="Skin.String(HomeLayout, simplever)">Conditional</animation>
            <posx>30</posx>
            <posy>15</posy>
            <width>350</width>
            <height>300</height>
			<visible>!Control.IsVisible(882)</visible>
			<visible>!Control.IsVisible(77551)</visible>
            <visible>Weather.IsFetched</visible>
			<include>animation_fade_visible_hidden</include>
            <visible>!Window.IsActive(DialogKaiToast.xml) + !Window.IsActive(DialogExtendedProgressBar.xml) + Skin.HasSetting(WeatherOnHome) + ![ControlGroup(77777).HasFocus | StringCompare(Window(Home).Property(ShowWidget),show)] + !Control.IsVisible(88888)</visible>
            <!--Weather Today-->
            <control type="image">
                <!--Icon-->
                <texture>special://skin/extras/weathericons/$INFO[skin.string(WeatherIconPack)]/$INFO[Window(Weather).Property(Current.FanartCode)].png</texture>
                <width>125</width>
                <height>125</height>
                <aspectratio align="left" aligny="bottom">keep</aspectratio>
            </control>
            <control type="label">
                <!--Temp-->
                <width>160</width>
                <height>40</height>
                <posx>140</posx>
                <posy>25</posy>
                <font>Bold38</font>
                <textcolor>$INFO[Skin.String(HeaderTextColor)]</textcolor>
                <align>left</align>
                <label>$INFO[Window(Weather).Property(Current.Temperature)] $INFO[System.TemperatureUnits]</label>
                <visible>Weather.IsFetched</visible>
				<shadowcolor>$INFO[Skin.String(HeaderTextShadowColor)]</shadowcolor>
            </control>
            <control type="label">
                <!--Temp-->
                <width>400</width>
                <height>40</height>
                <posx>140</posx>
                <posy>70</posy>
                <font>Reg28</font>
                <textcolor>$INFO[Skin.String(HeaderTextColor)]</textcolor>
				<shadowcolor>$INFO[Skin.String(HeaderTextShadowColor)]</shadowcolor>
                <align>left</align>
                <label>$INFO[Window(Weather).Property(Current.Condition)]</label>
                <visible>Weather.IsFetched</visible>
            </control>
        </control>
    </include>

	<include name="WeatherInfoOSD">
        <!-- weather info displayed in video OSD and video info -->
        <control type="group">
            <posx>50</posx>
            <bottom>292</bottom>
            <width>128</width>
            <height>128</height>
            <visible>!IsEmpty(Window(Weather).Property(Current.Condition)) + Skin.HasSetting(ShowWeatherVideoInfoOSD) + !window.isactive(DialogSubtitles.xml)</visible>
			<include>animation_fade_visible_hidden</include>
			
            <!--Current Weather-->
            <control type="image">
                <!--Current Weather Icon-->
                <texture>special://skin/extras/weathericons/$INFO[skin.string(WeatherIconPack)]/$INFO[Window(Weather).Property(Current.FanartCode)].png</texture>
                <width>128</width>
                <height>128</height>
                <aspectratio align="left" aligny="bottom">keep</aspectratio>
            </control>
            <control type="label">
                <!--Current Temp-->
                <width>300</width>
                <height>128</height>
                <posx>132</posx>
                <posy>0</posy>
                <font>Bold30</font>
                 <!-- colors should be hardcoded because display on video -->
                <textcolor>white</textcolor>
                <shadowcolor>black</shadowcolor>
                <align>left</align>
                <label>$INFO[Window(Weather).Property(Current.Temperature)] $INFO[System.TemperatureUnits]</label>
            </control>
			<!--Current Conditions-->
			<control type="label">
                <width>300</width>
                <height>128</height>
                <posx>132</posx>
                <posy>32</posy>
                <font>Reg24</font>
                <!-- colors should be hardcoded because display on video -->
                <textcolor>white</textcolor>
                <shadowcolor>black</shadowcolor>
                <align>left</align>
                <label>$INFO[Window(Weather).Property(Current.Condition)]</label>
                <visible>Weather.IsFetched</visible>
            </control>
        </control>
    </include>

	<include name="WeatherInfoOSDSlim">
        <!-- weather info displayed in video OSD and video info changes made for Slim OSD option -->
        <control type="group">
            <posx>20</posx>
            <top>220</top>
            <width>128</width>
            <height>128</height>
            <visible>!IsEmpty(Window(Weather).Property(Current.Condition)) + Skin.HasSetting(ShowWeatherVideoInfoOSD) + !window.isactive(DialogSubtitles.xml)</visible>
			<include>animation_fade_visible_hidden</include>
            <animation effect="slide" start="0,0" end="0,-200" condition="!Skin.HasSetting(EnableOSDInfo)">conditional</animation>
            <animation effect="slide" start="0,0" end="0,-200" condition="Skin.HasSetting(EnableOSDInfo) + !Window.IsActive(DialogFullScreenInfo.xml) + !Window.IsActive(VideoOSD.xml)">conditional</animation>
			<animation effect="fade" reversible="false" end="80" time="0" condition="true">Conditional</animation>
            <!--Current Weather-->
            <control type="image">
                <!--Current Weather Icon-->
                <texture>special://skin/extras/weathericons/$INFO[skin.string(WeatherIconPack)]/$INFO[Window(Weather).Property(Current.FanartCode)].png</texture>
                <width>128</width>
                <height>128</height>
                <aspectratio align="left" aligny="bottom">keep</aspectratio>
            </control>
            <control type="label">
                <!--Current Temp-->
                <width>300</width>
                <height>128</height>
                <posx>132</posx>
                <posy>0</posy>
                <font>Bold30</font>
                 <!-- colors should be hardcoded because display on video -->
                <textcolor>white</textcolor>
                <shadowcolor>black</shadowcolor>
                <align>left</align>
                <label>$INFO[Window(Weather).Property(Current.Temperature)] $INFO[System.TemperatureUnits]</label>
                <visible>Weather.IsFetched</visible>
            </control>
			<!--Current Conditions-->
			<control type="label">
                <width>300</width>
                <height>128</height>
                <posx>132</posx>
                <posy>32</posy>
                <font>Reg24</font>
                 <!-- colors should be hardcoded because display on video -->
                <textcolor>white</textcolor>
                <shadowcolor>black</shadowcolor>
                <align>left</align>
                <label>$INFO[Window(Weather).Property(Current.Condition)]</label>
                <visible>Weather.IsFetched</visible>
            </control>
        </control>
    </include>
    
    <!--Sub Menu-->
    <include name="SubMenuButton">
		<width>458</width>
		<align>left</align>
		<font>Reg26</font>
		<textcolor>$INFO[Skin.String(SideBladeTextColor)]</textcolor>
		<focusedcolor>$INFO[Skin.String(ButtonFocusTextColor)]</focusedcolor>
		<disabledcolor>77585858</disabledcolor>
		<invalidcolor>red</invalidcolor>
		<pulseonselect>false</pulseonselect>
		<texturefocus colordiffuse="$INFO[Skin.String(ButtonFocusColor)]" border="5">diffuse/panel.png</texturefocus>
        <texturenofocus></texturenofocus>
    </include>
    <include name="SubMenuTabLeft">
        <!--Sub Menu Tab Left-->
        <control type="group">
			<visible>!Skin.HasSetting(KioskMode.Enabled)</visible>
			<animation type="Conditional" condition="ControlGroup(9000).HasFocus()">
					<effect type="fade" start="100" end="0" time="100" />
				</animation>
				<animation type="Conditional" condition="!ControlGroup(9000).HasFocus()">
					<effect type="fade" start="0" end="100" time="400" delay="600" />
				</animation>
            <visible>[substring(Window.Property(xmlfile), pvr) + [Control.IsVisible(10) | Control.IsVisible(11) | Control.IsVisible(12) | Control.IsVisible(13) | Control.IsVisible(14) | Control.IsVisible(15) | Control.IsVisible(17)]] | Control.IsVisible(50) | Control.IsVisible(51) | Control.IsVisible(53) | Control.IsVisible(54) | Control.IsVisible(55) | Control.IsVisible(56) | Control.IsVisible(57) | Control.IsVisible(59) | Control.IsVisible(505) | Control.IsVisible(509) | Control.IsVisible(510) | Control.IsVisible(511) | Control.IsVisible(512) | Control.IsVisible(515) | Window.IsActive(script-nextaired-tvguide.xml) | Window.IsActive(script-nextaired-tvguide2.xml) | Window.IsActive(script-ExtendedInfo Script-VideoList.xml) | [Control.IsVisible(501) + !Skin.HasSetting(View_501_HorizontalNavigation)]</visible>
			<control type="button" id="99001">
				<posx>0</posx>
				<posy>470</posy>
				<width>32</width>
				<height>140</height>
				<align>center</align>
				<aligny>center</aligny>
				<label>[UPPERCASE]$LOCALIZE[33063][/UPPERCASE]</label>
				<textoffsetx>0</textoffsetx>
				<textoffsety>23</textoffsety>
				<angle>90</angle>
				<textwidth>140</textwidth>
				<font>Reg20</font>
				<textcolor>$INFO[Skin.String(GeneralTextColor)]</textcolor>
				<texturefocus colordiffuse="$INFO[Skin.String(ButtonFocusColor)]">colors/color_white.png</texturefocus>
				<texturenofocus colordiffuse="$INFO[Skin.String(GeneralPanelsColor)]">colors/color_white.png</texturenofocus>
				<onclick condition="!StringCompare(Window(Home).Property(ShowViewSubMenu),show)">SetProperty(ShowViewSubMenu, show, Home)</onclick>
				<onclick condition="StringCompare(Window(Home).Property(ShowViewSubMenu),show)">ClearProperty(ShowViewSubMenu, Home)</onclick>
				<animation effect="fade" start="100" end="80" time="0" condition="!Control.HasFocus(99001)">Conditional</animation>
			</control>
		</control>
    </include>
    <include name="SubMenuTabTop">
        <!--Sub Menu Tab Top-->
        <control type="group">
			<visible>!Skin.HasSetting(KioskMode.Enabled)</visible>
			<visible>!Control.IsVisible(883)</visible>
            <visible>Control.IsVisible(500) | Control.IsVisible(52) | [Control.IsVisible(501) + Skin.HasSetting(View_501_HorizontalNavigation)] | Control.IsVisible(502) | Control.IsVisible(503) | Control.IsVisible(506) | Control.IsVisible(58) | Control.IsVisible(507) | Control.IsVisible(508) | Control.IsVisible(513) | Control.IsVisible(514)</visible>
			<control type="button" id="99002">
				<posx>890</posx>
				<posy>0</posy>
				<width>140</width>
				<height>32</height>
				<align>center</align>
				<aligny>center</aligny>
				<label>[UPPERCASE]$LOCALIZE[33063][/UPPERCASE]</label>
				<textoffsetx>0</textoffsetx>
				<textwidth>140</textwidth>
				<font>Reg20</font>
				<textcolor>$INFO[Skin.String(GeneralTextColor)]</textcolor>
				<texturefocus colordiffuse="$INFO[Skin.String(ButtonFocusColor)]">colors/color_white.png</texturefocus>
				<texturenofocus colordiffuse="$INFO[Skin.String(GeneralPanelsColor)]">colors/color_white.png</texturenofocus>
				<onclick condition="!StringCompare(Window(Home).Property(ShowViewSubMenu),show)">SetProperty(ShowViewSubMenu, show, Home)</onclick>
				<onclick condition="StringCompare(Window(Home).Property(ShowViewSubMenu),show)">ClearProperty(ShowViewSubMenu, Home)</onclick>
				<animation effect="fade" start="100" end="80" time="0" condition="!Control.HasFocus(99002)">Conditional</animation>
			</control>
		</control>
    </include>
    <!--Dailog Color/Font-->
    <include name="DialogHeader">
        <!--Dialog Header-->
        <font>Bold38</font>
        <textcolor>$INFO[Skin.String(GeneralTextColor)]</textcolor>
    </include>
	<include name="DialogHeader_Alt">
        <!--Dialog Header-->
        <font>Bold32</font>
        <textcolor>$INFO[Skin.String(GeneralTextColor)]</textcolor>
    </include>
    <include name="DialogHeader2">
        <!--Dialog Header2 (Yes/No)-->
        <font>Reg36</font>
        <textcolor>$INFO[Skin.String(GeneralTextColor)]</textcolor>
    </include>
    <include name="DialogButton">
        <!--Dialog Button-->
        <font>Reg28</font>
        <textcolor>$INFO[Skin.String(GeneralTextColor)]</textcolor>
        <focusedcolor>$INFO[Skin.String(ButtonFocusTextColor)]</focusedcolor>
        <disabledcolor>$INFO[Skin.String(GeneralTextColor)]</disabledcolor>
		<texturenofocus>dialogs/default/separator.png</texturenofocus>
		<texturefocus colordiffuse="$INFO[Skin.String(ButtonFocusColor)]" border="5">diffuse/panel.png</texturefocus>
    </include>

    <include name="DialogButtonBig">
        <!--Dialog Button Big-->
        <font>Reg30</font>
        <textcolor>$INFO[Skin.String(GeneralTextColor)]</textcolor>
        <focusedcolor>$INFO[Skin.String(ButtonFocusTextColor)]</focusedcolor>
        <disabledcolor>$INFO[Skin.String(GeneralTextColor)]</disabledcolor>
    </include>
    <include name="DialogButtonSmall">
        <!--Dialog Button Small-->
        <font>Reg26</font>
        <textcolor>$INFO[Skin.String(GeneralTextColor)]</textcolor>
        <focusedcolor>$INFO[Skin.String(ButtonFocusTextColor)]</focusedcolor>
        <disabledcolor>$INFO[Skin.String(GeneralTextColor)]</disabledcolor>
    </include>
    <include name="DialogListNF">
        <!--Dialog List NF-->
        <font>Reg28</font>
        <textcolor fallback="white">$INFO[Skin.String(GeneralTextColor)]</textcolor>
        <focusedcolor>$INFO[Skin.String(ButtonFocusTextColor)]</focusedcolor>
        <disabledcolor>$INFO[Skin.String(GeneralTextColor)]</disabledcolor>
    </include>
	
    <include name="DialogListFO">
        <!--Dialog List FO-->
        <font>Reg28</font>
        <textcolor>$INFO[Skin.String(ButtonFocusTextColor)]</textcolor>
        <selectedcolor>$INFO[Skin.String(ButtonFocusTextColor)]</selectedcolor>
    </include>

    <include name="DialogLabel">
        <!--Dialog Label-->
        <font>Reg28</font>
        <textcolor>$INFO[Skin.String(GeneralTextColor)]</textcolor>
        <disabledcolor>$INFO[Skin.String(GeneralTextColor)]</disabledcolor>
    </include>

    <include name ="textcolorworkaround">
        <!--hardcoded colors for use in some controls (edit for example) that didn't support dynamic coloring pre Kodi 15.2 -->
        <textcolor>white</textcolor>
        <disabledcolor>grey</disabledcolor>
        <focusedcolor>white</focusedcolor>
        <shadowcolor>black</shadowcolor>
    </include>
	
	<include name="DialogButtonOther">
        <!--Dialog Button OK Cancel-->
        <height>80</height>
        <width>350</width>
        <include>Key</include>
    </include>

    <!--Keyboard-->
    <include name="EditTextKeyboard">
        <font>Light45</font>
        <align>center</align>
        <textoffsetx>0</textoffsetx>
        <texturenofocus>-</texturenofocus>
        <textcolor>$INFO[Skin.String(GeneralTextColor)]</textcolor>
        <focusedcolor>$INFO[Skin.String(ButtonFocusTextColor)]</focusedcolor>
        <disabledcolor>$INFO[Skin.String(GeneralTextColor)]</disabledcolor>
        <pulseonselect>false</pulseonselect>
        <texturefocus colordiffuse="$INFO[Skin.String(ButtonFocusColor)]" border="5">diffuse/panel.png</texturefocus>
    </include>
    <include name="KeyBoardKey">
        <height>70</height>
        <width>130</width>
        <align>center</align>
        <font>Reg30</font>
        <textoffsetx>0</textoffsetx>
        <selectedcolor>$INFO[Skin.String(ButtonFocusTextColor)]</selectedcolor>
        <textcolor>$INFO[Skin.String(ButtonTextColor)]</textcolor>
        <focusedcolor>$INFO[Skin.String(ButtonFocusTextColor)]</focusedcolor>
        <disabledcolor>$INFO[Skin.String(GeneralTextColor)]</disabledcolor>
        <pulseonselect>false</pulseonselect>
        <texturefocus colordiffuse="$INFO[Skin.String(ButtonFocusColor)]" border="15">dialogs/keyboard/key.png</texturefocus>
        <texturenofocus colordiffuse="$INFO[Skin.String(ButtonColor)]" border="15">dialogs/keyboard/key.png</texturenofocus>
        
    </include>
    <include name="KeyBoardKeyRadio">
        <align>left</align>
        <textoffsetx>20</textoffsetx>
        <radioposx>-</radioposx>
        <radioposy>15</radioposy>
        <radiowidth>28</radiowidth>
        <radioheight>28</radioheight>
        <textureradiofocus>dialogs/keyboard/radio-on.png</textureradiofocus>
        <textureradionofocus>dialogs/keyboard/radio-off.png</textureradionofocus>
        <font>Reg26</font>
        <include>KeyBoardKey</include>
    </include>
    
    <include name="Key">
        <height>110</height>
        <align>center</align>
        <font>Reg28</font>
        <textoffsetx>0</textoffsetx>
        <selectedcolor>$INFO[Skin.String(ButtonFocusTextColor)]</selectedcolor>
        <textcolor>$INFO[Skin.String(ButtonTextColor)]</textcolor>
        <focusedcolor>$INFO[Skin.String(ButtonFocusTextColor)]</focusedcolor>
        <disabledcolor>$INFO[Skin.String(GeneralTextColor)]</disabledcolor>
        <pulseonselect>false</pulseonselect>
        <texturefocus colordiffuse="$INFO[Skin.String(ButtonFocusColor)]" border="20">dialogs/keyboard/key-nf.png</texturefocus>
        <texturenofocus colordiffuse="$INFO[Skin.String(ButtonColor)]" border="20">dialogs/keyboard/key-nf.png</texturenofocus>
    </include>
    <include name="SmallKey">
        <width>130</width>
        <font>Reg34</font>
        <include>Key</include>
    </include>
	<include name="ExtraSmallKey">
        <width>90</width>
		<height>90</height>
        <include>Key</include>
    </include>
    <include name="BigKey">
        <width>250</width>
        <font>Reg28</font>
        <include>Key</include>
    </include>
    <include name="SpaceBar">
        <width>735</width>
        <include>Key</include>
    </include>
    <include name="BackSpace">
        <width>490</width>
        <include>Key</include>
    </include>
    <include name="DialogButtonBrowseAdd">
        <textureradiofocus colordiffuse="$INFO[Skin.String(ButtonFocusTextColor)]">dialogs/keyboard/plus.png</textureradiofocus>
        <textureradionofocus colordiffuse="$INFO[Skin.String(GeneralTextColor)]">dialogs/keyboard/plus.png</textureradionofocus>
        <radiowidth>30</radiowidth>
        <radioheight>30</radioheight>
        <radioposx>10</radioposx>
        <textoffsetx>60</textoffsetx>
        <width>260</width>
        <height>55</height>
        <include>DialogButton</include>
    </include>
    <include name="DialogButtonBrowseRemove">
        <textureradiofocus colordiffuse="$INFO[Skin.String(ButtonFocusTextColor)]">dialogs/keyboard/remove.png</textureradiofocus>
        <textureradionofocus colordiffuse="$INFO[Skin.String(GeneralTextColor)]">dialogs/keyboard/remove.png</textureradionofocus>
        <radiowidth>30</radiowidth>
        <radioheight>30</radioheight>
        <radioposx>10</radioposx>
        <textoffsetx>60</textoffsetx>
        <width>260</width>
        <height>55</height>
        <include>DialogButton</include>
    </include>
    <include name="DialogButtonBrowseEdit">
        <textureradiofocus colordiffuse="$INFO[Skin.String(ButtonFocusTextColor)]">dialogs/keyboard/edit.png</textureradiofocus>
        <textureradionofocus colordiffuse="$INFO[Skin.String(GeneralTextColor)]">dialogs/keyboard/edit.png</textureradionofocus>
        <radiowidth>30</radiowidth>
        <radioheight>30</radioheight>
        <radioposx>10</radioposx>
        <textoffsetx>60</textoffsetx>
        <width>260</width>
        <height>55</height>
        <include>DialogButton</include>
    </include>
    <include name="DialogButtonBrowse">
        <textureradiofocus colordiffuse="$INFO[Skin.String(ButtonFocusTextColor)]">dialogs/mediasource/browse-nf.png</textureradiofocus>
        <textureradionofocus colordiffuse="$INFO[Skin.String(GeneralTextColor)]">dialogs/mediasource/browse-nf.png</textureradionofocus>
        <radiowidth>230</radiowidth>
        <radioheight>230</radioheight>
        <radioposx>-5</radioposx>
        <textoffsetx>60</textoffsetx>
        <width>260</width>
        <height>55</height>
        <include>DialogButton</include>
    </include>
    <include name="KeyLeft">
        <width>130</width>
        <include>Key</include>
        <textureradiofocus colordiffuse="$INFO[Skin.String(ButtonFocusTextColor)]">dialogs/keyboard/left.png</textureradiofocus>
        <textureradionofocus colordiffuse="$INFO[Skin.String(ButtonTextColor)]">dialogs/keyboard/left.png</textureradionofocus>
        <radiowidth>70</radiowidth>
        <radioheight>70</radioheight>
        <radioposx>30</radioposx>
    </include>
    <include name="KeyRight">
        <width>130</width>
        <include>Key</include>
        <textureradiofocus colordiffuse="$INFO[Skin.String(ButtonFocusTextColor)]">dialogs/keyboard/right.png</textureradiofocus>
        <textureradionofocus colordiffuse="$INFO[Skin.String(ButtonTextColor)]">dialogs/keyboard/right.png</textureradionofocus>
        <radiowidth>70</radiowidth>
        <radioheight>70</radioheight>
        <radioposx>30</radioposx>
    </include>
    <include name="KeyBack">
        <width>130</width>
        <include>Key</include>
        <textureradiofocus colordiffuse="$INFO[Skin.String(ButtonFocusTextColor)]">dialogs/keyboard/back.png</textureradiofocus>
        <textureradionofocus colordiffuse="$INFO[Skin.String(ButtonTextColor)]">dialogs/keyboard/back.png</textureradionofocus>
        <radiowidth>70</radiowidth>
        <radioheight>70</radioheight>
        <radioposx>30</radioposx>
    </include>
    <include name="KeyDone">
        <width>130</width>
        <include>Key</include>
        <textureradiofocus colordiffuse="$INFO[Skin.String(ButtonFocusTextColor)]">dialogs/keyboard/done.png</textureradiofocus>
        <textureradionofocus colordiffuse="$INFO[Skin.String(ButtonTextColor)]">dialogs/keyboard/done.png</textureradionofocus>
        <radiowidth>70</radiowidth>
        <radioheight>70</radioheight>
        <radioposx>30</radioposx>
    </include>
    <include name="DoubleKeyDone">
        <width>250</width>
        <height>90</height>
        <include>Key</include>
    </include>
    <include name="DoubleKeyCancel">
        <width>250</width>
        <height>90</height>
        <include>Key</include>
    </include>
    <include name="ListDetailsBtn">
        <width>580</width>
        <height>40</height>
        <align>left</align>
        <disabledcolor fallback="white">$INFO[Skin.String(ViewDetailsTextColor)]</disabledcolor>
        <texturefocus>-</texturefocus>
        <texturenofocus>dialogs/default/separator.png</texturenofocus>
        <textoffsetx>0</textoffsetx>
        <textcolor>$INFO[Skin.String(ViewDetailsTextColor)]</textcolor>
        <shadowcolor>$INFO[Skin.String(ViewDetailsTextShadowColor)]</shadowcolor>
        <enable>false</enable>
    </include>

	<include name="OSDInfoPanel">
        <!--OSD Info Panel-->
        <!--Info Stuff-->
        <control type="group">
			<visible>!Window.IsActive(dialogslider.xml)</visible>
			<visible>!Window.IsActive(DialogSubtitles.xml)</visible>
			<visible>!Window.IsActive(DialogKaiToast.xml)</visible>
			<!-- background -->
			<control type="image">
				<posx>0</posx>
				<posy>0</posy>
				<width>100%</width>
				<height>190</height>
				<texture border="5">diffuse/panel.png</texture>
				<colordiffuse>$INFO[Skin.String(OSDPanelColor)]</colordiffuse>
			</control>
            <!-- Plot -->
            <control type="group">
                <posx>0</posx>
                <posy>20</posy>
                <width>1780</width>
                <height>190</height>
				<!--logo-->
				<control type="image">
					<posx>40</posx>
					<posy>0</posy>
					<width>260</width>
					<height>160</height>
					<fadetime>200</fadetime>
					<texture background="true">$VAR[OSDInfoImage]</texture>
					<aspectratio align="left" aligny="top">keep</aspectratio>
                    <visible>[!IsEmpty(Player.Art(clearlogo)) | !IsEmpty(Player.Art(clearart)) | !IsEmpty(Player.Art(tvshow.clearlogo)) | !IsEmpty(Player.Art(tvshow.clearart))]</visible>
				</control>
                <!-- plot when clearlogo visible -->
                <control type="textbox">
                    <posx>350</posx>
                    <posy>0</posy>
                    <width>1500</width>
                    <height>160</height>
                    <visible>[!IsEmpty(Player.Art(clearlogo)) | !IsEmpty(Player.Art(clearart)) | !IsEmpty(Player.Art(tvshow.clearlogo)) | !IsEmpty(Player.Art(tvshow.clearart))]</visible>
                    <label fallback="19055">[B]$INFO[VideoPlayer.Premiered,,  • ]$INFO[VideoPlayer.Duration,, min. • ]$INFO[VideoPlayer.MPAA, • ]$INFO[VideoPlayer.RatingAndVotes, • ]$INFO[VideoPlayer.EpisodeName,, • ][/B][CR]$INFO[VideoPlayer.Plot]</label>
                    <textcolor>$INFO[Skin.String(OSDPrimaryTextColor)]</textcolor>
					<shadowcolor>$INFO[Skin.String(OSDPrimaryTextShadowColor)]</shadowcolor>
                    <align>justify</align>
                    <font>Light28</font>
                </control>
                <!-- plot when clearlogo NOT visible -->
                <control type="textbox">
                    <posx>40</posx>
                    <posy>0</posy>
                    <width>1810</width>
                    <height>160</height>
                    <visible>![!IsEmpty(Player.Art(clearart)) | !IsEmpty(Player.Art(tvshow.clearart)) | !IsEmpty(Player.Art(clearlogo)) | !IsEmpty(Player.Art(tvshow.clearlogo))]</visible>
                    <label fallback="19055">[B]$INFO[VideoPlayer.Premiered,,  • ]$INFO[VideoPlayer.Duration,, min. • ]$INFO[VideoPlayer.MPAA, • ]$INFO[VideoPlayer.RatingAndVotes, • ]$INFO[VideoPlayer.EpisodeName,, • ][/B][CR]$INFO[VideoPlayer.Plot]</label>
                    <textcolor>$INFO[Skin.String(OSDPrimaryTextColor)]</textcolor>
					<shadowcolor>$INFO[Skin.String(OSDPrimaryTextShadowColor)]</shadowcolor>
                    <align>justify</align>
                    <font>Light28</font>
                </control>
            </control>
        </control>
    </include>
    
    <include name="navigation_horizontal">
        <orientation>horizontal</orientation>
    </include>
    		
</includes>