<includes>

	<variable name="NetflixSpotlightWidgetImage">
		<value condition="!IsEmpty(ListItem.Art(landscape))">$INFO[ListItem.Art(landscape)]</value>
		<value condition="!IsEmpty(ListItem.Art(tvshow.landscape))">$INFO[ListItem.Art(tvshow.landscape)]</value>
        <value condition="!IsEmpty(ListItem.Art(fanart))">$INFO[ListItem.Art(fanart)]</value>
		<value condition="!IsEmpty(ListItem.Art(tvshow.fanart))">$INFO[ListItem.Art(tvshow.fanart)]</value>
		<value condition="!IsEmpty(ListItem.Property(fanart))">$INFO[ListItem.Property(fanart)]</value>
		<value condition="!IsEmpty(ListItem.Thumb)">$INFO[ListItem.Thumb]</value>
    </variable>
	
	<include name="HomeLayoutNetflix">
			
		<!-- Kodi Logo image -->
		<control type="image">
			<posx>35</posx>
			<posy>10</posy>
			<height>110</height>
			<aspectratio align="left">keep</aspectratio>
			<colordiffuse>$INFO[Skin.String(HeaderTextColor)]</colordiffuse>
			<texture>home/kodi_logo_light.png</texture>
			<visible>!Window.IsActive(DialogKaiToast.xml) + !Window.IsActive(DialogExtendedProgressBar.xml) + !Skin.HasSetting(WeatherOnHome) + !Skin.HasSetting(ShowProfile) + ![ControlGroup(77777).HasFocus | StringCompare(Window(Home).Property(ShowWidget),show)] + !Control.IsVisible(88888)</visible>
			<visible>!Skin.String(HomeLayout, simplever)</visible>
			<visible>!Skin.HasSetting(ShowProfile) + !Skin.HasSetting(WeatherOnHome)</visible>
			<visible>!Skin.String(CustomLogoImage)</visible>
		</control>
		<!-- custom Logo image -->
		<control type="image">
			<posx>35</posx>
			<posy>10</posy>
			<height>110</height>
			<aspectratio align="left">keep</aspectratio>
			<colordiffuse></colordiffuse>
			<texture>$INFO[Skin.String(CustomLogoImage)]</texture>
			<visible>!Window.IsActive(DialogKaiToast.xml) + !Window.IsActive(DialogExtendedProgressBar.xml) + !Skin.HasSetting(WeatherOnHome) + !Skin.HasSetting(ShowProfile) + ![ControlGroup(77777).HasFocus | StringCompare(Window(Home).Property(ShowWidget),show)] + !Control.IsVisible(88888)</visible>
			<visible>!Skin.String(HomeLayout, simplever)</visible>
			<visible>!Skin.HasSetting(ShowProfile) + !Skin.HasSetting(WeatherOnHome)</visible>
			<visible>Skin.String(CustomLogoImage)</visible>
		</control>
		<!-- Header -->
		<include condition="Skin.HasSetting(WeatherOnHome)">WeatherInfo</include>
		<include>ProfileInfo</include>
		<!--Time-->
		<control type="group">
			<include>TimeInfo</include>
		</control>
		
		<!--NowPlaying-->
		<include condition="Skin.HasTheme(classic)">NowPlayingMusicClassic</include>
		<include condition="Skin.HasTheme(classic)">NowPlayingVideoClassic</include>
		<include condition="!Skin.HasTheme(classic)">NowPlayingModern</include>
		
        <!-- fake list containing all netflix rows -->
        <control type="list" id="999">
        <width>1</width>
        <height>1</height>
        <itemlayout/>
        <focusedlayout />
        <content><include>skinshortcuts-group-netflixmenu</include></content>
        </control>

		<!-- all widgets -->
		<control type="grouplist" id="9000">
			<posx>0</posx>
			<top>160</top>
			<width>100%</width>
			<bottom>0</bottom>
			<defaultcontrol always="true">51</defaultcontrol>
			<pagecontrol>317</pagecontrol>
			<!-- ROW1: spotlight -->
			<control type="group">
				<width>1920</width>
				<height>580</height>
				<!-- background panel -->
				<control type="image">
					<posx>50</posx>
					<top>0</top>
					<bottom>0</bottom>
					<width>1820</width>
					<height>575</height>
					<texture border="15">diffuse/bgpanel.png</texture>
					<colordiffuse>$VAR[ViewDetailsPanelColor]</colordiffuse>
					<aspectratio>stretch</aspectratio>
					<visible>!Skin.HasSetting(HideWidgetPanelBackground)</visible>
				</control>

				<control type="grouplist">
					<width>800</width>
					<posx>60</posx>
					<posy>10</posy>
					<height>450</height>
					<orientation>vertical</orientation>
					<control type="label">
						<height>100</height>
						<font>Bold36</font>
						<align>left</align>
						<aligny>top</aligny>
						<textcolor>$INFO[Skin.String(ViewDetailsTextColor)]</textcolor>
						<shadowcolor>$INFO[Skin.String(ViewDetailsTextShadowColor)]</shadowcolor>
						<label>$VAR[HomeMenuWidgetInfoLabel]</label>
					</control>
					<control type="textbox">
						<height max="260">auto</height>
						<label>$VAR[HomeMenuWidgetInfoPlotAlt]</label>
						<textcolor>$INFO[Skin.String(ViewDetailsTextColor)]</textcolor>
						<shadowcolor>$INFO[Skin.String(ViewDetailsTextShadowColor)]</shadowcolor>
						<align>justify</align>
						<font>Light28</font>
					</control>
					<control type="label">
						<height>25</height>
						<label></label>
					</control>
					<control type="group">
						<height>60</height>
						<include>mediaflags</include>
					</control>
				</control>
				
				<control type="button" id="51">
					<description>Play</description>
					<width>320</width>
					<posx>60</posx>
					<posy>490</posy>
					<label>208</label>
					<onright>52</onright>
					<onleft>300</onleft>
					<ondown>520</ondown>
					<onclick>PlayMedia($ESCINFO[Container(510).ListItem.FileNameAndPath])</onclick>
				</control>
				<control type="button" id="52">
					<description>Info</description>
					<width>320</width>
					<posx>400</posx>
					<posy>490</posy>
					<label>19033</label>
					<onleft>51</onleft>
					<onright>53</onright>
					<ondown>520</ondown>
					<onclick condition="!System.HasAddon(script.extendedinfo)">ActivateWindow(Videos,plugin://script.extendedinfo)</onclick>
					<onclick condition="IsEmpty(Container(510).ListItem.TvShowTitle)">RunScript(script.extendedinfo,info=extendedinfo,dbid=$INFO[Container(510).ListItem.DBID],name=$INFO[Container(510).ListItem.Title])</onclick>
					<onclick condition="!IsEmpty(Container(510).ListItem.TvShowTitle)">RunScript(script.extendedinfo,info=extendedtvinfo,name=$INFO[Container(510).ListItem.TvShowTitle])</onclick>
				</control>
				<control type="radiobutton" id="53">
					<label></label>
					<posy>490</posy>
					<posx>735</posx>
					<width>60</width>
					<height>60</height>
					<textureradiofocus colordiffuse="$INFO[Skin.String(ButtonFocusTextColor)]">dialogs/keyboard/left.png</textureradiofocus>
                    <textureradionofocus colordiffuse="$INFO[Skin.String(ButtonTextColor)]">dialogs/keyboard/left.png</textureradionofocus>
                    <radiowidth>40</radiowidth>
                    <radioheight>40</radioheight>
                    <radioposx>0</radioposx>
					<onright>54</onright>
					<onleft>52</onleft>
					<ondown>520</ondown>
					<onclick>Control.Move(510,-1)</onclick>
                    <selected>Control.HasFocus(53)</selected>
				</control>
				<control type="radiobutton" id="54">
					<label></label>
					<posy>490</posy>
					<posx>800</posx>
					<width>60</width>
					<height>60</height>
					<onleft>53</onleft>
					<ondown>520</ondown>
					<textureradiofocus colordiffuse="$INFO[Skin.String(ButtonFocusTextColor)]">dialogs/keyboard/right.png</textureradiofocus>
                    <textureradionofocus colordiffuse="$INFO[Skin.String(ButtonTextColor)]">dialogs/keyboard/right.png</textureradionofocus>
                    <radiowidth>40</radiowidth>
                    <radioheight>40</radioheight>
                    <radioposx>0</radioposx>
					<onclick>Control.Move(510,1)</onclick>
                    <selected>Control.HasFocus(54)</selected>
				</control>
				
				<!-- spotlight widget -->
				<control type="panel" id="510">
					<right>60</right>
					<top>10</top>
					<width>960</width>
					<height>555</height>
					<ondown>1508</ondown>
					<orientation>horizontal</orientation>
					<focusposition>2</focusposition>
					<scrolltime tween="cubic" easing="inout">500</scrolltime>
					<itemlayout width="960" height="555">
						<!-- spotlight image -->
						<control type="image">
							<bordersize>5</bordersize>
							<texture background="true" diffuse="diffuse/wide.png">$VAR[NetflixSpotlightWidgetImage]</texture>
							<aspectratio scalediffuse="false">scale</aspectratio>
						</control>
						<!-- clearlogo -->
						<control type="image">
							<right>20</right>
							<bottom>25</bottom>
							<width>70%</width>
							<height>350</height>
							<aspectratio align="right" aligny="bottom">keep</aspectratio>
							<texture background="true">$VAR[SpotLightWidgetInfoclearlogo]</texture>
							<visible>IsEmpty(Listitem.Art(landscape))</visible>
						</control>
					</itemlayout>
					<focusedlayout width="960" height="555">
						<!-- spotlight image -->
						<control type="image">
							<bordersize>5</bordersize>
							<texture background="true" diffuse="diffuse/wide.png">$VAR[NetflixSpotlightWidgetImage]</texture>
							<aspectratio scalediffuse="false">scale</aspectratio>
						</control>
						<!-- clearlogo -->
						<control type="image">
							<right>20</right>
							<bottom>25</bottom>
							<width>70%</width>
							<height>350</height>
							<aspectratio align="right" aligny="bottom">keep</aspectratio>
							<texture background="true">$VAR[SpotLightWidgetInfoclearlogo]</texture>
							<visible>IsEmpty(Listitem.Art(landscape))</visible>
						</control>
					</focusedlayout>
					<content target="video">$INFO[Container(999).ListItemNoWrap(0).Property(list)]</content>
				</control>
			
			</control>
			
			<!-- whitespace -->
			<control type="group">
				<width>1920</width>
				<height>15</height>
				<visible>!Skin.String(widgetstyle, poster)</visible>
			</control>
			<!-- ROW2 -->
			<control type="group">
				<width>1920</width>
				<include condition="Skin.String(widgetstyle, poster)">NetflixRowsAltHeigth</include>
				<height>310</height>
                <visible>!IsEmpty(Container(999).ListItemNoWrap(1).Label)</visible>
				<!-- top bar -->
				<control type="image">
					<posx>50</posx>
					<posy>0</posy>
					<width>1820</width>
					<height>55</height>
					<texture border="5">diffuse/panel.png</texture>
					<colordiffuse>$INFO[Skin.String(GeneralPanelsColor)]</colordiffuse>
				</control>
				<control type="label">
					<height>40</height>
					<posx>60</posx>
					<font>Bold36</font>
					<align>left</align>
					<aligny>top</aligny>
					<textcolor>$INFO[Skin.String(GeneralTextColor)]</textcolor>
					<label>$INFO[Container(999).ListItemNoWrap(1).Label]</label>
                    <visible>IsEmpty(Container(520).ListItem.Property(similartitle))</visible>
				</control>
                <control type="label">
					<height>40</height>
					<posx>60</posx>
					<font>Bold36</font>
					<align>left</align>
					<aligny>top</aligny>
					<textcolor>$INFO[Skin.String(GeneralTextColor)]</textcolor>
					<label>$LOCALIZE[31545] $INFO[Container(520).ListItem.Property(similartitle)]</label>
                    <visible>!IsEmpty(Container(520).ListItem.Property(similartitle))</visible>
				</control>
				
				<control type="panel" id="520">
					<ondown>530</ondown>
					<onleft>300</onleft>
					<onup>51</onup>
					<include condition="Skin.String(widgetstyle, landscape)">NetflixWidgetLayoutLandscape</include>
					<include condition="Skin.String(widgetstyle, poster)">NetflixWidgetLayoutPoster</include>
					<content target="video">$INFO[Container(999).ListItemNoWrap(1).Property(list)]</content> 
				</control>
			</control>
			
			<!-- ROW3 -->
			<control type="group">
				<width>1920</width>
				<include condition="Skin.String(widgetstyle, poster)">NetflixRowsAltHeigth</include>
				<height>310</height>
				<visible>!IsEmpty(Container(999).ListItemNoWrap(2).Label)</visible>
				<!-- top bar -->
				<control type="image">
					<posx>50</posx>
					<posy>0</posy>
					<width>1820</width>
					<height>55</height>
					<texture border="5">diffuse/panel.png</texture>
					<colordiffuse>$INFO[Skin.String(GeneralPanelsColor)]</colordiffuse>
				</control>
				<control type="label">
					<height>40</height>
					<posx>60</posx>
					<font>Bold36</font>
					<align>left</align>
					<aligny>top</aligny>
					<textcolor>$INFO[Skin.String(GeneralTextColor)]</textcolor>
					<label>$INFO[Container(999).ListItemNoWrap(2).Label]</label>
                    <visible>IsEmpty(Container(530).ListItem.Property(similartitle))</visible>
				</control>
                <control type="label">
					<height>40</height>
					<posx>60</posx>
					<font>Bold36</font>
					<align>left</align>
					<aligny>top</aligny>
					<textcolor>$INFO[Skin.String(GeneralTextColor)]</textcolor>
					<label>$LOCALIZE[31545] $INFO[Container(530).ListItem.Property(similartitle)]</label>
                    <visible>!IsEmpty(Container(530).ListItem.Property(similartitle))</visible>
				</control>
				
				<control type="panel" id="530">
					<ondown>540</ondown>
					<onleft>300</onleft>
					<onup>520</onup>
					<include condition="Skin.String(widgetstyle, landscape)">NetflixWidgetLayoutLandscape</include>
					<include condition="Skin.String(widgetstyle, poster)">NetflixWidgetLayoutPoster</include>
					<content target="video">$INFO[Container(999).ListItemNoWrap(2).Property(list)]</content> 
				</control>
			</control>
			
			<!-- ROW4 -->
			<control type="group">
				<width>1920</width>
				<include condition="Skin.String(widgetstyle, poster)">NetflixRowsAltHeigth</include>
				<height>310</height>
				<visible>!IsEmpty(Container(999).ListItemNoWrap(3).Label)</visible>
				<!-- top bar -->
				<control type="image">
					<posx>50</posx>
					<posy>0</posy>
					<width>1820</width>
					<height>55</height>
					<texture border="5">diffuse/panel.png</texture>
					<colordiffuse>$INFO[Skin.String(GeneralPanelsColor)]</colordiffuse>
				</control>
				<control type="label">
					<height>40</height>
					<posx>60</posx>
					<font>Bold36</font>
					<align>left</align>
					<aligny>top</aligny>
					<textcolor>$INFO[Skin.String(GeneralTextColor)]</textcolor>
					<label>$INFO[Container(999).ListItemNoWrap(3).Label]</label>
                    <visible>IsEmpty(Container(540).ListItem.Property(similartitle))</visible>
				</control>
                <control type="label">
					<height>40</height>
					<posx>60</posx>
					<font>Bold36</font>
					<align>left</align>
					<aligny>top</aligny>
					<textcolor>$INFO[Skin.String(GeneralTextColor)]</textcolor>
					<label>$LOCALIZE[31545] $INFO[Container(540).ListItem.Property(similartitle)]</label>
                    <visible>!IsEmpty(Container(540).ListItem.Property(similartitle))</visible>
				</control>
				
				<control type="panel" id="540">
					<onleft>300</onleft>
					<onup>530</onup>
					<ondown>550</ondown>
					<include condition="Skin.String(widgetstyle, landscape)">NetflixWidgetLayoutLandscape</include>
					<include condition="Skin.String(widgetstyle, poster)">NetflixWidgetLayoutPoster</include>
					<content target="video">$INFO[Container(999).ListItemNoWrap(3).Property(list)]</content> 
				</control>
			</control>
			
			<!-- ROW5 -->
			<control type="group">
				<width>1920</width>
				<include condition="Skin.String(widgetstyle, poster)">NetflixRowsAltHeigth</include>
				<height>310</height>
				<visible>!IsEmpty(Container(999).ListItemNoWrap(4).Label)</visible>
				<!-- top bar -->
				<control type="image">
					<posx>50</posx>
					<posy>0</posy>
					<width>1820</width>
					<height>55</height>
					<texture border="5">diffuse/panel.png</texture>
					<colordiffuse>$INFO[Skin.String(GeneralPanelsColor)]</colordiffuse>
				</control>
				<control type="label">
					<height>40</height>
					<posx>60</posx>
					<font>Bold36</font>
					<align>left</align>
					<aligny>top</aligny>
					<textcolor>$INFO[Skin.String(GeneralTextColor)]</textcolor>
					<label>$INFO[Container(999).ListItemNoWrap(4).Label]</label>
                    <visible>IsEmpty(Container(550).ListItem.Property(similartitle))</visible>
				</control>
                <control type="label">
					<height>40</height>
					<posx>60</posx>
					<font>Bold36</font>
					<align>left</align>
					<aligny>top</aligny>
					<textcolor>$INFO[Skin.String(GeneralTextColor)]</textcolor>
					<label>$LOCALIZE[31545] $INFO[Container(550).ListItem.Property(similartitle)]</label>
                    <visible>!IsEmpty(Container(550).ListItem.Property(similartitle))</visible>
				</control>
				
				<control type="panel" id="550">
					<onleft>300</onleft>
					<onup>540</onup>
                    <ondown>560</ondown>
					<include condition="Skin.String(widgetstyle, landscape)">NetflixWidgetLayoutLandscape</include>
					<include condition="Skin.String(widgetstyle, poster)">NetflixWidgetLayoutPoster</include>
					<content target="video">$INFO[Container(999).ListItemNoWrap(4).Property(list)]</content> 
				</control>
			</control>
			
            <!-- ROW6 -->
			<control type="group">
				<width>1920</width>
				<include condition="Skin.String(widgetstyle, poster)">NetflixRowsAltHeigth</include>
				<height>310</height>
				<visible>!IsEmpty(Container(999).ListItemNoWrap(5).Label)</visible>
				<!-- top bar -->
				<control type="image">
					<posx>50</posx>
					<posy>0</posy>
					<width>1820</width>
					<height>55</height>
					<texture border="5">diffuse/panel.png</texture>
					<colordiffuse>$INFO[Skin.String(GeneralPanelsColor)]</colordiffuse>
				</control>
				<control type="label">
					<height>40</height>
					<posx>60</posx>
					<font>Bold36</font>
					<align>left</align>
					<aligny>top</aligny>
					<textcolor>$INFO[Skin.String(GeneralTextColor)]</textcolor>
					<label>$INFO[Container(999).ListItemNoWrap(5).Label]</label>
                    <visible>IsEmpty(Container(560).ListItem.Property(similartitle))</visible>
				</control>
                <control type="label">
					<height>40</height>
					<posx>60</posx>
					<font>Bold36</font>
					<align>left</align>
					<aligny>top</aligny>
					<textcolor>$INFO[Skin.String(GeneralTextColor)]</textcolor>
					<label>$LOCALIZE[31545] $INFO[Container(560).ListItem.Property(similartitle)]</label>
                    <visible>!IsEmpty(Container(560).ListItem.Property(similartitle))</visible>
				</control>
				
				<control type="panel" id="560">
					<onleft>300</onleft>
					<onup>550</onup>
                    <ondown>570</ondown>
					<include condition="Skin.String(widgetstyle, landscape)">NetflixWidgetLayoutLandscape</include>
					<include condition="Skin.String(widgetstyle, poster)">NetflixWidgetLayoutPoster</include>
					<content target="video">$INFO[Container(999).ListItemNoWrap(5).Property(list)]</content> 
				</control>
			</control>
			
            <!-- ROW7 -->
			<control type="group">
				<width>1920</width>
				<include condition="Skin.String(widgetstyle, poster)">NetflixRowsAltHeigth</include>
				<height>310</height>
				<visible>!IsEmpty(Container(999).ListItemNoWrap(6).Label)</visible>
				<!-- top bar -->
				<control type="image">
					<posx>50</posx>
					<posy>0</posy>
					<width>1820</width>
					<height>55</height>
					<texture border="5">diffuse/panel.png</texture>
					<colordiffuse>$INFO[Skin.String(GeneralPanelsColor)]</colordiffuse>
				</control>
				<control type="label">
					<height>40</height>
					<posx>60</posx>
					<font>Bold36</font>
					<align>left</align>
					<aligny>top</aligny>
					<textcolor>$INFO[Skin.String(GeneralTextColor)]</textcolor>
					<label>$INFO[Container(999).ListItemNoWrap(6).Label]</label>
                    <visible>IsEmpty(Container(570).ListItem.Property(similartitle))</visible>
				</control>
                <control type="label">
					<height>40</height>
					<posx>60</posx>
					<font>Bold36</font>
					<align>left</align>
					<aligny>top</aligny>
					<textcolor>$INFO[Skin.String(GeneralTextColor)]</textcolor>
					<label>$LOCALIZE[31545] $INFO[Container(570).ListItem.Property(similartitle)]</label>
                    <visible>!IsEmpty(Container(570).ListItem.Property(similartitle))</visible>
				</control>
				
				<control type="panel" id="570">
					<onleft>300</onleft>
					<onup>560</onup>
                    <ondown>580</ondown>
					<include condition="Skin.String(widgetstyle, landscape)">NetflixWidgetLayoutLandscape</include>
					<include condition="Skin.String(widgetstyle, poster)">NetflixWidgetLayoutPoster</include>
					<content target="video">$INFO[Container(999).ListItemNoWrap(6).Property(list)]</content> 
				</control>
			</control>
			
            <!-- ROW8 -->
			<control type="group">
				<width>1920</width>
				<include condition="Skin.String(widgetstyle, poster)">NetflixRowsAltHeigth</include>
				<height>310</height>
				<visible>!IsEmpty(Container(999).ListItemNoWrap(7).Label)</visible>
				<!-- top bar -->
				<control type="image">
					<posx>50</posx>
					<posy>0</posy>
					<width>1820</width>
					<height>55</height>
					<texture border="5">diffuse/panel.png</texture>
					<colordiffuse>$INFO[Skin.String(GeneralPanelsColor)]</colordiffuse>
				</control>
				<control type="label">
					<height>40</height>
					<posx>60</posx>
					<font>Bold36</font>
					<align>left</align>
					<aligny>top</aligny>
					<textcolor>$INFO[Skin.String(GeneralTextColor)]</textcolor>
					<label>$INFO[Container(999).ListItemNoWrap(7).Label]</label>
                    <visible>IsEmpty(Container(580).ListItem.Property(similartitle))</visible>
				</control>
                <control type="label">
					<height>40</height>
					<posx>60</posx>
					<font>Bold36</font>
					<align>left</align>
					<aligny>top</aligny>
					<textcolor>$INFO[Skin.String(GeneralTextColor)]</textcolor>
					<label>$LOCALIZE[31545] $INFO[Container(580).ListItem.Property(similartitle)]</label>
                    <visible>!IsEmpty(Container(580).ListItem.Property(similartitle))</visible>
				</control>
				
				<control type="panel" id="580">
					<onleft>300</onleft>
					<onup>570</onup>
                    <ondown>590</ondown>
					<include condition="Skin.String(widgetstyle, landscape)">NetflixWidgetLayoutLandscape</include>
					<include condition="Skin.String(widgetstyle, poster)">NetflixWidgetLayoutPoster</include>
					<content target="video">$INFO[Container(999).ListItemNoWrap(7).Property(list)]</content> 
				</control>
			</control>
			
            <!-- ROW9 -->
			<control type="group">
				<width>1920</width>
				<include condition="Skin.String(widgetstyle, poster)">NetflixRowsAltHeigth</include>
				<height>310</height>
				<visible>!IsEmpty(Container(999).ListItemNoWrap(8).Label)</visible>
				<!-- top bar -->
				<control type="image">
					<posx>50</posx>
					<posy>0</posy>
					<width>1820</width>
					<height>55</height>
					<texture border="5">diffuse/panel.png</texture>
					<colordiffuse>$INFO[Skin.String(GeneralPanelsColor)]</colordiffuse>
				</control>
				<control type="label">
					<height>40</height>
					<posx>60</posx>
					<font>Bold36</font>
					<align>left</align>
					<aligny>top</aligny>
					<textcolor>$INFO[Skin.String(GeneralTextColor)]</textcolor>
					<label>$INFO[Container(999).ListItemNoWrap(8).Label]</label>
                    <visible>IsEmpty(Container(590).ListItem.Property(similartitle))</visible>
				</control>
                <control type="label">
					<height>40</height>
					<posx>60</posx>
					<font>Bold36</font>
					<align>left</align>
					<aligny>top</aligny>
					<textcolor>$INFO[Skin.String(GeneralTextColor)]</textcolor>
					<label>$LOCALIZE[31545] $INFO[Container(590).ListItem.Property(similartitle)]</label>
                    <visible>!IsEmpty(Container(590).ListItem.Property(similartitle))</visible>
				</control>
				
				<control type="panel" id="590">
					<onleft>300</onleft>
					<onup>580</onup>
                    <ondown>600</ondown>
					<include condition="Skin.String(widgetstyle, landscape)">NetflixWidgetLayoutLandscape</include>
					<include condition="Skin.String(widgetstyle, poster)">NetflixWidgetLayoutPoster</include>
					<content target="video">$INFO[Container(999).ListItemNoWrap(8).Property(list)]</content> 
				</control>
			</control>
			
            <!-- ROW10 -->
			<control type="group">
				<width>1920</width>
				<include condition="Skin.String(widgetstyle, poster)">NetflixRowsAltHeigth</include>
				<height>310</height>
				<visible>!IsEmpty(Container(999).ListItemNoWrap(9).Label)</visible>
				<!-- top bar -->
				<control type="image">
					<posx>50</posx>
					<posy>0</posy>
					<width>1820</width>
					<height>55</height>
					<texture border="5">diffuse/panel.png</texture>
					<colordiffuse>$INFO[Skin.String(GeneralPanelsColor)]</colordiffuse>
				</control>
				<control type="label">
					<height>40</height>
					<posx>60</posx>
					<font>Bold36</font>
					<align>left</align>
					<aligny>top</aligny>
					<textcolor>$INFO[Skin.String(GeneralTextColor)]</textcolor>
					<label>$INFO[Container(999).ListItemNoWrap(9).Label]</label>
                    <visible>IsEmpty(Container(600).ListItem.Property(similartitle))</visible>
				</control>
                <control type="label">
					<height>40</height>
					<posx>60</posx>
					<font>Bold36</font>
					<align>left</align>
					<aligny>top</aligny>
					<textcolor>$INFO[Skin.String(GeneralTextColor)]</textcolor>
					<label>$LOCALIZE[31545] $INFO[Container(600).ListItem.Property(similartitle)]</label>
                    <visible>!IsEmpty(Container(600).ListItem.Property(similartitle))</visible>
				</control>
				
				<control type="panel" id="600">
					<onleft>300</onleft>
					<onup>590</onup>
                    <ondown>51</ondown>
					<include condition="Skin.String(widgetstyle, landscape)">NetflixWidgetLayoutLandscape</include>
					<include condition="Skin.String(widgetstyle, poster)">NetflixWidgetLayoutPoster</include>
					<content target="video">$INFO[Container(999).ListItemNoWrap(9).Property(list)]</content> 
				</control>
			</control>
			
            
		</control>
		
		<control type="scrollbar" id="317"> 
			<right>15</right>
			<top>160</top>
			<bottom>10</bottom>
			<onleft>17000</onleft>
			<showonepage>false</showonepage>
			<visible>[Skin.HasSetting(EnableTouchSupport) | Skin.HasSetting(alwaysShowScrollbars)]</visible>
		</control>
				
		<!--Sub Menu Tab Left-->
        <control type="group">
			<animation type="Conditional" condition="ControlGroup(300).HasFocus()">
					<effect type="fade" start="100" end="0" time="100" />
				</animation>
				<animation type="Conditional" condition="!ControlGroup(300).HasFocus()">
					<effect type="fade" start="0" end="100" time="400" delay="600" />
				</animation>
			<control type="button" id="99001">
				<posx>0</posx>
				<posy>470</posy>
				<width>32</width>
				<height>140</height>
				<align>center</align>
				<aligny>center</aligny>
				<label>[UPPERCASE]$LOCALIZE[33061][/UPPERCASE]</label>
				<textoffsetx>0</textoffsetx>
				<textoffsety>23</textoffsety>
				<angle>90</angle>
				<textwidth>140</textwidth>
				<font>Reg20</font>
				<textcolor>$INFO[Skin.String(GeneralTextColor)]</textcolor>
				<texturefocus colordiffuse="$INFO[Skin.String(ButtonFocusColor)]">colors/color_white.png</texturefocus>
				<texturenofocus colordiffuse="$INFO[Skin.String(GeneralPanelsColor)]">colors/color_white.png</texturenofocus>
				<onclick condition="!StringCompare(Window(Home).Property(ShowViewSubMenu),show)">SetProperty(ShowViewSubMenu, show, Home)</onclick>
				<onclick condition="StringCompare(Window(Home).Property(ShowViewSubMenu),show)">ClearProperty(ShowViewSubMenu, Home)</onclick>
				<animation effect="fade" start="100" end="80" time="0" condition="!Control.HasFocus(99001)">Conditional</animation>
			</control>
		</control>
		
		<!--Side Menu-->
        <control type="group" id="9001">
            <posx>-660</posx>
			<posy>0</posy>
			<visible>!Window.IsActive(DialogKeyboard.xml)</visible>
			<animation type="Conditional" condition="[ControlGroup(9001).HasFocus() + window.isactive(home)] | ControlGroup(300).HasFocus() | StringCompare(Window(Home).Property(ShowViewSubMenu),show) | Control.HasFocus(300)">
                <effect type="slide" start="0" end="660" time="300" delay="0" tween="cubic" easing="inout" />
            </animation>
			<!--Panel-->
            <control type="image">
                <posy>-250</posy>
                <posx>-20</posx>
                <width>520</width>
                <height>1750</height>
                <texture border="5">diffuse/panel.png</texture>
                <colordiffuse>$INFO[Skin.String(GeneralPanelsColor)]</colordiffuse>
                <aspectratio>stretch</aspectratio>
            </control>
            <control type="image">
                <posy>-250</posy>
                <posx>-20</posx>
                <width>515</width>
                <height>1750</height>
                <texture border="5">diffuse/panel.png</texture>
                <colordiffuse>$INFO[Skin.String(GeneralPanelsColor)]</colordiffuse>
                <aspectratio>stretch</aspectratio>
            </control>
            <control type="image">
                <posy>-250</posy>
                <posx>-20</posx>
                <width>515</width>
                <height>1750</height>
                <texture border="5">diffuse/panel.png</texture>
                <colordiffuse>$INFO[Skin.String(GeneralPanelsColor)]</colordiffuse>
                <aspectratio>stretch</aspectratio>
            </control>

			<!-- header -->
			<control type="label">
				<posx>61</posx>
				<posy>10</posy>
				<width min="80" max="1100">auto</width>
				<height>100</height>
				<font>Bold45</font>
				<align>left</align>
				<textcolor>$INFO[Skin.String(GeneralTextColor)]</textcolor>
				<label>[UPPERCASE]$LOCALIZE[33061][/UPPERCASE]</label>
				<visible>!Window.IsActive(DialogKaiToast.xml) + !Window.IsActive(DialogExtendedProgressBar.xml)</visible>
			</control>
			<control type="image">
				<!--Seperator-->
				<posx>21</posx>
				<posy>160</posy>
				<width>458</width>
				<height>20</height>
				<align>left</align>
				<texture>common/menu-separator.png</texture>
			</control>
			<control type="image">
				<!--Seperator-->
				<posx>21</posx>
				<bottom>80</bottom>
				<width>458</width>
				<height>20</height>
				<align>left</align>
				<texture>common/menu-separator.png</texture>
			</control>
			<!-- close dialog -->
			<control type="button">
				<label></label>
				<width>60</width>
				<height>60</height>
				<posx>160</posx>
				<bottom>20</bottom>
				<font>-</font>
				<texturefocus colordiffuse="white">touchcontrols/icon_close.png</texturefocus>
				<texturenofocus colordiffuse="bbwhite">touchcontrols/icon_close.png</texturenofocus>
				<onclick>ClearProperty(ShowViewSubMenu, Home)</onclick>
				<visible>StringCompare(Window(Home).Property(ShowViewSubMenu),show)</visible>
			</control>
			<control type="button" id="2">
				<description>powerbutton</description>
				<posx>60</posx>
				<bottom>20</bottom>
				<width>60</width>
				<height>60</height>
				<onup>9000</onup>
				<onright>300</onright>
				<onleft>300</onleft>
				<texturefocus colordiffuse="$INFO[Skin.String(ButtonFocusColor)]">common/shutdown2.png</texturefocus>
				<texturenofocus colordiffuse="white">common/shutdown2.png</texturenofocus>
				<onclick>ActivateWindow(111)</onclick>
				<visible>!Skin.HasSetting(DisablePowerMenu)</visible>
                <visible allowhiddenfocus="true">!Skin.HasSetting(HidePowerMenu)</visible>
				<include>animation_fade_visible_hidden</include>		
			</control>

            <!--main menu 300-->
			<control type="list" id="300">
				<posx>21</posx>
				<posy>190</posy>
				<width>458</width>
				<height>780</height>
				<itemgap>0</itemgap>
				<onleft>9000</onleft>
				<onright>9000</onright>
				<onright>ClearProperty(ShowViewSubMenu, Home)</onright>
				<onleft>ClearProperty(ShowViewSubMenu, Home)</onleft>
				<onback>ClearProperty(ShowViewSubMenu, Home)</onback>
				<onback>9000</onback>
				<onup>300</onup>
				<ondown condition="Skin.HasSetting(DisablePowerMenu)">300</ondown>
				<ondown condition="!Skin.HasSetting(DisablePowerMenu)">2</ondown>
				<orientation>vertical</orientation>
				<itemlayout height="70" width="370">
					<control type="label">
						<width>458</width>
						<left>50</left>
						<align>left</align>
						<font>Reg26</font>
						<textcolor>$INFO[Skin.String(ButtonTextColor)]</textcolor>
						<shadowcolor>black</shadowcolor>
						<label>$INFO[ListItem.Label]</label>
					</control>
				</itemlayout>
				<focusedlayout height="70" width="370">
					<control type="button">
						<include>SubMenuButton</include>
						<label>$INFO[ListItem.Label]</label>
					</control>
					<control type="label">
						<width>458</width>
						<left>50</left>
						<align>left</align>
						<font>Reg26</font>
						<textcolor>$INFO[Skin.String(ButtonFocusTextColor)]</textcolor>
						<shadowcolor>black</shadowcolor>
						<label>$INFO[ListItem.Label]</label>
					</control>
				</focusedlayout>
				<content><include>skinshortcuts-mainmenu</include></content>
			</control>
		</control>
	</include>
	
	<include name="NetflixRowsAltHeigth">
		<height>430</height>
	</include>
	
	<include name="NetflixWidgetLayoutPoster">
		<posx>55</posx>
		<posy>70</posy>
		<width>1820</width>
		<height>380</height>
		<orientation>horizontal</orientation>				
		<scrolltime tween="cubic" easing="inout">500</scrolltime>
		
		<itemlayout height="380" width="261">
          <control type="group">
            <width>240</width>
            <height>355</height>
            <include>PosterPanelLayout</include>
          </control>
        </itemlayout>
        <focusedlayout height="380" width="261">
          <control type="group">
            <width>240</width>
            <height>355</height>
            <include>PosterPanelLayoutFocus</include>
          </control>
        </focusedlayout>
	</include>
	
	<include name="NetflixWidgetLayoutLandscape">
		<posx>50</posx>
		<posy>90</posy>
		<width>1820</width>
		<height>210</height>
		<orientation>horizontal</orientation>				
		<scrolltime tween="cubic" easing="inout">500</scrolltime>
		<itemlayout width="366" height="210">
			<control type="group">
                <width>354</width>
                <height>200</height>
                <include>ThumbsViewLayout</include>
            </control>
		</itemlayout>
		<focusedlayout width="366" height="210">
			<control type="group">
                <width>354</width>
                <height>200</height>
                <include>ThumbsViewLayoutFocus</include>
            </control>
		</focusedlayout>
		
	</include>

</includes>