<?xml version="1.0" encoding="utf-8"?>
<!--Titan-->
<window id="500">
    <defaultcontrol always="true">5000</defaultcontrol>
    <allowoverlay>yes</allowoverlay>
	
	<onunload>ClearProperty(ShowViewSubMenu, Home)</onunload>
    <include>allViewIds</include>
    <controls>
        <!--Global Background-->
        <include>GlobalBackground</include>

		<!--Header-->
        <include condition="!Skin.HasSetting(DisableHeader) + !Skin.HasSetting(AlwaysShowWeather)">Header</include>
        <include condition="Skin.HasSetting(AlwaysShowWeather)">WeatherInfo</include>
		<!--NowPlaying-->
        <include condition="Skin.HasTheme(classic)">NowPlayingMusicClassic</include>
        <include condition="Skin.HasTheme(classic)">NowPlayingVideoClassic</include>
		<include condition="!Skin.HasTheme(classic)">NowPlayingModern</include>
		<!--Time & Weather-->
        <include condition="!Skin.HasSetting(DisableHeader)">TimeInfo</include>
        
        <!--Hidden Button-->
        <control type="radiobutton" id="19">
            <description>Filter (hidden)</description>
            <include>HiddenButton</include>
        </control>
		
        <!-- all Views -->
        <include>allViews</include>
		
        <!--Sub Menu Tab Left-->
        <include condition="!Skin.HasSetting(DisableSideBladeIndicator)">SubMenuTabLeft</include>
        <!--Sub Menu Tab Top-->
        <include condition="!Skin.HasSetting(DisableSideBladeIndicator)">SubMenuTabTop</include>
        <!--Sub Menu-->
        <control type="group">
            <include condition="skin.hastheme(classic)">SideBladeClassic</include>
			<include condition="!skin.hastheme(classic)">SideBladeModern</include>
            <!--Grouplist 9000-->
            <control type="grouplist" id="9000">
                <posx>21</posx>
                <posy>190</posy>
                <width>458</width>
                <height>750</height>
                <itemgap>3</itemgap>
                <onleft>5000</onleft>
                <onright>5000</onright>
				<visible>!Skin.HasSetting(KioskMode.Enabled)</visible>
				<onright>ClearProperty(ShowViewSubMenu, Home)</onright>
				<onleft>ClearProperty(ShowViewSubMenu, Home)</onleft>
				<onback>ClearProperty(ShowViewSubMenu, Home)</onback>
				<onback>5000</onback>
                <onup>9000</onup>
                <ondown>9000</ondown>
                <orientation>vertical</orientation>
                <!--Buttons-->
                <control type="label" id="200">
                    <!--Label Menu-->
                    <width>458</width>
                    <align>left</align>
                    <textoffsetx>50</textoffsetx>
                    <font>Bold40</font>
                    <textcolor>$INFO[Skin.String(GeneralHighlightTextColor)]</textcolor>
                    <label>$LOCALIZE[33061]:</label>
					<visible>skin.hastheme(classic)</visible>
                </control>
                <control type="image" id="201">
                    <!--Seperator-->
                    <width>458</width>
                    <height>10</height>
                    <align>left</align>
                    <texture>common/menu-separator.png</texture>
					<visible>skin.hastheme(classic)</visible>
                </control>
                <control type="button" id="3">
                    <!--Button Sort-->
                    <include>SubMenuButton</include>
                </control>
                <control type="togglebutton" id="4">
                    <!--Button Ascending-->
                    <include>SubMenuButton</include>
                    <label>584</label>
                    <altlabel>585</altlabel>
                </control>
                <control type="radiobutton" id="20">
                    <!--Button Shuffle-->
                    <include>SubMenuButton</include>
                    <label>191</label>
                </control>
                <control type="button" id="21">
                    <!--Button Save-->
                    <include>SubMenuButton</include>
                    <label>190</label>
                </control>
                <control type="button" id="22">
                    <!--Button Clear-->
                    <include>SubMenuButton</include>
                    <label>192</label>
                </control>
                <control type="button" id="23">
                    <!--Button Play-->
                    <include>SubMenuButton</include>
                    <label>208</label>
                </control>
                <control type="image" id="203">
                    <!--Space-->
                    <width>458</width>
                    <height>20</height>
                    <align>left</align>
                    <texture>common/menu-space.png</texture>
                </control>
                <control type="button" id="400">
                    <!--Set View-->
                    <include>SubMenuButton</include>
                    <label>$LOCALIZE[31305] $INFO[Container.Viewmode]</label>
					<onclick>XBMC.RunScript(script.skin.helper.service,action=SETVIEW)</onclick>
				</control>
            </control>
        </control>
    </controls>
</window>