<?xml version="1.0" encoding="utf-8"?>
<!--Titan-->
<window>
    <defaultcontrol>5000</defaultcontrol>
	<allowoverlay>no</allowoverlay>
	
	<onunload>ClearProperty(ShowViewSubMenu, Home)</onunload>
	<include>allViewIds</include>
    <controls>
        <!--Global Background-->
        <include>GlobalBackground</include>
		
        <!--Header-->
        <include condition="!Skin.HasSetting(DisableHeader) + !Skin.HasSetting(AlwaysShowWeather)">Header</include>
        <include condition="Skin.HasSetting(AlwaysShowWeather)">WeatherInfo</include>
		<!--NowPlaying-->
        <include condition="Skin.HasTheme(classic)">NowPlayingMusicClassic</include>
        <include condition="Skin.HasTheme(classic)">NowPlayingVideoClassic</include>
		<include condition="!Skin.HasTheme(classic)">NowPlayingModern</include>
		<!--Time & Weather-->
        <include condition="!Skin.HasSetting(DisableHeader)">TimeInfo</include>
		<!--PVR Views-->
		<control type="group" id="5000">
            <include>animation_window_open_close</include>
            <!-- all Views -->
            <include>allViews</include>
		</control>
				<!--Sub Menu-->
        <include condition="!Skin.HasSetting(DisableSideBladeIndicator)">SubMenuTabLeft</include>
		<include condition="!Skin.HasSetting(DisableSideBladeIndicator)">SubMenuTabTop</include>
		<include>PVRsideblade</include>
    </controls>
</window>