<?xml version="1.0" encoding="utf-8"?>
<!--Titan-->
<window id="6">
    <defaultcontrol always="true">5000</defaultcontrol>
    <allowoverlay>yes</allowoverlay>
    <include>allViewIds</include>
	<onload condition="System.HasAddon(script.tv.show.next.aired)">RunScript(script.tv.show.next.aired,backend=True)</onload>
	<onload>ClearProperty(ShowViewSubMenu, Home)</onload>
	<onunload>ClearProperty(ShowViewSubMenu, Home)</onunload>
	<onunload>ClearProperty(SkinHelper.ExtraFanArtPath, Home)</onunload>

    <controls>
        <!-- Video Background -->
        <include>GlobalBackground</include>
		<!--Header-->
        <include condition="!Skin.HasSetting(DisableHeader) + !Skin.HasSetting(AlwaysShowWeather)">Header</include>
        <include condition="Skin.HasSetting(AlwaysShowWeather)">WeatherInfo</include>

		<!--NowPlaying-->
		<include condition="!Skin.HasTheme(classic) + !Skin.HasSetting(LowPerformanceMode)">NowPlayingModern</include>
        
		<!--Time & Weather-->
        <include condition="!Skin.HasSetting(DisableHeader)">TimeInfo</include>
		
		<!-- all Views -->
        <include>allViews</include>
		
        <!--Sub Menu Tab Left-->
        <include condition="!Skin.HasSetting(DisableSideBladeIndicator)">SubMenuTabLeft</include>
        <!--Sub Menu Tab Top-->
        <include condition="!Skin.HasSetting(DisableSideBladeIndicator)">SubMenuTabTop</include>
        
        <!--Sub Menu-->
        <control type="group">
            <include condition="skin.hastheme(classic)">SideBladeClassic</include>
			<include condition="!skin.hastheme(classic)">SideBladeModern</include>
            <!--Grouplist 9000-->
            <control type="grouplist" id="9000">
                <posx>21</posx>
                <posy>190</posy>
                <width>458</width>
                <height>750</height>
                <itemgap>3</itemgap>
                <onleft>5000</onleft>
                <onright>5000</onright>
				<visible>!Skin.HasSetting(KioskMode.Enabled)</visible>
				<onright>ClearProperty(ShowViewSubMenu, Home)</onright>
				<onleft>ClearProperty(ShowViewSubMenu, Home)</onleft>
				<onback>ClearProperty(ShowViewSubMenu, Home)</onback>
				<onback>5000</onback>
                <onup>9000</onup>
                <ondown>9000</ondown>
                <orientation>vertical</orientation>
                <!--Buttons-->
                <control type="label" id="200">
                    <!--Label Menu-->
                    <width>458</width>
                    <align>left</align>
                    <textoffsetx>50</textoffsetx>
                    <font>Bold40</font>
                    <textcolor>$INFO[Skin.String(GeneralHighlightTextColor)]</textcolor>
                    <label>$LOCALIZE[33061]:</label>
					<visible>skin.hastheme(classic)</visible>
                </control>
                <control type="image" id="201">
                    <!--Seperator-->
                    <width>458</width>
                    <height>10</height>
                    <align>left</align>
                    <texture>common/menu-separator.png</texture>
					<visible>skin.hastheme(classic)</visible>
                </control>
				
                <control type="radiobutton" id="14">
                    <!--Button Watched Toggle-->
                    <include>SubMenuButton</include>
                    <label>20367</label>
                </control>

               <control type="button" id="3">
					<description>Sort by button</description>
					<include>SubMenuButton</include>
					<label>103</label>
				</control>
				<control type="togglebutton" id="4">
					<description>Sort asc</description>
					<include>SubMenuButton</include>
					<alttexturefocus border="5" colordiffuse="$INFO[Skin.String(ButtonFocusColor)]">colors/color_white.png</alttexturefocus>
					<alttexturenofocus>-</alttexturenofocus>
					<label>585</label>
					<altlabel>584</altlabel>
					<usealttexture>Container.SortDirection(Ascending)</usealttexture>
				</control>

				<control type="edit" id="19">
					<visible>Container.CanFilter + !Container.CanFilterAdvanced</visible>
					<description>Filter</description>
					<textwidth>230</textwidth>
					<include>SubMenuButton</include>
					<textoffsetx>50</textoffsetx>
					<textoffsety>13</textoffsety>
					<label>587</label>
				</control>
				<control type="radiobutton" id="98">
					<visible>Container.CanFilterAdvanced</visible>
					<description>Filter</description>
					<include>SubMenuButton</include>
					<label>587</label>
					<selected>Container.Filtered</selected>
					<onclick>right</onclick>
					<onclick>Filter</onclick>
				</control>
				<control type="togglebutton" id="20">
					<description>Update library</description>
					<include>SubMenuButton</include>
					<label>653</label>
					<altlabel>13353</altlabel>
					<alttexturefocus border="5" colordiffuse="$INFO[Skin.String(ButtonFocusColor)]">colors/color_white.png</alttexturefocus>
					<alttexturenofocus>-</alttexturenofocus>
					<usealttexture>library.isscanningvideo</usealttexture>
					<visible>!substring(Container.FolderPath,plugin://plugin.video)</visible>
				</control>
                <control type="button" id="388">
                    <!--Button Search-->
                    <include>SubMenuButton</include>
                    <label>137</label>
					<onclick>RunScript(script.skin.helper.service,action=VIDEOSEARCH)</onclick>
					<visible>!substring(Container.FolderPath,plugin://plugin.video)</visible>
                </control>
				<control type="button" id="4401">
                    <!--current playlist-->
                    <include>SubMenuButton</include>
                    <label>13350</label>
					<onclick>ActivateWindow(videoplaylist)</onclick>
					<visible>!StringCompare(Playlist.Length(video),0)</visible>
                </control>
				<control type="button" id="4402">
                    <!--Playlists-->
                    <include>SubMenuButton</include>
                    <label>20012</label>
					<onclick>ActivateWindow(Videos,special://videoplaylists/,return)</onclick>
                </control>

				<control type="button" id="4403">
					<!--Set View new method-->
					<include>SubMenuButton</include>
					<label>$LOCALIZE[31305] $INFO[Container.Viewmode]</label>
					<onclick>XBMC.RunScript(script.skin.helper.service,action=SETVIEW)</onclick>
                    <onclick>ActivateWindow(busydialog)</onclick>
				</control>
				
				<include>SideBladeViewCommands</include>
				
				<control type="radiobutton" id="4406">
					<description>Unlock Shares</description>
					<include>SubMenuButton</include>
					<label>20336</label>
					<onclick>mastermode</onclick>
					<selected>system.ismaster</selected>
					<visible>system.haslocks</visible>
				</control>

            </control>
        </control>
		
		<!--NowPlaying-->
        <include condition="Skin.HasTheme(classic)">NowPlayingMusicClassic</include>
        <include condition="Skin.HasTheme(classic)">NowPlayingVideoClassic</include>
    
	
	</controls>
</window>