<?xml version="1.0" encoding="UTF-8"?>
<window>
	<defaultcontrol always="true">3010</defaultcontrol>
	<controls>
	<control type="group">
		<include>animation_window_open_close</include>
		<!--Dialog Overlay-->
		<include>GlobalBackground</include>
		<include>DialogOverlay</include>
		<!--Header and footer-->
		<!-- Header -->
        <control type="image">
            <visible>skin.hastheme(classic)</visible>
            <include>animation_fade_visible_hidden</include>
            <posx>61</posx>
            <posy>41</posy>
            <height>64</height>
            <width>64</width>
            <aligny>center</aligny>
            <colordiffuse>$INFO[Skin.String(HeaderTextShadowColor)]</colordiffuse>
            <texture>icons/icon_videos.png</texture>
        </control>
		<control type="image">
            <visible>skin.hastheme(classic)</visible>
            <include>animation_fade_visible_hidden</include>
            <posx>60</posx>
            <posy>40</posy>
            <height>64</height>
            <width>64</width>
            <aligny>center</aligny>
            <colordiffuse>$INFO[Skin.String(HeaderTextColor)]</colordiffuse>
            <texture>icons/icon_videos.png</texture>
        </control>
        <control type="label" id="3000">
            <include>animation_fade_visible_hidden</include>
            <posx>61</posx>
            <posy>10</posy>
            <width min="80" max="1400">auto</width>
            <height>100</height>
            <font>Bold45</font>
			<label>-</label>
            <align>left</align>
            <textcolor>$INFO[Skin.String(HeaderTextColor)]</textcolor>
			<shadowcolor>$INFO[Skin.String(HeaderTextShadowColor)]</shadowcolor>
			<animation effect="slide" end="80,15" time="0" condition="skin.hastheme(classic)">Conditional</animation>
        </control>
		<include condition="!Skin.HasSetting(DisableHeader)">TimeInfo</include>
		<include condition="!skin.hassetting(nofooterbar)">Footer</include>
		
		<!-- panel background -->
		<control type="image">
			<posx>-80</posx>
			<width>2400</width>
			<posy>160</posy>
			<height>800</height>
			<texture>views/view_50_list_panel1.png</texture>
		</control>
		
		<control type="image" id="3009">
			<!--actor image-->
			<right>60</right>
			<posy>246</posy>
			<width>450</width>
			<height>620</height>
			<aspectratio align="right" aligny="center">keep</aspectratio>
		</control>
		
		<!-- details -->
		<control type="textbox" id="3001">
			<posx>60</posx>
			<posy>240</posy>
			<width>1200</width>
			<height>350</height>
			<label>$INFO[ListItem.Plot]</label>
			<textcolor>$INFO[Skin.String(ViewDetailsTextColor)]</textcolor>
			<shadowcolor>$INFO[Skin.String(ViewDetailsTextShadowColor)]</shadowcolor>
			<align>justify</align>
			<font>Light28</font>
		</control>
		
		<control type="list" id="3010">
            <posx>60</posx>
            <top>640</top>
            <width>940</width>
            <height>250</height>
            <onup>3005</onup>
            <ondown>3011</ondown>
            <pagecontrol>3011</pagecontrol>
            <scrolltime>200</scrolltime>
            <orientation>horizontal</orientation>
            <!-- itemlayout movies -->
                <itemlayout height="245" width="182">
                    <control type="group">
						<posx>7</posx>
						<posy>7</posy>
						<control type="image">
							<include>SmallPanelPosterDimensions</include>
							<include>PosterThumbBG</include>
						  </control>
						  <control type="image">
							<include>SmallPanelPosterDimensions</include>
							<include>PosterThumb</include>
						  </control>
						  <include>SmallPosterViewWatchedImage</include>
					  </control>
                </itemlayout>
                <!-- focussed layout movies -->
                <focusedlayout height="245" width="182">
                    <control type="group">
						<posx>7</posx>
						<posy>7</posy>
						<!--Poster-->
				
						<control type="image">
						<include>SmallPanelPosterDimensions</include>
						<include>PosterThumbFO</include>
					  </control>
					  <control type="image">
						<include>SmallPanelPosterDimensions</include>
						<include>PosterThumb</include>
					  </control>
					  <include>SmallPosterViewWatchedImage</include>
					</control>
                </focusedlayout>
        </control>  

  

        
    
	</control> 	
        
	</controls>
</window>
