<?xml version="1.0" encoding="UTF-8"?>
<window>
	<onload>ClearProperty(ShowViewSubMenu, Home)</onload>
	<onunload>ClearProperty(ShowViewSubMenu, Home)</onunload>
	<allowoverlay>no</allowoverlay>
	
	<defaultcontrol always="true">5000</defaultcontrol>
    <controls>
		<!-- Video Background -->
        <include>GlobalBackground</include>
		<!--NowPlaying-->
        <include condition="Skin.HasTheme(classic)">NowPlayingMusicClassic</include>
        <include condition="Skin.HasTheme(classic)">NowPlayingVideoClassic</include>
		<include condition="!Skin.HasTheme(classic)">NowPlayingModern</include>
        
        <!--Header-->
        <include condition="!Skin.HasSetting(DisableHeader) + !Skin.HasSetting(AlwaysShowWeather)">Header</include>
        <include condition="Skin.HasSetting(AlwaysShowWeather)">WeatherInfo</include>
		<!--Time & Weather-->
        <include condition="!Skin.HasSetting(DisableHeader)">TimeInfo</include>
		<control type="group">
			<include>animation_window_open_close</include>
			
            <control type="image">
				<posx>82</posx>
				<bottom>145</bottom>
				<width>400</width>
				<height>630</height>
				<texture border="5">diffuse/panel.png</texture>
				<colordiffuse>$VAR[ViewDetailsPanelColor]</colordiffuse>
				<aspectratio>stretch</aspectratio>
			</control>
			
			<!-- weekdays -->
			<control type="list" id="5000">
				<posx>82</posx>
				<bottom>145</bottom>
				<width>410</width>
				<height>630</height>
				<onleft>9000</onleft>
				<onright condition="Container(5000).HasFocus(1)">200</onright>
				<onright condition="Container(5000).HasFocus(2)">201</onright>
				<onright condition="Container(5000).HasFocus(3)">202</onright>
				<onright condition="Container(5000).HasFocus(4)">203</onright>
				<onright condition="Container(5000).HasFocus(5)">204</onright>
				<onright condition="Container(5000).HasFocus(6)">205</onright>
				<onright condition="Container(5000).HasFocus(7)">206</onright>
				<onup>5000</onup>
				<ondown>5000</ondown>
				<pagecontrol>-</pagecontrol>
				<scrolltime tween="quadratic">300</scrolltime>
				<itemlayout height="90" width="400">
					<control type="label">
						<width>400</width>
						<height>90</height>
						<font>Bold30</font>
						<textoffsetx>20</textoffsetx>
						<textcolor>$INFO[Skin.String(ViewDetailsListItemTextColor)]</textcolor>
						<label>$VAR[NextAiredLabel]</label>
					</control>
					<control type="label">
						<posx>400</posx>
						<posy>0</posy>
						<width>400</width>
						<height>90</height>
						<font>Reg24</font>
						<textoffsetx>20</textoffsetx>
						<textcolor>$INFO[Skin.String(ViewDetailsListItemTextColor)]</textcolor>
						<align>right</align>
						<aligny>center</aligny>
						<label>$INFO[ListItem.Label2]</label>
					</control>
				</itemlayout>
				<focusedlayout height="90" width="400">
					<control type="image">
						 <width>400</width>
						 <texture diffuse="diffuse/panel.png" border="5" colordiffuse="$VAR[ViewDetailsFocusColor]">colors/color_white.png</texture>
						 <aspectratio>stretch</aspectratio>
					</control>
					<control type="label">
						<width>400</width>
						<height>90</height>
						<font>Bold30</font>
						<textoffsetx>20</textoffsetx>
						<textcolor>$INFO[Skin.String(ViewDetailsListItemTextFocusColor)]</textcolor>
						<label>$VAR[NextAiredLabel]</label>
					</control>
					<control type="label">
						<posx>400</posx>
						<posy>0</posy>
						<width>400</width>
						<height>90</height>
						<font>Reg24</font>
						<textoffsetx>20</textoffsetx>
						<textcolor>$INFO[Skin.String(ViewDetailsListItemTextFocusColor)]</textcolor>
						<align>right</align>
						<aligny>center</aligny>
						<label>$INFO[ListItem.Label2]</label>
					</control>
				</focusedlayout>			
				<content>
					<item id="1">
						<label>$INFO[Container(200).NumItems,$LOCALIZE[41] (,)]</label>
						<label2>$INFO[Window(Home).Property(NextAired.1.Date)]</label2>
						<property name="day">$LOCALIZE[41]</property>
						<onclick>noop</onclick>
						<icon>-</icon>
					</item>
					<item id="2">
						<label>$INFO[Container(201).NumItems,$LOCALIZE[42] (,)]</label>
						<label2>$INFO[Window(Home).Property(NextAired.2.Date)]</label2>
						<property name="day">$LOCALIZE[42]</property>
						<onclick>noop</onclick>
						<icon>-</icon>
					</item>
					<item id="3">
						<label>$INFO[Container(202).NumItems,$LOCALIZE[43] (,)]</label>
						<label2>$INFO[Window(Home).Property(NextAired.3.Date)]</label2>
						<property name="day">$LOCALIZE[43]</property>
						<onclick>noop</onclick>
						<icon>-</icon>
					</item>
					<item id="4">
						<label>$INFO[Container(203).NumItems,$LOCALIZE[44] (,)]</label>
						<label2>$INFO[Window(Home).Property(NextAired.4.Date)]</label2>
						<property name="day">$LOCALIZE[44]</property>
						<onclick>noop</onclick>
						<icon>-</icon>
					</item>
					<item id="5">
						<label>$INFO[Container(204).NumItems,$LOCALIZE[45] (,)]</label>
						<label2>$INFO[Window(Home).Property(NextAired.5.Date)]</label2>
						<property name="day">$LOCALIZE[45]</property>
						<onclick>noop</onclick>
						<icon>-</icon>
					</item>
					<item id="6">
						<label>$INFO[Container(205).NumItems,$LOCALIZE[46] (,)]</label>
						<label2>$INFO[Window(Home).Property(NextAired.6.Date)]</label2>
						<property name="day">$LOCALIZE[46]</property>
						<onclick>noop</onclick>
						<icon>-</icon>
					</item>
					<item id="7">
						<label>$INFO[Container(206).NumItems,$LOCALIZE[47] (,)]</label>
						<label2>$INFO[Window(Home).Property(NextAired.7.Date)]</label2>
						<property name="day">$LOCALIZE[47]</property>
						<onclick>noop</onclick>
						<icon>-</icon>
					</item>
				</content>
			</control>
			<control type="group" id="9001">
				<bottom>145</bottom>
				<posx>535</posx>
                <height>630</height>
				<control type="scrollbar" id="60">
					<left>0</left>
					<posy>670</posy>
					<width>1316</width>
					<height>15</height>
					<onup condition="Container(5000).HasFocus(1)">200</onup>
					<onup condition="Container(5000).HasFocus(2)">201</onup>
					<onup condition="Container(5000).HasFocus(3)">202</onup>
					<onup condition="Container(5000).HasFocus(4)">203</onup>
					<onup condition="Container(5000).HasFocus(5)">204</onup>
					<onup condition="Container(5000).HasFocus(6)">205</onup>
					<onup condition="Container(5000).HasFocus(7)">206</onup>
					<onleft>5000</onleft>
					<showonepage>false</showonepage>
					<orientation>horizontal</orientation>
					<animation effect="fade" start="0" end="100" time="400" condition="Control.HasFocus(60) | Skin.HasSetting(EnableTouchSupport) | Container.Scrolling | Skin.HasSetting(alwaysShowScrollbars)">Conditional</animation>
					<animation effect="fade" start="100" end="0" time="400" condition="![Control.HasFocus(60) | Skin.HasSetting(EnableTouchSupport) | Container.Scrolling | Skin.HasSetting(alwaysShowScrollbars)]">Conditional</animation>
				</control>
				<control type="panel" id="200">
					<visible allowhiddenfocus="true">[Control.HasFocus(5000) + Container(5000).HasFocus(1)] | Control.HasFocus(200) | [Container(5000).HasFocus(1) + Control.HasFocus(60)]</visible>
					<include>SettingsFadeEffect</include>
					<onright>200</onright>
					<include>TVNextAiredListCommonLayout</include>				
				</control>
				<control type="panel" id="201">
					<visible allowhiddenfocus="true">[Control.HasFocus(5000) + Container(5000).HasFocus(2)] | Control.HasFocus(201) | [Container(5000).HasFocus(2) + Control.HasFocus(60)]</visible>
					<include>SettingsFadeEffect</include>
					<onright>201</onright>
					<include>TVNextAiredListCommonLayout</include>
				</control>
				<control type="panel" id="202">
					<visible allowhiddenfocus="true">[Control.HasFocus(5000) + Container(5000).HasFocus(3)] | Control.HasFocus(202) | [Container(5000).HasFocus(3) + Control.HasFocus(60)]</visible>
					<include>SettingsFadeEffect</include>
					<onright>202</onright>
					<include>TVNextAiredListCommonLayout</include>
				</control>
				<control type="panel" id="203">
					<visible allowhiddenfocus="true">[Control.HasFocus(5000) + Container(5000).HasFocus(4)] | Control.HasFocus(203) | [Container(5000).HasFocus(4) + Control.HasFocus(60)]</visible>
					<include>SettingsFadeEffect</include>
					<onright>203</onright>
					<include>TVNextAiredListCommonLayout</include>
				</control>
				<control type="panel" id="204">
					<visible allowhiddenfocus="true">[Control.HasFocus(5000) + Container(5000).HasFocus(5)] | Control.HasFocus(204) | [Container(5000).HasFocus(5) + Control.HasFocus(60)]</visible>
					<include>SettingsFadeEffect</include>
					<onright>204</onright>
					<include>TVNextAiredListCommonLayout</include>
				</control>
				<control type="panel" id="205">
					<visible allowhiddenfocus="true">[Control.HasFocus(5000) + Container(5000).HasFocus(6)] | Control.HasFocus(205) | [Container(5000).HasFocus(6) + Control.HasFocus(60)]</visible>
					<include>SettingsFadeEffect</include>
					<onright>205</onright>
					<include>TVNextAiredListCommonLayout</include>
				</control>
				<control type="panel" id="206">
					<visible allowhiddenfocus="true">[Control.HasFocus(5000) + Container(5000).HasFocus(7)] | Control.HasFocus(206) | [Container(5000).HasFocus(7) + Control.HasFocus(60)]</visible>
					<include>SettingsFadeEffect</include>
					<onright>206</onright>
					<include>TVNextAiredListCommonLayout</include>
				</control>
			</control>
		</control>
		
		<!--Footer-->
		<control type="group">
			<include>animation_window_open_close</include>
			 <include>animation_fade_visible_hidden</include>
			<include condition="!skin.hassetting(nofooterbar)">Footer</include>
		</control>
		
		<!--Sub Menu Tab Left-->
        <include condition="!Skin.HasSetting(DisableSideBladeIndicator)">SubMenuTabLeft</include>
		
		<!--clear logo -->
		<include condition="Skin.String(ClearLogoLocation)">ClearLogo</include>
		
		
		<!--Sub Menu-->
        <control type="group">
            <include condition="skin.hastheme(classic)">SideBladeClassic</include>
			<include condition="!skin.hastheme(classic)">SideBladeModern</include>
            <!--Grouplist 9000-->
            <control type="grouplist" id="9000">
                <posx>21</posx>
                <posy>190</posy>
                <width>458</width>
                <height>750</height>
                <itemgap>3</itemgap>
                <onleft>5000</onleft>
                <onright>5000</onright>
				<onright>ClearProperty(ShowViewSubMenu, Home)</onright>
				<onleft>ClearProperty(ShowViewSubMenu, Home)</onleft>
				<onback>ClearProperty(ShowViewSubMenu, Home)</onback>
                <onup>9000</onup>
                <ondown>9000</ondown>
                <orientation>vertical</orientation>
                <!--Buttons-->
                <control type="label" id="1001">
                    <!--Label Menu-->
                    <width>458</width>
                    <align>left</align>
                    <textoffsetx>50</textoffsetx>
                    <font>Bold40</font>
                    <textcolor>$INFO[Skin.String(GeneralHighlightTextColor)]</textcolor>
                    <label>$LOCALIZE[33061]:</label>
					<visible>skin.hastheme(classic)</visible>
                </control>
                <control type="image" id="1002">
                    <!--Seperator-->
                    <width>458</width>
                    <height>10</height>
                    <align>left</align>
                    <texture>common/menu-separator.png</texture>
					<visible>skin.hastheme(classic)</visible>
                </control>
				<control type="button" id="8">
                    <description>Settings</description>
				    <include>SubMenuButton</include>
                    <label>5</label>
                </control>
				
				
				<control type="radiobutton" id="1004">
                    <!--Show Fanart Background-->
                    <include>SubMenuButton</include>
                    <label>31141</label>
                    <onclick>Skin.ToggleSetting(ShowFanartBackground)</onclick>
                    <selected>Skin.HasSetting(ShowFanartBackground)</selected>
					<visible>!Control.IsVisible(507)</visible>
                </control>

            </control>
        </control>


	</controls>
</window>