<?xml version="1.0" encoding="UTF-8"?>
<window>
	<defaultcontrol always="true">3012</defaultcontrol>
	<zorder>1</zorder>
	<controls>
	<include>animation_fade_visible_hidden</include>
	
	<control type="group">
			<posx>0</posx>
			<posy>0</posy>
			<width>100%</width>
			<height>230</height>
		<control type="group">

			<control type="image"><!-- Dialog background -->
				<posx>0</posx>
				<posy>0</posy>
				<width>100%</width>
				<height>230</height>
				<texture border="5">diffuse/panel.png</texture>
				<colordiffuse>$INFO[Skin.String(GeneralPanelsColor)]</colordiffuse>
			</control>			
		
				<control type="image" id="3009">
					<description>poster</description>
					<left>10</left>
					<top>5</top>
					<width>144</width>
					<height>216</height>
					<aspectratio scalediffuse="false">scale</aspectratio>
					<visible>IsEmpty(Control.GetLabel(3006))</visible>
				</control>
				<control type="image" id="3006">
					<description>clearart</description>
					<left>10</left>
					<top>40</top>
					<width>275</width>
					<height>145</height>
					<aspectratio>keep</aspectratio>
				</control>
				<control type="image" id="3010">
					<description>landscape</description>
					<visible>false</visible>
				</control>
				<control type="image">
					<visible>!Control.HasFocus(3012)</visible>
					<visible>IntegerGreaterThan(Player.TimeRemaining(ss),30)</visible>
					<right>106</right>
					<centertop>105</centertop>
					<width>128</width>
					<height>128</height>
					<aspectratio>keep</aspectratio>
					<texture colordiffuse="88ffffff">nextup/nextupicons/30.png</texture>
				</control>
				<control type="image">
					<visible>Control.HasFocus(3012)</visible>
					<visible>IntegerGreaterThan(Player.TimeRemaining(ss),30)</visible>
					<right>106</right>
					<centertop>105</centertop>
					<width>128</width>
					<height>128</height>
					<aspectratio>keep</aspectratio>
					<texture colordiffuse="FF00a2e0">nextup/nextupicons/30.png</texture>
				</control>
				<control type="image">
					<visible>!Control.HasFocus(3012)</visible>
					<visible>!IntegerGreaterThan(Player.TimeRemaining(ss),30)</visible>
					<right>106</right>
					<centertop>105</centertop>
					<width>128</width>
					<height>128</height>
					<aspectratio>keep</aspectratio>
					<texture colordiffuse="88ffffff">$INFO[Player.TimeRemaining(ss),nextup/nextupicons/,.png]</texture>
				</control>
				<control type="image">
					<visible>Control.HasFocus(3012)</visible>
					<visible>!IntegerGreaterThan(Player.TimeRemaining(ss),30)</visible>
					<right>106</right>
					<centertop>105</centertop>
					<width>128</width>
					<height>128</height>
					<aspectratio>keep</aspectratio>
					<texture colordiffuse="FF00a2e0">$INFO[Player.TimeRemaining(ss),nextup/nextupicons/,.png]</texture>
				</control>
				<control type="button" id="3012"><!-- Watch Now -->
					<right>106</right>
					<centertop>105</centertop>
					<width>128</width>
					<height>128</height>
					<ondown>3013</ondown>
					<texturefocus>noop</texturefocus>
				</control>
				<control type="group">
					<control type="button" id="3013"><!-- Cancel -->
						<right>20</right>
						<bottom>10</bottom>
						<width>300</width>
						<height>50</height>
						<onup>3012</onup>
						<align>center</align>
						<font>font13</font>
						<label>222</label>
					</control>
					<control type="label"><!-- Time remaining -->
						<right>70</right>
						<top>5</top>
						<width>200</width>
						<height>27</height>
						<align>center</align>
						<font>Bold26</font>
						<textcolor>FF00a2e0</textcolor>
						<shadowcolor>black</shadowcolor>
						<label>$INFO[Player.TimeRemaining(ss),,sec(s)]</label>
					</control>
					<control type="label">
						<left>292</left>
						<top>10</top>
						<width>65%</width>
						<height>40</height>
						<font>Bold30</font>
						<textcolor>FF00a2e0</textcolor>
						<shadowcolor>black</shadowcolor>
						<label>$ADDON[service.nextup.notification 30008]...</label>
					</control>
					<control type="label">
						<left>292</left>
						<top>55</top>
						<width>65%</width>
						<height>40</height>
						<font>Bold30</font>
						<textcolor>$INFO[Skin.String(GeneralTextColor)]</textcolor>
						<shadowcolor>black</shadowcolor>
						<label>$INFO[Control.GetLabel(3002)] $INFO[Control.GetLabel(3000)]</label>
					</control>
					<control type="label" id="3002">
						<description>episode-season info</description>
						<visible>false</visible>
						<textcolor>$INFO[Skin.String(GeneralTextColor)]</textcolor>
						<shadowcolor>black</shadowcolor>
					</control>
					<control type="label" id="3000">
						<description>title</description>
						<width>100%</width>
						<left>267</left>
						<top>55</top>
						<height>40</height>
						<font>Bold30</font>
						<textcolor>$INFO[Skin.String(GeneralTextColor)]</textcolor>
						<shadowcolor>black</shadowcolor>
						<visible>false</visible>
					</control>
					<control type="label" id="3002">
						<description>episode/season info</description>
						<textcolor>$INFO[Skin.String(GeneralTextColor)]</textcolor>
						<shadowcolor>black</shadowcolor>
						<visible>false</visible>
					</control>
					<control type="label" id="3003">
						<description>rating</description>
						<textcolor>$INFO[Skin.String(GeneralTextColor)]</textcolor>
						<shadowcolor>black</shadowcolor>
						<visible>false</visible>
					</control>
					<control type="label" id="3004">
						<description>year/runtime</description>
						<textcolor>$INFO[Skin.String(GeneralTextColor)]</textcolor>
						<shadowcolor>black</shadowcolor>
						<visible>false</visible>
					</control>
					<control type="textbox" id="3001"><!-- Plot -->
						<left>292</left>
						<top>95</top>
						<width>65%</width>
						<height>135</height>
						<font>font10</font>
						<align>justify</align>
					</control>
				</control>
			</control>
		</control>
	</controls>
</window>