<?xml version="1.0" encoding="UTF-8"?>

<window>
    <backgroundcolor>ffffffff</backgroundcolor>
	<defaultcontrol always="true">300</defaultcontrol>
    <onunload>ClearProperty(netflixmenu, Home)</onunload>
    <onunload>ClearProperty(powermenu, Home)</onunload>
    <onload>Dialog.Close(busydialog)</onload>
	<controls>
	
	 <!--Global Background-->
        <include>GlobalBackground</include>
		
		<!--Time & Weather-->
        <include condition="!Skin.HasSetting(DisableHeader)">TimeInfo</include>
		<!-- Now playing -->
		<include condition="!Skin.HasTheme(classic)">NowPlayingModern</include>
		 
        <!--Header-->
        <include condition="!Skin.HasSetting(DisableHeader) + !Skin.HasSetting(AlwaysShowWeather)">Header</include>
        <include condition="Skin.HasSetting(AlwaysShowWeather)">WeatherInfo</include>
		<include condition="!skin.hassetting(nofooterbar)">Footer</include>
		
		<!--header label-->
		<control type="label" id="500"> 
			<left>20</left>
			<width>460</width>
			<label>-</label>
			<textcolor>black</textcolor>
			<font>Reg26</font>
			<scroll>false</scroll>
			<visible>false</visible>
		</control>
		
		<control type="group">
			<visible>!Window.IsActive(ShutdownMenu) + !Window.IsActive(contextmenu) + !Window.IsActive(filebrowser) + !Window.IsActive(virtualkeyboard) + !Window.IsVisible(selectdialog)</visible>
			<include>animation_window_open_close</include>
			<width>1920</width>
			<bottom>125</bottom>
			<height>75%</height>
			
			<!--background panel -->
			<control type="image">
				<posx>50</posx>
				<posy>0</posy>
				<width>1820</width>
				<texture border="15">diffuse/bgpanel.png</texture>
				<colordiffuse>$INFO[Skin.String(GeneralPanelsColor)]</colordiffuse>
			</control>
			
			<!-- left panel -->
			<control type="group" id="200">
				<control type="image">
					<posx>70</posx>
					<posy>20</posy>
					<width>620</width>
					<height>770</height>
					<texture border="15">diffuse/bgpanel.png</texture>
					<colordiffuse>$INFO[Skin.String(GeneralPanelsColor)]</colordiffuse>
				</control>
				<control type="list" id="211"> <!--Current shortcuts -->
					<left>80</left>
					<top>30</top>
					<width>600</width>
					<height>750</height>
					<onright>300</onright>
					<orientation>vertical</orientation>
					<viewtype label="535">list</viewtype>
					<preloaditems>2</preloaditems>
					<pagecontrol>260</pagecontrol>
					<scrolltime>0</scrolltime>
					<selectedcolor>FF00b8ff</selectedcolor>
					<itemlayout width="600" height="65">
						<control type="label"> <!--label-->
							<left>20</left>
							<width>460</width>
							<label>$INFO[ListItem.Label]</label>
							<font>Reg26</font>
							<scroll>false</scroll>
							<textcolor>$INFO[Skin.String(GeneralTextColor)]</textcolor>
							<selectedcolor>FF00b8ff</selectedcolor>
						</control>
					</itemlayout>				
					<focusedlayout width="600" height="65">
						
						<control type="image"> <!--focus bg-->
							<left>0</left>
							<top>0</top>
							<width>850</width>
							<height>60</height>
							<texture diffuse="diffuse/panel.png" border="5" colordiffuse="$INFO[Skin.String(ButtonFocusColor)]">colors/color_white.png</texture>
							<animation effect="fade" start="100" end="35" time="100" condition="!Control.HasFocus(211)">Conditional</animation>
						</control>

						<control type="label"> <!--label-->
							<left>20</left>
							<width>460</width>
							<label>$INFO[ListItem.Label]</label>
							<textcolor>$INFO[Skin.String(ButtonFocusTextColor)]</textcolor>
							<font>Reg26</font>
							<scroll>false</scroll>
						</control>

					</focusedlayout>
					
				</control>
				
				<!-- right panel -->
				<control type="image">
					<right>70</right>
					<posy>20</posy>
					<width>540</width>
					<height>770</height>
					<texture border="15">diffuse/bgpanel.png</texture>
					<colordiffuse>$INFO[Skin.String(GeneralPanelsColor)]</colordiffuse>
				</control>
				
				<control type="grouplist">
						<right>100</right>
						<width>500</width>
						<posy>20</posy>
						<visible>StringCompare(Window.Property(groupname),mainmenu) | StringCompare(Window.Property(groupname),powermenu)</visible>
				
					<!--icon label-->
					<control type="label">
						<label>[B]$LOCALIZE[21371]:[/B]</label>
						<font>Reg26</font>
						<scroll>false</scroll>
						<height>50</height>
					</control>
					<!-- icon -->
					<control type="image">
						<height>220</height>
                        <width>500</width>
						<aspectratio>keep</aspectratio>
						<texture>$INFO[Container(211).ListItem.Icon]</texture>
					</control>
					
					<!--blank label-->
					<control type="label">
						<label></label>
						<font>Reg26</font>
						<scroll>false</scroll>
						<height>30</height>
					</control>
                    
                    
                    <!--spotlight widget label for enhanced-->
					<control type="button">
                        <textoffsetx>0</textoffsetx>
                        <font>Reg22</font>
                        <textwidth>350</textwidth>
                        <align>left</align>
                        <width>500</width>
                        <include condition="SubString(System.BuildVersion,14,left) | SubString(System.BuildVersion,15.0,left) | SubString(System.BuildVersion,15.1,left)">textcolorworkaround</include>
                        <disabledcolor>$INFO[Skin.String(GeneralTextColor)]</disabledcolor>
                        <textcolor>$INFO[Skin.String(GeneralTextColor)]</textcolor>
                        <texturenofocus>-</texturenofocus>
                        <label>[B]$LOCALIZE[31185] $LOCALIZE[31499]:[/B]</label>
                        <label2 fallback="231">$INFO[Container(211).Listitem.Property(widgetName.99)]</label2>
                        <enable>false</enable>
                        <visible>Skin.String(HomeLayout, enhanced)</visible>
                        <visible>StringCompare(Window.Property(groupname),mainmenu)</visible>
					</control>
					
					<!--widget1 label-->
					<control type="button">
                        <textoffsetx>0</textoffsetx>
                        <font>Reg22</font>
                        <textwidth>350</textwidth>
                        <align>left</align>
                        <width>500</width>
                        <include condition="SubString(System.BuildVersion,14,left) | SubString(System.BuildVersion,15.0,left) | SubString(System.BuildVersion,15.1,left)">textcolorworkaround</include>
                        <disabledcolor>$INFO[Skin.String(GeneralTextColor)]</disabledcolor>
                        <textcolor>$INFO[Skin.String(GeneralTextColor)]</textcolor>
                        <texturenofocus>-</texturenofocus>
                        <label>[B]$LOCALIZE[31499] 1:[/B]</label>
                        <label2 fallback="231">$INFO[Container(211).Listitem.Property(widgetName)]</label2>
                        <enable>false</enable>
                        <visible>StringCompare(Window.Property(groupname),mainmenu)</visible>
                        <visible>!Skin.HasSetting(DisableAllWidgets) + !Skin.String(HomeLayout, netflix) + !Skin.String(HomeLayout, 3)</visible>
					</control>
					
					<!--widget2 label-->
					<control type="button">
                        <textoffsetx>0</textoffsetx>
                        <font>Reg22</font>
                        <textwidth>350</textwidth>
                        <align>left</align>
                        <width>500</width>
                        <include condition="SubString(System.BuildVersion,14,left) | SubString(System.BuildVersion,15.0,left) | SubString(System.BuildVersion,15.1,left)">textcolorworkaround</include>
                        <disabledcolor>$INFO[Skin.String(GeneralTextColor)]</disabledcolor>
                        <textcolor>$INFO[Skin.String(GeneralTextColor)]</textcolor>
                        <texturenofocus>-</texturenofocus>
                        <label>[B]$LOCALIZE[31499] 2:[/B]</label>
                        <label2 fallback="231">$INFO[Container(211).Listitem.Property(widgetName.1)]</label2>
                        <enable>false</enable>
                        <visible>StringCompare(Window.Property(groupname),mainmenu)</visible>
                        <visible>!Skin.HasSetting(DisableAllWidgets) + !Skin.String(HomeLayout, netflix) + !Skin.String(HomeLayout, 3)</visible>
					</control>
					
					<!--widget3 label-->
					<control type="button">
                        <textoffsetx>0</textoffsetx>
                        <font>Reg22</font>
                        <textwidth>350</textwidth>
                        <align>left</align>
                        <width>500</width>
                        <include condition="SubString(System.BuildVersion,14,left) | SubString(System.BuildVersion,15.0,left) | SubString(System.BuildVersion,15.1,left)">textcolorworkaround</include>
                        <disabledcolor>$INFO[Skin.String(GeneralTextColor)]</disabledcolor>
                        <textcolor>$INFO[Skin.String(GeneralTextColor)]</textcolor>
                        <texturenofocus>-</texturenofocus>
                        <label>[B]$LOCALIZE[31499] 3:[/B]</label>
                        <label2 fallback="231">$INFO[Container(211).Listitem.Property(widgetName.2)]</label2>
                        <enable>false</enable>
                        <visible>StringCompare(Window.Property(groupname),mainmenu)</visible>
                        <visible>!Skin.HasSetting(DisableAllWidgets) + !Skin.String(HomeLayout, netflix) + !Skin.String(HomeLayout, 3)</visible>
					</control>
                    
                    <!--widget4 label-->
					<control type="button">
                        <textoffsetx>0</textoffsetx>
                        <font>Reg22</font>
                        <textwidth>350</textwidth>
                        <align>left</align>
                        <width>500</width>
                        <include condition="SubString(System.BuildVersion,14,left) | SubString(System.BuildVersion,15.0,left) | SubString(System.BuildVersion,15.1,left)">textcolorworkaround</include>
                        <disabledcolor>$INFO[Skin.String(GeneralTextColor)]</disabledcolor>
                        <textcolor>$INFO[Skin.String(GeneralTextColor)]</textcolor>
                        <texturenofocus>-</texturenofocus>
                        <label>[B]$LOCALIZE[31499] 4:[/B]</label>
                        <label2 fallback="231">$INFO[Container(211).Listitem.Property(widgetName.3)]</label2>
                        <enable>false</enable>
                        <visible>StringCompare(Window.Property(groupname),mainmenu)</visible>
                        <visible>!Skin.HasSetting(DisableAllWidgets) + !Skin.String(HomeLayout, netflix) + !Skin.String(HomeLayout, 3)</visible>
					</control>
					
					<!--blank label-->
					<control type="label">
						<label></label>
						<font>Reg26</font>
						<scroll>false</scroll>
						<height>25</height>
                        <visible>!Skin.String(HomeLayout, enhanced)</visible>
					</control>
					
					<!--action-->
                    <control type="button">
                        <textoffsetx>0</textoffsetx>
                        <font>Reg22</font>
                        <textwidth>350</textwidth>
                        <align>left</align>
                        <width>500</width>
                        <include condition="SubString(System.BuildVersion,14,left) | SubString(System.BuildVersion,15.0,left) | SubString(System.BuildVersion,15.1,left)">textcolorworkaround</include>
                        <disabledcolor>$INFO[Skin.String(GeneralTextColor)]</disabledcolor>
                        <textcolor>$INFO[Skin.String(GeneralTextColor)]</textcolor>
                        <texturenofocus>-</texturenofocus>
                        <label>[B]$LOCALIZE[31501]:[/B]</label>
                        <label2 fallback="231">$INFO[Container(211).Listitem.Property(translatedPath)]</label2>
                        <enable>false</enable>
					</control>

					
					<!--blank label-->
					<control type="label">
						<label></label>
						<font>Reg26</font>
						<scroll>false</scroll>
						<height>25</height>
                        <visible>!Skin.String(HomeLayout, enhanced)</visible>
					</control>

					
					<!--background-->
                    <control type="button">
                        <textoffsetx>0</textoffsetx>
                        <font>Reg22</font>
                        <textwidth>350</textwidth>
                        <align>left</align>
                        <width>500</width>
                        <include condition="SubString(System.BuildVersion,14,left) | SubString(System.BuildVersion,15.0,left) | SubString(System.BuildVersion,15.1,left)">textcolorworkaround</include>
                        <disabledcolor>$INFO[Skin.String(GeneralTextColor)]</disabledcolor>
                        <textcolor>$INFO[Skin.String(GeneralTextColor)]</textcolor>
                        <texturenofocus>-</texturenofocus>
                        <label>[B]$LOCALIZE[19190]:[/B]</label>
                        <label2 fallback="231">$INFO[Container(211).Listitem.Property(backgroundName)]</label2>
                        <enable>false</enable>
                        <visible>Skin.HasSetting(UseSectionBackground) + StringCompare(Window.Property(groupname),mainmenu)</visible>
					</control>
				
				</control>
				
				<!--fake list -->
				<control type="list" id="111"> 
					<visible>false</visible>
					<orientation>vertical</orientation>
					<selectedcolor>FF00b8ff</selectedcolor>
					<itemlayout width="1000" height="65">
					</itemlayout>
					<focusedlayout width="1000" height="65">			
					</focusedlayout>
				</control>
				
				<control type="group">
					
					<control type="scrollbar" id="260"> <!--scrollbar-->
						<left>700</left>
						<top>20</top>
						<height>700</height>
						<onleft>211</onleft>
						<onright>211</onright>
						<showonepage>false</showonepage>
						<animation effect="slide" end="-15" time="0" condition="skin.hastheme(classic)">Conditional</animation>
						<animation effect="fade" start="0" end="100" time="400" condition="Control.HasFocus(60) | Skin.HasSetting(EnableTouchSupport) | Container.Scrolling | Skin.HasSetting(alwaysShowScrollbars)">Conditional</animation>
						<animation effect="fade" start="100" end="0" time="400" condition="![Control.HasFocus(60) | Skin.HasSetting(EnableTouchSupport) | Container.Scrolling | Skin.HasSetting(alwaysShowScrollbars)]">Conditional</animation>
					</control>				
				</control>
				
			</control>


			
			<control type="grouplist" id="300">
				<left>745</left>
				<top>20</top>
				<width>500</width>
				<height>770</height>
				<itemgap>5</itemgap>
				<orientation>vertical</orientation>
				<onleft>211</onleft>
				<scrolltime>0</scrolltime>

				<control type="button" id="301"> <!--new shortcut-->
					<width>500</width>
					<align>center</align>
					<label>$ADDON[script.skinshortcuts 32000]</label>
					<visible>false</visible>
				</control>
				
				<control type="button" id="1301"> <!--new shortcut workaround-->
					<width>500</width>
					<align>center</align>
					<onclick>XBMC.RunScript(script.skin.helper.service,action=ADDSHORTCUT)</onclick>
					<onclick>ClearProperty(customWidget, Home)</onclick>
					<label>$ADDON[script.skinshortcuts 32000]</label>
					<visible>!IntegerGreaterThan(Container(200).NumItems,34)</visible>
				</control>
				
				<control type="button" id="401"> <!--change shortcut-->
					<width>500</width>
					<align>center</align>
					<onclick>noop</onclick>
					<visible>true</visible>
					<label>31175</label>
				</control>
				
				<control type="label" id="101"><!--shortcut type label-->
					<width>500</width>
					<align>center</align>
					<visible>false</visible>
				</control>				
				
				<control type="button" id="302"> <!--delete shortcut-->
					<width>500</width>
					<align>center</align>
					<onclick>noop</onclick>
					<label>$ADDON[script.skinshortcuts 32001]</label>
				</control>

				<control type="button" id="303"> <!--move up-->
					<width>500</width>
					<align>center</align>
					<onclick>noop</onclick>
					<label>$ADDON[script.skinshortcuts 32002]</label>
				</control>
				
				<control type="button" id="304"> <!--move down-->
					<width>500</width>
					<align>center</align>
					<onclick>noop</onclick>
					<label>$ADDON[script.skinshortcuts 32003]</label>
				</control>

				<control type="button" id="305"> <!--edit label-->
					<width>500</width>
					<align>center</align>
					<onclick>SetProperty(shortcutDialog, label, Home)</onclick>
					<label>$ADDON[script.skinshortcuts 32025]</label>
				</control>
				
				<!--edit thumbnail -->
				<control type="button" id="311"> 
					<width>500</width>
					<align>center</align>
                    <label>$ADDON[script.skinshortcuts 32026]</label>
				</control>
				
				<control type="button" id="312"> <!--set widget-->
					<width>500</width>
					<align>center</align>
					<visible>true</visible>
					<label>$ADDON[script.skinshortcuts 32044] 1</label>
					<onclick>SetProperty(customWidget, normal, Home)</onclick>
                    <visible>StringCompare(Window.Property(groupname),mainmenu)</visible>
                    <visible>!Skin.HasSetting(DisableAllWidgets) + !Skin.String(HomeLayout, netflix) + !Skin.String(HomeLayout, 3)</visible>
				</control>
											
				<control type="button" id="1407"> <!--set widget 2-->
					<width>500</width>
					<align>center</align>
					<onclick>SetProperty(widgetID, 1)</onclick>
					<onclick>SendClick(312)</onclick>
					<label>$ADDON[script.skinshortcuts 32044] 2</label>
                    <visible>StringCompare(Window.Property(groupname),mainmenu)</visible>
					<visible>!Skin.HasSetting(DisableAllWidgets) + !Skin.String(HomeLayout, netflix) + !Skin.String(HomeLayout, 3)</visible>
				</control>
                
                <control type="button" id="1408"> <!--set widget 3-->
					<width>500</width>
					<align>center</align>
					<onclick>SetProperty(widgetID, 2)</onclick>
					<onclick>SendClick(312)</onclick>
					<label>$ADDON[script.skinshortcuts 32044] 3</label>
                    <visible>StringCompare(Window.Property(groupname),mainmenu)</visible>
					<visible>!Skin.HasSetting(DisableAllWidgets) + !Skin.String(HomeLayout, netflix) + !Skin.String(HomeLayout, 3)</visible>
				</control>
                
                <control type="button" id="1409"> <!--set widget 4-->
					<width>500</width>
					<align>center</align>
					<onclick>SetProperty(widgetID, 3)</onclick>
					<onclick>SendClick(312)</onclick>
					<label>$ADDON[script.skinshortcuts 32044] 4</label>
                    <visible>StringCompare(Window.Property(groupname),mainmenu)</visible>
					<visible>!Skin.HasSetting(DisableAllWidgets) + !Skin.String(HomeLayout, netflix) + !Skin.String(HomeLayout, 3)</visible>
				</control>
                
                
                <control type="button" id="1411"> <!--set spotlight widget enhanced-->
					<width>500</width>
					<align>center</align>
					<visible>true</visible>
					<label>31307</label>
                    <onclick>SetProperty(widgetID, 99)</onclick>
					<onclick>SendClick(312)</onclick>
                    <visible>StringCompare(Window.Property(groupname),mainmenu)</visible>
                    <visible>Skin.String(HomeLayout, enhanced)</visible>
				</control>
				
				<control type="button" id="310"> <!--background-->
					<width>500</width>
					<align>center</align>
					<label>$ADDON[script.skinshortcuts 32045]</label>
					<onclick>SetProperty(shortcutDialog, background, Home)</onclick>
					<visible>Skin.HasSetting(UseSectionBackground) + StringCompare(Window.Property(groupname),mainmenu)</visible>
				</control>

				<control type="button" id="405"> <!--sub menu-->
					<width>500</width>
					<align>center</align>
					<onclick>noop</onclick>
					<label>$ADDON[script.skinshortcuts 32072]</label>
					<visible>StringCompare(Window.Property(groupname),mainmenu)</visible>
					<visible>!Skin.HasSetting(DisableAllSubmenus) + !Skin.String(HomeLayout, netflix)</visible>
				</control>
				
				<control type="button" id="307"> <!--change action-->
					<width>500</width>
					<align>center</align>
					<label>$ADDON[script.skinshortcuts 32027]</label>
				</control>
					
				<!-- disable label -->
				<control type="radiobutton" id="1404"> 
					<width>500</width>
					<label>31202</label>
					<align>center</align>
					<onclick condition="!StringCompare(Container(211).ListItem.Property(disableLabel), disable)">SetProperty(customProperty, disableLabel)</onclick>
					<onclick condition="!StringCompare(Container(211).ListItem.Property(disableLabel), disable)">SetProperty(customValue, disable)</onclick>
					<onclick condition="StringCompare(Container(211).ListItem.Property(disableLabel), disable)">SetProperty(customProperty, disableLabel)</onclick>
					<onclick condition="StringCompare(Container(211).ListItem.Property(disableLabel), disable)">SetProperty(customValue, "")</onclick>
					<onclick>SendClick(404)</onclick>
					<selected>StringCompare(Container(211).ListItem.Property(disableLabel), disable)</selected>
					<visible>[StringCompare(Window.Property(groupname),mainmenu) | Skin.String(HomeLayout, enhanced) | Skin.String(SubmenuLayout, tiles) | Skin.String(SubmenuLayout, subpage)] + !StringCompare(Window.Property(groupname),powermenu) + !Skin.String(HomeLayout, netflix) + !Skin.String(HomeLayout, simplehor) + !Skin.String(HomeLayout, simplever)</visible>
				</control>
				
				<!--fake buttons-->
				<control type="button" id="308"> 
					<label>-</label>
					<visible>false</visible>
				</control>
                <control type="button" id="306"> 
					<label>-</label>
					<visible>false</visible>
				</control>
				<control type="button" id="309"> 
					<label>-</label>
					<visible>false</visible>
				</control>
				
				<control type="button" id="1308"> <!--reset-->
					<width>500</width>
					<align>center</align>
					<onclick>Dialog.Close(all, true)</onclick>
					<onclick>RunScript(script.skinshortcuts,type=resetall)</onclick>
					<onclick>Skin.Reset(WidgetDefaults)</onclick>
					<label>$ADDON[script.skinshortcuts 32028]</label>
					<visible>StringCompare(Window.Property(groupname),mainmenu)</visible>
				</control>
				
				<!--hidden button for properties-->
				<control type="button" id="404"> 
					<width>500</width>
					<label>-</label>
					<align>center</align>
					<onclick>SetProperty(chooseProperty, true)</onclick>
					<visible>false</visible>
				</control>
				
				<!--close button-->
				<control type="button" id="2404"> 
					<width>500</width>
					<label>$LOCALIZE[31308]</label>
					<align>center</align>
					<onclick>back</onclick>
				</control>

								
			</control>

	</control>
	<!--Footer-->
        <include condition="!skin.hassetting(nofooterbar)">Footer</include>
		<!--Titan Version-->
        <include>TitanVersion</include>
		
	</controls>
	
</window>
