<?xml version="1.0" encoding="utf-8"?>
<!--Titan-->
<window>
    <defaultcontrol always="true">9000</defaultcontrol>
	<onunload>ClearProperty(AdditionalInfo)</onunload>
	
    <controls>

		<control type="group">
	
			<include>GlobalBackground</include>
			
			<control type="label">
                <!-- actor name -->
				<include>animation_fade_visible_hidden</include>
				<posx>61</posx>
				<posy>10</posy>
				<width min="80" max="1400">auto</width>
				<height>100</height>
				<font>Bold45</font>
				<align>left</align>
				<textcolor>$INFO[Skin.String(HeaderTextColor)]</textcolor>
				<label>$INFO[Window.Property(actor.Title)]</label>
				<shadowcolor>$INFO[Skin.String(HeaderTextShadowColor)]</shadowcolor>
			</control>
			 <control type="label">
                <!-- also known as -->
				<posy>85</posy>
				<posx>61</posx>
				<width min="0" max="1100">auto</width>
				<height>50</height>
				<label>$INFO[Window.Property(actor.AlsoKnownAs)]</label>
				<font>Reg30</font>
				<textcolor>$INFO[Skin.String(HeaderTextColor)]</textcolor>
				<shadowcolor>$INFO[Skin.String(HeaderTextShadowColor)]</shadowcolor>
				<include>animation_fade_visible_hidden</include>
			</control>
            <control type="label">
                <!-- additional info subtitle -->
				<include>animation_fade_visible_hidden</include>
				<right>61</right>
				<posy>10</posy>
				<width min="80" max="1400">auto</width>
				<height>100</height>
				<font>Bold45</font>
				<align>right</align>
				<textcolor>$INFO[Skin.String(HeaderTextColor)]</textcolor>
				<label>$INFO[Window.Property(subtitle)]</label>
				<shadowcolor>$INFO[Skin.String(HeaderTextShadowColor)]</shadowcolor>
                <visible>!IsEmpty(Window.Property(AdditionalInfo))</visible>
			</control>
				
			<control type="group">
				<visible>!Window.IsVisible(FileBrowser)</visible>
				<include>animation_window_open_close</include>
				
				<!-- Background Panel-->
				<control type="image">
					<posx>50</posx>
					<posy>210</posy>
					<width>1820</width>
					<height>67%</height>
					<texture border="15">diffuse/bgpanel.png</texture>
                    <visible>!Skin.HasSetting(DialogVideoInfoHidePanel)</visible>
					<colordiffuse>$VAR[ViewDetailsPanelColor]</colordiffuse>
				</control>
				
				<control type="group">
					<!--Info Stuff-->
					<control type="image">
						<posx>0</posx>
						<bottom>0</bottom>
						<width>100%</width>
						<height>110</height>
						<texture border="5">diffuse/panel.png</texture>
						<colordiffuse>$INFO[Skin.String(GeneralPanelsColor)]</colordiffuse>
					</control>
					
					<control type="scrollbar" id="60">
						<left>0</left>
						<width>100%</width>
						<bottom>0</bottom>
						<height>80</height>
						<onup>502</onup>
						<onleft>60</onleft>
						<onright>60</onright>
						<orientation>horizontal</orientation>
						<animation effect="fade" start="100" end="0" time="10" condition="true">Conditional</animation>
					</control>

					<!--Butons 9000-->			
					<control type="grouplist" id="9000">
						<posx>60</posx>
						<bottom>15</bottom>
						<width>1800</width>
						<height>60</height>
						<itemgap>15</itemgap>
						<ondown>noop</ondown>
                        <onup>noop</onup>
						<onleft>9000</onleft>
						<onright>9000</onright>
						<pagecontrol>60</pagecontrol>
						<orientation>horizontal</orientation>
						
						<control type="button" id="208">
							<label></label>
							<width>60</width>
							<height>60</height>
							<font>-</font>
							<texturefocus colordiffuse="white">touchcontrols/icon_back.png</texturefocus>
							<texturenofocus colordiffuse="aawhite">touchcontrols/icon_back.png</texturenofocus>
							<onclick>Back</onclick>
							<visible>Skin.HasSetting(EnableTouchSupport)</visible>
						</control>
						<control type="button" id="209">
							<width>60</width>
							<height>60</height>
							<label>210</label>
							<font>-</font>
							<texturefocus colordiffuse="white">touchcontrols/icon_home.png</texturefocus>
							<texturenofocus colordiffuse="aawhite">touchcontrols/icon_home.png</texturenofocus>
							<onclick>Back</onclick>
							<onclick>ActivateWindow(Home)</onclick>
							<visible>Skin.HasSetting(EnableTouchSupport)</visible>
						</control>
						<control type="image" id="210">
							<width>135</width>
							<height>60</height>
							<texture>colors/color_transparent.png</texture>
							<visible>Skin.HasSetting(EnableTouchSupport)</visible>
						</control>
                        
                        <control type="button" id="220">
							<!--Info Button-->
							<label>19033</label>
							<width>285</width>
							<height>60</height>
							<align>center</align>
							<textoffsetx>0</textoffsetx>
							<onclick>ClearProperty(AdditionalInfo)</onclick>
                            <onclick>ClearProperty(subtitle)</onclick>
							<visible>!IsEmpty(Window.Property(AdditionalInfo))</visible>
						</control>
						
						<control type="button" id="114">
							<!--actor movies-->
							<label>$ADDON[script.extendedinfo 32120]</label>
							<width>285</width>
							<height>60</height>
							<align>center</align>
							<textoffsetx>0</textoffsetx>
							<onclick>SetProperty(AdditionalInfo, actormovies)</onclick>
                            <onclick>SetProperty(subtitle, $ADDON[script.extendedinfo 32120])</onclick>
							<onclick>SetFocus(150)</onclick>
							<visible>!StringCompare(Window.Property(AdditionalInfo),actormovies)</visible>
                            <visible>IntegerGreaterThan(Container(150).NumItems,0)</visible>
						</control>
                        
                        <control type="button" id="115">
							<!--actor shows-->
							<label>$ADDON[script.extendedinfo 32121]</label>
							<width>285</width>
							<height>60</height>
							<align>center</align>
							<textoffsetx>0</textoffsetx>
							<onclick>SetProperty(AdditionalInfo, actorshows)</onclick>
                            <onclick>SetProperty(subtitle, $ADDON[script.extendedinfo 32121])</onclick>
							<onclick>SetFocus(250)</onclick>
							<visible>!StringCompare(Window.Property(AdditionalInfo),actorshows)</visible>
                            <visible>IntegerGreaterThan(Container(250).NumItems,0)</visible>
						</control>
                        
                        <control type="button" id="116">
							<!--actor movie crew-->
							<label>$ADDON[script.extendedinfo 32122]</label>
							<width>285</width>
							<height>60</height>
							<align>center</align>
							<textoffsetx>0</textoffsetx>
							<onclick>SetProperty(AdditionalInfo, actorcrew)</onclick>
                            <onclick>SetProperty(subtitle, $ADDON[script.extendedinfo 32122])</onclick>
							<onclick>SetFocus(550)</onclick>
							<visible>!StringCompare(Window.Property(AdditionalInfo),actorcrew)</visible>
                            <visible>IntegerGreaterThan(Container(550).NumItems,0)</visible>
						</control>
                        
                        <control type="button" id="117">
							<!--actor tvshow crew-->
							<label>$ADDON[script.extendedinfo 32123]</label>
							<width>285</width>
							<height>60</height>
							<align>center</align>
							<textoffsetx>0</textoffsetx>
							<onclick>SetProperty(AdditionalInfo, actortvcrew)</onclick>
                            <onclick>SetProperty(subtitle, $ADDON[script.extendedinfo 32123])</onclick>
							<onclick>SetFocus(650)</onclick>
							<visible>!StringCompare(Window.Property(AdditionalInfo),actortvcrew)</visible>
                            <visible>IntegerGreaterThan(Container(650).NumItems,0)</visible>
						</control>
                        
                        <control type="button" id="118">
							<!--youtube-->
							<label>$ADDON[script.extendedinfo 32118]</label>
							<width>285</width>
							<height>60</height>
							<align>center</align>
							<textoffsetx>0</textoffsetx>
							<onclick>SetProperty(AdditionalInfo, youtube)</onclick>
                            <onclick>SetProperty(subtitle, $ADDON[script.extendedinfo 32118])</onclick>
							<onclick>SetFocus(350)</onclick>
							<visible>!StringCompare(Window.Property(AdditionalInfo),youtube)</visible>
                            <visible>IntegerGreaterThan(Container(350).NumItems,0)</visible>
						</control>
                        
                        <control type="button" id="119">
							<!--fanart-->
							<label>20445</label>
							<width>285</width>
							<height>60</height>
							<align>center</align>
							<textoffsetx>0</textoffsetx>
							<onclick>SetProperty(AdditionalInfo, fanart)</onclick>
                            <onclick>SetProperty(subtitle, $LOCALIZE[20445])</onclick>
							<onclick>SetFocus(750)</onclick>
							<visible>!StringCompare(Window.Property(AdditionalInfo),fanart)</visible>
                            <visible>IntegerGreaterThan(Container(750).NumItems,0)</visible>
						</control>
                        
                        <control type="button" id="120">
							<!--artwork-->
							<label>$ADDON[script.extendedinfo 32119]</label>
							<width>285</width>
							<height>60</height>
							<align>center</align>
							<textoffsetx>0</textoffsetx>
							<onclick>SetProperty(AdditionalInfo, posters)</onclick>
							<onclick>SetFocus(450)</onclick>
							<visible>!StringCompare(Window.Property(AdditionalInfo),posters)</visible>
                            <onclick>SetProperty(subtitle, $ADDON[script.extendedinfo 32119])</onclick>
                            <visible>IntegerGreaterThan(Container(450).NumItems,0)</visible>
						</control>
                        
						
						
                        <control type="radiobutton" id="3052">
                            <!--Hide panel behind moviedetails-->
                            <label>31155</label>
                            <width>530</width>
                            <textoffsetx>20</textoffsetx>
                            <align>left</align>
                            <onclick>Skin.ToggleSetting(DialogVideoInfoHidePanel)</onclick>
                            <selected>Skin.HasSetting(DialogVideoInfoHidePanel)</selected>
                        </control>
					</control>
									
					<!--Arrow-->
						<control type="image">
							<animation effect="fade" start="100" end="50" tween="sine" easing="inout" time="800" pulse="true" reversible="false" condition="true">Conditional</animation>
							<left>1880</left>
							<bottom>20</bottom>
							<posy>50</posy>
							<width>20</width>
							<height>60</height>
							<aspectratio>keep</aspectratio>
							<texture>dialogs/videoinfo/arrow.png</texture>
							<visible>!Control.HasFocus(51)</visible>
							<colordiffuse>white</colordiffuse>
							<visible>Container(9000).HasNext</visible>
						</control>
						<control type="image">
							<animation effect="fade" start="100" end="50" tween="sine" easing="inout" time="800" pulse="true" reversible="false" condition="true">Conditional</animation>
							<left>35</left>
							<bottom>20</bottom>
							<posy>50</posy>
							<width>20</width>
							<height>60</height>
							<aspectratio>keep</aspectratio>
							<texture flipx="true">dialogs/videoinfo/arrow.png</texture>
							<visible>!Control.HasFocus(51)</visible>
							<colordiffuse>white</colordiffuse>
							<visible>Container(9000).HasPrevious</visible>
						</control>
						
					<control type="group" id="9010">
						<include>animation_window_open_close</include>

						<!--Info-->
						<control type="grouplist">
							<posx>65</posx>
							<posy>230</posy>
							<width>1200</width>
							<height>700</height>
							<orientation>vertical</orientation>
							<visible>IsEmpty(Window.Property(AdditionalInfo))</visible>
							<control type="textbox">
								<posx>0</posx>
								<posy>0</posy>
								<width>1200</width>
								<height>500</height>
								<label fallback="19055">$INFO[Window.Property(actor.Biography)]</label>
								<textcolor>$INFO[Skin.String(ViewDetailsTextColor)]</textcolor>
								<shadowcolor>$INFO[Skin.String(ViewDetailsTextShadowColor)]</shadowcolor>
								<align>justify</align>
								<font>Reg26</font>
							</control>
							<control type="image">
								<width>1200</width>
								<height>1</height>
								<posy>10</posy>
								<texture>colors/color_white.png</texture>
							</control>
							<control type="image">
								<width>1150</width>
								<height>10</height>
								<posy>10</posy>
								<texture>colors/color_transparent.png</texture>
							</control>
							<control type="group">
								<!--Acrors age and birthday -->
								<width>950</width>
								<height>40</height>
								<control type="image">
									<posx>0</posx>
									<posy>3</posy>
									<width>49</width>
									<height>49</height>
                                    <colordiffuse>$INFO[Skin.String(ViewDetailsTextColor)]</colordiffuse>
									<texture>dialogs/videoinfo/premiered-icon.png</texture>
								</control>
								<control type="label">
									<posx>60</posx>
									<posy>0</posy>
									<width>530</width>
									<font>Reg26</font>
									<align>left</align>
									<label>$INFO[Window.Property(actor.Birthday)] $INFO[Window.Property(actor.Age),($ADDON[script.extendedinfo 32020]: ,)]</label>
									<textcolor>$INFO[Skin.String(ViewDetailsTextColor)]</textcolor>
									<shadowcolor>$INFO[Skin.String(ViewDetailsTextShadowColor)]</shadowcolor>
									<scroll>false</scroll>
                                    <visible>IsEmpty(Window.Property(actor.Deathday))</visible>
								</control>
								<control type="label">
									<posx>60</posx>
									<posy>0</posy>
									<width>530</width>
									<font>Reg26</font>
									<align>left</align>
									<label fallback="19055">$INFO[Window.Property(actor.Birthday)]$INFO[Window.Property(actor.Deathday), - ]</label>
									<textcolor>$INFO[Skin.String(ViewDetailsTextColor)]</textcolor>
									<shadowcolor>$INFO[Skin.String(ViewDetailsTextShadowColor)]</shadowcolor>
									<scroll>false</scroll>
                                    <visible>!IsEmpty(Window.Property(actor.Deathday))</visible>
								</control>
								<control type="image">
									<posx>550</posx>
									<posy>3</posy>
									<width>49</width>
									<height>49</height>
                                    <colordiffuse>$INFO[Skin.String(ViewDetailsTextColor)]</colordiffuse>
									<texture>dialogs/videoinfo/location.png</texture>
                                    <bordersize>8</bordersize>
								</control>
								<control type="label">
									<posx>610</posx>
									<posy>0</posy>
									<width>530</width>
									<font>Reg26</font>
									<align>left</align>
									<label fallback="19055">$INFO[Window.Property(actor.PlaceOfBirth)]</label>
									<textcolor>$INFO[Skin.String(ViewDetailsTextColor)]</textcolor>
									<shadowcolor>$INFO[Skin.String(ViewDetailsTextShadowColor)]</shadowcolor>
									<scroll>false</scroll>
								</control>
							</control>
							<control type="group">
								<!--Actors movies and website -->
								<width>530</width>
								<height>40</height>
								<control type="image">
									<posx>0</posx>
									<posy>5</posy>
									<width>49</width>
									<height>49</height>
                                    <colordiffuse>$INFO[Skin.String(ViewDetailsTextColor)]</colordiffuse>
									<texture>dialogs/videoinfo/tvstudio-icon.png</texture>
								</control>
								<control type="label">
									<posx>60</posx>
									<posy>0</posy>
									<width>500</width>
									<font>Reg26</font>
									<align>left</align>
									<label fallback="19055">$INFO[Container(150).NumItems] $INFO[Window.Property(actor.DBMovies),(, $ADDON[script.extendedinfo 32021])]</label>
									<textcolor>$INFO[Skin.String(ViewDetailsTextColor)]</textcolor>
									<shadowcolor>$INFO[Skin.String(ViewDetailsTextShadowColor)]</shadowcolor>
									<scroll>false</scroll>
								</control>
								<control type="image">
									<posx>550</posx>
									<posy>2</posy>
									<width>49</width>
									<height>49</height>
                                    <colordiffuse>$INFO[Skin.String(ViewDetailsTextColor)]</colordiffuse>
									<texture>dialogs/videoinfo/home.png</texture>
                                    <bordersize>8</bordersize>
								</control>
								<control type="label">
									<posx>610</posx>
									<posy>0</posy>
									<width>530</width>
									<font>Reg26</font>
									<align>left</align>
									<label fallback="19055">$INFO[Window.Property(actor.Homepage)]</label>
									<textcolor>$INFO[Skin.String(ViewDetailsTextColor)]</textcolor>
									<shadowcolor>$INFO[Skin.String(ViewDetailsTextShadowColor)]</shadowcolor>
									<scroll>false</scroll>
								</control>
							</control>

						</control>
                        
						<control type="image">
							<!--poster-->
							<right>50</right>
							<posy>210</posy>
							<width>530</width>
							<height>67%</height>
							<aspectratio align="right" aligny="top" scalediffuse="true">keep</aspectratio>
							<texture background="true" diffuse="diffuse/poster.png" fallback="DefaultVideo.png" border="5">$INFO[Window.Property(actor.thumb)]</texture>
						</control>
                        
					</control>
					
					<!--Additional Info List-->
					<control type="group">
						<include>animation_window_open_close</include>
                        
                        <!-- actor movies -->
                        <control type="panel" id="150">
                            <posx>63</posx>
							<posy>220</posy>
							<width>1200</width>
							<height>714</height>
							<onup>noop</onup>
							<ondown>9000</ondown>
							<onleft>ClearProperty(AdditionalInfo)</onleft>
							<onback>ClearProperty(AdditionalInfo)</onback>
							<onleft>SetFocus(9000)</onleft>
							<scrolltime>200</scrolltime>
							<orientation>vertical</orientation>
							<focusposition>0</focusposition>
							<viewtype label="actor list">list</viewtype>
                            <visible allowhiddenfocus="true">StringCompare(Window.Property(AdditionalInfo),actormovies)</visible>
                            <itemlayout height="357" width="240">
                                <control type="group">
                                    <width>233</width>
                                    <height>342</height>
                                    <include>PosterPanelLayout</include>
                                  </control>
                            </itemlayout>
                            <focusedlayout height="357" width="240">
                                <control type="group">
                                    <width>233</width>
                                    <height>342</height>
                                    <include>PosterPanelLayoutFocus</include>
                                  </control>
                            </focusedlayout>
                        </control>
                        
                        <!-- actor shows -->
                        <control type="panel" id="250">
                            <posx>63</posx>
							<posy>220</posy>
							<width>1200</width>
							<height>714</height>
							<onup>noop</onup>
							<ondown>9000</ondown>
							<onleft>ClearProperty(AdditionalInfo)</onleft>
							<onback>ClearProperty(AdditionalInfo)</onback>
							<onleft>SetFocus(9000)</onleft>
							<scrolltime>200</scrolltime>
							<orientation>vertical</orientation>
							<focusposition>0</focusposition>
							<viewtype label="actor list">list</viewtype>
                            <visible allowhiddenfocus="true">StringCompare(Window.Property(AdditionalInfo),actorshows)</visible>
                            <itemlayout height="357" width="240">
                                <control type="group">
                                    <width>233</width>
                                    <height>342</height>
                                    <include>PosterPanelLayout</include>
                                  </control>
                            </itemlayout>
                            <focusedlayout height="357" width="240">
                                <control type="group">
                                    <width>233</width>
                                    <height>342</height>
                                    <include>PosterPanelLayoutFocus</include>
                                  </control>
                            </focusedlayout>
                        </control>
                         
                        <!-- actor movie crew -->
                        <control type="panel" id="550">
                            <posx>63</posx>
							<posy>220</posy>
							<width>1200</width>
							<height>714</height>
							<onup>noop</onup>
							<ondown>9000</ondown>
							<onleft>ClearProperty(AdditionalInfo)</onleft>
							<onback>ClearProperty(AdditionalInfo)</onback>
							<onleft>SetFocus(9000)</onleft>
							<scrolltime>200</scrolltime>
							<orientation>vertical</orientation>
							<focusposition>0</focusposition>
							<viewtype label="actor list">list</viewtype>
                            <visible allowhiddenfocus="true">StringCompare(Window.Property(AdditionalInfo),actorcrew)</visible>
                            <itemlayout height="357" width="240">
                                <control type="group">
                                    <width>233</width>
                                    <height>342</height>
                                    <include>PosterPanelLayout</include>
                                  </control>
                            </itemlayout>
                            <focusedlayout height="357" width="240">
                                <control type="group">
                                    <width>233</width>
                                    <height>342</height>
                                    <include>PosterPanelLayoutFocus</include>
                                  </control>
                            </focusedlayout>
                        </control>
                         
                        <!-- actor tv crew -->
                        <control type="panel" id="650">
                            <posx>63</posx>
							<posy>220</posy>
							<width>1200</width>
							<height>714</height>
							<onup>noop</onup>
							<ondown>9000</ondown>
							<onleft>ClearProperty(AdditionalInfo)</onleft>
							<onback>ClearProperty(AdditionalInfo)</onback>
							<onleft>SetFocus(9000)</onleft>
							<scrolltime>200</scrolltime>
							<orientation>vertical</orientation>
							<focusposition>0</focusposition>
							<viewtype label="actor list">list</viewtype>
                            <visible allowhiddenfocus="true">StringCompare(Window.Property(AdditionalInfo),actortvcrew)</visible>
                            <itemlayout height="357" width="240">
                                <control type="group">
                                    <width>233</width>
                                    <height>342</height>
                                    <include>PosterPanelLayout</include>
                                  </control>
                            </itemlayout>
                            <focusedlayout height="357" width="240">
                                <control type="group">
                                    <width>233</width>
                                    <height>342</height>
                                    <include>PosterPanelLayoutFocus</include>
                                  </control>
                            </focusedlayout>
                        </control>
                        
                        <!-- youtube videos -->
                        <control type="panel" id="350">
                            <posx>63</posx>
							<posy>220</posy>
							<width>1200</width>
							<height>714</height>
							<onup>noop</onup>
							<ondown>9000</ondown>
							<onleft>ClearProperty(AdditionalInfo)</onleft>
							<onback>ClearProperty(AdditionalInfo)</onback>
							<onleft>SetFocus(9000)</onleft>
							<scrolltime>200</scrolltime>
							<orientation>vertical</orientation>
							<focusposition>0</focusposition>
							<viewtype label="actor list">list</viewtype>
                            <visible allowhiddenfocus="true">StringCompare(Window.Property(AdditionalInfo),youtube)</visible>
                            <itemlayout width="400" height="238">
								<control type="group">
                                    <width>95%</width>
                                    <height>95%</height>
                                    <include>ThumbsViewLayout</include>
                                </control>
							</itemlayout>
							<focusedlayout width="400" height="238">
								<control type="group">
                                    <width>95%</width>
                                    <height>95%</height>
                                    <include>ThumbsViewLayoutFocus</include>
                                </control>
							</focusedlayout>
                        </control>
                         
                        <!-- fanart -->
                        <control type="panel" id="750">
                            <posx>63</posx>
							<posy>220</posy>
							<width>1200</width>
							<height>714</height>
							<onup>noop</onup>
							<ondown>9000</ondown>
							<onleft>ClearProperty(AdditionalInfo)</onleft>
							<onback>ClearProperty(AdditionalInfo)</onback>
							<onleft>SetFocus(9000)</onleft>
							<scrolltime>200</scrolltime>
							<orientation>vertical</orientation>
							<focusposition>0</focusposition>
							<viewtype label="actor list">list</viewtype>
                            <visible allowhiddenfocus="true">StringCompare(Window.Property(AdditionalInfo),fanart)</visible>
                            <itemlayout width="400" height="238">
								<control type="group">
                                    <width>95%</width>
                                    <height>95%</height>
                                    <include>ThumbsViewLayout</include>
                                </control>
							</itemlayout>
							<focusedlayout width="400" height="238">
								<control type="group">
                                    <width>95%</width>
                                    <height>95%</height>
                                    <include>ThumbsViewLayoutFocus</include>
                                </control>
							</focusedlayout>
                        </control>
                         
                        <!-- posters -->
                        <control type="panel" id="450">
                            <posx>63</posx>
							<posy>220</posy>
							<width>1200</width>
							<height>714</height>
							<onup>noop</onup>
							<ondown>9000</ondown>
							<onleft>ClearProperty(AdditionalInfo)</onleft>
							<onback>ClearProperty(AdditionalInfo)</onback>
							<onleft>SetFocus(9000)</onleft>
							<scrolltime>200</scrolltime>
							<orientation>vertical</orientation>
							<focusposition>0</focusposition>
							<viewtype label="actor list">list</viewtype>
                            <visible allowhiddenfocus="true">StringCompare(Window.Property(AdditionalInfo),posters)</visible>
                            <itemlayout height="357" width="240">
                                <control type="group">
                                    <width>233</width>
                                    <height>342</height>
                                    <include>PosterPanelLayout</include>
                                  </control>
                            </itemlayout>
                            <focusedlayout height="357" width="240">
                                <control type="group">
                                    <width>233</width>
                                    <height>342</height>
                                    <include>PosterPanelLayoutFocus</include>
                                  </control>
                            </focusedlayout>
                        </control>
                        
                    </control>

                                        
				</control>
			</control>
		</control>
	</controls>
</window>
