<?xml version="1.0" encoding="utf-8"?>
<!--Titan-->
<window>
    <defaultcontrol always="true">10</defaultcontrol>
    <allowoverlay>yes</allowoverlay>
    <include>defaultskinsettings</include>
	<controls>
        <control type="button" id="10">
			<description>trigger</description>
            <onfocus condition="!Skin.String(SplashScreen)">ReplaceWindow($INFO[System.StartupWindow])</onfocus>
            <onfocus condition="!Skin.String(SplashScreen) + !IsEmpty(Skin.String(AutoStartPlayList))">PlayMedia($INFO[Skin.String(AutoStartPlayList)])</onfocus>
            <onfocus condition="Skin.String(SplashScreen)">RunScript(script.skin.helper.service,action=splashscreen,file=$INFO[Skin.String(SplashScreen)])</onfocus>
			<texturenofocus>-</texturenofocus>
			<texturefocus>-</texturefocus>
		</control>
        
        <!-- video control for splash -->
        <control type="videowindow">
            <width>100%</width>
			<height>100%</height>
        </control>
        <!-- image control for splash -->
		<control type="image">
			<width>100%</width>
			<height>100%</height>
			<aspectratio>keep</aspectratio>
            <texture background="true">$INFO[Window(Home).Property(SkinHelper.SplashScreen)]</texture>
		</control>
        
    </controls>
</window>