<?xml version="1.0" encoding="utf-8"?>
<!--Titan-->
<window id="2901">
    <defaultcontrol always="true">203</defaultcontrol>
	<onload>ClearProperty(subtitlemenu,home)</onload>
	<onload condition="skin.hassetting(OSDSubtitleButtonFocus) + !VideoPlayer.Content(livetv)">SetFocus(104)</onload>
    <onload condition="VideoPlayer.Content(livetv)">SetFocus(807)</onload>
	<onunload>ClearProperty(subtitlemenu,home)</onunload>
    <controls>
		
        <!--OSD Panel-->
        <control type="group">
			<visible>!Control.HasFocus(3012)</visible>
			<visible>!Control.HasFocus(4012)</visible>
            <visible>!Window.IsActive(filebrowser)</visible>
			<visible>!Window.IsActive(virtualkeyboard)</visible>
            <visible>!Window.IsActive(sliderdialog)</visible>
			<visible>!Window.IsActive(VideoOSDBookmarks.xml)</visible>
			<visible>!Window.IsActive(DialogPVRChannelsOSD.xml)</visible>
            <visible>!Window.IsActive(DialogPVRGuideOSD.xml)</visible>
			
			<animation effect="slide" start="0,400" end="0,0" tween="cubic" easing="out" delay="300" time="250" reversible="false" condition="!Window.IsActive(DialogSeekBar.xml) + !Window.Isactive(DialogFullScreenInfo.xml) + !Skin.HasSetting(LowPerformanceMode)">WindowOpen</animation>
			<animation effect="slide" start="0,0" end="0,400" tween="cubic" easing="out" delay="300" time="250" reversible="false" condition="!Window.IsActive(DialogSeekBar.xml) + !Window.Isactive(DialogFullScreenInfo.xml) + !Skin.HasSetting(LowPerformanceMode)">WindowClose</animation>
			<!--Buttons-->
			<control type="group" id="1001">
				<visible>!Window.IsActive(DialogFullScreenInfo.xml)</visible>
				<include condition="Skin.HasTheme(classic)">OSDPanelClassic</include>
				<include condition="!Skin.HasTheme(classic) + !Skin.HasSetting(UseSlimOSDPanel)">OSDPanelModern</include>
				<include condition="!Skin.HasTheme(classic) + Skin.HasSetting(UseSlimOSDPanel)">OSDPanelModernSlim</include>
			</control>
			<!--Buttons-->
			<control type="group" id="1000">
				<include condition="Skin.HasTheme(classic)">OSDButtonsClassic</include>
				<include condition="!Skin.HasTheme(classic)">OSDButtonsModern</include>
			</control>
			<include condition="Skin.HasSetting(ShowWeatherVideoInfoOSD) + !Skin.HasSetting(UseSlimOSDPanel) + !Skin.HasTheme(classic)">WeatherInfoOSD</include>
			<include condition="Skin.HasSetting(ShowWeatherVideoInfoOSD) + Skin.HasSetting(UseSlimOSDPanel) + !Skin.HasTheme(classic)">WeatherInfoOSDSlim</include>
		</control>
		<!--Info Panel-->
        <control type="group">
			<visible>!Control.HasFocus(3012)</visible>
			<visible>!Control.HasFocus(4012)</visible>
            <visible>!Window.IsActive(filebrowser)</visible>
			<visible>!Window.IsActive(VideoOSDBookmarks.xml)</visible>
			<visible>!Window.IsActive(DialogPVRChannelsOSD.xml)</visible>
            <visible>!Window.IsActive(DialogPVRGuideOSD.xml)</visible>
			<visible>Skin.HasSetting(EnableOSDInfo)</visible>
			<visible>!Window.IsActive(fullscreeninfo)</visible>
			<visible>!Window.IsActive(virtualkeyboard)</visible>
			<animation effect="slide" start="0,-400" end="0,0" tween="cubic" easing="out" delay="300" time="250" reversible="false" condition="!Window.IsActive(VideoOSD.xml) + !Window.Isactive(DialogSeekBar.xml) + !Skin.HasSetting(LowPerformanceMode)">WindowOpen</animation>
			<animation effect="slide" start="0,0" end="0,-400" tween="cubic" easing="out" delay="300" time="250" reversible="false" condition="!Window.IsActive(VideoOSD.xml) + !Window.Isactive(DialogSeekBar.xml) + !Skin.HasSetting(LowPerformanceMode)">WindowClose</animation>
			<include>OSDInfoPanel</include>
        </control>
		
		
		
		

    </controls>
</window>