<?xml version="1.0" encoding="utf-8"?>
<includes>

	<include name="View52_layout">
                <posx>65</posx>
                <bottom>155</bottom>
                <width>1806</width>
                <height>345</height>
                <onup>9000</onup>
                <ondown>60</ondown>
                <onleft>52</onleft>
                <onright>52</onright>
                <pagecontrol>60</pagecontrol>
                <viewtype label="31445">bigwrap</viewtype>
                <scrolltime tween="quadratic">200</scrolltime>
                <focusposition>3</focusposition>
                <preloaditems>2</preloaditems>
				<orientation>horizontal</orientation>
                <preloaditems>2</preloaditems>
				<visible>StringCompare(Window(Home).Property(SkinHelper.ForcedView),52) | IsEmpty(Window(Home).Property(SkinHelper.ForcedView))</visible>
                <visible>!Container.Content(episodes)</visible>
                <itemlayout height="345" width="258">
			    <control type="group">
                    <width>233</width>
                    <height>340</height>
                    <include>PosterPanelLayout</include>
                </control>
			</itemlayout>
			<focusedlayout height="345" width="258">
				<control type="group">
                    <width>233</width>
                    <height>340</height>
                    <animation effect="zoom" center="auto" start="100" end="105" time="160" tween="quadratic">Focus</animation>
                    <animation effect="zoom" center="auto" start="105" end="100" time="160" tween="quadratic">Unfocus</animation>
                    <control type="image">
                        <!--cdart image-->
                        <width>220</width>
                        <height>220</height>
                        <posy>50</posy>
                        <posx>5</posx>
                        <texture background="true">$INFO[ListItem.Art(discart)]</texture>
                        <aspectratio scalediffuse="false" align="center" aligny="center">keep</aspectratio>
                        <animation effect="slide" start="0" end="0,-160" tween="cubic" easing="inout" time="1200" delay="800">Focus</animation>
                        <animation effect="fade" start="0" end="100" delay="800" time="800" pulse="false">Focus</animation>
                        <animation effect="rotate" end="-360" center="auto" time="20000" loop="true" reversible="false" condition="Skin.HasSetting(AnimateDiscArt)">Conditional</animation>
                        <visible>Skin.HasSetting(View52_ShowCDart)</visible>
                    </control>
                    <include>PosterPanelLayoutFocus</include>
			  </control>
			</focusedlayout>

	</include>

	<include name="View52_layout_fixed">
		<control type="fixedlist" id="52">
			<include>View52_layout</include>
		</control>
	</include>
	
	<include name="View52_layout_normal">
		<control type="panel" id="52">
			<include>View52_layout</include>
		</control>
	</include>
	
	
	
    <include name="View_52_HorizontalPanel">
		<!-- panel no info -->
        <control type="group">
            <visible>Control.IsVisible(52)</visible>
            <include>animation_view_change</include>
			
			<!-- movie details -->
			<control type="group">
				<visible>Skin.HasSetting(PanelViewShowInfo)</visible>
				<include>MovieDetails</include>
			</control>
					
			
			<!-- View 52 -->
			<include condition="Skin.HasSetting(View52_UseFixedLayout)">View52_layout_fixed</include>
			<include condition="!Skin.HasSetting(View52_UseFixedLayout)">View52_layout_normal</include>
			
            <!--horizontal Scrollbar-->
			<control type="group">
				<control type="scrollbar" id="60">
					<visible>Control.IsVisible(52)</visible>
					<left>70</left>
					<bottom>130</bottom>
					<width>1780</width>
					<height>15</height>
					<onup>52</onup>
					<onleft>60</onleft>
					<onright>60</onright>
					<orientation>horizontal</orientation>
					<animation effect="fade" start="0" end="100" time="400" condition="Control.HasFocus(60) | Skin.HasSetting(EnableTouchSupport) | Container.Scrolling | Skin.HasSetting(alwaysShowScrollbars)">Conditional</animation>
					<animation effect="fade" start="100" end="0" time="400" condition="![Control.HasFocus(60) | Skin.HasSetting(EnableTouchSupport) | Container.Scrolling | Skin.HasSetting(alwaysShowScrollbars)]">Conditional</animation>
				</control>
			</control>
			
		</control>
		
		

    </include>
</includes>