<?xml version="1.0" encoding="UTF-8"?>
<includes>
  
  <include name="View_59_BigPanelDetails">
	
    <control type="group">
      <visible>Control.IsVisible(59)</visible>
      <include>animation_view_change</include>
	 
	  <!-- details -->
      <include>MovieDetailsLeft</include>
	 
      <control type="panel" id="59">
        <animation effect="slide" end="-627" time="250" condition="Skin.HasSetting(View59_ShowInfoRight)">Conditional</animation>
        <viewtype label="31428">mediainfo</viewtype>
        <right>50</right>
        <bottom>71</bottom>
        <height>790</height>
        <width>1190</width>
        <orientation>vertical</orientation>
        <onleft>9000</onleft>
        <onright>60</onright>
        <onup>59</onup>
        <ondown>59</ondown>
        <preloaditems>4</preloaditems>
        <pagecontrol>60</pagecontrol>
		<visible>StringCompare(Window(Home).Property(SkinHelper.ForcedView),59) | IsEmpty(Window(Home).Property(SkinHelper.ForcedView))</visible>
        <visible>!Container.Content(episodes)</visible>
        <itemlayout height="395" width="238">
          <control type="group">
            <width>233</width>
            <height>342</height>
            <include>PosterPanelLayout</include>
          </control>
        </itemlayout>
        <focusedlayout height="395" width="238">
          <control type="group">
            <width>233</width>
            <height>342</height>
            <include>PosterPanelLayoutFocus</include>
          </control>
        </focusedlayout>
      </control>
	  
		<!--vertical Scollbar-->
		<control type="scrollbar" id="60">
			<visible>Control.IsVisible(59)</visible>
			<right>15</right>
			 <bottom>125</bottom>
			<height>770</height>
			<onup>60</onup>
			<ondown>60</ondown>
			<onleft>59</onleft>
			<animation effect="fade" start="0" end="100" time="400" condition="Control.HasFocus(60) | Skin.HasSetting(EnableTouchSupport) | Container.Scrolling | Skin.HasSetting(alwaysShowScrollbars)">Conditional</animation>
			<animation effect="fade" start="100" end="0" time="400" condition="![Control.HasFocus(60) | Skin.HasSetting(EnableTouchSupport) | Container.Scrolling | Skin.HasSetting(alwaysShowScrollbars)]">Conditional</animation>
		</control>
      
	
	  
		
	  
    </control>

  </include>
</includes>
