<?xml version="1.0" encoding="utf-8"?>
<includes>
    <include name="ShiftPosterThumbs">
        <control type="image">
			<posx>-12</posx>
			<posy>130</posy>
			<width>340</width>
			<height>490</height>
			<aspectratio scalediffuse="false">scale</aspectratio>
            <texture background="true" diffuse="diffuse/poster.png" fallback="DefaultVideo.png">$VAR[PosterThumb]</texture>
			<bordertexture border="20" colordiffuse="black">diffuse/poster_shadow.png</bordertexture>
			<bordersize>20</bordersize>
		</control>
		<control type="group">
			<posx>-2</posx>
			<posy>141</posy>
			<width>318</width>
			<height>468</height>
			<include condition="Skin.HasSetting(CaseOverlays)">PosterOverlay</include>
		</control>
        <control type="image">
            <posx>8</posx>
            <posy>601</posy>
            <width>300</width>
            <height>450</height>
            <aspectratio aligny="top" scalediffuse="false">scale</aspectratio>
            <texture background="true" flipy="true" diffuse="diffuse/poster_reflect.png" fallback="DefaultVideo.png">$VAR[PosterThumb]</texture>
            <animation effect="fade" start="100" end="30" time="160">Focus</animation>
            <animation effect="fade" start="30" end="100" time="160">UnFocus</animation>
        </control>
		<control type="group">
			<!--Watched Overlay-->
			<right>7</right>
			<top>150</top>
			<include>WatchedIndicatorNormal</include>
		</control>
	</include>

	<include name="View_514_PosterShift">
	
		<control type="group">
			<visible>Control.IsVisible(514)</visible>
			<include>animation_view_change</include>
			
			<!-- movie details -->
			<control type="group">
				<bottom>-1200</bottom>
				<include>MovieDetails</include>
				<animation type="Conditional" condition="StringCompare(Window(Home).Property(showinfopanel),show)">
					<effect type="slide" start="0,-0" end="0,-1240" time="800" tween="cubic" easing="inout" />
				</animation>
			</control>
			<control type="group">
				<animation type="Conditional" condition="StringCompare(Window(Home).Property(showinfopanel),show)">
					<effect type="slide" start="0,0" end="0,180" time="800" tween="cubic" easing="inout" />
				</animation>
				<visible>!Window.IsActive(addoninformation)</visible>
				<control type="fixedlist" id="514">
					<posx>-120</posx>
					<bottom>20</bottom>
					<width>2100</width>
					<height>750</height>
					<onup condition="!StringCompare(Window(Home).Property(showinfopanel),show)">9000</onup>
					<onup condition="StringCompare(Window(Home).Property(showinfopanel),show)">SetProperty(showinfopanel, hide, Home)</onup>
					
					<ondown condition="!StringCompare(Window(Home).Property(showinfopanel),show)">SetProperty(showinfopanel, show, Home)</ondown>
					<ondown condition="StringCompare(Window(Home).Property(showinfopanel),show)">SetProperty(showinfopanel, hide, Home)</ondown>

					<orientation>horizontal</orientation>
					<viewtype label="31441">bigwrap</viewtype>
					<pagecontrol>61</pagecontrol>
					<preloaditems>2</preloaditems>
					<scrolltime tween="quadratic">200</scrolltime>
					<focusposition>1</focusposition>
					<visible>StringCompare(Window(Home).Property(SkinHelper.ForcedView),514) | IsEmpty(Window(Home).Property(SkinHelper.ForcedView))</visible>
                    <visible>Container.Content(movies) | Container.Content(tvshows) | Container.Content(musicvideos) | Container.Content(seasons) | Container.Content(sets) | Container.Content(genres)</visible>
					<itemlayout width="315" height="750">
						<include>ShiftPosterThumbs</include>
					</itemlayout>
					<focusedlayout width="315" height="750">
						<control type="group">
							<animation effect="zoom" center="auto" start="100" end="130" time="160" tween="quadratic">Focus</animation>
							<animation effect="zoom" center="auto" start="130" end="100" time="160" tween="quadratic">Unfocus</animation>
							<control type="image">
								<!--cdart image-->
								<width>290</width>
								<height>290</height>
								<posy>15</posy>
								<posx>15</posx>
								<texture background="true" diffuse="diffuse/cdmask_big.png" fallback="defaultcovers/cd_big.png">$VAR[DiscArtImage]</texture>
								<aspectratio scalediffuse="false" align="center" aligny="center">scale</aspectratio>
								<animation effect="slide" start="0,200" end="0" tween="cubic" easing="inout" time="1200" delay="800">Focus</animation>
								<animation effect="fade" start="0" end="100" delay="800" time="800" pulse="false">Focus</animation>
								<animation effect="rotate" end="-360" center="auto" time="20000" loop="true" reversible="false" condition="Skin.HasSetting(AnimateDiscArt)">Conditional</animation>
								<visible>Skin.HasSetting(View514_ShowCDart) + !StringCompare(Window(Home).Property(showinfopanel),show) + !IsEmpty(ListItem.Art(poster))</visible>
							</control>
							
							<include>ShiftPosterThumbs</include>
							
						</control>
					</focusedlayout>
				</control>
				
			</control>
    
		</control>
	
	</include>

</includes>