<?xml version="1.0" encoding="UTF-8"?>
<shortcuts>

	<!-- mb3 user collection tiles -->
	<shortcut>
		<label>$INFO[Window(Home).Property(MediaBrowser.usr.0.title)]</label>
		<label2>Video Add-ons</label2>
		<icon>$VAR[Custom0Thumb]</icon>
		<thumb />
		<action>$VAR[CustomCollectionClick]</action>
		<visible>!IsEmpty(Window(Home).Property(MediaBrowser.usr.0.title)) + [[StringCompare(Window(Home).Property(MediaBrowser.usr.0.type),movies) + Skin.HasSetting(HomeMenuUseMBforMovies)] | [StringCompare(Window(Home).Property(MediaBrowser.usr.0.type),tvshows) + Skin.HasSetting(HomeMenuUseMBforTVseries)]]</visible>
	</shortcut>
	<shortcut>
		<label>$INFO[Window(Home).Property(MediaBrowser.usr.1.title)]</label>
		<label2>Video Add-ons</label2>
		<icon>$VAR[Custom1Thumb]</icon>
		<thumb />
		<action>$VAR[CustomCollectionClick]</action>
		<visible>!IsEmpty(Window(Home).Property(MediaBrowser.usr.1.title)) + [[StringCompare(Window(Home).Property(MediaBrowser.usr.1.type),movies) + Skin.HasSetting(HomeMenuUseMBforMovies)] | [StringCompare(Window(Home).Property(MediaBrowser.usr.1.type),tvshows) + Skin.HasSetting(HomeMenuUseMBforTVseries)]]</visible>
	</shortcut>
	<shortcut>
		<label>$INFO[Window(Home).Property(MediaBrowser.usr.2.title)]</label>
		<label2>Video Add-ons</label2>
		<icon>$VAR[Custom2Thumb]</icon>
		<thumb />
		<action>$VAR[CustomCollectionClick]</action>
		<visible>!IsEmpty(Window(Home).Property(MediaBrowser.usr.2.title)) + [[StringCompare(Window(Home).Property(MediaBrowser.usr.2.type),movies) + Skin.HasSetting(HomeMenuUseMBforMovies)] | [StringCompare(Window(Home).Property(MediaBrowser.usr.2.type),tvshows) + Skin.HasSetting(HomeMenuUseMBforTVseries)]]</visible>
	</shortcut>
	<shortcut>
		<label>$INFO[Window(Home).Property(MediaBrowser.usr.3.title)]</label>
		<label2>Video Add-ons</label2>
		<icon>$VAR[Custom3Thumb]</icon>
		<thumb />
		<action>$VAR[CustomCollectionClick]</action>
		<visible>!IsEmpty(Window(Home).Property(MediaBrowser.usr.3.title)) + [[StringCompare(Window(Home).Property(MediaBrowser.usr.3.type),movies) + Skin.HasSetting(HomeMenuUseMBforMovies)] | [StringCompare(Window(Home).Property(MediaBrowser.usr.3.type),tvshows) + Skin.HasSetting(HomeMenuUseMBforTVseries)]]</visible>
	</shortcut>
	<shortcut>
		<label>$INFO[Window(Home).Property(MediaBrowser.usr.4.title)]</label>
		<label2>Video Add-ons</label2>
		<icon>$VAR[Custom4Thumb]</icon>
		<thumb />
		<action>$VAR[CustomCollectionClick]</action>
		<visible>!IsEmpty(Window(Home).Property(MediaBrowser.usr.4.title)) + [[StringCompare(Window(Home).Property(MediaBrowser.usr.4.type),movies) + Skin.HasSetting(HomeMenuUseMBforMovies)] | [StringCompare(Window(Home).Property(MediaBrowser.usr.4.type),tvshows) + Skin.HasSetting(HomeMenuUseMBforTVseries)]]</visible>
	</shortcut>
	<shortcut>
		<label>$INFO[Window(Home).Property(MediaBrowser.usr.5.title)]</label>
		<label2>Video Add-ons</label2>
		<icon>$VAR[Custom5Thumb]</icon>
		<thumb />
		<action>$VAR[CustomCollectionClick]</action>
		<visible>!IsEmpty(Window(Home).Property(MediaBrowser.usr.5.title)) + [[StringCompare(Window(Home).Property(MediaBrowser.usr.5.type),movies) + Skin.HasSetting(HomeMenuUseMBforMovies)] | [StringCompare(Window(Home).Property(MediaBrowser.usr.5.type),tvshows) + Skin.HasSetting(HomeMenuUseMBforTVseries)]]</visible>
	</shortcut>
	<shortcut>
		<label>$INFO[Window(Home).Property(MediaBrowser.usr.6.title)]</label>
		<label2>Video Add-ons</label2>
		<icon>$VAR[Custom6Thumb]</icon>
		<thumb />
		<action>$VAR[CustomCollectionClick]</action>
		<visible>!IsEmpty(Window(Home).Property(MediaBrowser.usr.6.title)) + [[StringCompare(Window(Home).Property(MediaBrowser.usr.6.type),movies) + Skin.HasSetting(HomeMenuUseMBforMovies)] | [StringCompare(Window(Home).Property(MediaBrowser.usr.6.type),tvshows) + Skin.HasSetting(HomeMenuUseMBforTVseries)]]</visible>
	</shortcut>
	<shortcut>
		<label>$INFO[Window(Home).Property(MediaBrowser.usr.7.title)]</label>
		<label2>Video Add-ons</label2>
		<icon>$VAR[Custom7Thumb]</icon>
		<thumb />
		<action>$VAR[CustomCollectionClick]</action>
		<visible>!IsEmpty(Window(Home).Property(MediaBrowser.usr.7.title)) + [[StringCompare(Window(Home).Property(MediaBrowser.usr.7.type),movies) + Skin.HasSetting(HomeMenuUseMBforMovies)] | [StringCompare(Window(Home).Property(MediaBrowser.usr.7.type),tvshows) + Skin.HasSetting(HomeMenuUseMBforTVseries)]]</visible>
	</shortcut>
	<shortcut>
		<label>$INFO[Window(Home).Property(MediaBrowser.usr.8.title)]</label>
		<label2>Video Add-ons</label2>
		<icon>$VAR[Custom8Thumb]</icon>
		<thumb />
		<action>$VAR[CustomCollectionClick]</action>
		<visible>!IsEmpty(Window(Home).Property(MediaBrowser.usr.8.title)) + [[StringCompare(Window(Home).Property(MediaBrowser.usr.8.type),movies) + Skin.HasSetting(HomeMenuUseMBforMovies)] | [StringCompare(Window(Home).Property(MediaBrowser.usr.8.type),tvshows) + Skin.HasSetting(HomeMenuUseMBforTVseries)]]</visible>
	</shortcut>
	<shortcut>
		<label>$INFO[Window(Home).Property(MediaBrowser.usr.9.title)]</label>
		<label2>Video Add-ons</label2>
		<icon>$VAR[Custom9Thumb]</icon>
		<thumb />
		<action>$VAR[CustomCollectionClick]</action>
		<visible>!IsEmpty(Window(Home).Property(MediaBrowser.usr.9.title)) + [[StringCompare(Window(Home).Property(MediaBrowser.usr.9.type),movies) + Skin.HasSetting(HomeMenuUseMBforMovies)] | [StringCompare(Window(Home).Property(MediaBrowser.usr.9.type),tvshows) + Skin.HasSetting(HomeMenuUseMBforTVseries)]]</visible>
	</shortcut>
	<shortcut>
		<label>$INFO[Window(Home).Property(MediaBrowser.usr.10.title)]</label>
		<label2>Video Add-ons</label2>
		<icon>$VAR[Custom10Thumb]</icon>
		<thumb />
		<action>$VAR[CustomCollectionClick]</action>
		<visible>!IsEmpty(Window(Home).Property(MediaBrowser.usr.10.title)) + [[StringCompare(Window(Home).Property(MediaBrowser.usr.10.type),movies) + Skin.HasSetting(HomeMenuUseMBforMovies)] | [StringCompare(Window(Home).Property(MediaBrowser.usr.10.type),tvshows) + Skin.HasSetting(HomeMenuUseMBforTVseries)]]</visible>
	</shortcut>
	<!-- plex user collection tiles -->
	<shortcut>
		<label>$INFO[Window(Home).Property(plexbmc.0.title)]</label>
		<label2>$INFO[Window(Home).Property(plexbmc.0.type)]</label2>
		<icon>$INFO[Window(Home).Property(plexbmc.0.art)]</icon>
		<thumb>$VAR[PlexCustomThumb0]</thumb>
		<action>$INFO[Window(Home).Property(plexbmc.0.path)]</action>
		<visible>System.HasAddon(plugin.video.plexbmc) + !IsEmpty(Window(Home).Property(plexbmc.0.title))</visible>
	</shortcut>
	<shortcut>
		<label>$INFO[Window(Home).Property(plexbmc.1.title)]</label>
		<label2>$INFO[Window(Home).Property(plexbmc.1.type)]</label2>
		<icon>$INFO[Window(Home).Property(plexbmc.1.art)]</icon>
		<thumb>$VAR[PlexCustomThumb1]</thumb>
		<action>$INFO[Window(Home).Property(plexbmc.1.path)]</action>
		<visible>System.HasAddon(plugin.video.plexbmc) + !IsEmpty(Window(Home).Property(plexbmc.1.title))</visible>
	</shortcut>
	<shortcut>
		<label>$INFO[Window(Home).Property(plexbmc.2.title)]</label>
		<label2>$INFO[Window(Home).Property(plexbmc.2.type)]</label2>
		<icon>$INFO[Window(Home).Property(plexbmc.2.art)]</icon>
		<thumb>$VAR[PlexCustomThumb2]</thumb>
		<action>$INFO[Window(Home).Property(plexbmc.2.path)]</action>
		<visible>System.HasAddon(plugin.video.plexbmc) + !IsEmpty(Window(Home).Property(plexbmc.2.title))</visible>
	</shortcut>
	<shortcut>
		<label>$INFO[Window(Home).Property(plexbmc.3.title)]</label>
		<label2>$INFO[Window(Home).Property(plexbmc.3.type)]</label2>
		<icon>$INFO[Window(Home).Property(plexbmc.3.art)]</icon>
		<thumb>$VAR[PlexCustomThumb3]</thumb>
		<action>$INFO[Window(Home).Property(plexbmc.3.path)]</action>
		<visible>System.HasAddon(plugin.video.plexbmc) + !IsEmpty(Window(Home).Property(plexbmc.3.title))</visible>
	</shortcut>
	<shortcut>
		<label>$INFO[Window(Home).Property(plexbmc.4.title)]</label>
		<label2>$INFO[Window(Home).Property(plexbmc.4.type)]</label2>
		<icon>$INFO[Window(Home).Property(plexbmc.4.art)]</icon>
		<thumb>$VAR[PlexCustomThumb4]</thumb>
		<action>$INFO[Window(Home).Property(plexbmc.4.path)]</action>
		<visible>System.HasAddon(plugin.video.plexbmc) + !IsEmpty(Window(Home).Property(plexbmc.4.title))</visible>
	</shortcut>

	<!-- live tv tile -->
	<shortcut>
		<label>$LOCALIZE[32022]</label>
		<label2>$LOCALIZE[32022]</label2>
		<icon>special://skin/extras/hometiles/livetv.png</icon>
		<thumb />
		<action>$VAR[LiveTVButtonOnClick]</action>
		<visible>System.GetBool(pvrmanager.enabled)</visible>
	</shortcut>
	<!-- movies tile normal -->
	<shortcut>
		<label>$LOCALIZE[342]</label>
		<label2>$LOCALIZE[342]</label2>
		<icon>$VAR[MoviesButtonThumb]</icon>
		<thumb />
		<action>$VAR[MoviesButtonOnClick]</action>
		<property name="background">fanart</property>
		<visible>!Skin.HasSetting(HomeMenuUsePlexforMovies) + !Skin.HasSetting(HomeMenuUseMBforMovies)</visible>
	</shortcut>
	<!-- movies tile MB3 mode -->
	<shortcut>
		<label>$LOCALIZE[31050]</label>
		<label2>$LOCALIZE[342]</label2>
		<icon>$VAR[MoviesButtonThumb]</icon>
		<thumb />
		<action>$VAR[MoviesButtonOnClick]</action>
		<visible>Skin.HasSetting(HomeMenuUseMBforMovies)</visible>
	</shortcut>
	<!-- tvshows tile normal-->
	<shortcut>
		<label>$LOCALIZE[20343]</label>
		<label2>$LOCALIZE[20343]</label2>
		<icon>$VAR[TvseriesButtonThumb]</icon>
		<thumb />
		<action>$VAR[TVseriesButtonOnClick]</action>
		<visible>!Skin.HasSetting(HomeMenuUsePlexforTVseries) + !Skin.HasSetting(HomeMenuUseMBforTVseries)</visible>
	</shortcut>
	<!-- tvshows tile MB3-->
	<shortcut>
		<label>$LOCALIZE[31051]</label>
		<label2>$LOCALIZE[20343]</label2>
		<icon>$VAR[TvseriesButtonThumb]</icon>
		<thumb />
		<action>$VAR[TVseriesButtonOnClick]</action>
		<visible>Skin.HasSetting(HomeMenuUseMBforTVseries)</visible>
	</shortcut>
	<!-- music tile -->
	<shortcut>
		<label>$LOCALIZE[10005]</label>
		<label2>$LOCALIZE[10005]</label2>
		<icon>$VAR[MusicButtonThumb]</icon>
		<thumb />
		<action>$VAR[MusicButtonOnClick]</action>
		<visible>!Skin.HasSetting(HomeMenuUsePlexforMusic)</visible>
	</shortcut>
	<!-- musicvideos tile -->
	<shortcut>
		<label>$LOCALIZE[20389]</label>
		<label2>$LOCALIZE[20389]</label2>
		<icon>$VAR[MusicVideosButtonThumb]</icon>
		<thumb />
		<action>$VAR[MusicVideosButtonOnClick]</action>
	</shortcut>
	<!-- weather tile -->
	<shortcut>
		<label>$LOCALIZE[12600]</label>
		<label2>$LOCALIZE[12600]</label2>
		<icon>$VAR[WeatherButtonThumb]</icon>
		<thumb />
		<action>ActivateWindow(Weather)</action>
	</shortcut>
	<!-- Netflix tile -->
	<shortcut>
		<label>$LOCALIZE[31018]</label>
		<label2>netflix</label2>
		<defaultID>plugin.video.netflixbmc</defaultID>
		<icon>special://skin/extras/hometiles/netflix.png</icon>
		<thumb />
		<action>$VAR[NetflixButtonOnClick]</action>
		<visible>System.HasAddon(plugin.video.netflixbmc)</visible>
	</shortcut>
	<!-- youtube tile -->
	<shortcut>
		<label>$LOCALIZE[31062]</label>
		<label2>youtube</label2>
		<defaultID>plugin.video.youtube</defaultID>
		<icon>special://skin/extras/hometiles/youtube.png</icon>
		<thumb />
		<action>ActivateWindow(10025,"plugin://plugin.video.youtube",return)</action>
		<visible>System.HasAddon(plugin.video.youtube)</visible>
	</shortcut>
	<!-- pictures tile -->
	<shortcut>
		<label>$LOCALIZE[10002]</label>
		<label2>$LOCALIZE[10002]</label2>
		<icon>$VAR[PicturesButtonThumb]</icon>
		<thumb />
		<action>$VAR[PicturesButtonOnClick]</action>
		<visible>!Skin.HasSetting(HomeMenuUsePlexforPictures)</visible>
	</shortcut>
	<!-- addons tile -->
	<shortcut>
		<label>$LOCALIZE[10040]</label>
		<label2>$LOCALIZE[10040]</label2>
		<icon>special://skin/extras/hometiles/addons.png</icon>
		<thumb />
		<action>$VAR[AddonsButtonOnClick]</action>
	</shortcut>
	<!-- settings tile -->
	<shortcut>
		<label>$LOCALIZE[10004]</label>
		<label2>$LOCALIZE[10004]</label2>
		<icon>special://skin/extras/hometiles/settings.png</icon>
		<thumb />
		<action>ActivateWindow(Settings)</action>
	</shortcut>
	
	
</shortcuts>
