<?xml version='1.0' encoding='UTF-8'?>
<shortcuts>
	<!-- all movies -->
	<shortcut>
		<label>31050</label>
		<label2>Movies</label2>
		<defaultID>135</defaultID>
		<icon>$VAR[MoviesButtonThumb]</icon>
		<thumb />
		<action>$VAR[MoviesTitlesButtonOnClick]</action>
	</shortcut>
	<!-- recenty added movies -->
	<shortcut>
		<label>31127</label>
		<label2>Movies</label2>
		<defaultID>135</defaultID>
		<icon>$VAR[RecentMoviesButtonThumb]</icon>
		<thumb />
		<action>$VAR[RecentMoviesButtonOnClick]</action>
	</shortcut>
	
	<!-- movies in progress -->
	<shortcut>
		<label>31035</label>
		<label2>Movies</label2>
		<defaultID>135</defaultID>
		<icon>$VAR[InProgressMoviesButtonThumb]</icon>
		<thumb />
		<action>$VAR[InProgressMoviesButtonOnClick]</action>
	</shortcut>
	<!-- favourite movies mb3 only -->
	<shortcut>
		<label>31036</label>
		<label2>Movies</label2>
		<defaultID>135</defaultID>
		<icon>$VAR[MB3FavoritesThumb]</icon>
		<thumb />
		<action>$INFO[Window(Home).Property(MediaBrowser.std.movies.3.path)]</action>
		<visible>Skin.HasSetting(HomeMenuUseMBforMovies)</visible>
	</shortcut>
	<!-- unwatched movies -->
	<shortcut>
		<label>16101</label>
		<label2>Movies</label2>
		<defaultID>135</defaultID>
		<icon>$VAR[UnwatchedMoviesButtonThumb]</icon>
		<thumb />
		<action>$VAR[UnwatchedMoviesButtonOnClick]</action>
		<visible>!Skin.HasSetting(HomeMenuUseNetflixforTVseries)</visible>
	</shortcut>
	<!-- movie genres -->
	<shortcut>
		<label>135</label>
		<label2>Movies</label2>
		<defaultID>135</defaultID>
		<icon>$VAR[MoviesGenresButtonThumb]</icon>
		<thumb />
		<action>$VAR[MovieGenresButtonOnClick]</action>
	</shortcut>
</shortcuts>
