<?xml version='1.0' encoding='UTF-8'?>
<shortcuts>
	<shortcut>
		<label>15100</label>
		<label2>Music</label2>
		<defaultID>15100</defaultID>
		<icon>$VAR[MusicButtonThumb]</icon>
		<thumb />
		<action>$VAR[MusicLibraryButtonOnClick]</action>
	</shortcut>
	<shortcut>
		<label>19021</label>
		<label2 />
		<defaultID>19021</defaultID>
		<icon>special://skin/extras/hometiles/radio.png</icon>
		<thumb />
		<action>$VAR[RadioButtonOnClick]</action>
		<visible>Skin.String(HomeMenuUseRadioCollection) | System.GetBool(pvrmanager.enabled)</visible>
	</shortcut>
	<shortcut>
		<label>517</label>
		<label2>Music</label2>
		<defaultID>517</defaultID>
		<icon>special://skin/extras/defaulticonswide/defaultmusicplugins.png</icon>
		<thumb />
		<action>$VAR[MusicRecentPlayedButtonOnClick]</action>
	</shortcut>
	<shortcut>
		<label>359</label>
		<label2>Music</label2>
		<defaultID>359</defaultID>
		<icon>special://skin/extras/defaulticonswide/defaultmusicrecentlyplayed.png</icon>
		<thumb />
		<action>$VAR[MusicRecentAddedButtonOnClick]</action>
	</shortcut>
	<shortcut>
		<label>20389</label>
		<label2>20389</label2>
		<icon>$VAR[MusicVideosButtonThumb]</icon>
		<thumb />
		<action>$VAR[MusicVideosButtonOnClick]</action>
	</shortcut>

</shortcuts>
