<?xml version='1.0' encoding='UTF-8'?>
<shortcuts>
	<shortcut>
		<label>31051</label>
		<label2>TV shows</label2>
		<defaultID>369</defaultID>
		<icon>$VAR[TvseriesButtonThumb]</icon>
		<thumb />
		<action>$VAR[TVseriesTitleButtonOnClick]</action>
	</shortcut>
	<shortcut>
		<label>20387</label>
		<label2>Videos</label2>
		<defaultID>20387</defaultID>
		<icon>$VAR[RecentTVseriesButtonThumb]</icon>
		<thumb />
		<action>$VAR[RecentTVseriesButtonOnClick]</action>
	</shortcut>
	<shortcut>
		<label>626</label>
		<label2>Videos</label2>
		<defaultID>626</defaultID>
		<icon>$VAR[InprogressTVseriesButtonThumb]</icon>
		<thumb />
		<action>$VAR[InprogressTVseriesButtonOnClick]</action>
	</shortcut>
	<shortcut>
		<label>135</label>
		<label2>TV shows</label2>
		<defaultID>135</defaultID>
		<icon>special://skin/extras/defaulticonswide/defaultgenre.png</icon>
		<thumb />
		<action>$VAR[TVseriesGenresButtonOnClick]</action>
	</shortcut>
</shortcuts>
